Cislo_obce,Nazev_obce_prijmy,DPH,DNV,DPPO,DPFO,DPFO_srazkou,DPFO_zavisla_c,DPFO_zavisla_h,Lat,Lon
500011,ŽELECHOVICE NAD DŘEVNICÍ,1742064.59,12097.05,211870.29,30878.82,111333.2,672555.01,36523.69,49.2178513,17.7461278
500020,PETROV NAD DESNOU,875158.65,79634.48,106437.0,15512.55,55930.31,337870.55,14209.81,50.0054388,17.044275
500046,LIBHOŠŤ,1334108.86,5141.58,162254.61,23647.64,85261.26,515056.45,6683.36,49.6274511,18.0762564
500062,KRHOVÁ,1577379.55,,191841.26,27959.71,100808.38,608975.43,11578.48,49.4940693,18.0076772
500071,POLIČNÁ,1425135.2,23977.53,173325.27,25261.13,91078.64,550198.79,14997.46,49.467984,17.9478693
500101,BRAŽEC,223932.23,666.0,27234.69,3969.29,14311.23,86453.01,2736.36,50.1746338,13.0466291
500127,DOUPOVSKÉ HRADIŠTĚ,185132.08,994.0,22515.81,3281.54,11831.57,71473.53,4262.07,50.2354421,13.0108231
500135,KOZLOV,312125.56,,37960.77,5532.56,19947.56,120501.62,5315.19,49.6036273,17.5356541
500151,LUBOMĚŘ POD STRÁŽNOU,124406.79,,15130.38,2205.17,7950.68,48029.46,2001.22,49.6891192,17.6637449
500160,MĚSTO LIBAVÁ,581016.66,,70663.38,10298.77,37132.05,224311.82,20365.16,49.721889,17.520088
500194,POLNÁ NA ŠUMAVĚ,228859.23,,27833.92,4056.62,14626.11,88355.17,16946.18,48.7992855,14.1470314
500259,VEŘOVICE,1597949.78,,194343.01,28324.32,102123.0,616916.93,23314.47,49.539165,18.1142521
500291,VŘESINA,2136717.41,14423.91,259868.05,37874.22,136554.97,824917.75,14419.84,49.8239079,18.125592
500496,OLOMOUC,92550891.44,2086760.66,11256060.2,1640503.44,5914813.52,35730917.58,5034684.26,49.5940567,17.251143
500526,BĚLKOVICE-LAŠŤANY,1790102.85,11901.73,217712.71,31730.32,114403.27,691101.04,9734.78,49.6697764,17.3181635
500623,BÍLÁ LHOTA,1066819.0,1909.78,129746.78,18909.81,68179.08,411864.45,8366.6,49.7095303,16.975074
500801,BLATEC,497380.8,12069.1,60491.56,8816.28,31786.99,192022.7,4842.59,49.5283995,17.2377312
500852,BOHUŇOVICE,2185987.41,13654.32,265860.27,38747.54,139703.76,843939.31,44785.27,49.6628901,17.2863707
500861,BOUZOV,1378575.04,32118.63,167662.61,24435.82,88103.03,532223.41,11525.96,49.7042923,16.8928546
500879,BYSTROČICE,703822.18,348.0,85599.01,12475.54,44980.41,271723.07,4367.08,49.5362482,17.1935195
501476,DLOUHÁ LOUČKA,1672593.86,7042.75,203421.25,29647.42,106893.41,645734.61,15157.91,49.8160707,17.178642
501646,DOLANY,2598131.1,11314.11,315985.29,46052.96,166043.35,1003054.72,24102.13,49.6500055,17.3203533
501751,DRAHANOVICE,1409738.32,17998.34,171452.69,24988.2,90094.64,544254.55,10735.4,49.5785573,17.0770128
501794,DUB NAD MORAVOU,1471572.18,7615.34,178972.94,26084.23,94046.37,568126.61,15577.99,49.4824865,17.2772326
501841,GRYGOV,1204405.53,2111.36,146480.07,21348.59,76972.07,464982.17,22523.91,49.5376286,17.310008
502146,HLUBOČKY,3437076.29,96684.71,418017.99,60923.63,219659.32,1326944.43,135776.49,49.6280891,17.4024155
502235,HNĚVOTÍN,1571959.85,39042.72,191182.11,27863.65,100462.02,606883.06,75203.19,49.572698,17.1805004
502405,HNOJICE,501076.06,47254.67,60940.98,8881.79,32023.15,193449.32,5315.19,49.7155507,17.2243226
502545,HORKA NAD MORAVOU,2370134.11,10241.57,288256.25,42011.62,151472.35,915032.42,25050.23,49.6400872,17.2106994
502839,CHOLINA,604173.56,6771.81,73479.73,10709.22,38611.99,233251.95,5735.27,49.6560994,17.0544072
503142,JÍVOVÁ,558352.45,7439.36,67906.95,9897.03,35683.62,215561.9,3103.93,49.7088257,17.3932563
503304,KOŽUŠANY-TÁŽALY,691381.49,6117.78,84085.98,12255.02,44185.34,266920.12,3789.48,49.5359096,17.2538203
503410,ŽITOVLICE,159758.03,17608.91,19429.81,2831.78,10209.94,61677.43,120.89,50.2939753,15.1369874
503444,LITOVEL,8118959.54,99703.94,987429.69,143911.97,518872.7,3134468.71,258871.8,49.7013305,17.0758784
503622,LUKÁ,822439.73,18.07,100025.31,14578.09,52561.11,317517.49,13051.68,49.6491442,16.9472773
503657,LUTÍN,2656269.72,6926.48,323056.12,47083.49,169758.93,1025500.16,163773.12,49.5587043,17.1372983
503738,MAJETÍN,912234.34,5892.63,110946.15,16169.74,58299.77,352184.3,4209.56,49.4984155,17.3328917
503916,KOSTELEC,600108.79,416.3,72985.36,10637.18,38352.21,231682.67,85571.02,49.6743403,13.0261974
504246,MLADEČ,539383.49,,65599.94,9560.79,34471.34,208238.6,11841.03,49.7056027,17.0200299
504301,DŘENICE,301039.8,2952.71,36612.53,5336.06,19239.08,116221.77,4157.05,49.9825003,15.7451323
504441,NÁKLO,1305532.24,26825.58,158779.12,23141.1,83434.95,504023.94,15945.56,49.6548279,17.1315608
504505,NÁMĚŠŤ NA HANÉ,1899359.11,72778.0,231000.49,33666.94,121385.7,733281.35,18629.41,49.6024996,17.0650198
504785,PASEKA,1073963.17,196009.88,130615.65,19036.44,68635.67,414622.57,26733.46,49.796212,17.2231017
504807,LÁNY,219005.22,4602.79,26635.46,3881.96,13996.36,84550.86,3369.4,49.9478852,15.7287115
504921,TŘIBŘICHY,210629.32,4882.57,25616.79,3733.5,13461.06,81317.19,263.04,49.9652573,15.7391838
504955,DVAKAČOVICE,168380.28,18.32,20478.44,2984.61,10760.97,65006.2,1053.12,49.9790824,15.8945059
505005,BÍTOVANY,360779.69,12854.98,43878.11,6394.97,23056.99,139285.42,6368.31,49.8972077,15.8646249
505013,PŘÍKAZY,1045386.56,1.61,127140.15,18529.92,66809.37,403590.07,15102.48,49.6436003,17.1433735
505030,DOLNÍ BEZDĚKOV,189566.38,23.21,23055.1,3360.14,12114.95,73185.48,1105.63,49.9604377,15.8837721
505081,SENICE NA HANÉ,1557425.2,45042.51,189414.4,27606.01,99533.13,601271.7,28101.64,49.6240114,17.0857754
505099,ČERVENÁ HORA,159018.97,,19339.93,2818.68,10162.71,61392.1,1263.16,50.4500731,16.0588928
505111,SLATINICE,1299989.36,1328.3,158104.99,23042.86,83080.72,501884.01,28419.62,49.5615531,17.0999198
505145,BŘEZOVÁ NAD SVITAVOU,1323762.14,1219.62,160996.25,23464.24,84600.0,511061.91,11946.05,49.6447658,16.5174116
505161,ŠTĚPÁNOV,2991921.7,11461.19,363878.19,53033.07,191210.03,1155084.58,36996.27,49.6849637,17.216893
505188,ŠTERNBERK,11239845.5,450355.21,1366992.54,199230.98,718324.68,4339342.24,364597.93,49.730712,17.2988474
505218,ŠUMVALD,1382762.99,28032.78,168171.94,24510.06,88370.68,533840.24,15893.05,49.8310379,17.1327453
505269,TĚŠETICE,1146636.44,16530.13,139454.18,20324.62,73280.11,442679.4,12418.63,49.5931737,17.1260686
505293,TROUBELICE,1533406.06,20685.82,186493.19,27180.26,97998.09,591998.67,19945.08,49.8172471,17.0810755
505366,TRŠICE,1593638.66,15316.15,193818.7,28247.91,101847.49,615252.54,16998.68,49.5412342,17.4269805
505391,BĚLÁ U JEVÍČKA,285027.03,568.52,34665.06,5052.22,18215.73,110039.76,120.89,49.6394937,16.6459034
505501,ÚJEZD,1268456.55,66632.07,154269.97,22483.92,81065.5,489710.2,12156.09,49.763264,17.1797777
505528,JENČICE,254849.15,2454.74,30994.82,4517.31,16287.1,98389.05,263.04,50.4829394,14.0043744
505587,UNIČOV,9277913.48,109140.0,1128381.93,164454.9,592940.02,3581903.49,344495.32,49.7711837,17.1213944
505609,VELKÁ BYSTŘICE,3202304.67,23412.48,389465.02,56762.2,204655.35,1236306.66,80938.46,49.5947568,17.3654414
505650,VELKÝ TÝNEC,2791023.21,16345.68,339444.88,49472.05,178370.85,1077524.15,41468.38,49.5509249,17.3337381
505668,VELKÝ ÚJEZD,1269688.31,5664.0,154419.78,22505.76,81144.21,490185.75,15735.53,49.5785222,17.4830217
505781,ZÁPY,717617.78,114734.49,87276.83,12720.08,45862.07,277049.1,61098.4,50.1657204,14.6791468
505862,ŽEROTÍN,382951.2,16392.97,46574.61,6787.97,24473.94,147845.11,2893.89,49.7237032,17.1895974
506192,BOHUSLAVICE,1573437.95,8854.45,191361.87,27889.85,100556.49,607453.7,15049.98,49.9423182,18.1286573
506214,BOLATICE,3697714.68,46796.29,449716.9,65543.54,236316.4,1427568.51,96886.94,49.9518373,18.0834921
506320,BRUMOVICE,1240003.12,8078.0,150809.46,21979.57,79247.07,478725.25,12579.07,50.0152938,17.7504033
506451,BŘEZOVÁ,1350244.78,19946.74,164217.07,23933.66,86292.48,521286.01,16841.15,49.7915803,17.8655563
506460,BUDIŠOV NAD BUDIŠOVKOU,2629171.21,165070.33,319760.39,46603.16,168027.09,1015038.3,38679.5,49.7949749,17.6289202
506486,BOŽÍ DAR,301778.84,390181.39,36702.41,5349.16,19286.32,116507.09,19577.51,50.4097338,12.9244538
506494,NOVÉ HAMRY,359917.46,11557.92,43773.24,6379.69,23001.89,138952.54,2683.85,50.3600749,12.7200206
506621,ČICHALOV,179712.38,1143.08,21856.66,3185.48,11485.2,69381.16,843.08,50.1242512,13.171077
506664,SKOŘICE,298945.82,,36357.86,5298.94,19105.26,115413.36,303.33,49.6777202,13.7052619
506699,OTMAROV,267905.71,,32582.76,4748.74,17121.52,103429.77,1525.71,49.1005134,16.6726777
506702,DOLNÍ BENEŠOV,3153157.82,135968.06,383487.77,55891.04,201514.43,1217332.65,94570.66,49.9210128,18.1083515
506711,DOLNÍ LHOTA,1173488.59,,142719.95,20800.58,74996.21,453046.14,5630.25,49.8423607,18.0924095
506729,DVORCE,156925.0,15.8,19085.25,2781.56,10028.88,60583.69,843.08,49.3753627,15.4903748
506737,CHVALČOV,1277078.81,22911.06,155318.62,22636.76,81616.54,493038.98,15788.03,49.389182,17.711486
506753,HÁJ VE SLEZSKU,2579162.14,42338.55,313678.28,45716.74,164831.08,995731.42,36261.14,49.8999332,18.0937793
506761,ALOJZOV,191414.01,,23279.81,3392.89,12233.04,73898.79,2473.81,49.4234413,17.0414823
506770,SELOUTKY,388494.08,1452.25,47248.73,6886.22,24828.17,149985.05,1683.24,49.4414,17.0632966
507016,HLUČÍN,11139704.19,192258.55,1354813.34,197455.92,711924.76,4300680.91,234451.69,49.896755,18.1870424
507091,NÝDEK,1725805.48,12864.09,209892.85,30590.63,110294.1,666277.9,18524.39,49.6561015,18.7567275
507105,HNĚVOŠICE,773539.25,15330.72,94078.01,13711.31,49435.95,298638.58,4524.62,50.0031461,18.0091685
507113,HOLASOVICE,1048342.76,641106.32,127499.68,18582.32,66998.3,404731.37,10945.44,49.9984283,17.8084675
507181,PRŽNO,836851.22,8701.23,101778.04,14833.54,53482.13,323081.3,24102.13,49.6133003,18.3616224
507237,KOMORNÍ LHOTKA,1209455.71,21420.76,147094.28,21438.11,77294.83,466931.89,13209.2,49.6581632,18.5276332
507261,HRABYNĚ,892033.63,47402.62,108489.33,15811.67,57008.77,344385.45,40100.2,49.8815877,18.0543817
507270,HRADEC NAD MORAVICÍ,4505619.76,104808.36,547974.5,79863.99,287948.6,1739474.64,116937.04,49.8709009,17.8754742
507334,CHUCHELNÁ,1086527.02,,132143.66,19259.14,69438.6,419473.08,28839.71,49.9887516,18.1193728
507377,JAKARTOVICE,997348.29,78538.95,121297.72,17678.42,63739.31,385044.04,7683.98,49.9150983,17.6840018
507423,JANOVICE,1627388.61,20007.98,197923.38,28846.14,104004.4,628282.32,7788.99,49.6213598,18.4065695
507458,KOŠAŘISKA,377161.97,11223.48,45870.52,6685.35,24103.96,145610.09,2526.32,49.590086,18.6946435
507504,KOBEŘICE,2674499.63,36150.65,325273.25,47406.63,170923.97,1032538.14,28524.64,49.9855334,18.0521114
507547,MILÍKOV,995993.36,8539.82,121132.94,17654.4,63652.7,384520.95,3894.5,49.5856503,18.7194293
507580,KRAVAŘE,5475130.48,131597.31,665886.61,97048.98,349908.85,2113771.5,89150.45,49.9321321,18.0044266
507610,DOŇOV,74644.07,,9078.23,1012.72,4770.41,28817.67,221.62,49.2130604,14.776164
507628,PLEŠE,164561.85,5948.0,20014.04,2916.92,10516.95,63532.03,2473.81,49.195525,14.8213631
507644,ÚJEZDEC,66268.17,7153.0,8059.55,899.07,4235.11,25584.01,100.74,49.2076536,14.7847048
507652,VIŠŇOVÁ,91888.58,479.97,11175.51,1246.68,5872.49,35475.23,201.48,49.2190726,14.8413142
507695,ZÁHOŘÍ,90287.31,,10980.77,1224.96,5770.15,34857.02,1105.63,49.2129397,14.7981627
507717,PEČ,410419.23,10141.99,49915.28,7274.86,26229.39,158449.65,768.95,49.0577752,15.392023
507733,BŘEZINA,128102.04,,15579.8,2270.67,8186.84,49456.07,20.15,49.290535,14.909657
507784,RATIBOŘ,193754.34,6499.4,23564.45,3434.38,12382.6,74802.31,2211.27,49.1435155,14.9150217
507920,LITULTOVICE,749643.29,28062.52,91171.79,13287.74,47908.78,289413.12,13894.76,49.9035356,17.7473619
507971,LUDGEŘOVICE,4140036.23,74004.85,503512.14,73383.87,264584.62,1598334.61,58152.0,49.8903906,18.2401116
508004,ROSEČ,172445.05,10242.46,20972.8,3056.66,11020.75,66575.48,2211.27,49.1276006,14.9110147
508128,MARKVARTOVICE,1654979.82,31823.62,201279.02,29335.21,105767.72,638934.39,10525.35,49.9059513,18.2360227
508144,MELČ,774031.94,119911.48,94137.94,13720.04,49467.43,298828.8,8999.64,49.8499267,17.7577991
508152,STŘÍŽOVICE,451929.21,6424.5,54963.74,8010.64,28882.24,174475.32,18366.86,49.1399042,15.1568539
508357,KOSTELNÍ VYDŘÍ,141158.59,471.52,17167.74,2502.09,9021.27,54496.79,1788.26,49.1078098,15.4227238
508373,MOKRÉ LAZCE,921595.65,12944.84,112084.67,16335.68,58898.05,355798.38,19157.42,49.9046163,18.0295367
508501,LUŽNICE,387262.33,4151.33,47098.92,6864.39,24749.46,149509.51,1158.14,49.0687044,14.7550345
508683,ZÁBLATÍ,107778.15,16516.13,13108.0,1462.26,6887.97,41609.67,201.48,49.107179,14.6861651
509078,PLAVSKO,444538.71,8409.37,54064.9,7879.64,28409.92,171622.08,6158.27,49.0845916,14.9040229
509108,KOSTELNÍ RADOUŇ,231199.55,4926.95,28118.54,4098.11,14775.68,89258.7,283.19,49.2254134,15.0087273
509116,ČERVENÝ HRÁDEK,160127.56,,19474.75,2838.32,10233.56,61820.08,1630.73,49.1229428,15.5389782
509141,DVORY NAD LUŽNICÍ,339963.11,1593.94,41346.39,6025.99,21726.62,131248.81,1683.24,48.852719,14.9005304
509191,CEP,214078.22,,26036.24,3794.63,13681.48,82648.71,60.44,48.9195976,14.8071997
509388,ARNEŠTOVICE,78832.03,40338.57,9587.57,1069.53,5038.06,30434.51,948.1,49.5324921,15.1177966
509418,BOŘETÍN,95337.49,1009.48,11594.96,1293.47,6092.9,36806.74,1158.14,49.3103881,14.9475687
509574,OLDŘIŠOV,1268702.9,86175.8,154299.94,22488.3,81081.24,489805.32,9839.8,49.9912978,17.9607387
509612,OTICE,1180140.05,34038.41,143528.9,20918.48,75421.29,455614.05,51311.1,49.9168422,17.86982
509621,PŘEDOTICE,497750.33,2556.9,60536.5,8822.83,31810.61,192165.36,1158.14,49.3648103,14.0541668
509647,PÍŠŤ,1716813.71,40551.92,208799.27,30431.24,109719.44,662806.45,32576.67,49.9782887,18.1933381
509736,PUSTÁ POLOM,1319574.19,10878.89,160486.92,23390.01,84332.37,509445.09,8419.12,49.8491737,17.997898
509752,KŘIŽANOV,78216.15,,9512.66,1061.18,4998.7,30196.74,161.18,49.3987342,14.3781334
509841,RADUŇ,1157968.55,17311.75,140832.4,20525.48,74004.34,447054.34,7526.44,49.892873,17.9432426
510068,ČEČELOVICE,160866.6,,19564.64,2851.43,10280.79,62105.42,1105.63,49.3740082,13.7948664
510131,SKŘIPOV,956577.36,7109.49,116339.16,16955.74,61133.68,369303.7,7788.99,49.8187471,17.9104879
510289,SLAVKOV,1805007.02,39603.61,219525.36,31994.51,115355.78,696855.07,14577.38,49.9218024,17.8364126
510297,SLUŽOVICE,639155.28,16834.33,77734.21,11329.3,40847.63,246757.26,3208.96,49.9884688,17.9950202
510343,STĚBOŘICE,1300605.24,25563.42,158179.9,23053.77,83120.07,502121.79,10630.38,49.937084,17.8054682
510378,SUDICE,572763.93,,69659.68,10152.47,36604.63,221125.71,5000.13,50.0311056,18.0677093
510432,ŠILHEŘOVICE,1401608.77,30795.3,170463.97,24844.11,89575.09,541116.0,15102.48,49.926277,18.2710007
510483,ŠTĚPÁNKOVICE,2609216.85,12376.87,317333.55,46249.46,166751.83,1007334.57,16631.11,49.9578896,18.0387601
510491,ŠTÍTINA,1192211.21,9945.68,144996.99,21132.44,76192.75,460274.34,15630.49,49.9148086,18.0125993
510556,LÁZ,219251.57,718.9,26665.42,3886.32,14012.1,84645.97,181.32,49.012271,15.7850391
510645,KOJATÍN,82280.93,,10007.02,1116.33,5258.47,31766.02,,49.2428034,16.0088365
510882,VELKÁ POLOM,1927319.84,32667.61,234401.07,34162.55,123172.63,744076.1,25102.74,49.8641818,18.0938867
510891,VELKÉ HERALTICE,1432033.0,303119.49,174164.18,25383.39,91519.47,552861.81,15893.05,49.9749281,17.7287903
510939,VELKÉ HOŠTICE,1521211.73,54840.83,185010.12,26964.12,97218.77,587290.85,13366.73,49.935318,17.9732977
510980,OCMANICE,249429.46,7324.55,30335.66,4421.24,15940.73,96296.68,1735.75,49.2331432,16.1252957
511021,VÍTKOV,4842503.49,154600.82,588946.37,85835.4,309478.43,1869534.59,121356.65,49.7758144,17.7517864
511081,SEDLEC,244379.28,79829.0,29721.47,4331.72,15617.98,94346.96,70150.55,49.167573,16.1346693
511161,VRŠOVICE,388370.9,,47233.76,6884.03,24820.31,149937.49,948.1,49.8848276,17.9353136
511242,VÍCENICE U NÁMĚŠTĚ NAD OSLAVOU,350802.51,,42664.69,6218.12,22419.36,135433.55,2631.34,49.20262,16.125992
511307,RÁCOVICE,111596.59,396.52,13572.41,1514.06,7132.0,43083.85,60.44,49.0209583,15.6869178
511382,PŘEROV,35342121.29,328940.25,4298316.76,626453.92,2258671.43,13644454.44,1223412.0,49.4553775,17.4508621
511412,OSLAVIČKA,107162.28,963.06,13033.1,1453.9,6848.61,41371.91,241.77,49.3154064,15.9668442
511587,JOSEFOV,319516.06,60477.0,38859.62,5663.55,20419.88,123354.86,1158.14,50.2117812,12.5793606
511633,BOCANOVICE,371865.45,18487.6,45226.36,6591.47,23765.46,143565.27,8579.56,49.5690743,18.7384027
511935,BUKOVEC,1137521.49,12182.01,138345.62,20163.05,72697.6,439160.41,9682.28,49.5511438,18.8268293
511951,DOLNÍ LOMNÁ,823178.79,12338.06,100115.2,14591.2,52608.35,317802.81,5787.78,49.5481948,18.7058493
511986,HORNÍ LOMNÁ,363982.23,8875.24,44267.6,6451.74,23261.66,140521.81,5735.27,49.5278659,18.6376859
512028,PÍSEK,1627142.27,,197893.41,28841.78,103988.66,628187.2,11525.96,49.5595167,18.8020143
512176,HRÁDEK,1511357.73,24108.54,183811.67,26789.45,96589.01,583486.53,10472.84,49.6166128,18.7373112
512184,METYLOVICE,1387813.17,9756.02,168786.16,24599.58,88693.43,535789.95,13156.69,49.6066569,18.3391124
512192,HORNÍ DOMASLAVICE,768612.24,16273.95,93478.8,13623.98,49121.06,296736.42,3208.96,49.6956992,18.4592603
512231,BĚLOTÍN,1656088.4,84735.08,201413.84,29354.85,105838.57,639362.38,38259.43,49.591202,17.8065396
512281,BEŇOV,526942.82,662.5,64086.91,9340.28,33676.26,203435.65,5735.27,49.4175143,17.502582
512401,BEZUCHOV,160127.56,,19474.75,2838.32,10233.56,61820.08,1840.77,49.4627721,17.6091765
512532,BOCHOŘ,773539.25,6311.17,94078.01,13711.31,49435.95,298638.58,4632.56,49.4213759,17.4283515
512745,TĚŠKOVICE,669209.99,,81389.47,11862.03,42768.39,258360.41,3261.46,49.8155594,18.0180273
512800,BRODEK U PŘEROVA,1581444.32,7052.2,192335.62,28031.77,101068.15,610544.71,14787.42,49.4841899,17.3382463
512826,BUK,289954.04,,35264.28,5139.55,18530.6,111941.92,1420.69,49.5044457,17.4687138
512869,STRAHOVICE,671180.79,15807.42,81629.16,11896.96,42894.33,259121.28,5682.75,50.0021355,18.087586
512877,BÝŠKOVICE,281331.79,24794.41,34215.63,4986.73,17979.57,108613.15,3051.42,49.4672665,17.7153253
512893,NOVÉ LUBLICE,151012.6,5344.25,18366.19,2676.76,9651.03,58301.1,2526.32,49.8627776,17.6780243
512907,KYJOVICE,674506.51,31346.07,82033.64,11955.9,43106.88,260405.24,10997.95,49.8324646,18.0419522
512923,CHLEBIČOV,908292.74,15351.5,110466.77,16099.87,58047.86,350662.56,4790.08,49.9594199,17.9674828
512974,BĚLÁ,497257.63,6678.0,60476.58,8814.1,31779.13,191975.15,3369.4,49.9733337,18.1463119
512982,CITOV,397609.03,2296.7,48357.3,7047.79,25410.7,153504.04,4737.58,49.4677199,17.3254541
512991,DRNEK,148425.93,0.39,18051.59,2630.92,9485.72,57302.46,1158.14,50.1956797,13.9715511
513032,KAMENNÝ MOST,289830.87,498.51,35249.3,5137.37,18522.74,111894.37,4104.54,50.2414012,14.2057361
513041,LHOTA,504648.13,11583.06,61375.43,8945.1,32251.44,194828.39,1788.26,50.0886387,14.0118084
513059,ČELECHOVICE,97308.28,,11834.65,1320.21,6218.85,37567.59,120.89,49.5099914,17.3720942
513067,ČERNOTÍN,616983.77,9332.5,75037.7,10936.3,39430.68,238197.55,6158.27,49.531876,17.7721226
513075,HOBŠOVICE,285273.39,13668.52,34695.02,5056.59,18231.47,110134.87,1420.69,50.2705433,14.1621589
513105,DOBRČICE,164931.37,,20059.0,2923.48,10540.57,63674.69,241.77,49.4019501,17.4797844
513113,MALÉ PŘÍTOČNO,213585.51,10328.9,25976.32,3785.9,13649.99,82458.49,1630.73,50.1076937,14.1356045
513130,DOLANY,205086.44,47.99,24942.66,3635.24,13106.82,79177.27,6210.78,50.1154665,14.1496822
513148,POLNÍ VODĚRADY,162467.87,12543.48,19759.39,2879.81,10383.12,62723.61,948.1,49.9924687,15.0954407
513164,ŽDÁNICE,295743.27,38960.26,35968.36,5242.17,18900.59,114176.95,11050.45,49.9694154,14.9590731
513181,DOMÁNOVICE,86838.4,3180.43,10561.31,1178.17,5549.73,33525.51,161.18,50.111855,15.3225154
513199,DOLNÍ ÚJEZD,916052.77,704.64,111410.55,16237.42,58543.81,353658.46,12999.17,49.5460926,17.5347977
513202,ZALEŠANY,97800.98,11237.91,11894.57,1326.9,6250.35,37757.81,221.62,50.0356413,15.0080827
513211,DOMAŽELICE,420765.93,43135.37,51173.65,7458.25,26890.63,162444.17,5262.68,49.4280847,17.5448737
513229,DŘEVOHOSTICE,1243205.67,1832.15,151198.95,22036.34,79451.74,479961.66,19735.04,49.426187,17.5914716
513237,POLNÍ CHRČICE,149288.14,1565.6,18156.45,2646.2,9540.83,57635.34,1105.63,50.1100058,15.2966958
513261,ŽABONOSY,182668.59,6989.76,22216.2,3237.88,11674.13,70522.45,843.08,50.0354655,15.0271404
513270,LIPEC,139310.97,5701.62,16943.03,2469.34,8903.19,53783.48,161.18,50.0849838,15.3645628
513288,MRZKY,124283.61,875.19,15115.41,2202.99,7942.81,47981.9,60.44,50.0446196,14.8100202
513369,PŘEHVOZDÍ,236496.08,14070.31,28762.71,4191.98,15114.17,91303.52,1000.61,50.0280902,14.8396119
513393,PŘISTOUPIM,379255.95,8856.44,46125.2,6722.47,24237.78,146418.49,2211.27,50.0541139,14.8785815
513415,KBEL,154584.68,,18800.62,2740.08,9879.31,59680.17,1525.71,49.9882217,15.1435395
513423,PAŠINKA,245980.56,19878.11,29916.22,4360.1,15720.31,94965.17,283.19,49.9963508,15.1861915
513431,CHÝNICE,312371.9,25705.92,37990.74,5536.93,19963.3,120596.73,2106.23,49.9959334,14.2643473
513458,VESTEC,2283665.23,845107.1,277739.88,40478.93,145946.23,881649.57,149195.74,49.9807575,14.5069597
513482,VYSOKÝ ÚJEZD,144977.03,,17632.14,2569.79,9265.3,55970.95,263.04,49.8132812,14.4763164
513491,HORNÍ MOŠTĚNICE,1453711.81,13970.03,176800.76,25767.65,92904.93,561231.3,22366.38,49.4137379,17.4592997
513504,DLOUHÁ LHOTA,345629.16,18775.19,42035.5,6126.43,22088.73,133436.28,5367.7,49.72114,14.1207868
513512,ZDUCHOVICE,251153.91,,30545.4,4451.81,16050.94,96962.43,1525.71,49.6385278,14.2090643
513521,LEŠETICE,157540.88,92.5,19160.16,2792.48,10068.25,60821.45,3631.94,49.6471104,14.020938
513539,VELKÁ LEČICE,155693.25,7026.04,18935.45,2759.73,9950.17,60108.16,303.33,49.8146086,14.3233771
513547,PŘÍČOVY,247212.3,6009.51,30066.02,4381.94,15799.03,95440.71,2001.22,49.6719559,14.3895527
513555,KOTENČICE,154831.02,,18830.59,2744.44,9895.07,59775.28,303.33,49.73624,14.0936858
513571,OBČOV,154831.02,974.05,18830.59,2744.44,9895.07,59775.28,1053.12,49.7132962,14.0668226
513580,HUDČICE,216664.9,1914.01,26350.83,3840.48,13846.79,83647.34,2683.85,49.5316822,13.9225086
513628,KLOKOČNÁ,204963.26,18836.4,24927.68,3633.06,13098.95,79129.72,1105.63,49.9584102,14.7185168
513636,HRABŮVKA,254972.34,1019.69,31009.8,4519.49,16294.97,98436.6,3894.5,49.5783839,17.6896915
513644,ZLATÁ,291555.32,5286.79,35459.03,5167.95,18632.94,112560.12,1473.2,50.040173,14.7097032
513661,NOVÁ VES,315820.8,7003.05,38410.2,5598.06,20183.71,121928.24,843.08,48.9481864,14.2470823
513695,HORNÍ SMRŽOV,105807.36,1163.07,12868.32,1435.52,6762.02,40848.8,1053.12,49.6182586,16.5769795
513709,ROUBANINA,94598.43,1464.67,11505.08,1283.45,6045.66,36521.41,60.44,49.61541,16.5940618
513717,URBANICE,215556.32,1205.52,26216.01,3820.82,13775.94,83219.35,2211.27,50.1799211,15.7273526
513733,HRADČANY,244502.45,50429.0,29736.44,4333.91,15625.85,94394.52,2998.92,49.452615,17.5716292
513750,HRANICE,15040164.99,207106.19,1829188.26,266593.23,961198.41,5806523.16,685408.28,49.5481764,17.7347407
513768,HUSTOPEČE NAD BEČVOU,1510495.5,25909.0,183706.8,26774.17,96533.91,583153.65,20207.63,49.5302107,17.8703421
513873,JINDŘICHOV,445154.59,5894.0,54139.8,7890.56,28449.27,171859.85,3474.42,49.6445947,17.7482368
513890,SKALKA U DOKS,141528.13,3833.52,17212.68,2508.65,9044.88,54639.45,1368.19,50.5638465,14.6195062
514047,KLOKOČÍ,198188.64,607.08,24103.75,3512.98,12665.99,76514.25,1105.63,49.5601936,17.6822687
514055,KOJETÍN,4737188.82,279185.1,576137.97,83968.65,302747.9,1828875.99,218453.61,49.3523028,17.3026301
514152,KOKORY,925290.9,29399.56,112534.09,16401.17,59134.2,357225.0,21680.83,49.4946551,17.3744053
514161,LUKA,85360.3,31577.95,10381.54,1158.11,5455.27,32954.86,141.03,50.5124085,14.664074
514195,ŽDÍREC,103097.51,2178.84,12538.74,1398.75,6588.84,39802.63,141.03,50.5154619,14.6242788
514276,PERTOLTICE POD RALSKEM,329000.53,8995.55,40013.12,5831.67,21026.02,127016.51,3208.96,50.6799441,14.7191444
514446,LAZNÍČKY,136724.29,1412.0,16628.44,2423.49,8737.88,52784.84,263.04,49.5456249,17.4601909
514471,LAZNÍKY,410049.7,1625.0,49870.34,7268.3,26205.77,158306.98,3789.48,49.5244528,17.4634172
514497,LHOTA,249922.16,245.59,30395.59,4429.97,15972.22,96486.89,948.1,49.4971765,17.6158468
514527,LHOTKA,55059.25,,6696.31,747.0,3518.76,21256.6,20.15,49.499737,17.4100587
514705,LIPNÍK NAD BEČVOU,6605138.3,526741.75,803318.41,117078.84,422126.25,2550031.1,197350.4,49.5273114,17.5861035
514772,LIPOVÁ,203977.87,1424.01,24807.84,3615.59,13035.97,78749.28,2946.4,49.4097025,17.6142916
514802,LÍŠNÁ,221591.9,3649.12,26950.05,3927.81,14161.67,85549.49,1525.71,49.4115848,17.5473424
515191,LOBODICE,572887.1,8719.17,69674.66,10154.66,36612.51,221173.25,8947.13,49.3954603,17.2919237
515329,MALHOTICE,294634.69,3814.0,35833.54,5222.52,18829.74,113748.96,4472.11,49.4896682,17.7645093
515418,MILENOV,348339.01,0.52,42365.07,6174.45,22261.92,134482.47,10000.26,49.5625854,17.667012
515477,MILOTICE NAD BEČVOU,242408.48,1519.56,29481.77,4296.79,15492.03,93586.11,19997.59,49.5365094,17.839755
515787,NELEŠOVICE,136477.94,7888.91,16598.48,2419.12,8722.13,52689.73,283.19,49.5106009,17.3881394
515825,OLDŘICHOV,84867.6,441.19,10321.62,1151.42,5423.78,32764.65,1420.69,49.497461,17.5392203
516201,OPATOVICE,618215.52,11095.0,75187.52,10958.13,39509.39,238673.09,7421.43,49.4992152,17.7387801
516350,OPROSTOVICE,67499.92,,8209.36,915.79,4313.84,26059.55,1315.66,49.4698223,17.6204601
516619,OSEK NAD BEČVOU,1240372.65,6887.17,150854.4,21986.12,79270.69,478867.92,17628.8,49.5115706,17.5282197
516635,PARŠOVICE,344027.89,2343.5,41840.75,6098.04,21986.39,132818.09,2001.22,49.5006046,17.707209
516686,PARTUTOVICE,435054.23,,52911.39,7711.52,27803.77,167960.42,5367.7,49.6313204,17.7080933
516694,PAVLOVICE U PŘEROVA,653197.23,6975.06,79442.0,11578.2,41745.02,252178.41,9839.8,49.4698837,17.55055
516864,PODOLÍ,142513.52,,17332.52,2526.11,9107.86,55019.87,1735.75,49.4453663,17.5302267
516899,POLKOVICE,419411.0,1472.66,51008.87,7434.23,26804.03,161921.07,6630.86,49.3917309,17.2591676
516911,POLOM,266797.13,94705.66,32447.93,4729.09,17050.68,103001.78,2683.85,49.5746486,17.8388349
517101,POTŠTÁT,1101677.55,3332.99,133986.27,19527.7,70406.85,425322.22,14944.95,49.6371952,17.6516964
517151,PROSENICE,648147.06,,78827.79,11488.68,41422.28,250228.69,21680.83,49.4888051,17.4841797
517208,PROVODOVICE,121573.77,,14785.83,2154.95,7769.63,46935.72,263.04,49.4509561,17.7682395
517224,PŘESTAVLKY,186487.01,,22680.59,3305.56,11918.15,71996.63,1000.61,49.3899924,17.4799025
517275,RADÍKOV,137709.7,1673.32,16748.29,2440.96,8800.86,53165.27,895.58,49.596091,17.6721852
517321,RADKOVA LHOTA,148918.62,5801.7,18111.52,2639.64,9517.21,57492.69,9262.2,49.4417509,17.6205479
517437,RADKOVY,109872.14,3929.34,13362.68,1490.66,7021.79,42418.1,1263.16,49.4361231,17.6148272
517445,RADOTÍN,130688.72,,15894.39,2316.51,8352.16,50454.7,895.58,49.4793052,17.632219
517534,RADSLAVICE,924551.84,14793.0,112444.2,16388.07,59086.97,356939.68,4947.62,49.4781697,17.5165587
517569,RADVANICE,199297.21,,24238.57,3532.63,12736.85,76942.23,2053.73,49.5097953,17.4768894
517585,RAKOV,322225.9,1103.0,39189.19,5711.59,20593.06,124401.04,948.1,49.4917025,17.7077676
517607,ROKYTNICE,1182973.08,16238.57,143873.45,20968.69,75602.35,456707.79,13734.3,49.4659238,17.3912001
517615,ROUSKÉ,206810.89,1020.0,25152.39,3665.81,13217.02,79843.02,3894.5,49.4720193,17.7794623
517666,ŘÍKOVICE,324319.88,903.0,39443.85,5748.7,20726.88,125209.46,2211.27,49.3815801,17.4494143
517747,SKALIČKA,586436.36,,71322.52,10394.83,37478.42,226404.18,9629.76,49.5187694,17.7948798
517836,SOBÍŠKY,111103.88,,13512.48,1507.38,7100.51,42893.63,161.18,49.5037578,17.4507688
517844,SOBĚCHLEBY,583110.64,2292.17,70918.05,10335.88,37265.88,225120.23,5315.19,49.4788638,17.6515322
517887,STARÁ VES,521769.46,384.61,63457.73,9248.58,33345.64,201438.39,5000.13,49.3801865,17.4889579
517909,STŘÍTEŽ NAD LUDINOU,778096.72,1137.62,94632.3,13792.1,49727.21,300398.08,8789.61,49.608868,17.7381965
518026,SUŠICE,255218.69,2387.45,31039.75,4523.86,16310.71,98531.71,1578.22,49.4856986,17.5375695
519031,TEPLICE NAD BEČVOU,365090.82,5343.72,44402.43,6471.39,23332.51,140949.8,17366.25,49.5285434,17.7400947
519146,TOVAČOV,2123784.02,43969.51,258295.09,37644.97,135728.42,819924.59,56258.72,49.4305415,17.2880579
519651,TROUBKY,1711270.82,6867.72,208125.14,30333.0,109365.2,660666.53,16526.09,49.4321487,17.3491428
520047,TUČÍN,337869.13,14963.63,41091.72,5988.87,21592.8,130440.38,1578.22,49.4539906,17.5150195
520306,ÚSTÍ,429265.01,5659.0,52207.31,7608.91,27433.8,165725.4,7578.96,49.5168459,17.766368
520420,VESELÍČKO,706039.32,2817.46,85868.66,12514.84,45122.11,272579.04,6210.78,49.5324505,17.5117139
521531,VŠECHOVICE,838698.84,13936.02,102002.75,14866.29,53600.21,323794.59,10420.33,49.461491,17.7596205
522775,ZÁMRSKY,192768.94,981.64,23444.6,3416.91,12319.63,74421.88,2106.23,49.5063513,17.8278197
523453,ŽÁKOVICE,190551.79,2611.45,23174.95,3377.61,12177.93,73565.91,181.32,49.4542461,17.6599658
523640,ŽELATOVICE,428402.78,,52102.45,7593.62,27378.69,165392.52,12051.06,49.4440806,17.5065159
523704,ŠUMPERK,20801800.61,605996.4,2529919.68,368720.63,1329417.44,8030905.06,1012642.37,49.9655521,16.9705651
523917,BĚLÁ POD PRADĚDEM,1780618.36,16915.54,216559.21,31562.21,113797.13,687439.38,21103.23,50.1318638,17.2158062
524891,BERNARTICE,772061.14,37757.95,93898.25,13685.11,49341.48,298067.93,8684.58,50.389811,17.0782743
525227,BÍLÁ VODA,290323.57,21570.96,35309.22,5146.11,18554.23,112084.57,9524.75,50.4419479,16.9156914
525588,BLUDOV,2565612.89,8246.14,312030.42,45476.57,163965.15,990500.48,44942.8,49.940833,16.9283927
525804,BOHDÍKOV,1059551.68,412.12,128862.91,18781.0,67714.64,409058.77,7421.43,50.0099611,16.9043329
525880,BOHUSLAVICE,385045.18,,46829.28,6825.08,24607.76,148653.54,2946.4,49.8261001,16.9405018
525979,BOHUTÍN,700742.79,3481.65,85224.5,12420.96,44783.61,270534.22,3631.94,49.9535082,16.8814907
526169,BRANNÁ,255341.86,6936.21,31054.73,4526.04,16318.58,98579.26,5315.19,50.1531944,17.0114658
526622,ROHOZEC,239082.75,2924.52,29077.3,4237.84,15279.48,92302.14,2841.38,49.9760197,15.3846406
528196,PODVEKY,186979.71,3698.39,22740.52,3314.3,11949.64,72186.84,241.77,49.8250442,14.9939976
529303,BENEŠOV,14878436.15,565720.33,1809518.76,263726.52,950862.52,5744084.88,691776.59,49.7818921,14.6869121
529451,BYSTŘICE,4015136.76,209363.59,488321.84,71169.98,256602.45,1550114.95,57416.86,49.7321319,14.667401
529478,ČAKOV,109748.96,2506.72,13347.69,1488.99,7013.92,42370.54,1840.77,49.8255936,14.8363302
529486,ČECHTICE,1435481.9,37817.14,174583.63,25444.52,91739.88,554193.33,21418.28,49.6233316,15.0486116
529516,ČERČANY,2709481.34,21033.52,329527.73,48026.69,173159.62,1046043.46,45523.33,49.8529293,14.7029875
529524,ČEJKOVICE,27837.56,,3385.61,377.68,1327.81,10747.19,100.74,49.7918223,15.3496623
529532,ČERVENÝ ÚJEZD,288229.59,31.98,35054.55,5108.99,18420.4,111276.16,1840.77,49.5554167,14.6039224
529541,ČESKÝ ŠTERNBERK,148302.75,121045.92,18036.62,2628.73,9477.85,57254.91,3369.4,49.8108883,14.9281503
529559,DOBROVÍTOV,127732.51,1354.05,15534.86,2264.12,8163.22,49313.41,283.19,49.7875329,15.3287123
529567,ČTYŘKOLY,538890.8,85162.38,65540.02,9552.07,34439.85,208048.37,3999.51,49.8685104,14.7196361
529575,MEDONOSY,164438.68,74980.53,19999.07,2914.74,10509.08,63484.47,1053.12,50.4941538,14.4869393
529583,TUPADLY,129087.45,77111.81,15699.64,2288.13,8249.82,49836.5,20.15,50.4432752,14.4755682
529591,SEDLEC,199174.03,,24223.6,3530.44,12728.96,76894.67,161.18,50.3007379,14.7957224
529605,ROKYTÁ,294141.99,18519.93,35773.61,5213.78,18798.25,113558.75,1683.24,50.5502068,14.8781994
529613,JOSEFŮV DŮL,290693.09,,35354.16,5152.65,18577.85,112227.25,4419.6,50.4534058,14.8936729
529621,DIVIŠOV,1721371.17,84570.89,209353.55,30512.03,110010.7,664565.95,38627.0,49.7885743,14.8756851
529630,KOSTOMLÁTKY,241053.55,4887.43,29316.98,4272.78,15405.44,93063.01,2263.77,50.1710315,14.9840249
529648,DOLNÍ KRALOVICE,942165.88,23593.69,114586.43,16700.29,60212.67,363739.9,41468.38,49.6721559,15.157366
529656,PĚTIHOSTY,194370.21,6420.59,23639.35,3445.29,12421.96,75040.07,1210.65,49.8863595,14.7054163
529664,TĚCHAŘOVICE,48038.27,,5842.42,651.75,3070.06,18546.03,20.15,49.6003942,14.0480813
529672,BEZDĚKOV POD TŘEMŠÍNEM,121943.28,0.93,14830.77,2161.5,7793.24,47078.37,948.1,49.5770961,13.8784582
529681,KOUPĚ,109625.79,2845.99,13332.71,1487.32,7006.05,42322.99,241.77,49.5146927,13.9184408
529699,VELKÁ CHMELIŠTNÁ,69717.07,568.96,8479.01,945.87,4455.53,26915.52,181.32,50.0635574,13.5513227
529702,HEŘMANIČKY,608115.17,29900.69,73959.1,10779.1,38863.89,234773.68,4790.08,49.6053065,14.5824867
529711,DRAHOUŠ,87084.75,43127.06,10591.27,1181.51,5565.47,33620.62,1000.61,50.0801242,13.4756587
529729,KVÍTKOVICE,106669.59,,12973.18,1447.21,6817.12,41181.68,221.62,48.9576213,14.330755
529737,HULICE,237851.0,39667.32,28927.5,4216.01,15200.76,91826.61,7631.47,49.7096004,15.0875886
529745,HVĚZDONICE,234402.1,23732.0,28508.04,4154.88,14980.34,90495.1,3894.5,49.872818,14.7772732
529753,DÍVČÍ KOPY,59000.84,4660.54,7175.7,800.48,3770.68,22778.33,100.74,49.2602796,15.0459045
529761,ŽĎÁR,120588.37,36388.59,14665.99,2137.47,7706.66,46555.28,,49.2540897,15.0765592
529770,CHLUM,102481.63,1374.75,12463.83,1390.4,6549.47,39564.86,120.89,49.693002,14.9957558
529788,CHMELNÁ,112705.15,4654.09,13707.22,1529.1,7202.85,43511.83,120.89,49.6481022,14.9883521
529796,CHOCERADY,1314154.49,15575.42,159827.76,23293.94,83985.99,507352.72,19735.04,49.8729023,14.8020685
529818,CHOTÝŠANY,758019.19,51199.88,92190.46,13436.21,48444.07,292646.78,10945.44,49.7440999,14.8145778
529826,ČELISTNÁ,75629.48,,9198.08,1026.08,4833.39,29198.11,141.03,49.3601592,15.2063182
529834,MEZNÁ,150273.55,4159.7,18276.3,2663.66,9603.8,58015.78,241.77,49.3470278,15.2113811
529842,JANKOV,919378.49,19778.78,111815.02,16296.37,58756.35,354942.42,16473.57,49.6531018,14.7309825
529851,JAVORNÍK,128225.22,380.8,15594.78,2272.85,8194.71,49503.62,283.19,49.6864955,15.0265313
529869,DŮL,45697.93,753.5,5557.79,619.99,2920.49,17642.5,40.29,49.4520974,15.0302965
529877,OKROUHLÁ,64297.38,,7819.86,872.34,4109.17,24823.14,161.18,49.4136266,14.3643081
529885,STEHLOVICE,78955.2,3734.11,9602.55,1071.21,5045.92,30482.06,1000.61,49.3933927,14.3228823
529893,NICOV,98540.03,,11984.46,1336.92,6297.57,38043.13,1000.61,49.1254295,13.6204578
529907,KEBLOV,158895.8,9278.22,19324.94,2816.5,10154.84,61344.55,2893.89,49.6776469,15.0718875
529915,VRBICE,50871.29,48.5,6186.98,690.19,3251.13,19639.77,1263.16,49.1412756,13.7157886
529923,ŽÁROVNÁ,87207.93,7253.05,10606.24,1183.18,5573.35,33668.17,,49.0461947,13.899318
529931,KONDRAC,414237.66,10248.61,50379.68,7342.54,26473.41,159923.81,6105.76,49.6668953,14.8840411
529940,KOZMICE,323827.18,6248.13,39383.93,5739.97,20695.4,125019.25,1263.16,49.82478,14.7960773
529958,KRHANICE,1007325.47,14612.71,122511.15,17855.26,64376.94,388895.91,10630.38,49.8560083,14.557357
529966,BUZICE,154338.33,3784.35,18770.67,2735.71,9863.57,59585.05,1368.19,49.4226228,13.9326098
529974,KRŇANY,393544.25,8322.1,47862.95,6975.74,25150.93,151934.76,1315.66,49.8449099,14.4765408
529982,CHLUM,166039.95,33.0,20193.82,2943.13,10611.41,64102.67,1053.12,49.4472254,13.8508507
529991,KŘEČOVICE,748904.24,36265.72,91081.9,13274.64,47861.55,289127.8,4104.54,49.7213131,14.4755313
530000,KŘIVSOUDOV,386523.27,5063.5,47009.05,6851.29,24702.23,149224.18,4472.11,49.6329749,15.087361
530018,BŘEZÍ,68238.97,13605.62,8299.24,925.82,4361.07,26344.88,303.33,49.50049,13.8017475
530026,KUŇOVICE,72057.4,1603.99,8763.64,977.62,4605.1,27819.04,843.08,49.658598,14.9989113
530034,STOŽICE,340209.45,5698.52,41376.36,6030.36,21742.37,131343.9,303.33,49.132489,14.150206
530042,KATOV,63188.79,1231.37,7685.04,857.3,4038.32,24395.16,303.33,49.2817135,14.8285198
530051,LEŠANY,748042.02,29061.47,90977.04,13259.37,47806.44,288794.92,5420.21,49.8444734,14.5247767
530069,LIBEŽ,211368.37,8192.21,25706.66,3746.59,13508.29,81602.52,948.1,49.7574191,14.9167679
530085,BUKOVNÍK,61587.51,20862.31,7490.29,835.57,3935.98,23776.95,241.77,49.2224796,13.6613236
530093,LOKET,525587.89,104613.11,63922.12,9316.26,33589.68,202912.55,13104.18,49.6554898,15.1168908
530107,LOUŇOVICE POD BLANÍKEM,706285.67,54687.72,85898.62,12519.21,45137.84,272674.15,8471.63,49.6371536,14.8470198
530115,MARŠOVICE,681773.85,23678.09,82917.49,12084.72,43571.33,263210.92,3841.98,49.7135659,14.5645097
530123,DOBRŠÍN,102112.11,4746.22,12418.9,1385.38,6525.86,39422.19,4367.08,49.2612918,13.5610472
530131,PŘESTAVLKY,197572.76,11134.0,24028.85,3502.06,12626.63,76276.48,1368.19,49.5993952,13.2455234
530140,MILÍNOV,203854.7,,24792.85,3613.41,13028.1,78701.73,1578.22,49.6430629,13.5659397
530158,MEZNO,331094.5,5925.9,40267.78,5868.79,21159.84,127824.92,6525.83,49.5345175,14.644936
530166,MILIČÍN,836235.34,5786.5,101703.14,14822.63,53442.78,322843.52,6788.39,49.570689,14.6614051
530174,MIŘETICE,164685.03,8322.0,20029.03,2919.1,10524.81,63579.58,1105.63,49.6589345,14.9767461
530182,ŽÁKAVA,374205.78,1201.56,45510.98,6632.95,23915.03,144468.79,16050.58,49.62997,13.5307241
530191,MNICHOVICE,195971.48,5421.47,23834.1,3473.68,12524.3,75658.28,2736.36,49.668605,15.0395834
530204,MRAČ,615875.19,1576.17,74902.88,10916.65,39359.82,237769.57,6053.24,49.8296504,14.6905103
530212,NAČERADEC,1101431.21,65493.11,133956.31,19523.34,70391.12,425227.1,10892.93,49.6103317,14.9060072
530221,HNĚVNICE,117878.51,2221.5,14336.41,1599.29,7533.47,45509.1,120.89,49.7284972,13.1031303
530239,BÍLOV,81911.4,,9962.08,1111.31,5234.85,31623.36,1105.63,50.0177731,13.4257053
530247,POTVOROV,114922.31,1965.0,13976.87,1559.19,7344.55,44367.8,2106.23,50.0163554,13.3995979
530263,NESPEKY,599985.62,7701.95,72970.39,10635.0,38344.34,231635.12,3579.43,49.8593079,14.6593577
530271,SEDLEC,102974.34,25424.12,12523.76,1397.08,6580.97,39755.08,80.59,50.0062711,13.4271761
530280,VYSOKÁ LIBYNĚ,201268.02,,24478.26,3567.56,12862.79,77703.1,263.04,50.0216487,13.4511716
530298,NETVOŘICE,1154396.47,147107.38,140397.95,20462.16,73776.06,445675.29,17576.3,49.8158249,14.5182129
530301,NEUSTUPOV,506988.46,1598.42,61660.05,8986.58,32401.01,195731.91,2211.27,49.6150018,14.6985996
530310,NEVEKLOV,2613527.98,84165.19,317857.87,46325.88,167027.35,1008998.96,36628.7,49.7535324,14.5334154
530328,ČERŇOVICE,176633.01,15803.01,21482.14,3130.9,11288.4,68192.31,1315.66,49.8128954,13.1036725
530336,PLÁNĚ,255588.2,2029.45,31084.7,4530.41,16334.33,98674.37,303.33,49.9502347,13.3088747
530344,OLBRAMOVICE,1164127.29,70780.2,141581.43,20634.65,74397.94,449432.04,30943.02,49.67269,14.6384494
530352,OSTŘEDEK,381596.27,20271.45,46409.83,6763.95,24387.35,147322.03,7421.43,49.8347901,14.8322943
530361,KAŘÍZEK,54566.54,,6636.39,740.32,3487.28,21066.39,303.33,49.8132973,13.7991163
530379,DRAHOŇŮV ÚJEZD,148179.57,,18021.63,2626.55,9469.97,57207.36,241.77,49.8768297,13.7250403
530387,RADVANEC,220976.02,35393.04,26875.15,3916.89,14122.31,85311.73,1158.14,50.7528997,14.5920383
530395,JANSKÁ,169365.69,33254.69,20598.29,3002.08,10823.95,65386.64,3789.48,50.8046782,14.3634343
530409,PETROUPIM,318284.3,18.89,38709.81,5641.72,20341.16,122879.31,4737.58,49.8082535,14.7525921
530417,DOUBICE,111227.05,17421.0,13527.47,1509.05,7108.38,42941.18,1210.65,50.8886016,14.4616106
530425,DALEŠICE,159265.33,1583.95,19369.88,2823.05,10178.45,61487.21,40.29,50.6817579,15.1845709
530433,KUNRATICE,320747.8,1338.0,39009.42,5685.39,20498.6,123830.39,2211.27,50.9214131,15.0260411
530441,POŘÍČÍ NAD SÁZAVOU,1509879.63,3216.39,183631.9,26763.26,96494.55,582915.88,49204.87,49.8389544,14.6744579
530450,POSTUPICE,1315632.6,9919.55,160007.53,23320.14,84080.46,507923.36,8156.56,49.7277997,14.7781051
530468,DLOUHÝ MOST,785364.05,1096.99,95516.16,13920.91,50191.65,303203.75,2998.92,50.710673,15.0769449
530476,PRAVONÍN,490483.0,18082.02,59652.66,8694.02,31346.16,189359.68,5892.8,49.6355844,14.9433724
530484,JEŘMANICE,460674.65,128204.31,56027.35,8165.65,29441.15,177851.64,12789.13,50.6995651,15.0938211
530492,PŘESTAVLKY U ČERČAN,338361.83,8502.7,41151.65,5997.6,21624.29,130630.61,3736.97,49.8529968,14.7441241
530506,MIŘEJOVICE,152983.39,631.01,18605.87,2711.7,9776.98,59061.96,895.58,50.553241,14.1089264
530514,PSÁŘE,133644.92,27155.37,16253.93,2368.9,8541.09,51596.0,1735.75,49.755633,14.9618845
530522,RABYNĚ,271108.26,19217.72,32972.25,4805.51,17326.2,104666.17,7578.96,49.8141864,14.4360955
530531,RADOŠOVICE,310031.57,7854.89,37706.11,5495.44,19813.74,119693.2,895.58,49.7409294,14.8673226
530549,RATAJE,130811.9,,15909.37,2318.69,8360.02,50502.25,201.48,49.7037532,14.9704485
530557,KOZLY,110611.19,1681.42,13452.56,1500.69,7069.02,42703.41,161.18,50.4567839,13.7844299
530565,ŽELKOVICE,70332.95,2945.74,8553.91,954.23,4494.89,27153.28,283.19,50.4641557,13.8767165
530573,SEDLEC-PRČICE,2680658.37,127577.65,326022.27,47515.79,171317.58,1034915.84,40523.2,49.5726082,14.5326911
530581,ČERADICE,273694.94,102.05,33286.83,4851.35,17491.51,105664.8,4895.12,50.3087437,13.4939023
530590,LIBOČANY,388863.6,44946.24,47293.67,6892.77,24851.79,150127.7,6735.88,50.3335774,13.513298
530603,ZÁLUŽICE,93366.68,,11355.28,1266.73,5966.95,36045.87,3421.91,50.3213372,13.6038217
530611,SMILKOV,227011.59,9174.52,27609.21,4023.88,14508.02,87641.87,1525.71,49.6024943,14.6174032
530620,PŘESTANOV,410419.23,5556.6,49915.28,7274.86,26229.39,158449.65,46521.02,50.6866718,13.9202658
530638,SOBĚHRDY,350309.81,110508.0,42604.76,6209.39,22387.88,135243.34,2998.92,49.8210188,14.7342067
530646,HURTOVA LHOTA,176017.14,75.03,21407.24,3119.98,11249.04,67954.55,181.32,49.5962643,15.5091113
530654,VYSOKÁ,209151.22,925.45,25437.01,3707.29,13366.59,80746.55,843.08,49.5622714,15.6221913
530662,ŽDÍREC,102481.63,,12463.83,1390.4,6549.47,39564.86,283.19,49.6291608,15.6419344
530671,PŠÁNKY,56906.87,,6921.02,772.07,3636.85,21969.91,161.18,50.2942394,15.6205293
530689,STRUHAŘOV,773416.07,191130.74,94063.04,13709.12,49428.06,298591.02,10525.35,49.7655327,14.7622115
530697,ÚHERČICE,102235.28,5149.51,12433.89,1387.05,6533.73,39469.75,283.19,49.9196737,15.6779582
530701,STŘEZIMÍŘ,248197.7,1333.0,30185.86,4399.41,15862.0,95821.14,1000.61,49.5320047,14.6113296
530719,STUDENÝ,86099.36,1775.36,10471.42,1168.13,5502.5,33240.19,303.33,49.6072855,15.1285738
530727,BRNÍČKO,505140.84,8993.36,61435.33,8953.83,32282.92,195018.6,2578.83,49.8948849,16.9682031
530735,STARÉ HRADY,144607.49,731.69,17587.19,2563.23,9241.68,55828.3,1315.66,50.3860114,15.2129566
530743,BÍLKOVICE,171952.36,9246.5,20912.89,3047.93,10989.26,66385.27,303.33,49.7598354,14.8607783
530751,TEHOV,280592.74,1557.69,34125.75,4973.61,17932.34,108327.82,2368.78,49.7354392,14.9667327
530760,TEPLÝŠOVICE,500952.88,1918.79,60926.0,8879.59,32015.29,193401.77,5000.13,49.8061048,14.8015831
530778,TICHONICE,188211.46,22830.24,22890.32,3336.12,12028.36,72662.38,201.48,49.7770615,14.9922767
530786,ŘÍKOV,176263.48,43.22,21437.2,3124.35,11264.78,68049.65,21365.76,50.3842873,16.0168279
530794,TRNÁVKA,163699.63,9570.24,19909.19,2901.65,10461.84,63199.15,3631.94,50.0327438,15.4610188
530808,KRÁLOVEC,173923.15,68.51,21152.58,3082.86,11115.21,67146.13,1053.12,50.6767609,15.9737035
530816,TRHOVÝ ŠTĚPÁNOV,1417128.83,105057.1,172351.52,25119.2,90566.96,547107.78,43837.17,49.7116864,15.0135299
530824,VELENOV,258667.58,30446.9,31459.21,4584.99,16531.12,99863.21,2368.78,49.4868406,16.7327643
530832,BRAMBORY,77477.1,1593.1,9422.79,1051.16,4951.46,29911.41,161.18,49.978134,15.4697561
530841,TÝNEC NAD SÁZAVOU,4838561.89,179835.56,588466.98,85765.53,309226.54,1868012.87,55625.68,49.8334756,14.5899539
530859,SEMTĚŠ,197203.24,505.22,23983.9,3495.51,12603.01,76133.82,895.58,49.9597389,15.5133748
530867,VELIŠ,294757.87,22529.12,35848.52,5224.72,18837.62,113796.52,2526.32,49.6685528,14.8232891
530875,STARKOČ,121450.6,51519.55,14770.84,2152.77,7761.75,46888.16,221.62,49.9372526,15.5075617
530883,VLAŠIM,9782931.13,604032.27,1189802.29,173406.56,625215.07,3776874.54,302866.49,49.7065924,14.8987513
530891,VOJKOV,387139.15,27763.83,47083.95,6862.21,24741.59,149461.95,10577.86,49.6522163,14.5198005
530905,VOTICE,4139420.37,306900.99,503437.23,73372.96,264545.25,1598096.85,110358.69,49.6403939,14.6380296
530913,VRACOVICE,321979.55,8150.83,39159.23,5707.23,20577.32,124305.93,1000.61,49.6624733,14.9321376
530921,VRANOV,331217.67,9646.28,40282.78,5870.97,21167.72,127872.48,1840.77,49.8533131,14.7769157
530930,ŠTIPOKLASY,116646.76,,14186.6,1582.58,7454.75,45033.57,1840.77,49.82444,15.2130919
530948,VRCHOTOVY JANOVICE,958424.98,36093.46,116563.85,16988.49,61251.76,370017.01,16365.65,49.6668152,14.5778042
530956,OPATOVICE I,150396.72,19.95,18291.28,2665.84,9611.67,58063.33,2893.89,49.8551492,15.2484784
530964,BLUDOV,25620.41,1086.52,3115.96,347.6,1222.06,9891.22,141.03,49.8074908,15.2551815
530972,TŘEBĚTÍN,129703.31,743.0,15774.54,2299.04,8289.18,50074.27,161.18,49.7705839,15.2692711
530981,TŘEBEŠICE,242778.0,,29526.72,4303.34,15515.65,93728.76,181.32,49.9278469,15.3378041
530999,MOČOVICE,323088.13,4417.14,39294.05,5726.88,20648.17,124733.92,2211.27,49.9063135,15.3481934
531006,LUDÍKOV,246350.07,6.91,29961.15,4366.66,15743.93,95107.83,221.62,49.4553936,16.7317818
531014,VODRANTY,56290.99,6125.5,6846.12,763.72,3597.48,21732.15,895.58,49.8903645,15.3363007
531022,ZDISLAVICE,500460.19,272236.67,60866.08,8870.87,31983.79,193211.56,13842.25,49.6864849,14.9744889
531031,KAMBERK,165916.78,3193.17,20178.83,2940.95,10603.54,64055.12,843.08,49.5969451,14.8402851
531049,ZVĚSTOV,386523.27,37212.22,47009.05,6851.29,24702.23,149224.18,1000.61,49.6326652,14.7921231
531057,BEROUN,18119171.44,151739.71,2203657.71,321169.91,1157973.92,6995228.36,665410.69,49.9640292,14.0733907
531065,SOUŇOV,114675.96,4557.69,13946.92,1555.84,7328.79,44272.7,1158.14,49.8800216,15.3155589
531073,BĚŠTÍN,244748.79,50.06,29766.41,4338.28,15641.6,94489.63,1000.61,49.8073,14.0162323
531081,BROUMY,1029743.33,8684.07,125237.61,18252.63,65809.63,397550.72,5948.23,49.9550652,13.8522593
531090,BŘEZOVÁ,269876.51,3693.0,32822.44,4783.68,17247.47,104190.62,1263.16,49.9040777,13.8830074
531103,BUBOVICE,410172.88,5.06,49885.32,7270.48,26213.64,158354.53,3526.93,49.9701104,14.1667377
531111,BERNARDOV,128471.57,329.5,15624.74,2277.21,8210.46,49598.74,1420.69,50.0140618,15.3987352
531120,BZOVÁ,362257.78,4374.97,44057.88,6421.17,23151.45,139856.06,2736.36,49.897912,13.8622711
531138,CERHOVICE,1090468.63,34475.5,132623.03,19329.01,69690.5,420994.8,44155.15,49.8494302,13.8342561
531146,DRAHELČICE,1162772.37,17513.58,141416.64,20610.63,74311.35,448908.95,8261.59,50.0317981,14.2030247
531154,DROZDOV,634967.32,619.49,77224.87,11255.07,40579.97,245140.42,3736.97,49.8631347,13.8405766
531162,FELBABKA,202130.25,7988.0,24583.13,3582.84,12917.89,78035.98,1315.66,49.8134328,13.9417482
531171,HLÁSNÁ TŘEBAŇ,871709.75,44592.98,106017.54,15451.42,55709.9,336539.05,6368.31,49.9222389,14.1986542
531189,HOŘOVICE,6621027.89,138963.38,805250.91,117360.5,423141.73,2556165.57,341546.01,49.8363239,13.902867
531197,HLÍZOV,483954.73,69302.72,58858.69,8578.3,30928.94,186839.33,8104.05,49.9849952,15.2951012
531201,HOSTOMICE,1755121.14,50115.31,213458.23,31110.26,112167.63,677595.73,44942.8,49.8252575,14.0456045
531219,HŘEDLE,332203.09,,40402.61,5888.45,21230.69,128252.91,2578.83,49.9037933,13.9206002
531227,HUDLICE,1112393.79,9339.74,135289.59,19717.65,71091.72,429459.4,6473.33,49.9609632,13.9706338
531235,HVOZDEC,198558.16,3.48,24148.68,3519.52,12689.61,76656.91,161.18,49.8070453,13.8802986
531243,HÝSKOV,1727529.92,10843.41,210102.58,30621.19,110404.32,666943.65,8894.63,49.9907559,14.0502805
531251,CHALOUPKY,381719.45,730.0,46424.8,6766.13,24395.22,147369.58,3051.42,49.7912296,13.871552
531260,DOLNÍ POHLEĎ,101619.41,979.52,12358.98,1378.7,6494.37,39231.98,1263.16,49.7434169,15.1335206
531278,PABĚNICE,177002.53,4329.78,21527.09,3137.44,11312.01,68334.98,1788.26,49.8416386,15.3023241
531286,BRATČICE,309169.34,9968.92,37601.25,5480.16,19758.63,119360.32,303.33,49.8552162,15.4303774
531294,CHYŇAVA,1601891.38,31543.74,194822.4,28394.2,102374.91,618438.66,9472.24,50.0274775,14.0736772
531308,JIVINA,152613.88,1705.58,18560.94,2705.15,9753.37,58919.3,241.77,49.7934488,13.8376446
531316,KARLŠTEJN,675615.09,7298.38,82168.47,11975.55,43177.73,260833.22,18839.45,49.933809,14.1832917
531324,KOMÁROV,2037191.98,14094.45,247763.75,36110.08,130194.43,786494.19,46786.48,49.8065687,13.8565466
531332,KONĚPRUSY,200159.44,510.0,24343.43,3547.91,12791.94,77275.11,2631.34,49.9208904,14.0657511
531341,DROBOVICE,297344.55,,36163.1,5270.55,19002.93,114795.15,2001.22,49.8895271,15.4134178
531359,HORKY,279976.86,34967.02,34050.85,4962.7,17892.97,108090.04,5892.8,49.8687631,15.4397928
531367,ADAMOV,102974.34,7618.5,12523.76,1397.08,6580.97,39755.08,1053.12,49.8578162,15.4089129
531375,KUBLOV,514378.97,12732.2,62558.88,9117.58,32873.33,198585.14,6158.27,49.9436966,13.8766708
531383,SCHOŘOV,62203.39,357.42,7565.19,843.93,3975.34,24014.73,120.89,49.858128,15.3798971
531391,SUDĚJOV,72180.58,2.5,8778.62,979.29,4612.97,27866.59,40.29,49.8606969,15.1038432
531405,KOBYLNICE,169612.03,8226.17,20628.26,3006.45,10839.7,65481.73,1210.65,50.0062979,15.3756965
531413,HRABĚŠÍN,112335.64,8117.97,13662.29,1524.09,7179.23,43369.17,1420.69,49.8525222,15.331814
531421,ŠEBESTĚNICE,67869.45,21925.1,8254.3,920.8,4337.45,26202.2,120.89,49.8294417,15.3653085
531430,HORKA I,300793.45,21716.64,36582.57,5331.68,19223.34,116126.66,3369.4,49.9826944,15.4399348
531448,LIBOMYŠL,478165.5,,58154.59,8475.68,30558.97,184604.3,5367.7,49.87228,13.9982066
531456,LITEŇ,1190240.4,24769.29,144757.31,21097.51,76066.8,459513.47,12156.09,49.903706,14.1489845
531464,LODĚNICE,1976713.03,7900.05,240408.29,35038.08,126329.29,763145.22,162037.36,49.9948577,14.1578509
531472,LOCHOVICE,1233844.36,17732.23,150060.43,21870.4,78853.47,476347.56,11788.52,49.8422832,13.9665265
531481,HORUŠICE,148056.39,6367.3,18006.65,2624.36,9462.1,57159.81,3051.42,49.9965494,15.4290275
531499,HOSTÍN,240684.03,5190.81,29272.05,4266.23,15381.83,92920.35,1578.22,50.3404229,14.58889
531502,LIBLICE,394775.99,10355.55,48012.75,6997.58,25229.65,152410.29,5262.68,50.3125502,14.5898928
531511,ZLONČICE,412143.68,1694.23,50125.01,7305.42,26339.6,159115.4,843.08,50.2287795,14.3575719
531529,MĚŇANY,243270.7,10962.1,29586.64,4312.07,15547.14,93918.98,303.33,49.9100487,14.1176675
531537,MEZOUŇ,424214.83,1225.04,51593.1,7519.39,27111.04,163775.67,11841.03,50.0042735,14.214169
531545,MOŘINA,751121.39,6394.09,91351.55,13313.94,48003.24,289983.77,15630.49,49.9528273,14.2085792
531553,KONĚTOPY,253001.53,30388.51,30770.1,4484.56,16169.02,97675.74,6630.86,50.276404,14.6538239
531561,TUHAŇ,620555.85,28854.48,75472.13,10999.61,39658.96,239576.62,3156.43,50.2953808,14.5172748
531570,DOBŘEŇ,192029.89,5826.97,23354.71,3403.81,12272.39,74136.55,241.77,50.4794028,14.5567022
531588,NEUMĚTELY,483092.5,466.2,58753.81,8563.02,30873.86,186506.45,7473.93,49.8524823,14.0364903
531596,NIŽBOR,1701416.81,65542.19,206926.69,30158.32,108735.46,656862.22,11946.05,50.0000434,14.0026852
531600,NOVÝ JÁCHYMOV,581632.53,1688.04,70738.28,10309.68,37171.42,224549.58,4524.62,49.9807618,13.9431872
531618,NUČICE,2030910.05,7397.04,246999.74,35998.73,129792.95,784068.94,47416.6,50.0174655,14.2319511
531626,OLEŠNÁ,379379.12,1584.0,46140.17,6724.65,24245.65,146466.05,1840.77,49.7803552,13.8100111
531634,OSEK,663913.46,13413.55,80745.31,11768.15,42429.9,256315.6,10367.83,49.819637,13.8585193
531642,OSOV,338361.83,19.5,41151.65,5997.6,21624.29,130630.61,3369.4,49.8443729,14.0839129
531651,KANINA,92997.15,17953.4,11310.34,1261.71,5943.34,35903.2,1053.12,50.4247069,14.599937
531669,OTROČINĚVES,362504.14,5998.84,44087.84,6425.53,23167.2,139951.17,6473.33,49.9804925,13.978761
531677,LOBEČ,129949.67,528.0,15804.51,2303.41,8304.92,50169.38,1315.66,50.4603007,14.6671422
531685,PODLUHY,572024.88,9908.17,69569.79,10139.38,36557.41,220840.37,3736.97,49.8158149,13.9137584
531693,PRASKOLESY,729688.94,732.89,88744.93,12934.04,46633.52,281709.39,5157.66,49.8658803,13.9334288
531707,NOSÁLOV,174785.38,19332.79,21257.43,3098.14,11170.31,67479.01,1000.61,50.4743186,14.6679206
531715,RPETY,352403.79,4283.09,42859.42,6246.51,22521.69,136051.75,3474.42,49.8282698,13.9384878
531723,RUDNÁ,4780669.62,37026.99,581426.11,84739.37,305526.71,1845662.53,176194.68,50.0337771,14.2312404
531731,STRÁNKA,179096.5,26091.3,21781.76,3174.57,11445.84,69143.39,1210.65,50.4229807,14.6611334
531740,SKUHROV,441582.52,,53705.36,7827.23,28220.99,170480.78,1735.75,49.8733147,14.1467218
531758,SRBSKO,450820.65,,54828.91,7990.98,28811.39,174047.33,3841.98,49.9368623,14.1346366
531766,STAŠOV,353881.89,,43039.2,6272.7,22616.16,136622.39,1683.24,49.8833403,13.9575226
531774,KADLÍN,128471.57,29278.28,15624.74,2277.21,8210.46,49598.74,283.19,50.3994657,14.699737
531782,SUCHOMASTY,489620.78,3243.98,59547.78,8678.73,31291.06,189026.81,9052.16,49.8953539,14.0566059
531791,SVATÁ,414114.48,,50364.7,7340.36,26465.55,159876.26,2788.86,49.9390997,13.9615031
531804,SVATÝ JAN POD SKALOU,150889.43,44790.18,18351.2,2674.58,9643.16,58253.54,3894.5,49.9691482,14.1337753
531812,SVINAŘE,725131.46,2875.01,88190.64,12853.26,46342.26,279949.9,2526.32,49.8919673,14.184231
531821,TACHLOVICE,782531.03,4203.79,95171.59,13870.7,50010.59,302110.02,11946.05,50.0144507,14.2406805
531839,TETÍN,735601.33,,89464.0,13038.85,47011.38,283991.97,18051.8,49.9493155,14.1022489
531847,TLUSTICE,876020.88,1522.53,106541.86,15527.83,55985.42,338203.43,10735.4,49.8500272,13.8856114
531855,TMAŇ,1039843.68,9742.15,126466.02,18431.66,66455.13,401450.15,20155.11,49.9070682,14.0338246
531863,NEDOMICE,290569.91,17723.6,35339.18,5150.47,18569.96,112179.68,3789.48,50.259663,14.6159566
531871,JEVINĚVES,201883.89,7645.99,24553.17,3578.47,12902.16,77940.87,2106.23,50.344886,14.3379101
531880,TRUBSKÁ,137586.52,,16733.3,2438.77,8792.98,53117.72,1315.66,49.9548742,13.993447
531898,LHOTKA,245857.38,9980.34,29901.23,4357.92,15712.45,94917.62,895.58,50.3713655,14.548779
531901,ÚJEZD,554657.2,,67457.53,9831.53,35447.46,214135.28,2368.78,49.8312839,13.8375697
531910,VELKÝ CHLUMEC,305227.74,5977.5,37121.87,5410.29,19506.73,117838.61,263.04,49.8276844,14.08702
531928,HOSTÍN U VOJKOVIC,358439.36,12757.74,43593.48,6353.48,22907.42,138381.89,3474.42,50.2973263,14.396987
531936,VIDIM,128348.39,1056.95,15609.76,2275.03,8202.59,49551.18,2998.92,50.4678504,14.5258244
531944,VRÁŽ,969387.56,7119.63,117897.14,17182.8,61952.36,374249.31,10682.88,49.9833385,14.1289119
531952,VŠERADICE,381965.79,922.77,46454.76,6770.5,24410.96,147464.69,8579.56,49.8734038,14.1057309
531961,VYSOKÝ ÚJEZD,1452356.89,140625.51,176635.98,25743.64,92818.35,560708.21,15420.46,49.9923879,14.2065594
531979,ZADNÍ TŘEBAŇ,739296.58,249.26,89913.41,13104.34,47247.54,285418.58,4157.05,49.9190252,14.2092745
531987,DOLNÍ ZIMOŘ,74520.9,989.93,9063.25,1011.05,4762.54,28770.12,221.62,50.4266145,14.5013635
531995,ZAJEČOV,1302452.87,1323.48,158404.61,23086.53,83238.16,502835.09,9314.7,49.7743483,13.8407172
532002,ZÁLUŽÍ,380364.52,1070.85,46260.02,6742.12,24308.63,146846.48,2158.74,49.8426915,13.8604913
532011,ZDICE,3585748.56,33603.47,436099.56,63558.9,229160.77,1384342.01,97674.58,49.9119542,13.9779864
532029,ŽEBRÁK,1916849.96,41374.49,233127.73,33976.97,122503.51,740034.02,247450.85,49.8757493,13.8966867
532037,CHRÁŠŤANY,225287.14,503.03,27399.47,3993.31,14397.82,86976.11,26891.0,49.7920513,14.5819263
532045,CHLÍSTOV,324935.76,7.59,39518.76,5759.62,20766.24,125447.22,263.04,49.8015212,14.6547167
532053,KLADNO,62090935.97,1390989.42,7551513.63,1100587.87,3968155.22,23971310.03,1879928.08,50.1478497,14.1025379
532061,VÁCLAVICE,463138.15,877.94,56326.97,8209.31,29598.59,178802.72,3051.42,49.7883672,14.6151975
532070,BĚLOKY,132659.52,10072.5,16134.08,2351.45,8478.11,51215.57,120.89,50.1316515,14.2209459
532088,BEŘOVICE,287367.36,1499.5,34949.69,5093.7,18365.29,110943.29,5735.27,50.2690147,14.1235503
532096,BOROVNICE,72919.62,,8868.5,989.32,4660.19,28151.92,80.59,49.6487323,15.0183336
532100,BLEVICE,210382.97,22735.62,25586.82,3729.13,13445.32,81222.09,201.48,50.2097216,14.2361585
532118,BRANDÝSEK,1926827.14,2086.43,234341.15,34153.82,123141.14,743885.89,19419.97,50.1892254,14.161989
532126,BRAŠKOV,824410.54,6205.51,100264.99,14613.02,52687.05,318278.34,12736.61,50.1020899,14.1006793
532134,JEŠETICE,117878.51,17153.61,14336.41,1599.29,7533.47,45509.1,948.1,49.5811589,14.6101231
532142,BRATRONICE,824903.24,33415.71,100324.92,14621.76,52718.55,318468.57,7263.9,50.0677101,14.0139897
532151,DRAHŇOVICE,114922.31,9845.21,13976.87,1559.19,7344.55,44367.8,1000.61,49.8224724,14.9016448
532169,BUŠTĚHRAD,3416875.58,150554.09,415561.17,60565.56,218368.32,1319145.59,71098.65,50.1558258,14.188817
532177,TUŘANY,491714.77,15066.91,59802.46,8715.85,31424.88,189835.22,6158.27,50.2321669,14.0293475
532185,CVRČOVICE,547882.57,15211.66,66633.6,9711.44,35014.5,211519.81,7841.51,50.1797919,14.1547864
532193,LŠTĚNÍ,355729.52,65972.41,43263.91,6305.45,22734.23,137335.7,895.58,49.864282,14.7142648
532207,ČERNUC,830815.63,140886.81,101043.99,14726.55,53096.4,320751.16,6263.28,50.3011407,14.2024937
532215,ČERVENÝ ÚJEZD,1189870.88,10757.52,144712.36,21090.96,76043.18,459370.81,9947.75,50.0697044,14.1659085
532223,DOKSY,1322530.4,10747.2,160846.45,23442.4,84521.29,510586.38,8104.05,50.1183818,14.0467382
532231,SLOVĚNICE,45451.59,4.36,5527.84,616.65,2904.75,17547.39,100.74,49.7572859,14.8850889
532258,LITICHOVICE,56537.34,147.29,6876.09,767.06,3613.23,21827.24,80.59,49.782931,14.8505725
532266,VŠECHLAPY,101003.53,10771.31,12284.08,1370.35,6455.01,38994.21,3474.42,49.7790229,14.9142358
532274,DRUŽEC,873311.03,12658.8,106212.29,15479.81,55812.23,337157.26,7208.47,50.1029559,14.0456678
532282,DŘETOVICE,325551.63,5079.22,39593.66,5770.54,20805.61,125685.0,1473.2,50.1826849,14.2102595
532291,DŘÍNOV,290693.09,31185.0,35354.16,5152.65,18577.85,112227.25,3999.51,50.2756115,14.0695289
532304,TŘEBEŠICE,96322.88,5224.49,11714.81,1306.84,6155.88,37187.16,60.44,49.7752456,14.8318434
532312,HORNÍ BEZDĚKOV,518813.27,6536.89,63098.19,9196.18,33156.72,200297.08,1525.71,50.0822476,14.0674878
532321,HOŘEŠOVICE,198804.51,16424.9,24178.65,3523.89,12705.36,76752.02,1105.63,50.2715851,13.9667954
532339,HOSPOZÍN,453407.32,62534.26,55143.5,8036.83,28976.7,175045.96,3947.01,50.3068768,14.1717605
532347,HOSTOUŇ,1179401.0,5730.01,143439.02,20905.37,75374.06,455328.73,7736.48,50.1143862,14.2012762
532355,HRADEČNO,390341.7,14974.22,47473.45,6918.98,24946.25,150698.35,1420.69,50.1883297,13.9912577
532363,HRDLÍV,383936.59,4878.86,46694.46,6805.44,24536.91,148225.55,948.1,50.1993853,14.072602
532371,HŘEBEČ,1728392.14,6566.49,210207.44,30636.48,110459.41,667276.53,9262.2,50.1359496,14.1644629
532380,BLAŽEJOVICE,88439.68,10585.32,10756.05,1199.89,5652.07,34143.71,181.32,49.6200181,15.1999021
532398,CHRŽÍN,254110.11,8710.91,30904.92,4504.22,16239.87,98103.73,2106.23,50.2953391,14.2700755
532401,JARPICE,238220.53,0.43,28972.44,4222.56,15224.38,91969.26,1368.19,50.3216043,14.08522
532410,JEDOMĚLICE,361149.22,115.21,43923.05,6401.52,23080.6,139428.08,3103.93,50.2329523,13.9722987
532428,JEMNÍKY,203854.7,20663.03,24792.85,3613.41,13028.1,78701.73,1158.14,50.2075395,14.1189667
532436,SNĚT,91765.4,24612.97,11160.53,1245.01,5864.62,35427.67,60.44,49.6264482,15.2272446
532444,KAČICE,958178.63,4502.29,116533.9,16984.11,61236.02,369921.9,9367.21,50.1625633,13.9879859
532452,KAMENNÉ ŽEHROVICE,1356773.06,3617.3,165011.05,24049.38,86709.69,523806.36,15840.54,50.1288318,14.0203013
532461,KLOBUKY,980842.83,59891.31,119290.33,17385.84,62684.46,378671.82,8051.55,50.2939913,13.9873504
532479,KMETINĚVES,281578.13,41140.52,34245.6,4991.09,17995.32,108708.25,1788.26,50.309352,14.1570451
532487,KNOVÍZ,433945.66,7963.39,52776.57,7691.87,27732.93,167532.44,5157.66,50.2125605,14.1369471
532495,KOLEČ,490236.65,74396.16,59622.69,8689.65,31330.42,189264.58,4314.58,50.1987683,14.2234016
532509,ŠETĚJOVICE,74028.2,13309.09,9003.33,1004.36,4731.05,28579.91,201.48,49.6448458,15.2224379
532517,KVÍLICE,213462.34,16184.37,25961.34,3783.72,13642.12,82410.93,263.04,50.2580504,14.0023188
532525,KYŠICE,437025.03,54374.25,53151.08,7746.45,27929.73,168721.28,7631.47,50.0911863,14.106234
532533,LEDCE,350309.81,5612.67,42604.76,6209.39,22387.88,135243.34,5000.13,50.1964236,14.0049849
532541,TOMICE,117755.34,954.9,14321.44,1597.62,7525.59,45461.53,100.74,49.6450404,15.1570928
532550,RATMĚŘICE,273448.59,6034.72,33256.87,4846.99,17475.76,105569.69,5735.27,49.643252,14.7561718
532568,BERNARTICE,201637.54,21619.53,24523.21,3574.11,12886.4,77845.76,4947.62,49.675344,15.1271697
532576,LIBUŠÍN,2779198.41,401684.96,338006.74,49262.45,177615.15,1072958.97,26943.51,50.1681884,14.054581
532584,LIDICE,431728.51,63895.28,52506.92,7652.57,27591.24,166676.48,3736.97,50.1435834,14.1905224
532592,TISEM,159511.68,,19399.85,2827.41,10194.19,61582.32,1263.16,49.7556327,14.6079559
532606,CHORATICE,63311.96,,7700.02,858.98,4046.18,24442.7,120.89,49.8393272,14.8746852
532614,VODSLIVY,86838.4,,10561.31,1178.17,5549.73,33525.51,263.04,49.8495472,14.837192
532622,MAKOTŘASY,378270.54,17039.0,46005.34,6705.0,24174.81,146038.08,1893.28,50.1446165,14.2148009
532631,MALÉ KYŠICE,411158.28,3042.03,50005.16,7287.95,26276.61,158734.96,3156.43,50.0603289,14.0914129
532649,POPOVICE,249059.93,12386.74,30290.73,4414.69,15917.11,96154.01,1683.24,49.6952037,14.752409
532657,MALÍKOVICE,288599.12,444.96,35099.49,5115.55,18444.01,111418.82,1893.28,50.2114252,13.9831699
532665,NEUMĚŘICE,322102.73,,39174.2,5709.41,20585.19,124353.49,1420.69,50.2416771,14.2199885
532673,OLOVNICE,437887.26,19381.42,53255.95,7761.74,27984.84,169054.16,2998.92,50.2345952,14.2403777
532681,OTVOVICE,608484.7,54898.64,74004.04,10785.65,38887.51,234916.34,5840.28,50.2115599,14.2729214
532690,CTIBOŘ,131427.77,965.75,15984.28,2329.62,8399.39,50740.02,1000.61,49.7366645,14.9041967
532711,PAVLOV,151012.6,,18366.19,2676.76,9651.03,58301.1,36048.18,50.0963764,14.1670457
532720,PCHERY,1621353.05,100712.43,197189.31,28739.16,103618.67,625952.18,10210.29,50.1937774,14.1178179
532738,PLETENÝ ÚJEZD,460428.3,7113.48,55997.39,8161.29,29425.4,177756.53,10157.78,50.1093287,14.1160692
532746,DĚKANOVICE,57522.75,7096.4,6995.92,780.43,3676.21,22207.68,120.89,49.6185704,15.1481777
532754,PODLEŠÍN,241792.6,342066.13,29406.87,4285.88,15452.67,93348.33,1683.24,50.2210215,14.160259
532762,POZDEŇ,379995.01,18849.99,46215.08,6735.57,24285.01,146703.83,2001.22,50.2420522,13.9435457
532771,PŘELÍC,281578.13,5713.0,34245.6,4991.09,17995.32,108708.25,895.58,50.2057248,14.0458807
532789,PTICE,765040.16,19746.8,93044.36,13560.66,48892.78,295357.36,5892.8,50.0525255,14.1662874
532797,ŘISUTY,330478.64,18404.14,40192.88,5857.87,21120.48,127587.15,6945.92,50.2159987,14.0055173
532801,SAZENÁ,274310.81,4789.45,33361.74,4862.27,17530.86,105902.57,1368.19,50.3051735,14.2872537
532819,SLANÝ,14109208.03,164086.47,1715965.06,250091.63,901702.09,5447110.67,501217.5,50.2306933,14.0868501
532827,SLATINA,499228.43,6396.26,60716.28,8849.03,31905.08,192736.02,2526.32,50.2241583,14.2207359
532835,SMEČNO,1762265.29,44369.04,214327.11,31236.89,112624.2,680353.86,21998.81,50.1884375,14.0403651
532843,DUNICE,60478.94,9389.21,7355.46,820.54,3865.14,23348.97,895.58,49.6028968,15.1532087
532851,STEHELČEVES,946477.0,13941.93,115110.74,16776.7,60488.18,365404.28,9419.72,50.1716437,14.1908475
532860,STOCHOV,4276883.71,10658.85,520155.55,75809.55,273330.37,1651167.02,46731.05,50.1481264,13.9629115
532878,CHLEBY,42495.39,,5168.3,576.54,2715.83,16406.1,,49.827002,14.5568797
532886,CHÁŘOVICE,166902.18,,20298.68,2958.41,10666.5,64435.55,221.62,49.82025,14.577861
532894,BUŠÍN,324073.53,,39413.9,5744.33,20711.14,125114.35,3156.43,49.9761294,16.8378734
532908,SVINAŘOV,505387.19,,61465.3,8958.19,32298.68,195113.71,948.1,50.1813073,14.0502673
532916,ŠLAPANICE,169242.51,3959.05,20583.32,2999.89,10816.08,65339.08,1158.14,50.3146685,14.1112094
532924,BUKOVANY,584835.08,5580.01,71127.77,10366.45,37376.09,225785.98,7736.48,49.8227943,14.6242824
532932,HRADIŠTĚ,31779.17,19215.09,3864.99,431.15,2030.97,12268.92,100.74,49.6841676,14.8487001
532941,ŘIMOVICE,173553.63,12520.92,21107.62,3076.31,11091.61,67003.47,303.33,49.695753,14.9430141
532959,TŘEBICHOVICE,408325.25,6615.08,49660.61,7237.73,26095.57,157641.23,1735.75,50.1903599,14.0790372
532967,TŘEBÍZ,203485.16,54800.81,24747.91,3606.86,13004.48,78559.06,5315.19,50.2693553,13.990304
532975,TŘEBUSICE,368909.24,15166.44,44866.82,6539.07,23576.53,142423.98,2053.73,50.2008247,14.1804917
532983,TUCHLOVICE,2371242.68,33564.0,288391.07,42031.28,151543.2,915460.41,27419.02,50.138134,13.9910741
532991,ÚHONICE,1014839.15,12217.97,123424.97,17988.45,64857.12,391796.7,5840.28,50.0433976,14.1859859
533009,UHY,315081.75,122502.76,38320.31,5584.97,20136.49,121642.91,5472.71,50.2842321,14.2738602
533017,UNHOŠŤ,4453147.19,115148.55,541592.77,78933.9,284595.15,1719216.67,91624.26,50.08499,14.1318613
533025,VELKÁ DOBRÁ,1322653.57,1095.58,160861.43,23444.59,84529.16,510633.93,27786.59,50.1096411,14.0697951
533033,VELKÉ PŘÍTOČNO,840915.99,9114.08,102272.4,14905.59,53741.9,324650.57,6683.36,50.116467,14.1282367
533041,VELVARY,2771438.38,115346.25,337062.97,49124.91,177119.21,1069963.08,63519.7,50.2819312,14.2361619
533050,VINAŘICE,1695873.94,21206.55,206252.57,30060.08,108381.22,654722.29,29840.32,50.1758468,14.0910623
533068,VRANÝ,667978.23,47588.19,81239.67,11840.19,42689.67,257884.87,10630.38,50.3270844,14.0171407
533076,PAVLOVICE,198065.47,9589.07,24088.77,3510.79,12658.12,76466.69,3579.43,49.7151133,14.9331113
533084,KLADRUBY,210013.44,4379.0,25541.88,3722.58,13421.7,81079.42,20578.12,49.7231666,14.9500494
533092,ZÁKOLANY,586929.07,56139.09,71382.45,10403.56,37509.91,226594.41,3999.51,50.1969164,14.2489388
533106,TRUBÍN,403028.73,1.0,49016.44,7143.85,25757.07,155596.4,5157.66,49.9436745,14.0021858
533114,ZLONICE,2012187.43,141826.6,244722.69,35666.86,128596.41,776840.75,19787.54,50.2874986,14.0921369
533122,ZVOLENĚVES,870478.01,22766.05,105867.73,15429.59,55631.18,336063.51,11578.48,50.2311516,14.1822066
533149,ŽILINA,683005.59,62225.77,83067.3,12106.56,43650.05,263686.46,7788.99,50.0998701,14.0057496
533157,ŽIŽICE,601463.72,35700.92,73150.15,10661.2,38438.8,232205.77,7578.96,50.2462777,14.153892
533165,KOLÍN,28613315.25,692348.8,3479957.85,507183.01,1828641.72,11046679.2,1355188.98,50.0288894,15.2011571
533173,BARCHOVICE,263225.05,111310.34,32013.5,4665.77,16822.39,101622.71,3474.42,49.9443131,14.9684414
533181,BEČVÁRY,891171.4,31911.7,108384.47,15796.39,56953.67,344052.58,17841.76,49.9567079,15.0798106
533190,BĚLUŠICE,224424.91,1067.14,27294.6,3978.03,14342.71,86643.24,141.03,50.0690717,15.3218959
533203,KRÁLŮV DVŮR,8864538.05,99086.83,1078107.12,157127.66,566521.7,3422312.56,126881.86,49.9475208,14.0395357
533211,BŘEŽANY I,240437.68,44096.65,29242.08,4261.86,15366.07,92825.24,2578.83,50.0348602,15.0787944
533220,BŘEŽANY II,722175.26,12626.03,87831.12,12800.86,46153.34,278808.6,3051.42,50.0937663,14.8047188
533238,BÝCHORY,673644.29,11981.16,81928.76,11940.63,43051.78,260072.36,7841.51,50.0676584,15.2727938
533246,CERHENICE,1558656.94,105135.51,189564.21,27627.85,99611.84,601747.24,13734.3,50.0712747,15.0720338
533254,ČERNÉ VODĚRADY,309046.17,2815.0,37586.26,5477.98,19750.76,119312.77,221.62,49.9416228,14.8069519
533262,ČERVENÉ PEČKY,1734058.2,5598.36,210896.55,30736.9,110821.53,669464.01,17156.21,49.9782126,15.2084004
533271,ČESKÝ BROD,6621890.1,141138.55,805355.77,117375.78,423196.84,2556498.44,140356.54,50.0740536,14.8606115
533289,DOBŘICHOV,574242.03,13865.14,69839.44,10178.68,36699.1,221696.35,1315.66,50.0794861,15.0322383
533297,DOLNÍ CHVATLINY,409187.48,132642.02,49765.47,7253.02,26150.67,157974.11,1105.63,49.980501,15.0692848
533301,DOUBRAVČICE,1018534.4,104868.16,123874.38,18053.95,65093.28,393223.32,14367.34,50.0220507,14.7930751
533319,MALÁ VÍSKA,119233.44,,14501.19,1617.67,7620.06,46032.2,161.18,49.7760143,13.875517
533327,HORNÍ KRUTY,472622.63,19834.29,57480.47,8377.43,30204.73,182464.36,2946.4,49.9194441,14.9597072
533335,LHOTKA,272832.71,3489.93,33181.97,4836.08,17436.4,105331.92,895.58,49.8322143,13.9962272
533343,CHOTUTICE,335651.99,90042.95,40822.07,5949.58,21451.11,129584.42,6578.35,50.0699754,14.9898791
533351,CHRÁŠŤANY,660710.91,76059.6,80355.81,11711.38,42225.21,255079.2,4104.54,50.065532,14.92981
533360,JESTŘABÍ LHOTA,422859.91,399.12,51428.31,7495.37,27024.45,163252.59,1420.69,50.089891,15.2611492
533378,JEVANY,683251.95,28035.21,83097.25,12110.93,43665.79,263781.56,21736.26,49.9702457,14.8097767
533386,KLUČOV,851878.57,96769.35,103605.66,15099.9,54442.52,328882.88,3736.97,50.0949298,14.9092419
533394,KONÁROVICE,759497.28,3576.22,92370.23,13462.41,48538.53,293217.44,8156.56,50.0414572,15.2842165
533408,KOŘENICE,462152.75,28419.21,56207.13,8191.86,29535.61,178422.28,3051.42,49.9771148,15.1408634
533416,KOSTELEC NAD ČERNÝMI LESY,3925588.49,116012.44,477430.96,69582.7,250879.53,1515543.26,106044.12,49.9918984,14.8557555
533424,KOUŘIM,1914263.29,60620.28,232813.13,33931.12,122338.2,739035.38,45628.35,50.0034291,14.976954
533432,KOZOJEDY,729565.76,26224.76,88729.96,12931.86,46625.66,281661.83,5105.15,49.9965495,14.8142602
533441,KRAKOVANY,798297.43,46077.72,97089.11,14150.15,51018.2,308196.92,3369.4,50.0660663,15.3688644
533459,KRUPÁ,300423.92,36537.06,36537.62,5325.14,19199.72,115984.0,2368.78,50.0173593,14.871299
533467,KŘEČHOŘ,471637.22,13712.78,57360.62,8359.98,30141.75,182083.94,9839.8,50.0254818,15.1267844
533475,LIBENICE,234032.58,6249.73,28463.09,4148.33,14956.73,90352.44,5210.16,49.984474,15.2579015
533483,LIBODŘICE,256819.96,13226.61,31234.5,4552.23,16413.05,99149.92,4209.56,50.0045305,15.088218
533491,ČERNÁ VODA,449835.24,47421.85,54709.06,7973.52,28748.42,173666.89,3736.97,50.3082159,17.1469952
533505,LOŠANY,242654.83,15052.97,29511.73,4301.15,15507.76,93681.21,1158.14,49.9976391,15.1259856
533513,MALOTICE,283056.23,10375.11,34425.36,5017.29,18089.77,109278.9,1945.78,49.9651973,14.9776226
533521,NEBOVIDY,532485.69,22769.21,64761.03,9438.53,34030.5,205575.57,7894.01,49.9915264,15.2194783
533530,NOVÁ VES I,1020382.02,30978.66,124099.09,18086.7,65211.36,393936.62,8419.12,50.0521456,15.1444498
533548,NUČICE,308553.47,13469.38,37526.34,5469.24,19719.28,119122.56,4895.12,49.9555237,14.884394
533556,OHAŘE,263717.76,4728.99,32073.42,4674.51,16853.88,101812.93,3421.91,50.0977815,15.295014
533564,OLEŠKA,749396.94,10575.8,91141.83,13283.37,47893.04,289318.02,3841.98,49.9715936,14.9166803
533572,OVČÁRY,712690.78,166416.97,86677.61,12632.74,45547.19,275146.95,81676.52,50.0627815,15.2395015
533581,PLAŇANY,1743665.85,57033.38,212065.04,30907.2,111435.54,673173.22,14262.33,50.0497234,15.0296817
533599,POLEPY,440473.94,4096.93,53570.54,7807.58,28150.15,170052.79,7050.93,50.0046699,15.2059806
533602,NENAČOVICE,221838.25,234.38,26980.02,3932.18,14177.4,85644.6,3999.51,50.0225034,14.1455251
533611,PŘIŠIMASY,666746.49,14767.22,81089.86,11818.37,42610.94,257409.34,9104.67,50.0505894,14.7625476
533629,RADIM,947955.1,10668.33,115290.52,16802.89,60582.64,365974.93,7683.98,50.0700642,15.0124415
533637,RADOVESNICE I,267043.48,202.11,32477.89,4733.46,17066.42,103096.9,1578.22,50.0103919,15.1509013
533645,RADOVESNICE II,424338.0,29859.39,51608.09,7521.57,27118.92,163823.23,9314.7,50.1040654,15.3677204
533653,RATBOŘ,434438.36,2602.5,52836.49,7700.61,27764.42,167722.65,2526.32,49.9776237,15.1593828
533661,ROSTOKLATY,464616.24,6901.66,56506.74,8235.51,29693.05,179373.36,3474.42,50.0733877,14.8025764
533670,CHRUSTENICE,784748.17,7365.72,95441.25,13910.0,50152.29,302965.99,5840.28,50.0060405,14.1522167
533688,DLOUHOMILOV,369401.94,20.25,44926.75,6547.81,23608.01,142614.19,1105.63,49.9068993,16.9913052
533696,SKVRŇOV,177248.88,10060.01,21557.04,3141.81,11327.76,68430.08,843.08,49.8971024,15.0018177
533700,STARÝ KOLÍN,1447553.07,37646.04,176051.73,25658.48,92511.33,558853.61,11263.41,50.0097714,15.2938802
533718,STŘÍBRNÁ SKALICE,1446444.49,31884.65,175916.91,25638.83,92440.48,558425.62,21680.83,49.8976632,14.8461623
533726,SVOJŠICE,410172.88,5104.28,49885.32,7270.48,26213.64,158354.53,4104.54,50.0027495,15.0417413
533734,TISMICE,460551.47,21367.69,56012.38,8163.47,29433.28,177804.09,5735.27,50.0561707,14.8210568
533742,TOUŠICE,279730.51,13252.72,34020.89,4958.34,17877.23,107994.94,8632.07,49.9878867,15.0064727
533751,TŘEBOVLE,452545.1,156688.17,55038.64,8021.55,28921.6,174713.08,5052.63,50.027346,14.962765
533769,TŘI DVORY,724392.4,6596.87,88100.77,12840.16,46295.03,279664.57,2421.3,50.0319554,15.2564873
533777,TUCHORAZ,559214.68,1831.13,68011.82,9912.31,35738.71,215894.77,5630.25,50.0486224,14.8491973
533785,TUKLATY,887229.82,71147.64,107905.09,15726.53,56701.77,342530.84,8104.05,50.0847775,14.7694956
533793,KORNO,106546.41,361.36,12958.19,1445.54,6809.25,41134.14,80.59,49.9204792,14.1368603
533807,TÝNEC NAD LABEM,2008615.36,73456.93,244288.26,35603.55,128368.13,775461.69,29207.28,50.0418987,15.3580835
533815,UHLÍŘSKÁ LHOTA,277390.19,1763.43,33736.26,4916.85,17727.66,107091.41,1000.61,50.0789446,15.3910495
533823,VELETOV,193138.47,62464.75,23489.54,3423.47,12343.24,74564.54,3421.91,50.0281778,15.30511
533831,VELIM,1953679.3,17318.96,237606.92,34629.79,124857.23,754252.64,58732.53,50.0596547,15.1071108
533840,VELKÝ OSEK,2210868.78,97096.24,268886.37,39188.57,141293.91,853545.21,35943.15,50.0992707,15.1861068
533858,VELTRUBY,1111531.56,5545.17,135184.72,19702.36,71036.61,429126.52,6210.78,50.0707136,15.1862579
533866,VITICE,935021.71,178510.67,113717.55,16573.65,59756.08,360981.77,7631.47,50.0306389,14.914654
533874,VLKANČICE,177248.88,16649.31,21557.04,3141.81,11327.76,68430.08,1210.65,49.9018918,14.8971233
533882,VOLÁRNA,382335.32,,46499.7,6777.05,24434.58,147607.35,181.32,50.0917775,15.2404487
533891,VRBČANY,309908.4,18821.1,37691.13,5493.25,19805.87,119645.65,948.1,50.0500056,14.9922034
533904,VYŽLOVKA,615505.67,764.83,74857.94,10910.1,39336.22,237626.91,7526.44,49.9839571,14.7892234
533912,MOŘINKA,144361.14,,17557.23,2558.85,9225.95,55733.19,895.58,49.9389761,14.2371693
533921,ZÁSMUKY,1942716.72,29583.2,236273.64,34435.47,124156.64,750020.33,41100.81,49.9544644,15.0302421
533939,LÁŽOVICE,99032.73,201.89,12044.38,1343.6,6329.05,38233.35,1000.61,49.8582047,14.0712753
533947,ŽIŽELICE,1511111.39,35430.08,183781.7,26785.09,96573.27,583391.42,24102.13,50.1319305,15.3930156
533955,KUTNÁ HORA,17787214.71,461986.94,2163285.06,315285.84,1136758.98,6867070.56,645990.71,49.9486561,15.2681123
533963,SKŘIPEL,106423.24,,12943.22,1443.87,6801.38,41086.59,141.03,49.8419587,14.0669707
533971,BÍLÉ PODOLÍ,539876.2,99917.46,65659.86,9569.53,34502.82,208428.8,6000.73,49.9564856,15.4910222
533980,BOHDANEČ,376176.57,109940.44,45750.69,6667.89,24040.98,145229.66,10630.38,49.7785374,15.2226288
533998,CÍRKVICE,1064355.52,33942.15,129447.15,18866.15,68021.64,410913.38,14367.34,49.9456022,15.3350478
534005,ČÁSLAV,9059770.48,367176.71,1101851.32,160588.23,578998.76,3497685.51,357334.03,49.9109171,15.3913205
534013,ČERNÍNY,353019.66,9188.5,42934.33,6257.43,22561.05,136289.51,1158.14,49.8400151,15.2188257
534021,ČERVENÉ JANOVICE,566112.48,25455.37,68850.73,10034.58,36179.55,218557.78,9895.23,49.8346103,15.2533327
534030,ČESTÍN,467079.75,14851.59,56806.35,8279.18,29850.5,180324.45,3369.4,49.8076111,15.104398
534048,VIŽINA,203238.81,92.0,24717.95,3602.5,12988.74,78463.97,895.58,49.8571916,14.1046231
534056,HORKA II,320624.63,72.94,38994.45,5683.2,20490.72,123782.84,1263.16,49.732077,15.1337452
534064,HOSTOVLICE,193261.63,405.02,23504.53,3425.65,12351.12,74612.08,201.48,49.8600984,15.4658424
534072,KOTOPEKY,220976.02,8599.22,26875.15,3916.89,14122.31,85311.73,3051.42,49.8567312,13.9250699
534081,CHABEŘICE,223439.52,3290.64,27174.77,3960.56,14279.74,86262.8,241.77,49.7501437,15.0737928
534099,CHLÍSTOVICE,669456.33,38294.77,81419.43,11866.4,42784.14,258455.52,5948.23,49.8857154,15.2024928
534102,CHOTUSICE,635829.55,1101.65,77329.73,11270.35,40635.08,245473.3,9157.18,49.9493549,15.3944503
534111,OTMÍČE,135862.07,,16523.58,2408.21,8682.78,52451.97,303.33,49.8702447,13.954288
534129,KÁCOV,728457.18,129508.94,88595.13,12912.21,46554.8,281233.84,13681.8,49.7776073,15.0285333
534137,KLUKY,423352.61,16519.27,51488.24,7504.1,27055.94,163442.81,2263.77,49.9080412,15.3241742
534145,BYKOŠ,186610.18,1190.45,22695.57,3307.74,11926.03,72044.18,2053.73,49.8829951,14.0635601
534153,KRCHLEBY,339839.93,3259.5,41331.4,6023.8,21718.76,131201.25,5525.23,49.8888956,15.3503023
534161,KŘESETICE,610701.85,4094.33,74273.7,10824.95,39029.2,235772.31,4632.56,49.9072397,15.2627076
534170,LEDEČKO,172198.7,1463.29,20942.84,3052.3,11005.0,66480.37,1158.14,49.8499496,14.9492679
534188,MALEŠOV,957193.23,36742.81,116414.05,16966.65,61173.03,369541.47,5262.68,49.9110162,15.2243375
534196,SVATÝ MIKULÁŠ,754570.29,46549.37,91771.01,13375.08,48223.66,291315.27,9734.78,49.9909138,15.350492
534200,MISKOVICE,914328.32,19494.59,111200.81,16206.86,58433.59,352992.7,7155.96,49.9461494,15.2048469
534218,MÁLKOV,87823.81,2277.6,10681.15,1191.53,5612.72,33905.94,283.19,49.8881846,14.0234165
534226,NEPOMĚŘICE,194739.74,13161.04,23684.29,3451.85,12445.58,75182.74,3208.96,49.8807616,15.1488028
534234,VINAŘICE,92627.62,107.83,11265.4,1256.7,5919.72,35760.54,1105.63,49.8925442,14.0980655
534242,NOVÉ DVORY,865797.35,28562.33,105298.47,15346.62,55332.03,334256.47,6210.78,49.9685881,15.3277097
534251,OKŘESANEČ,153722.45,2010.71,18695.77,2724.79,9824.21,59347.29,241.77,49.8524275,15.4757376
534269,NESVAČILY,130442.37,6858.32,15864.42,2312.14,8336.41,50359.59,100.74,49.8812584,14.1243535
534277,ONOMYŠL,287613.72,43657.97,34979.64,5098.07,18381.04,111038.39,1368.19,49.8992284,15.1242549
534285,PODBRDY,181190.48,,22036.43,3211.68,11579.66,69951.81,100.74,49.8629737,14.1265903
534293,SOBĚŠÍN,150766.26,69720.35,18336.23,2672.39,9635.29,58205.98,221.62,49.7910593,14.9558681
534307,PERTOLTICE,149411.32,182.54,18171.44,2648.38,9548.69,57682.9,1105.63,49.7548086,15.1816116
534315,PETROVICE I,280469.57,46133.07,34110.77,4971.43,17924.46,108280.27,1263.16,49.810962,15.2971901
534323,PETROVICE II,154338.33,4382.63,18770.67,2735.71,9863.57,59585.05,1945.78,49.8099378,15.0634088
534331,POTĚHY,670195.39,23208.3,81509.31,11879.5,42831.36,258740.85,12313.61,49.8693597,15.4200956
534340,RAŠOVICE,358193.01,6368.34,43563.52,6349.12,22891.68,138286.79,1473.2,49.8825406,15.1023803
534358,RATAJE NAD SÁZAVOU,446139.98,48889.93,54259.65,7908.01,28512.26,172240.28,5577.74,49.8419691,14.9560259
534366,ŘENDĚJOV,205455.97,,24987.6,3641.79,13130.44,79319.93,263.04,49.7678444,15.0803659
534374,SAMOPŠE,157664.05,1715.83,19175.13,2794.66,10076.11,60869.01,3474.42,49.8613615,14.9297353
534382,SÁZAVA,3281013.51,238932.05,399037.6,58157.34,209685.53,1266693.62,87887.29,49.8717573,14.896712
534391,SLAVOŠOV,131674.12,712.94,16014.23,2333.98,8415.13,50835.13,2998.92,49.7621769,15.1519673
534404,LUŽCE,107531.81,386.51,13078.05,1458.92,6872.23,41514.57,221.62,49.9841153,14.1967188
534412,STAŇKOVICE,239698.62,1709.0,29152.2,4248.75,15318.85,92539.92,2158.74,49.8754702,15.0151507
534421,BAVORYNĚ,300177.56,3509.5,36507.67,5320.77,19183.97,115888.9,9104.67,49.8951386,13.9599257
534439,SUCHDOL,1009665.8,36690.14,122795.79,17896.75,64526.5,389799.44,13209.2,49.9524692,15.1665102
534447,CHODOUŇ,535688.24,53466.5,65150.53,9495.3,34235.18,206811.97,4157.05,49.8981819,13.9865601
534455,CHLUSTINA,206687.71,12325.58,25137.4,3663.63,13209.16,79795.48,1210.65,49.8779979,13.9196631
534463,TOČNÍK,201021.66,0.07,24448.3,3563.2,12847.05,77607.99,263.04,49.8870041,13.8762398
534471,ZÁHORNICE,392435.67,20771.2,47728.11,6956.08,25080.08,151506.77,3421.91,50.2476372,15.2909217
534480,TUPADLY,525957.42,218574.84,63967.06,9322.81,33613.29,203055.21,9052.16,49.8690025,15.4034546
534498,UHLÍŘSKÉ JANOVICE,2939818.66,77268.29,357541.4,52109.53,187880.19,1134969.27,60153.22,49.8807582,15.064492
534501,ÚMONÍN,422983.09,7487.47,51443.3,7497.55,27032.33,163300.14,4262.07,49.8886751,15.2713915
534510,ÚŽICE,594935.43,17505.62,72356.18,10545.49,38021.59,229685.41,5157.66,49.8722049,14.9725561
534528,VAVŘINEC,481244.87,24183.77,58529.11,8530.27,30755.77,185793.14,3261.46,49.9136402,15.0331472
534536,VIDICE,245364.68,26640.67,29841.31,4349.19,15680.96,94727.39,1525.71,49.9166092,15.1654914
534544,VINAŘE,197819.12,55.83,24058.81,3506.43,12642.38,76371.58,948.1,49.9090978,15.5012905
534552,VLAČICE,192399.41,4915.88,23399.66,3410.36,12296.01,74279.21,221.62,49.9430433,15.4374897
534561,VLASTĚJOVICE,428156.44,79587.0,52072.48,7589.26,27362.95,165297.41,3103.93,49.7313038,15.1747888
534579,VLKANEČ,526696.46,22573.76,64056.95,9335.92,33660.53,203340.54,2001.22,49.8063841,15.403119
534587,VRDY,2654668.44,43432.52,322861.37,47055.11,169656.59,1024881.96,61888.96,49.9215328,15.4724303
534595,ZÁBOŘÍ NAD LABEM,653443.58,16445.19,79471.95,11582.56,41760.78,252273.52,4790.08,50.0251352,15.3504309
534609,ZBIZUBY,431358.99,13414.92,52461.97,7646.02,27567.62,166533.8,4685.06,49.8228522,15.0216956
534617,ZBRASLAVICE,1395819.54,61857.94,169759.88,24741.49,89205.11,538880.95,31050.96,49.8119306,15.1836362
534625,ZBÝŠOV,601833.24,5579.35,73195.1,10667.75,38462.42,232348.42,3631.94,49.8115558,15.3531032
534633,ZRUČ NAD SÁZAVOU,3961186.08,70820.36,481760.35,70213.69,253154.52,1529286.34,108252.45,49.740296,15.106074
534641,ŽÁKY,314342.69,4436.46,38230.43,5571.85,20089.25,121357.6,1105.63,49.8852732,15.3682948
534650,ŽEHUŠICE,869123.07,16081.97,105702.94,15405.57,55544.58,335540.42,11788.52,49.9699132,15.4067461
534668,ŽLEBY,1152425.67,9463.24,140158.27,20427.23,73650.11,444914.42,12208.6,49.8895845,15.4885289
534676,MĚLNÍK,17106056.73,551200.2,2080442.48,303212.03,1093227.01,6604097.41,605099.94,50.3520785,14.4748281
534684,BOREK,236126.55,430.48,28717.76,4185.44,15090.56,91160.85,4209.56,50.2225822,14.6474133
534692,ÚJEZD U BOSKOVIC,365090.82,3218.0,44402.43,6471.39,23332.51,140949.8,2631.34,49.4638989,16.6541632
534706,CHROUSTOV,163206.92,421.42,19849.26,2892.91,10430.35,63008.94,843.08,50.2865901,15.3471673
534714,BÝKEV,433576.13,38099.26,52731.64,7685.31,27709.32,167389.77,5000.13,50.347168,14.4180206
534722,BYŠICE,1331522.18,45608.34,161940.03,23601.79,85095.94,514057.82,28419.62,50.3102226,14.6115734
534731,CÍTOV,1034300.8,129544.35,125791.9,18333.42,66100.89,399310.22,6683.36,50.3722514,14.3981336
534749,ČEČELICE,569807.74,59787.45,69300.15,10100.08,36415.71,219984.4,6788.39,50.2941245,14.618397
534757,SELETICE,196956.89,1765.0,23953.94,3491.14,12587.27,76038.7,2316.28,50.3203412,15.0969944
534765,DOLNÍ BEŘKOVICE,1365888.01,8864.06,166119.61,24210.94,87292.22,527325.36,20788.16,50.3930719,14.4508695
534773,DŘÍNOV,368047.01,29378.13,44761.96,6523.78,23521.43,142091.1,2736.36,50.273651,14.3975011
534781,DŘÍSY,885998.05,28467.15,107755.28,15704.69,56623.04,342055.3,11155.48,50.2559959,14.6434597
534790,HORNÍ POČAPLY,982813.63,11700.28,119530.02,17420.79,62810.41,379432.68,69097.43,50.4242442,14.3898838
534803,HOŘÍN,789182.48,134459.35,95980.55,13988.59,50435.69,304677.94,9262.2,50.3448171,14.4641763
534811,PODHRADÍ,150150.37,1.51,18261.33,2661.48,9595.92,57968.22,2106.23,49.1399575,17.7738091
534820,CHLUMÍN,448726.66,23293.64,54574.23,7953.87,28677.58,173238.91,3474.42,50.2883092,14.4505841
534838,CHORUŠICE,480629.0,71655.74,58454.2,8519.34,30716.41,185555.37,6315.79,50.3902517,14.670513
534846,CHVATĚRUBY,499721.13,95462.19,60776.2,8857.77,31936.56,192926.23,2841.38,50.2327384,14.3426797
534854,HOŘANY,129456.96,53398.21,15744.59,2294.68,8273.43,49979.16,1735.75,50.0976085,14.9457911
534862,ZVĚŘÍNEK,224794.45,117819.57,27339.56,3984.58,14366.33,86785.89,18051.8,50.1531865,15.0057386
534871,VELENKA,258298.06,956.65,31414.27,4578.44,16507.5,99720.56,303.33,50.1397225,14.8956058
534889,STARÝ VESTEC,172075.53,26445.82,20927.87,3050.11,10997.14,66432.81,3208.96,50.1447548,14.8461566
534897,KLY,1484628.74,26222.8,180560.88,26315.67,94880.8,573167.33,9472.24,50.3087917,14.5014843
534901,KOKOŘÍN,341564.38,34563.2,41541.14,6054.37,21828.95,131867.01,2053.73,50.4297789,14.5667899
534919,NETŘEBICE,210136.61,,25556.86,3724.76,13429.58,81126.98,1420.69,50.2142136,15.1431114
534927,DUBICKO,999319.09,356.18,121537.41,17713.35,63865.25,385804.9,14524.88,49.8280613,16.9626634
534935,KOSTELEC NAD LABEM,3634279.54,120398.82,442001.9,64419.13,232262.33,1403078.25,43312.07,50.226532,14.5855201
534943,KOUTY,247089.13,6047.59,30051.03,4379.76,15791.15,95393.15,1158.14,50.1931175,15.1487488
534951,KRALUPY NAD VLTAVOU,15984917.54,1001501.66,1944089.27,283339.36,1021576.38,6171261.68,430801.48,50.2421243,14.3118883
534960,KŘENEK,241669.43,21768.32,29391.89,4283.7,15444.8,93300.77,2211.27,50.22954,14.6294501
534978,LEDČICE,630163.5,16743.78,76640.63,11169.91,40272.97,243285.82,10472.84,50.3409474,14.2944669
534986,LHOTA,376915.62,0.15,45840.56,6680.99,24088.21,145514.97,2316.28,50.2432073,14.6564121
534994,CHOŤOVICE,206564.54,12800.7,25122.43,3661.44,13201.28,79747.91,3684.46,50.1319028,15.3334305
535001,LIBĚCHOV,940934.13,335962.76,114436.62,16678.45,60133.94,363264.35,19209.94,50.4078364,14.4467459
535010,BĚLEČ,313234.12,49863.17,38095.61,5552.2,20018.4,120929.61,1420.69,50.0561642,13.9929735
535028,LUŽEC NAD VLTAVOU,1313292.27,37043.62,159722.9,23278.66,83930.88,507019.84,29522.34,50.3216242,14.400748
535036,MALÝ ÚJEZD,926769.0,101251.3,112713.85,16427.37,59228.67,357795.66,6840.9,50.3324672,14.5295783
535044,MĚLNICKÉ VTELNO,897822.86,67479.71,109193.42,15914.29,57378.76,346620.48,7208.47,50.3523109,14.69511
535052,MŠENO,1389414.44,111459.22,168980.9,24627.95,88795.76,536408.16,18104.31,50.4381922,14.6326066
535061,NEBUŽELY,373343.55,17939.86,45406.12,6617.68,23859.92,144135.91,4472.11,50.3903042,14.5907918
535079,NELAHOZEVES,1712995.27,13839.63,208334.87,30363.56,109475.42,661332.29,23787.08,50.2614798,14.2988105
535087,NERATOVICE,13576722.34,139479.35,1651204.02,240653.09,867671.6,5241535.1,269659.7,50.2598479,14.5175086
535095,LOUCKÁ,104821.96,48.0,12748.47,1422.15,6699.05,40468.39,1210.65,50.3274738,14.2390165
535109,KRÁLOVICE,224671.27,9821.0,27324.57,3982.4,14358.47,86738.34,221.62,50.2631516,14.0557116
535117,NOVÁ VES,773416.07,22125.94,94063.04,13709.12,49428.06,298591.02,16155.6,50.3127949,14.3081764
535125,BÍLICHOV,200898.48,19039.93,24433.32,3561.01,12839.17,77560.43,263.04,50.262046,13.9163489
535133,OBŘÍSTVÍ,1453711.81,149745.02,176800.76,25767.65,92904.93,561231.3,31208.49,50.2959875,14.4778461
535141,OVČÁRY,361888.26,17379.74,44012.93,6414.62,23127.84,139713.4,1210.65,50.2530488,14.6138538
535150,HOŘEŠOVIČKY,108147.69,93027.8,13152.95,1467.27,6911.58,41752.34,1210.65,50.2748839,13.9557793
535168,ŘEPÍN,618338.69,23612.89,75202.49,10960.32,39517.26,238720.65,3261.46,50.3670146,14.6328681
535176,PLANÁ,195232.43,1989.0,23744.21,3460.57,12477.06,75372.95,23787.08,48.9435942,14.4527645
535184,TICHOV,274926.68,,33436.65,4873.19,17570.22,106140.33,1368.19,49.1773864,17.9826299
535192,SPOMYŠL,398348.07,39840.33,48447.18,7060.89,25457.94,153789.35,3156.43,50.3354269,14.3605215
535206,DOBRÁ VODA U ČESKÝCH BUDĚJOVIC,2200891.6,12299.35,267672.94,39011.72,140656.27,849693.34,34785.01,48.9680923,14.5246491
535214,STŘEMY,376915.62,17516.28,45840.56,6680.99,24088.21,145514.97,2158.74,50.384222,14.5652256
535222,TIŠICE,2009723.94,59518.12,244423.08,35623.2,128438.98,775889.68,13999.77,50.2696451,14.5557159
535231,OSTROLOVSKÝ ÚJEZD,138325.57,13.0,16823.19,2451.88,8840.22,53403.05,1053.12,48.8806143,14.6006081
535249,DASNÝ,268028.89,12731.5,32597.73,4750.92,17129.4,103477.31,2893.89,49.0192736,14.4068134
535257,ÚŽICE,904104.79,963825.21,109957.43,16025.64,57780.22,349045.73,58309.53,50.2527081,14.3797234
535265,VELKÝ BOREK,940687.77,55269.56,114406.65,16674.08,60118.2,363169.24,11788.52,50.3452824,14.5152534
535273,VELTRUSY,2128834.2,10708.49,258909.29,37734.48,136051.17,821874.3,24154.64,50.2710734,14.3277379
535281,MYDLOVARY,223932.23,1895.0,27234.69,3969.29,14311.23,86453.01,5525.23,49.0918843,14.3542441
535290,VOJKOVICE,824780.06,24348.86,100309.94,14619.57,52710.67,318421.02,4419.6,50.2961306,14.3752194
535303,VRAŇANY,798913.3,9473.22,97164.01,14161.08,51057.57,308434.69,8999.64,50.3171687,14.3619966
535311,VŠESTUDY,328631.01,255.0,39968.17,5825.12,21002.41,126873.85,5000.13,50.2916897,14.3419422
535320,VŠETATY,2138318.67,74187.06,260062.8,37902.6,136657.31,825535.95,49680.37,50.2818688,14.5929727
535338,VYSOKÁ,905706.06,61960.2,110152.18,16054.02,57882.55,349663.94,7788.99,50.4125524,14.5381762
535346,PLAV,337992.31,27035.41,41106.7,5991.05,21600.67,130487.94,3894.5,48.9014305,14.4878755
535354,ZÁLEZLICE,340209.45,29796.8,41376.36,6030.36,21742.37,131343.9,6315.79,50.3079227,14.4380423
535362,ZÁRYBY,889816.49,111182.44,108219.67,15772.36,56867.08,343529.48,7946.53,50.220756,14.6268583
535371,NÁKŘÍ,177002.53,8979.03,21527.09,3137.44,11312.01,68334.98,221.62,49.1162738,14.3308857
535389,ZLOSYŇ,378024.2,515.93,45975.4,6700.64,24159.06,145942.96,21841.27,50.2785426,14.3713718
535397,ŽELÍZY,445770.47,14408.0,54214.7,7901.47,28488.65,172097.62,2683.85,50.4237459,14.464708
535401,BOŠILEC,187595.58,2950.06,22815.42,3325.21,11989.0,72424.61,283.19,49.1492089,14.6460886
535419,MLADÁ BOLESLAV,40946831.83,702793.24,4979962.89,725799.66,2616861.6,15808252.64,3161809.74,50.4116187,14.9031301
535427,BAKOV NAD JIZEROU,4403014.95,250451.05,535495.67,78045.29,281391.25,1699862.22,88727.45,50.4801187,14.9388306
535435,NEPLACHOV,294757.87,665.81,35848.52,5224.72,18837.62,113796.52,2316.28,49.1302963,14.60099
535443,BĚLÁ POD BEZDĚZEM,4228845.45,56105.21,514313.14,74958.05,270260.29,1632620.99,68467.31,50.5014795,14.8041263
535451,BENÁTKY NAD JIZEROU,6876123.39,81703.45,836275.68,121882.18,439444.57,2654649.71,159931.13,50.291767,14.8260014
535460,HRADCE,79324.72,692.13,9647.49,1076.22,5069.54,30624.72,,48.9339647,14.3595396
535478,BEZNO,1029004.27,84453.18,125147.74,18239.53,65762.39,397265.4,10420.33,50.3673382,14.7957203
535486,BÍTOUCHOV,313603.65,3373.51,38140.55,5558.76,20042.02,121072.27,161.18,50.4757804,14.8894149
535494,ÚSILNÉ,366199.39,11319.41,44537.25,6491.04,23403.35,141377.79,2421.3,49.0125818,14.5057538
535508,BOREČ,219990.62,14548.93,26755.31,3899.43,14059.33,84931.29,221.62,50.4073509,14.73239
535516,BOSEŇ,400565.22,8735.71,48716.83,7100.19,25599.63,154645.32,7946.53,50.5041839,15.0229724
535524,HOSTY,153845.62,12357.26,18710.74,2726.97,9832.08,59394.84,1683.24,49.2602904,14.3932564
535532,HANUŠOVICE,2484810.06,68917.11,302203.16,44044.31,158801.15,959305.11,52154.18,50.0784174,16.9347166
535541,ČAKOV,267043.48,13259.47,32477.89,4733.46,17066.42,103096.9,3894.5,48.9808532,14.307729
535559,BRODCE,1102786.12,16925.37,134121.1,19547.34,70477.71,425750.2,16526.09,50.3306667,14.8687456
535567,BŘEZINA,360902.87,4506.23,43893.09,6397.16,23064.86,139332.97,5157.66,50.5484809,15.0329465
535575,HABŘÍ,105314.65,,12808.39,1428.83,6730.54,40658.6,,48.9481426,14.3348475
535583,BŘEZNO,1104880.11,7283.11,134375.77,19584.47,70611.53,426558.61,7050.93,50.4061911,15.0054763
535591,ZVÍKOV,216788.07,5891.57,26365.81,3842.67,13854.66,83694.89,3526.93,48.9808415,14.6169222
535605,BUKOVNO,621294.9,28703.67,75562.03,11012.7,39706.19,239861.94,4685.06,50.4467617,14.8405787
535613,HVOZDEC,103220.69,5948.87,12553.72,1400.42,6596.7,39850.17,,48.9926344,14.6276294
535621,ČACHOVICE,850769.99,26389.99,103470.83,15080.25,54371.67,328454.89,4632.56,50.2752981,14.9461661
535630,ČISTÁ,704684.39,27954.43,85703.88,12490.83,45035.5,272055.94,3789.48,50.4727228,14.8447762
535648,NOVÁ VES,570423.61,15774.01,69375.05,10111.0,36455.06,220222.18,4737.58,48.9206714,14.5286514
535656,DLOUHÁ LHOTA,378516.89,4146.0,46035.31,6709.37,24190.54,146133.18,843.08,50.4201004,15.0541154
535664,DOUBRAVICE,229598.27,2420.0,27923.79,4069.72,14673.34,88640.5,1105.63,48.9359698,14.510572
535672,DOBROVICE,3131848.55,35451.43,380896.13,55513.32,200152.58,1209105.82,63467.19,50.369326,14.9623322
535681,BOROVNICE,114922.31,,13976.87,1559.19,7344.55,44367.8,120.89,48.9120577,14.519014
535699,PETŘÍKOV,340209.45,643.63,41376.36,6030.36,21742.37,131343.9,1945.78,48.846969,14.7546094
535702,DOLNÍ BOUSOV,2631511.54,30780.54,320045.03,46644.64,168176.67,1015941.82,21418.28,50.4384383,15.1276531
535711,DOLNÍ KRUPÁ,241176.72,2796.99,29331.96,4274.96,15413.31,93110.57,1420.69,50.5463175,14.8671619
535729,DOLNÍ SLIVNO,473484.85,897.0,57585.33,8392.72,30259.83,182797.24,8314.1,50.3084673,14.733144
535737,VIDOV,407093.51,606.93,49510.8,7215.9,26016.84,157165.69,1473.2,48.9268561,14.49477
535745,DOMOUSNICE,253617.41,23717.0,30845.02,4495.47,16208.37,97913.5,241.77,50.3940748,15.1027324
535753,HŮRY,461660.05,10796.04,56147.2,8183.12,29504.12,178232.07,4052.04,49.006487,14.5410833
535761,JIVNO,313726.83,2241.5,38155.52,5560.94,20049.9,121119.82,3999.51,48.9955153,14.5692211
535770,HORNÍ STUDÉNKY,295373.75,8.38,35923.42,5235.63,18876.97,114034.28,2631.34,49.952639,16.8118385
535788,DUBIČNÉ,287736.9,801.43,34994.63,5100.26,18388.91,111085.94,4052.04,48.9810697,14.5387636
535796,VRÁTO,350679.35,32568.5,42649.7,6215.93,22411.48,135385.99,5682.75,48.9879056,14.5269189
535800,LIBNÍČ,428402.78,11569.16,52102.45,7593.62,27378.69,165392.52,8419.12,49.0199167,14.5430488
535818,HORKY NAD JIZEROU,434684.72,,52866.45,7704.97,27780.16,167817.76,3841.98,50.3270624,14.8560615
535826,ADAMOV,734123.23,421.15,89284.22,13012.65,46916.91,283421.33,3261.46,49.0005117,14.5395936
535834,HORNÍ BUKOVINA,200405.8,9025.35,24373.4,3552.28,12807.69,77370.22,2001.22,50.543156,14.9261225
535842,MOKRÝ LOM,91272.71,,11100.6,1238.32,5833.13,35237.45,120.89,48.8447647,14.5153318
535851,HLAVATCE,121327.41,,14755.87,2150.59,7753.89,46840.6,,49.0674702,14.2641414
535869,HRDLOŘEZY,565127.08,23479.42,68730.89,10017.12,36116.58,218177.36,5735.27,50.4513933,14.8753972
535877,KOMAŘICE,297344.55,,36163.1,5270.55,19002.93,114795.15,1630.73,48.8784447,14.5456644
535885,HOŠTEJN,362504.14,,44087.84,6425.53,23167.2,139951.17,2473.81,49.8749964,16.7754155
535893,VITÍN,363859.06,1014.35,44252.62,6449.56,23253.78,140474.26,1788.26,49.0894825,14.5456478
535907,CHOTÝČANY,196710.54,5936.49,23923.98,3486.78,12571.53,75943.6,4947.62,49.067612,14.5210297
535915,VLKOV,54812.89,10062.27,6666.36,743.66,3503.03,21161.48,283.19,49.1133403,14.5221621
535923,CHOCNĚJOVICE,350309.81,2316.44,42604.76,6209.39,22387.88,135243.34,2158.74,50.5769059,14.9713881
535931,CHOTĚTOV,1155135.52,130898.68,140487.85,20475.26,73823.29,445960.61,14734.91,50.3374329,14.8015158
535940,MAZELOV,204593.74,31012.33,24882.74,3626.51,13075.33,78987.05,,49.1027466,14.6180206
535958,DRAHOTĚŠICE,254602.8,4670.41,30964.85,4512.94,16271.35,98293.94,2053.73,49.1243326,14.5465812
535966,JABKENICE,383567.08,20913.76,46649.51,6798.89,24513.29,148082.89,2998.92,50.3239792,15.0147975
535974,JIVINA,453653.66,53586.52,55173.45,8041.2,28992.45,175141.07,2736.36,50.5546577,14.9473002
535982,KAMENNÁ,283672.12,613.04,34500.26,5028.2,18129.14,109516.67,2631.34,48.7799117,14.6703097
535991,PIŠTÍN,529899.02,36331.44,64446.43,9392.69,33865.19,204576.94,7050.93,49.0457496,14.3349892
536008,KATUSICE,760482.7,97247.99,92490.07,13479.87,48601.52,293597.87,11263.41,50.4451017,14.7773554
536016,ZAHÁJÍ,378640.07,0.91,46050.3,6711.55,24198.43,146180.73,2106.23,49.0893044,14.3707154
536024,KLÁŠTER HRADIŠTĚ NAD JIZEROU,801007.28,8214.77,97418.68,14198.18,51191.39,309243.11,6210.78,50.5234762,14.9450096
536032,STRÝČICE,38923.31,,4733.86,528.08,2487.54,15027.04,2158.74,49.0121713,14.2657226
536041,KNĚŽMOST,2120088.77,27992.86,257845.67,37579.46,135492.26,818497.98,49837.9,50.4891734,15.0382881
536059,BŘEHOV,161975.18,1431.62,19699.46,2871.09,10351.64,62533.4,1158.14,49.0222337,14.3290283
536067,KOCHÁNKY,406847.16,45325.6,49480.83,7211.54,26001.1,157070.58,1473.2,50.2770296,14.7802312
536075,HARTMANICE,173307.27,9566.14,21077.68,3071.95,11075.85,66908.35,303.33,49.2077389,14.5650815
536083,VELENICE,182052.71,25657.54,22141.3,3226.95,11634.76,70284.69,1053.12,50.2139482,15.2261463
536091,HRABIŠÍN,790167.88,0.64,96100.39,14006.05,50498.66,305058.36,5052.63,49.9140046,17.0360593
536105,HORNÍ KNĚŽEKLADY,110611.19,47789.1,13452.56,1500.69,7069.02,42703.41,,49.1941405,14.4814048
536113,HYNČINA,227873.82,4265.25,27714.07,4039.16,14563.13,87974.74,1105.63,49.8485114,16.7931947
536121,KOSOŘICE,402289.67,985.0,48926.57,7130.75,25709.84,155311.08,895.58,50.3333791,14.9696326
536130,KOSTELNÍ HLAVNO,478535.03,901.61,58199.55,8482.24,30582.59,184746.96,3316.88,50.2574267,14.6989782
536148,JAVORNÍK,2500330.13,368508.41,304090.72,44319.39,159793.01,965296.91,49995.44,50.3919833,17.0025022
536156,BEČICE,90040.95,20310.92,10950.8,1221.61,5754.41,34761.91,5630.25,49.2153845,14.501878
536164,KRÁSNÁ VES,146085.59,9091.24,17766.97,2589.42,9336.15,56398.94,1000.61,50.4246789,14.7921327
536172,KRNSKO,530884.42,141534.12,64566.28,9410.15,33928.16,204957.37,5577.74,50.3726774,14.8629889
536181,KROPÁČOVA VRUTICE,786226.28,20718.26,95621.01,13936.19,50246.76,303536.63,10157.78,50.3305334,14.7173774
536199,DOBŠICE,99155.91,69561.02,12059.37,1345.27,6336.93,38280.9,283.19,49.2158975,14.4837832
536202,LEDCE,338854.54,2765.57,41211.57,6006.35,21655.77,130820.82,2631.34,50.355936,15.0820004
536211,LHOTKY,132659.52,7222.59,16134.08,2351.45,8478.11,51215.57,1053.12,50.3960487,15.0550229
536229,CHLUMEC,86468.88,1443.17,10516.37,1173.14,5526.12,33382.85,1368.19,48.8710287,14.3952883
536237,ZVÍKOV,76122.17,,9258.0,1032.77,4864.88,29388.31,161.18,48.8025278,14.4487617
536245,SRNÍN,278129.23,,33826.15,4929.96,17774.9,107376.74,9577.25,48.845031,14.343761
536253,BOHDALOVICE,336391.03,1870.28,40911.95,5962.67,21498.34,129869.74,1158.14,48.7427462,14.2865042
536261,LOUKOVEC,316436.68,,38485.1,5608.97,20223.08,122166.0,5472.71,50.5624653,15.0168588
536270,LUŠTĚNICE,1916110.91,28791.31,233037.84,33963.87,122456.29,739748.7,30627.97,50.3229494,14.9361771
536288,JEDLÍ,536057.76,2026.52,65195.47,9501.84,34258.79,206954.64,10472.84,49.9312145,16.7947334
536296,MALŠÍN,187472.41,979.85,22800.44,3323.03,11981.13,72377.05,201.48,48.6780219,14.2870397
536300,VĚŽOVATÁ PLÁNĚ,130935.07,0.17,15924.35,2320.88,8367.9,50549.82,1735.75,48.7761862,14.4090618
536326,MNICHOVO HRADIŠTĚ,7720488.27,1762387.61,938967.53,136848.9,493406.9,2980631.79,236134.92,50.5229864,14.9741022
536334,NĚMČICE,138695.09,,16868.12,2458.43,8863.84,53545.71,283.19,50.3467649,14.926557
536342,KRAJNÍČKO,99648.61,1749.6,12119.28,1351.96,6368.42,38471.12,303.33,49.1475406,14.0287441
536351,NEPŘEVÁZKA,311263.33,3035.22,37855.91,5517.27,19892.45,120168.74,42311.46,50.3783137,14.9163216
536369,HORNOSÍN,60971.65,,7415.39,827.22,3896.63,23539.19,201.48,49.4826932,13.8396787
536377,NOVÁ TELIB,228982.4,16717.04,27848.89,4058.8,14633.98,88402.72,303.33,50.3911695,15.0328559
536385,JESENÍK,8627549.26,238350.69,1049284.49,152926.92,551376.04,3330818.83,361966.58,50.2296385,17.2046012
536393,JESTŘEBÍ,541231.12,,65824.65,9593.55,34589.42,208951.9,3208.96,49.8521016,16.8686306
536407,OBRUBY,224424.91,3999.5,27294.6,3978.03,14342.71,86643.24,3316.88,50.4601267,15.082307
536415,MĚKYNEC,50009.07,246.54,6082.11,678.49,3196.02,19306.89,120.89,49.1582732,14.029383
536423,RADĚJOVICE,38184.26,,4643.98,518.05,2440.32,14741.71,80.59,49.1862643,14.0264399
536431,PETKOVY,259899.34,153.53,31609.02,4606.82,16609.85,100338.76,,50.4131858,15.0768179
536440,PÍSKOVÁ LHOTA,754693.47,8358.47,91785.99,13377.26,48231.52,291362.83,1945.78,50.3660612,14.8732779
536458,PLAZY,356714.91,460131.49,43383.75,6322.92,22797.2,137716.13,45205.35,50.4140353,14.9750268
536466,MAČKOV,213708.69,5272.58,25991.3,3788.08,13657.86,82506.04,303.33,49.404253,13.8860913
536474,NĚMČICE,82773.63,,10066.95,1123.01,5289.96,31956.24,161.18,49.1926916,13.8000852
536482,ZAHORČICE,51363.99,,6246.91,696.87,3282.61,19829.98,20.15,49.2086516,13.8175121
536491,PŘEDMĚŘICE NAD JIZEROU,812462.56,3554.53,98811.88,14401.25,51923.48,313665.61,21208.24,50.2558202,14.7814946
536504,VACOVICE,45697.93,23.16,5557.79,619.99,2920.49,17642.5,120.89,49.1403684,13.7809418
536512,TRUSKOVICE,166039.95,2.03,20193.82,2943.13,10611.41,64102.67,1105.63,49.1041872,14.1608771
536521,JINDŘICHOV,1028388.4,4971.74,125072.83,18228.62,65723.03,397027.63,7736.48,50.0957942,16.9849011
536539,MILEJOVICE,74644.07,4258.52,9078.23,1012.72,4770.41,28817.67,80.59,49.1880861,13.9300827
536547,PŘECHOVICE,115415.01,740.53,14036.8,1565.87,7376.04,44558.01,263.04,49.1794886,13.8948644
536555,KRTY-HRADEC,110118.48,3960.72,13392.63,1494.0,7037.54,42513.2,263.04,49.2915679,13.8479437
536563,MNICHOV,207057.25,1633.0,25182.35,3670.17,13232.78,79938.13,7263.9,49.3020793,13.8300722
536571,KAMENNÁ,386892.8,1173.5,47053.99,6857.84,24725.85,149366.84,6263.28,49.8593379,17.0310366
536580,ŘEPOV,540492.08,2633.54,65734.76,9580.45,34542.18,208666.59,31628.57,50.4023359,14.9569957
536598,TCHOŘOVICE,206318.19,562.22,25092.47,3657.08,13185.55,79652.8,221.62,49.4370243,13.8102149
536601,KOCELOVICE,149411.32,,18171.44,2648.38,9548.69,57682.9,1420.69,49.4651922,13.8283159
536610,SEMČICE,785117.7,0.16,95486.2,13916.54,50175.91,303108.65,10367.83,50.3684014,15.0067462
536628,HLUPÍN,81541.87,,9917.15,1106.3,5211.23,31480.69,181.32,49.3346883,13.8067728
536636,SKALSKO,336021.51,3807.05,40867.01,5956.13,21474.72,129727.08,4577.13,50.4271222,14.7590293
536644,NEBŘEHOVICE,140912.25,815.93,17137.78,2497.72,9005.53,54401.68,5367.7,49.2384302,13.9620147
536652,SMILOVICE,607622.47,59392.97,73899.19,10770.36,38832.41,234583.46,6630.86,50.3065251,14.9610465
536661,SOJOVICE,510930.06,11579.27,62139.43,9056.45,32652.91,197253.64,4262.07,50.2223322,14.7630974
536679,TŘEŠOVICE,63927.84,,7774.92,867.33,4085.56,24680.48,1263.16,49.2110576,13.9812824
536687,KLOPINA,496395.41,4688.0,60371.72,8798.82,31724.02,191642.27,18576.89,49.8185627,17.0193887
536695,ÚLEHLE,94352.07,,11475.12,1280.1,6029.93,36426.3,1158.14,49.2014459,13.8383623
536709,STRAŠNOV,247705.01,1442.36,30125.94,4390.67,15830.52,95630.92,1000.61,50.3515118,14.8891811
536717,STRENICE,151751.65,2549.79,18456.06,2689.87,9698.26,58586.42,1000.61,50.3925519,14.823052
536725,NĚMĚTICE,98663.2,,11999.44,1338.59,6305.44,38090.68,2683.85,49.1946344,13.8790258
536733,KOLŠOV,537782.21,189.82,65405.2,9532.42,34369.0,207620.39,3369.4,49.9030781,16.9474267
536741,VELKÁ TURNÁ,148795.45,1125.47,18096.54,2637.46,9509.34,57445.13,1578.22,49.3398925,13.9591203
536750,KVÁSKOVICE,96692.4,5511.32,11759.75,1311.85,6179.49,37329.82,49.28,49.1883996,14.0036903
536768,SUKORADY,284780.68,159824.29,34635.09,5047.86,18199.98,109944.66,10525.35,50.4262401,15.0289938
536776,SLANÍK,116154.06,4910.04,14126.68,1575.89,7423.27,44843.34,181.32,49.2682785,13.9515671
536784,STRUNKOVICE NAD VOLYŇKOU,104575.61,,12718.51,1418.81,6683.3,40373.27,263.04,49.2084924,13.8893283
536792,PŘEDNÍ ZBOROVICE,72796.45,7468.31,8853.52,987.65,4652.33,28104.36,141.03,49.218603,13.8922805
536806,KRAŠLOVICE,144114.8,747.46,17527.27,2554.49,9210.2,55638.08,8737.09,49.1665884,14.1324736
536814,KOSOV,255588.2,,31084.7,4530.41,16334.33,98674.37,1893.28,49.8831354,16.7987148
536822,LOM,102358.46,,12448.86,1388.72,6541.61,39517.29,283.19,49.410445,13.9889872
536831,LIBĚTICE,75013.6,,9123.18,1017.73,4794.03,28960.33,263.04,49.219042,13.8626534
536849,ŘEPICE,344890.12,14687.19,41945.62,6113.32,22041.5,133150.96,7894.01,49.2839428,13.9246775
536857,VELKÉ VŠELISY,341687.56,62690.2,41556.11,6056.56,21836.84,131914.57,1420.69,50.3790352,14.7450611
536865,ROVNÁ,184639.38,4630.72,22455.88,3272.81,11800.08,71283.32,2736.36,49.2863361,13.9539532
536873,ZVOTOKY,56783.7,,6906.05,770.4,3628.97,21922.35,283.19,49.2123684,13.7576507
536881,HORNÍ POŘÍČÍ,239329.1,6974.5,29107.25,4242.2,15295.23,92397.25,1578.22,49.2859554,13.7828203
536890,UZENIČKY,108763.57,,13227.85,1475.63,6950.94,41990.11,303.33,49.4883878,13.9523204
536903,CHOBOT,36582.99,,4449.23,496.33,2337.97,14123.51,,49.4624093,13.9337147
536911,POHOROVICE,80310.13,2632.0,9767.34,1089.59,5132.52,31005.15,221.62,49.1885894,14.135081
536920,ŠTĚCHOVICE,165793.59,9697.28,20163.85,2938.76,10595.66,64007.57,1525.71,49.2554938,13.7654692
536938,VŠEJANY,560200.08,62827.89,68131.67,9929.78,35801.7,216275.2,4104.54,50.2547688,14.9535038
536946,KALENICE,73165.97,,8898.47,992.66,4675.95,28247.03,40.29,49.27154,13.7166052
536954,KREJNICE,65282.77,,7939.7,885.71,4172.14,25203.57,221.62,49.2337195,13.7184801
536962,NIŠOVICE,198558.16,,24148.68,3519.52,12689.61,76656.91,21208.24,49.1552178,13.8971542
536971,ŽĎÁR,1210441.1,1936.71,147214.12,21455.58,77357.8,467312.32,5787.78,50.5437074,15.0802147
536989,ŽERČICE,317545.25,44766.54,38619.93,5628.62,20293.93,122593.99,2893.89,50.3741622,15.0359114
536997,ŽIDNĚVES,308430.3,24479.37,37511.36,5467.06,19711.4,119075.01,9157.18,50.411603,14.9947151
537004,NYMBURK,13279993.68,650161.28,1615115.83,235393.45,848708.03,5126977.72,573471.37,50.186331,15.0417306
537021,BĚRUNICE,779698.0,16097.18,94827.04,13820.48,49829.54,301016.28,4895.12,50.1857426,15.333588
537039,BOBNICE,688178.95,8560.63,83696.48,12198.26,43980.68,265683.72,5000.13,50.2195805,15.0535158
537047,BŘÍSTVÍ,279237.82,6469.08,33960.97,4949.61,17845.74,107804.72,3579.43,50.1337974,14.8414717
537055,BUDIMĚŘICE,521769.46,12465.81,63457.73,9248.58,33345.64,201438.39,5262.68,50.1953257,15.0987626
537063,BRATRONICE,69963.42,1705.0,8508.97,949.22,4471.28,27010.63,221.62,49.3652533,13.8423498
537071,LIPOVICE,174169.5,531.31,21182.53,3087.22,11130.96,67241.23,2526.32,49.1005035,13.9936993
537080,ČINĚVES,432098.04,41604.48,52551.86,7659.12,27614.85,166819.13,6420.82,50.2285266,15.2150725
537098,DLOUHOPOLSKO,174169.5,685.61,21182.53,3087.22,11130.96,67241.23,843.08,50.1752128,15.3061248
537101,DOBŠICE,199789.92,29142.93,24298.5,3541.37,12768.33,77132.45,4632.56,50.1324347,15.2686105
537110,DVORY,470775.0,81513.66,57255.76,8344.68,30086.65,181751.07,2106.23,50.2116956,14.9951313
537128,DYMOKURY,896221.59,31003.8,108998.67,15885.9,57276.42,346002.28,7788.99,50.2476259,15.204077
537136,KRATUŠÍN,47668.74,1209.23,5797.49,646.73,3046.44,18403.36,201.48,49.019933,13.9283825
537144,DVORY,83512.67,617.44,10156.83,1133.04,5337.19,32241.56,1105.63,49.0394181,13.9460658
537152,HOŘÁTEV,646422.61,9234.48,78618.06,11458.12,41312.08,249562.94,62099.01,50.1496656,15.039817
537161,HRADČANY,205702.32,8378.78,25017.57,3646.16,13146.17,79415.04,161.18,50.157982,15.2698585
537179,HRADIŠTKO,698156.12,64989.77,84909.9,12375.11,44618.29,269535.59,5000.13,50.1654913,14.9350508
537187,DRSLAVICE,86345.71,479.74,10501.38,1171.47,5518.24,33335.29,1158.14,49.0253198,13.9207641
537195,ZÁBRDÍ,64790.07,1.95,7879.78,879.02,4140.65,25013.36,120.89,49.0278556,13.9398388
537209,ŽERNOVICE,253740.57,,30859.99,4497.66,16216.25,97961.06,6105.76,49.0283642,14.0393137
537217,CHOŤÁNKY,320378.28,13160.19,38964.48,5678.84,20474.98,123687.74,19682.53,50.1381622,15.1624344
537225,CHOTĚŠICE,324689.41,30146.28,39488.81,5755.26,20750.5,125352.12,2946.4,50.2785628,15.2730575
537233,CHRÁST,397732.21,236.39,48372.28,7049.97,25418.57,153551.59,1158.14,50.1189158,14.8981297
537241,BABICE,134383.97,1112.82,16343.81,2382.01,8588.32,51881.33,,49.0247597,14.2375764
537250,JÍKEV,295743.27,17714.8,35968.36,5242.17,18900.59,114176.95,1683.24,50.2643648,15.0600158
537268,JIZBICE,281454.96,4067.01,34230.62,4988.91,17987.43,108660.7,1053.12,50.2576809,14.9938526
537276,KAMENNÉ ZBOŽÍ,363735.89,53792.33,44237.64,6447.38,23245.91,140426.71,4157.05,50.1929141,14.9994231
537284,LESNICE,507357.98,10385.6,61704.99,8993.14,32424.63,195874.58,2421.3,49.8837622,16.9412195
537292,KNĚŽICE,556751.18,17889.64,67712.21,9868.65,35581.28,214943.69,8471.63,50.2572113,15.3353585
537306,KOLAJE,67130.39,6341.66,8164.41,910.78,4290.22,25916.89,843.08,50.1583223,15.2410934
537314,KOSTELNÍ LHOTA,737448.95,,89688.71,13071.6,47129.46,284705.29,4632.56,50.1292662,15.0242015
537322,LUŽICE,40770.95,,4958.57,553.15,2605.63,15740.34,895.58,49.0316268,14.2049844
537331,KOSTOMLATY NAD LABEM,1630591.17,12124.22,198312.86,28902.91,104209.08,629518.72,13524.26,50.1844864,14.9539782
537349,KOŠÍK,322595.43,21842.09,39234.13,5718.14,20616.68,124543.7,2211.27,50.3182518,15.1340498
537357,KOUNICE,1530573.04,145431.36,186148.64,27130.05,97817.04,590904.94,6998.43,50.1091982,14.8549955
537365,OLŠOVICE,57522.75,,6995.92,780.43,3676.21,22207.68,161.18,49.0567357,14.2360296
537373,KOVANICE,721436.2,3050.74,87741.24,12787.76,46106.09,278523.28,2001.22,50.1694659,15.0707945
537381,MAHOUŠ,136601.12,,16613.46,2421.31,8730.01,52737.29,1000.61,49.0478267,14.2560327
537390,KRCHLEBY,635090.5,5139.82,77239.85,11257.25,40587.86,245187.98,4524.62,50.2391642,15.0227057
537403,KŘEČKOV,367061.62,2468.08,44642.11,6506.32,23458.46,141710.67,2368.78,50.1799608,15.114271
537411,KŘINEC,1294200.13,30994.14,157400.92,22940.24,82710.74,499648.98,17471.27,50.2659076,15.1394413
537420,CHVALOVICE,120218.83,3617.5,14621.05,1631.04,7683.04,46412.62,,49.0104378,14.2320367
537438,LIBICE NAD CIDLINOU,1104510.57,5740.73,134330.82,19577.91,70587.91,426415.95,32629.18,50.1303289,15.1804993
537446,LOUČEŇ,1295431.89,15099.58,157550.72,22962.08,82789.45,500124.52,23629.54,50.2853689,15.0204889
537454,LYSÁ NAD LABEM,8717467.04,1413662.02,1060220.31,154520.77,557122.57,3365533.19,146826.94,50.2016983,14.832757
537462,MCELY,354128.24,14762.77,43069.16,6277.08,22631.89,136717.5,7155.96,50.2944266,15.0756365
537489,MĚSTEC KRÁLOVÉ,2507843.81,14191.69,305004.53,44452.58,160273.21,968197.69,75675.78,50.2071808,15.2975813
537497,MILČICE,243024.35,4333.3,29556.68,4307.7,15531.38,93823.87,3999.51,50.1062111,14.9923535
537501,MILOVICE,12039867.38,155533.37,1464291.38,213411.7,769453.09,4648204.91,141459.24,50.2259601,14.8886322
537519,BUK,330232.28,10179.27,40162.92,5853.5,21104.73,127492.04,6735.88,49.0377415,13.8450432
537527,BOHUNICE,39785.53,,4838.72,539.78,2542.64,15359.92,1158.14,49.1323889,13.9731847
537535,ÚJEZDEC,68731.67,,8359.16,932.5,4392.56,26535.08,1578.22,49.1079011,13.9639733
537543,PĚČNOV,121450.6,,14770.84,2152.77,7761.75,46888.16,283.19,49.0531006,13.94203
537551,ODŘEPSY,239452.27,36209.8,29122.25,4244.39,15303.1,92444.81,2736.36,50.1448072,15.1889474
537560,OKŘÍNEK,163699.63,9817.73,19909.19,2901.65,10461.84,63199.15,6473.33,50.1642905,15.1923229
537578,OPOČNICE,401427.45,14196.4,48821.69,7115.47,25654.74,154978.2,2946.4,50.1724812,15.2576712
537586,OPOLANY,709118.7,17006.51,86243.18,12569.43,45318.91,273767.89,4157.05,50.1307132,15.2169967
537594,STŘÍTEŽ,118248.04,13765.5,14381.35,1604.31,7557.09,45651.76,1053.12,49.3639113,15.1265163
537608,ÚSTRAŠÍN,208904.87,23.0,25407.05,3702.93,13350.86,80651.43,8366.6,49.3826554,15.1677355
537616,OSKOŘÍNEK,412636.38,5015.66,50184.93,7314.15,26371.09,159305.62,3421.91,50.2400568,15.0839978
537624,OSTRÁ,491714.77,15034.36,59802.46,8715.85,31424.88,189835.22,5157.66,50.1805192,14.8928473
537632,PÁTEK,590747.49,7284.0,71846.84,10471.25,37753.95,228068.57,5420.21,50.1654058,15.158538
537641,PEČKY,4262472.23,102592.36,518402.83,75554.11,272409.35,1645603.2,65941.0,50.0898509,15.0291945
537659,PÍSKOVÁ LHOTA,412143.68,14528.71,50125.01,7305.42,26339.6,159115.4,4947.62,50.1313199,15.065759
537667,PÍSTY,317545.25,230536.33,38619.93,5628.62,20293.93,122593.99,948.1,50.1645448,15.0012581
537675,PŇOV-PŘEDHRADÍ,481737.58,6398.91,58589.03,8539.0,30787.25,185983.36,5262.68,50.0889534,15.1470629
537683,PODĚBRADY,12946189.31,30776.77,1574518.46,229476.64,827375.0,4998106.61,349177.47,50.1430072,15.1191453
537691,ONDŘEJOV,134999.84,,16418.71,2392.93,8627.67,52119.09,948.1,49.392701,15.1772426
537705,POŘÍČANY,1381900.76,8466.27,168067.09,24494.77,88315.57,533507.36,24577.64,50.1080638,14.9181785
537713,LEŠTINA,946107.47,1090.47,115065.81,16770.15,60464.56,365261.62,9419.72,49.8687854,16.9274822
537721,PŘEROV NAD LABEM,1070391.1,227049.34,130181.21,18973.13,68407.37,413243.52,19049.5,50.1601277,14.8245331
537730,ÚTĚCHOVIČKY,63435.15,8632.39,7714.99,860.65,4054.07,24490.27,241.77,49.4605818,15.0996683
537748,RATENICE,490113.48,10412.76,59607.71,8687.47,31322.55,189217.03,1683.24,50.0916094,15.0592553
537756,ROŽĎALOVICE,1444843.21,21637.66,175722.15,25610.44,92338.15,557807.41,16578.6,50.3034933,15.1699546
537764,SADSKÁ,2847067.86,440562.09,346261.03,50465.47,181952.6,1099161.18,64835.36,50.1361194,14.9859741
537772,SÁNY,458827.01,5949.54,55802.64,8132.91,29323.08,177138.34,2683.85,50.1245203,15.2480043
537781,SEMICE,1337311.41,55192.55,162644.12,23704.4,85465.92,516292.85,39680.12,50.1643049,14.8748605
537799,SENICE,157664.05,4057.79,19175.13,2794.66,10076.11,60869.01,1840.77,50.1842315,15.2075706
537802,SLOVEČ,424707.54,6637.79,51653.03,7528.12,27142.53,163965.9,1788.26,50.2298257,15.3268632
537811,SOKOLEČ,876636.75,1910.54,106616.76,15538.76,56024.77,338441.21,8947.13,50.0985301,15.1072624
537829,PROSEČ,63065.62,,7670.06,855.63,4030.45,24347.6,241.77,49.6007022,15.3290819
537837,STARÁ LYSÁ,617722.83,7056.04,75127.59,10949.39,39477.91,238482.89,10630.38,50.2246471,14.7991402
537845,TEPLIČKA,89425.07,447.73,10875.89,1213.25,5715.04,34524.15,263.04,50.1485906,12.8515652
537853,STRAKY,431358.99,,52461.97,7646.02,27567.62,166533.8,17789.25,50.2335787,14.9592384
537861,STRATOV,543571.44,1009.99,66109.28,9635.04,34738.97,209855.42,4314.58,50.1929486,14.9098029
537870,BŘEZOVÁ,504155.43,667.23,61315.5,8936.37,32219.95,194638.17,5000.13,50.1978784,12.8714433
537888,TATCE,555026.73,53934.14,67502.48,9838.08,35471.08,214277.94,2946.4,50.0911225,14.9772384
537896,TŘEBESTOVICE,936007.13,36719.12,113837.39,16591.12,59819.06,361362.2,13842.25,50.1245099,14.9594863
537900,ÚMYSLOVICE,259899.34,15418.23,31609.02,4606.82,16609.85,100338.76,4314.58,50.2029368,15.1764005
537918,DALOVICE,1578611.3,143043.22,191991.06,27981.55,100887.11,609450.96,37363.84,50.2477873,12.8958074
537926,JENIŠOV,808274.61,19665.03,98302.54,14327.0,51655.83,312048.79,36048.18,50.2266587,12.7998167
537934,MÍROVÁ,246350.07,317.03,29961.15,4366.66,15743.93,95107.83,6998.43,50.237177,12.7699929
537942,VESTEC,261377.43,1824.86,31788.79,4633.02,16704.31,100909.41,2683.85,50.2379869,15.1456498
537951,VLKOV POD OŠKOBRHEM,68485.33,8640.68,8329.21,929.16,4376.81,26439.97,263.04,50.1559629,15.2203623
537969,OTOVICE,710473.62,183276.35,86407.96,12593.44,45405.5,274290.97,35890.64,50.2553388,12.8716054
537977,VRBOVÁ LHOTA,476317.87,,57929.89,8442.94,30440.89,183890.98,11998.55,50.112204,15.0626967
537985,VŠECHLAPY,609839.62,31261.1,74168.83,10809.66,38974.11,235439.43,1525.71,50.2211238,15.0286505
537993,VYKÁŇ,315820.8,51400.47,38410.2,5598.06,20183.71,121928.24,1368.19,50.1198641,14.8166803
538001,ANDĚLSKÁ HORA,304858.23,2805.7,37076.93,5403.74,19483.12,117695.94,303.33,50.2044828,12.9629575
538019,ČERNAVA,241423.08,2765.95,29361.93,4279.32,15429.05,93205.68,895.58,50.2912537,12.710967
538027,SMOLNÉ PECE,192029.89,5028.34,23354.71,3403.81,12272.39,74136.55,2578.83,50.2914676,12.7653249
538035,ŽEHUŇ,403151.9,2419.33,49031.43,7146.03,25764.94,155643.96,4209.56,50.1356294,15.29057
538043,BABICE,1044154.8,14902.3,126990.34,18508.09,66730.64,403114.54,15577.99,50.0079016,14.7156746
538051,BAŠŤ,2227127.88,38507.41,270863.79,39476.78,142333.0,859822.33,12103.57,50.2049402,14.4771151
538086,BOŘANOVICE,663174.41,90597.13,80655.43,11755.04,42382.66,256030.27,28049.14,50.1785974,14.480305
538094,BRANDÝS NAD LABEM-STARÁ BOLESLAV,17222826.68,248452.02,2094644.07,305281.83,1100689.63,6649178.52,605680.47,50.1912412,14.6649786
538108,BRÁZDIM,557367.06,475.09,67787.11,9879.57,35620.64,215181.47,3526.93,50.1831332,14.5873213
538116,DĚPOLTOVICE,361641.92,8539.78,43982.97,6410.25,23112.09,139618.29,4895.12,50.2944568,12.8140968
538132,ČELÁKOVICE,10431078.19,291730.17,1268630.07,184895.24,666637.35,4027103.24,158405.42,50.1607829,14.7500022
538141,ČESTLICE,725624.16,476355.35,88250.57,12861.99,46373.75,280140.11,212137.82,50.0025144,14.5836118
538159,HÁJEK,472992.15,14761.27,57525.41,8383.99,30228.35,182607.04,2421.3,50.2831055,12.9190977
538167,DOBŘEJOVICE,948570.98,12159.36,115365.42,16813.82,60622.0,366212.69,18629.41,49.9818075,14.5782861
538183,KBELANY,119479.79,,14531.16,1621.01,7635.81,46127.29,181.32,49.7323334,13.126299
538191,DŘEVČICE,617353.3,48431.93,75082.65,10942.84,39454.29,238340.21,14262.33,50.1677519,14.62822
538221,HOROUŠANY,1392740.18,15997.44,169385.37,24686.9,89008.31,537692.11,4314.58,50.1064015,14.7405731
538230,HOVORČOVICE,2166772.11,22570.57,263523.32,38406.94,138475.73,836520.91,20155.11,50.179459,14.51716
538248,HRUSICE,666130.61,4459.49,81014.96,11807.45,42571.59,257171.58,2631.34,49.9098483,14.7380564
538256,HUSINEC,1185559.76,66422.99,144188.05,21014.54,75767.66,457706.42,83464.78,50.1737416,14.3750778
538264,JENŠTEJN,1076549.84,21534.37,130930.23,19082.3,68800.98,415621.2,15525.48,50.152475,14.6118872
538272,JIRNY,2687802.53,157000.39,326891.15,47642.43,171774.15,1037673.96,196402.3,50.1157768,14.6992298
538281,KALIŠTĚ,284534.35,3673.01,34605.13,5043.49,18184.23,109849.54,60.44,49.8826579,14.7745072
538299,KAMENICE,4261117.3,226812.11,518238.05,75530.1,272322.75,1645080.12,81203.92,49.9015074,14.5825485
538311,KLECANY,3406652.06,274804.15,414317.79,60384.34,217714.93,1315198.62,150829.38,50.1756713,14.4117052
538329,KLÍČANY,465478.47,,56611.59,8250.81,29748.16,179706.24,23944.59,50.20188,14.4342122
538337,KRÁSNO,625236.51,46767.03,76041.4,11082.58,39958.09,241383.67,16103.1,50.1091787,12.7863069
538345,KOJETICE,728334.0,20438.6,88580.15,12910.03,46546.93,281186.29,5892.8,50.2380248,14.5039787
538370,KOSTELEC U KŘÍŽKŮ,647900.71,18512.07,78797.83,11484.3,41406.54,250133.59,4052.04,49.90702,14.5572275
538396,ŠABINA,306459.5,10706.16,37271.68,5432.12,19585.45,118314.14,948.1,50.1361754,12.5823632
538418,KŘÍŽKOVÝ ÚJEZDEC,236865.6,1837.5,28807.65,4198.55,15137.79,91446.18,948.1,49.9307788,14.5853621
538426,KUNICE,1590928.81,113082.85,193489.12,28199.88,101674.3,614206.36,50625.55,49.9365623,14.6712417
538434,SVATAVA,1252197.44,18758.85,152292.53,22195.73,80026.39,483433.1,36996.27,50.192255,12.6250425
538442,LÍBEZNICE,3713850.61,77446.44,451679.35,65829.56,237347.62,1433798.07,37521.38,50.1921305,14.4938986
538451,LOUŇOVICE,894373.96,17659.07,108773.96,15853.15,57158.34,345288.97,3999.51,49.9822632,14.7617424
538469,MÁSLOVICE,295373.75,70.19,35923.42,5235.63,18876.97,114034.28,4632.56,50.2087358,14.378817
538477,MĚŠICE,1547448.02,29543.95,188200.98,27429.17,98895.5,597419.83,43049.51,50.1977577,14.5197816
538485,MIROŠOVICE,1144172.94,68004.05,139154.57,20280.94,73122.69,441728.31,11578.48,49.9098462,14.7111997
538493,MNICHOVICE,3718161.74,140067.52,452203.66,65905.98,237623.13,1435462.46,39732.62,49.9360307,14.7096851
538507,MOCHOV,1268702.9,122545.85,154299.94,22488.3,81081.24,489805.32,37363.84,50.141823,14.7949593
538515,MRATÍN,1026540.77,55917.26,124848.12,18195.87,65604.96,396314.32,6158.27,50.2030721,14.5511482
538523,MUKAŘOV,2765402.8,41605.84,336328.91,49017.92,176733.49,1067632.94,40733.24,49.9910675,14.7421272
538540,NEHVIZDY,4135848.29,99199.81,503002.8,73309.65,264316.97,1596717.78,107727.35,50.1306367,14.7299126
538558,NOVÁ VES,1089606.4,37204.1,132518.17,19313.73,69635.39,420661.92,7050.93,50.2193552,14.5356738
538566,NOVÝ VESTEC,351787.91,18825.32,42784.52,6235.58,22482.34,135813.98,1683.24,50.1837588,14.7202938
538574,ODOLENA VODA,5585741.68,243599.76,679339.17,99009.61,356977.87,2156474.91,153775.79,50.2334117,14.4107808
538582,ONDŘEJOV,1412571.35,9931.35,171797.24,25038.42,90275.69,545348.29,26103.35,49.9045659,14.7831213
538591,DOLNÍ RYCHNOV,944383.03,32465.66,114856.08,16739.58,60354.36,364595.86,66679.06,50.1647703,12.6450804
538604,PANENSKÉ BŘEŽANY,517951.04,7445.73,62993.32,9180.89,33101.62,199964.21,9524.75,50.2136597,14.4405574
538612,PETŘÍKOV,491837.93,63499.38,59817.44,8718.03,31432.76,189882.78,8314.1,49.9251976,14.6169598
538621,PODOLANKA,420396.41,1581.62,51128.7,7451.7,26867.02,162301.51,2316.28,50.1591163,14.6009261
538639,POLERADY,558968.33,142838.0,67981.85,9907.95,35722.98,215799.66,3369.4,50.2005089,14.5932645
538647,POSTŘIŽÍN,1376850.59,21650.38,167452.87,24405.25,87992.82,531557.66,41363.35,50.2330353,14.3864736
538655,PŘEDBOJ,1021121.07,78316.66,124188.98,18099.8,65258.59,394221.96,8471.63,50.2253892,14.4767266
538663,TATROVICE,157294.52,1911.25,19130.2,2788.11,10052.49,60726.35,948.1,50.2768075,12.6974474
538671,PŘEZLETICE,1673086.55,47391.92,203481.16,29656.15,106924.91,645924.82,5577.74,50.155492,14.5758731
538680,PYŠELY,1956265.98,73928.1,237921.51,34675.63,125022.55,755251.26,20683.14,49.8767807,14.6770252
538698,RADĚJOVICE,388740.43,1695.48,47278.7,6890.59,24843.93,150080.15,4419.6,49.9472248,14.564771
538701,RADONICE,974314.56,21927.43,118496.36,17270.13,62267.24,376151.47,52626.76,50.1430605,14.6102607
538710,ŘEHENICE,428649.13,9901.48,52132.4,7597.98,27394.44,165487.62,2526.32,49.869746,14.6502253
538728,ŘÍČANY,14536132.73,548751.68,1767887.73,257659.05,928986.33,5611932.54,633362.04,49.9919444,14.6542365
538744,BŘEZNICE,1144542.46,4809.01,139199.51,20287.49,73146.3,441870.97,12631.6,49.1864313,17.6627735
538752,SENOHRABY,1095641.98,3917.05,133252.22,19420.72,70021.12,422992.06,15630.49,49.8954008,14.7180927
538761,SIBŘINA,882672.33,115.86,107350.8,15645.74,56410.5,340771.36,16155.6,50.056644,14.669406
538779,SLUHY,610455.5,7396.74,74243.73,10820.58,39013.46,235677.2,3208.96,50.1924353,14.5576742
538787,SLUŠTICE,527189.17,86167.04,64116.86,9344.65,33692.01,203530.75,4895.12,50.0391038,14.6854619
538795,KRÁSNÁ,546158.12,40222.94,66423.88,9680.87,34904.28,210854.05,16208.11,50.2347736,12.167996
538809,STRANČICE,2401666.92,267655.62,292091.28,42570.54,153487.57,927206.23,105306.05,49.9483814,14.6773911
538817,PODHRADÍ,174169.5,5768.99,21182.53,3087.22,11130.96,67241.23,1000.61,50.2553464,12.2017361
538825,STRUHAŘOV,793000.9,665.43,96444.95,14056.27,50679.71,306152.1,5840.28,49.9519235,14.7444342
538833,SULICE,2235257.43,277928.61,271852.51,39620.88,142852.55,862960.88,24420.11,49.9256239,14.5566323
538841,SVĚTICE,1308242.09,67671.79,159108.69,23189.14,83608.14,505070.13,15577.99,49.9700763,14.6658044
538850,SVOJETICE,953744.33,40821.61,115994.59,16905.52,60952.62,368209.96,8104.05,49.9713765,14.7386642
538868,POMEZÍ NAD OHŘÍ,292540.71,46875.44,35578.87,5185.41,18695.92,112940.55,6105.76,50.0857536,12.2843846
538876,ŠESTAJOVICE,3394211.38,25875.95,412804.75,60163.82,216919.87,1310395.66,48522.24,50.1084529,14.6801318
538884,ŠKVOREC,1883346.35,24480.82,229053.01,33383.1,120362.34,727099.35,23524.52,50.0468694,14.7304123
538892,TEHOV,937608.4,9396.52,114032.14,16619.5,59921.4,361980.4,9682.28,49.9715171,14.6937906
538906,MILÍKOV,290446.74,2403.52,35324.2,5148.29,18562.09,112132.13,1105.63,50.0557733,12.5475995
538914,LÁZNĚ TOUŠEŇ,1180386.4,34403.94,143558.86,20922.85,75437.04,455709.16,42416.47,50.1692678,14.7160053
538922,OKROUHLÁ,230830.02,1955.91,28073.6,4091.56,14752.06,89116.03,3156.43,50.0623743,12.487743
538957,ÚVALY,6344007.22,214552.75,771559.59,112450.18,405437.69,2449216.81,93937.62,50.0740135,14.7305192
538965,VELEŇ,1708191.44,68451.98,207750.62,30278.41,109168.41,659477.69,13734.3,50.1731715,14.5538986
538973,VELIKÁ VES,290693.09,18278.36,35354.16,5152.65,18577.85,112227.25,3051.42,50.2436149,14.4550778
538981,VELKÉ POPOVICE,2883404.5,214793.22,350680.31,51109.56,184274.82,1113189.59,48732.27,49.9224718,14.6390582
538990,VĚTRUŠICE,487649.99,9467.0,59308.1,8643.8,31165.11,188265.95,2263.77,50.1910165,14.3832815
539015,VODOCHODY,579538.56,7569.0,70483.61,10272.56,37037.6,223741.18,5525.23,50.2069316,14.3977971
539023,TŘEBEŇ,427663.73,52976.21,52012.57,7580.53,27331.46,165107.18,5577.74,50.128537,12.399605
539031,VŠESTARY,731659.72,100061.18,88984.61,12968.98,46759.47,282470.25,6945.92,49.958606,14.6852633
539040,VYŠEHOŘOVICE,511422.76,24451.72,62199.35,9065.18,32684.41,197443.85,8104.05,50.1177792,14.7736926
539058,ZDIBY,3070753.72,193146.97,373465.76,54430.39,196248.09,1185519.09,71151.16,50.1679384,14.4515432
539066,ZELENEČ,2798290.54,66700.8,340328.72,49600.87,178835.3,1080329.83,44365.19,50.133619,14.660698
539074,VOJTANOV,214078.22,23454.38,26036.24,3794.63,13681.48,82648.71,2841.38,50.168417,12.3168787
539082,ZLONÍN,971851.05,,118196.75,17226.47,62109.8,375200.39,3736.97,50.2165515,14.5087598
539091,ZVÁNOVICE,442198.4,,53780.26,7838.15,28260.36,170718.55,2893.89,49.9323914,14.7784186
539104,BOJANOVICE,380980.4,2504.12,46334.92,6753.04,24347.98,147084.26,1735.75,49.8546625,14.3520821
539112,STARÁ VODA,605651.66,26893.85,73659.49,10735.43,38706.45,233822.6,11050.45,49.9917765,12.5951136
539121,ČERNOLICE,409187.48,10039.07,49765.47,7253.02,26150.67,157974.11,4262.07,49.9098335,14.2993854
539139,ČERNOŠICE,6453017.13,284826.21,784817.39,114382.43,412404.37,2491302.03,68047.23,49.9569988,14.3193081
539147,ČÍČOVICE,244871.98,6230.39,29781.38,4340.46,15649.46,94537.19,2736.36,50.1569771,14.2493162
539155,ČISOVICE,974191.38,12188.1,118481.37,17267.95,62259.37,376103.91,3736.97,49.8633475,14.3143596
539163,DAVLE,1761156.7,21478.58,214192.28,31217.24,112553.35,679925.87,23734.56,49.8921766,14.4003714
539171,DOBROVÍZ,454146.37,2380616.26,55233.38,8049.94,29023.93,175331.28,320918.3,50.1130584,14.2177331
539180,DOBŘÍČ,336637.38,4581.73,40941.91,5967.04,21514.08,129964.85,3051.42,50.0197961,14.2588505
539198,DOBŘICHOVICE,3338413.09,136187.6,406018.55,59174.78,213353.86,1288853.74,50257.98,49.9275312,14.2743416
539201,DOLANY NAD VLTAVOU,733876.88,5957.66,89254.28,13008.28,46901.16,283326.22,2001.22,50.222037,14.3495201
539210,DOLNÍ BŘEŽANY,4007007.2,212337.51,487333.12,71025.88,256082.89,1546976.39,102884.76,49.9633609,14.4581344
539228,HOLUBICE,1564692.52,24923.4,190298.26,27734.84,99997.57,604077.38,5262.68,50.2025083,14.2929588
539236,HOROMĚŘICE,4420752.16,107428.61,537652.87,78359.69,282524.82,1706709.99,50152.97,50.1317791,14.3387291
539244,HOSTIVICE,7558266.75,119633.08,919238.11,133973.44,483039.52,2918003.29,212662.92,50.0815167,14.2585743
539252,HRADIŠTKO,2145093.31,29725.46,260886.73,38022.67,137090.27,828151.42,28787.2,49.868874,14.4091249
539261,HVOZDNICE,452298.75,7139.85,55008.67,8017.18,28905.86,174617.97,3736.97,49.8722544,14.3709149
539279,VELKÁ HLEĎSEBE,1900098.15,15514.16,231090.36,33680.04,121432.93,733566.69,28101.64,49.9615242,12.6675691
539287,CHOTEČ,270985.09,434.09,32957.27,4803.32,17318.32,104618.61,2841.38,49.986553,14.2829146
539295,CHRÁŠŤANY,905213.37,414577.9,110092.25,16045.29,57851.07,349473.72,101359.05,50.0445127,14.2586783
539309,CHÝNĚ,4089288.13,55506.38,497340.14,72484.35,261341.37,1578742.4,40047.69,50.0606462,14.2272998
539317,JENEČ,1033069.05,102210.29,125642.09,18311.58,66022.18,398834.69,110726.26,50.0871796,14.2153952
539325,JESENICE,8804674.97,338936.57,1070826.55,156066.55,562695.93,3399201.35,197245.37,49.9687565,14.5158132
539333,JÍLOVÉ U PRAHY,4553165.32,1359989.82,553756.99,80706.76,290987.19,1757830.45,76623.88,49.8952972,14.4933502
539341,JÍLOVIŠTĚ,564880.74,85061.68,68700.92,10012.74,36100.82,218082.25,21788.77,49.9275221,14.3427364
539350,JINOČANY,1911307.08,5954.12,232453.59,33878.72,122149.29,737894.08,51783.69,50.0328427,14.2685364
539368,KAMENNÝ PŘÍVOZ,1184697.53,29508.99,144083.18,20999.26,75712.56,457373.55,10000.26,49.8628658,14.5032485
539376,VLKOVICE,105314.65,346.88,12808.39,1428.83,6730.54,40658.6,948.1,49.9488156,12.7390076
539384,KNĚŽEVES,483092.5,695719.81,58753.81,8563.02,30873.86,186506.45,67361.68,50.1200804,14.2604324
539392,KOSOŘ,665884.26,127.0,80984.99,11803.08,42555.83,257076.46,12208.6,49.9869962,14.3269237
539406,LETY,1286932.81,291408.72,156517.05,22811.42,82246.29,496843.3,31838.61,49.9214174,14.2555128
539414,LIBČICE NAD VLTAVOU,2946100.58,16931.52,358305.42,52220.87,188281.65,1137394.53,31523.56,50.1988879,14.3624086
539422,LIBEŘ,1207854.43,25372.38,146899.54,21409.73,77192.49,466313.68,7316.41,49.9240736,14.4805025
539431,ZÁDUB-ZÁVIŠÍN,356345.38,35695.28,43338.81,6316.38,22773.59,137573.47,1630.73,49.9712421,12.7432907
539457,LÍŠNICE,698156.12,13007.53,84909.9,12375.11,44618.29,269535.59,8524.13,49.8891523,14.3184732
539473,OVESNÉ KLADRUBY,164438.68,1481.15,19999.07,2914.74,10509.08,63484.47,1053.12,49.953,12.7790915
539481,VALY,341810.73,253.99,41571.1,6058.74,21844.7,131962.12,3526.93,49.9767945,12.6547894
539490,MĚCHENICE,602449.11,46724.11,73270.0,10678.66,38501.79,232586.2,3789.48,49.9081696,14.3892687
539503,OHROBEC,1175705.75,33823.29,142989.59,20839.87,75137.9,453902.12,6105.76,49.9418139,14.4315973
539511,OKROUHLO,604050.39,6888.9,73464.75,10707.04,38604.11,233204.4,4947.62,49.9188387,14.4471761
539520,OŘECH,769597.64,11695.18,93598.64,13641.44,49184.04,297116.86,11788.52,50.0215669,14.2967853
539538,PRAMENY,124037.26,866.92,15085.45,2198.6,7927.07,47886.79,241.77,50.0500726,12.7327934
539546,PETROV,623758.4,18081.25,75861.64,11056.38,39863.63,240813.03,2736.36,49.8863943,14.4337325
539554,ODRAVA,215186.8,22187.44,26171.07,3814.28,13752.32,83076.69,43207.05,50.1030573,12.4841325
539562,POHOŘÍ,347846.31,31523.51,42305.15,6165.72,22230.43,134292.25,1945.78,49.8999172,14.5250183
539571,PRŮHONICE,2562163.99,40520.66,311610.96,45415.43,163744.74,989168.97,85886.08,50.0017798,14.5606434
539597,PSÁRY,3463066.22,42391.82,421178.89,61384.29,221320.3,1336978.3,61203.42,49.9362167,14.5127608
539619,TUŘANY,123175.04,,14980.57,2183.33,7871.97,47553.91,2421.3,50.0840075,12.5219849
539627,ROZTOKY,7544471.15,72880.17,917560.27,133728.91,482157.86,2912677.25,114988.33,50.1608299,14.3824148
539643,ŘEVNICE,3325356.53,58985.79,404430.61,58943.34,212519.43,1283813.02,50943.53,49.914333,14.2361169
539651,ŘITKA,993283.52,6938.97,120803.36,17606.37,63479.53,383474.76,7578.96,49.8945142,14.2992337
539660,SLAPY,879346.6,20477.07,106946.34,15586.79,56197.96,339487.4,19314.96,49.8153083,14.3961185
539686,STATENICE,1067434.89,171406.17,129821.68,18920.74,68218.46,412102.22,13156.69,50.1425734,14.3185339
539708,STŘEDOKLUKY,1177060.67,135329.86,143154.38,20863.9,75224.5,454425.2,17366.25,50.1321835,14.2341922
539716,MĚCHOLUPY,201637.54,84.17,24523.21,3574.11,12886.4,77845.76,895.58,49.5198118,13.5331949
539732,ŠTĚCHOVICE,1822497.88,4240.42,221652.6,32304.54,116473.6,703607.71,25365.29,49.8509836,14.4054517
539741,ŠTĚNOVICKÝ BOREK,446016.81,18378.1,54244.67,7905.83,28504.38,172192.73,3999.51,49.6496631,13.4267662
539759,TŘEBOTOV,1333369.8,30024.71,162164.74,23634.54,85214.02,514771.12,10000.26,49.9720068,14.2900406
539767,TUCHOMĚŘICE,1322160.87,81107.18,160801.5,23435.85,84497.68,510443.72,89833.09,50.1355328,14.2825414
539775,TURSKO,695323.09,245879.59,84565.35,12324.89,44437.25,268441.84,6840.9,50.1914245,14.3226155
539783,OPLOT,279853.68,2404.59,34035.87,4960.52,17885.11,108042.48,2316.28,49.5798512,13.2742262
539805,ÚNĚTICE,759497.28,63046.3,92370.23,13462.41,48538.53,293217.44,9367.21,50.1501905,14.3541116
539813,VELKÉ PŘÍLEPY,3010767.48,6685.27,366170.22,53367.11,192414.45,1162360.33,29735.29,50.1606031,14.314113
539821,HORNÍ LUKAVICE,368416.55,6095.37,44806.9,6530.34,23545.04,142233.75,4737.58,49.6117127,13.3270064
539830,VONOKLASY,397609.03,23603.51,48357.3,7047.79,25410.7,153504.04,2736.36,49.9502859,14.2766837
539848,VRANÉ NAD VLTAVOU,2384299.23,14505.0,289979.02,42262.7,152377.63,920501.12,18681.93,49.9363033,14.3770237
539856,VŠENORY,1459131.51,12451.6,177459.9,25863.72,93251.29,563323.68,24525.12,49.9280821,14.3035091
539872,ZBUZANY,1037626.53,26912.02,126196.37,18392.37,66313.44,400594.17,16050.58,50.0245351,14.2866179
539881,ZLATNÍKY-HODKOVICE,1079136.52,139768.18,131244.83,19128.14,68966.28,416619.85,18891.96,49.964244,14.4838269
539902,ZVOLE,1558410.6,9257.98,189534.25,27623.48,99596.1,601652.12,11155.48,49.9347543,14.4174616
539911,PŘÍBRAM,28465997.9,776956.26,3462041.08,504571.75,1819226.85,10989804.72,1014220.59,49.6901444,14.0103663
539929,TÝNIŠTĚ,59370.38,,7220.63,805.49,3794.29,22920.98,201.48,49.5210852,13.4175955
539937,SKAŠOV,174292.69,27073.01,21197.51,3089.4,11138.83,67288.79,283.19,49.5104578,13.4313907
539945,DOLCE,223439.52,6827.09,27174.77,3960.56,14279.74,86262.8,948.1,49.5525245,13.3930754
539953,BOHUTÍN,1620121.28,16085.36,197039.51,28717.33,103539.96,625476.63,9629.76,49.6555138,13.943888
539961,LIBINA,2709604.51,5831.0,329542.71,48028.87,173167.48,1046091.01,30207.88,49.8767927,17.0826615
539970,BOROTICE,393421.08,107229.51,47847.96,6973.56,25143.06,151887.2,5000.13,49.7349674,14.2797023
539988,BRATKOVICE,229228.75,47.0,27878.85,4063.18,14649.72,88497.84,1315.66,49.7404108,13.9993031
540005,LIPINKA,136724.29,946.5,16628.44,2423.49,8737.88,52784.84,948.1,49.8377773,17.0499489
540013,BŘEZNICE,2998203.62,93161.3,364642.21,53144.42,191611.5,1157509.84,56941.35,49.5573532,13.950849
540021,BUKOVÁ U PŘÍBRAMĚ,344027.89,38.0,41840.75,6098.04,21986.39,132818.09,1053.12,49.755022,14.0668262
540030,LIPOVÁ-LÁZNĚ,1818186.75,64053.88,221128.28,32228.12,116198.08,701943.33,37996.88,50.2277696,17.1404453
540048,BUŠ,255218.69,51751.4,31039.75,4523.86,16310.71,98531.71,1788.26,49.8031656,14.3836446
540056,STŘELICE,120218.83,11567.44,14621.05,1631.04,7683.04,46412.62,1053.12,49.630638,13.1350826
540064,LISOV,110488.02,,13437.58,1499.02,7061.16,42655.86,1263.16,49.6385276,13.1008556
540072,ČENKOV,328138.31,137.0,39908.25,5816.39,20970.92,126683.63,46468.51,49.7776972,14.0007531
540081,ČÍM,286381.97,35450.07,34829.84,5076.24,18302.32,110562.85,5472.71,49.7789447,14.3783436
540099,DALEKÉ DUŠNÍKY,323704.0,20582.32,39368.95,5737.79,20687.52,124971.68,1788.26,49.7275217,14.1865392
540102,NEZDŘEV,82527.27,2520.0,10036.98,1119.67,5274.22,31861.13,843.08,49.4265695,13.7280578
540111,DOBŘÍŠ,8245952.99,300792.79,1002874.66,146162.97,526988.69,3183496.79,267605.97,49.7813749,14.1704372
540129,DOLNÍ HBITY,875035.48,16486.74,106422.01,15510.37,55922.45,337823.01,5000.13,49.6572277,14.170248
540137,ŽIVOTICE,58508.15,3897.0,7115.78,793.79,3739.18,22588.1,161.18,49.4664777,13.6851945
540145,DRAHLÍN,432713.91,924.0,52626.76,7670.04,27654.22,167056.9,1788.26,49.7322336,13.9694318
540153,DRÁSOV,321856.37,8953.74,39144.24,5705.04,20569.44,124258.38,19787.54,49.7026533,14.1182829
540161,LÍŠNICE,330848.15,4661.0,40237.82,5864.42,21144.1,127729.81,1945.78,49.7559483,16.8761782
540170,DREVNÍKY,291801.67,11734.94,35488.99,5172.31,18648.69,112655.21,241.77,49.7201546,14.2740263
540188,DRHOVY,244871.98,23931.77,29781.38,4340.46,15649.46,94537.19,1525.71,49.7392521,14.2320701
540196,LOŠTICE,2460051.89,11740.94,299192.07,43605.46,157218.88,949746.78,81256.43,49.7449432,16.9281353
540200,KOZLOVICE,83389.49,0.45,10141.85,1131.36,5329.32,32194.0,303.33,49.4649899,13.5828274
540218,DUBLOVICE,916545.47,27112.33,111470.47,16246.15,58575.29,353848.68,8684.58,49.6709989,14.3640927
540226,LOUČNÁ NAD DESNOU,1597210.73,90928.67,194253.14,28311.23,102075.77,616631.6,27839.09,50.0716024,17.0904492
540234,LUKAVICE,681404.31,643.02,82872.54,12078.18,43547.71,263068.26,18839.45,49.8229045,16.920398
540242,HLUBOŠ,556135.3,,67637.31,9857.73,35541.92,214705.92,6945.92,49.7463803,14.0197707
540251,DRAHKOV,107531.81,1770.5,13078.05,1458.92,6872.23,41514.57,2578.83,49.5570495,13.4723058
540269,NOVÁ VES,219867.45,161.5,26740.33,3897.25,14051.45,84883.74,1263.16,49.6859569,13.2926795
540285,HŘIMĚŽDICE,292171.19,8315.21,35533.93,5178.86,18672.31,112797.89,2001.22,49.6868514,14.2749097
540293,OTĚŠICE,123914.09,715.56,15070.45,2196.42,7919.2,47839.24,283.19,49.5440274,13.2202432
540307,CHLUMY,86592.05,0.1,10531.34,1174.81,5533.99,33430.4,1525.71,49.4377517,13.6386069
540315,HVOŽĎANY,877991.69,8894.12,106781.54,15562.78,56111.36,338964.3,6420.82,49.5284064,13.8055896
540323,CHOTILSKO,538398.09,180631.49,65480.11,9543.33,34408.36,207858.16,7578.96,49.7695577,14.3525058
540331,MALÁ MORAVA,598507.52,613.24,72790.61,10608.8,38249.88,231064.47,4842.59,50.0965365,16.8273811
540340,NEBÍLOVY,280469.57,,34110.77,4971.43,17924.46,108280.27,3631.94,49.63009,13.4291377
540358,CHRAŠTICE,402782.38,2973.62,48986.48,7139.49,25741.33,155501.3,6578.35,49.5772729,14.0721076
540366,MALETÍN,426678.33,,51892.71,7563.05,27268.49,164726.76,5105.15,49.7984475,16.7827947
540374,JABLONNÁ,316436.68,7808.52,38485.1,5608.97,20223.08,122166.0,2841.38,49.6610399,14.1384414
540382,MIKULOVICE,2119349.73,618317.7,257755.8,37566.37,135445.02,818212.64,35943.15,50.2986064,17.3217014
540391,JESENICE,547389.87,22024.41,66573.69,9702.72,34983.01,211329.59,9104.67,49.6077446,14.4781253
540404,JINCE,2165047.66,26350.25,263313.58,38376.38,138365.52,835855.16,65625.93,49.7862374,13.9786735
540412,PŘEDENICE,196217.84,505.5,23864.07,3478.05,12540.05,75753.39,895.58,49.6243859,13.3965601
540421,RADKOVICE,91519.05,3862.56,11130.57,1241.67,5848.87,35332.55,1053.12,49.5478159,13.3679526
540439,KAMÝK NAD VLTAVOU,866043.7,7906.08,105328.43,15350.98,55347.79,334351.57,19157.42,49.6389511,14.2532194
540447,KLUČENICE,515487.54,111607.48,62693.71,9137.23,32944.18,199013.13,5105.15,49.5531278,14.2120254
540463,BOLKOV,45944.29,,5587.76,623.33,2936.25,17737.61,120.89,49.5335645,13.2238651
540471,MOHELNICE,8227476.75,116053.63,1000627.57,145835.48,525807.9,3176363.71,442852.54,49.7769472,16.9196183
540480,MORAVIČANY,1050436.73,12658.3,127754.35,18619.44,67132.12,405539.78,19997.59,49.7569362,16.9604209
540498,KOSOVA HORA,1171025.11,47101.47,142420.34,20756.91,74838.77,452095.06,12208.6,49.6538492,14.4723643
540501,NOVÝ MALÍN,3138253.64,30013.19,381675.11,55626.87,200561.93,1211578.64,24312.16,49.9428867,17.0321084
540510,OLŠANY,792015.5,653.33,96325.1,14038.81,50616.73,305771.67,48312.2,49.9650883,16.8589408
540528,ÚNĚTICE,131304.59,,15969.29,2327.43,8391.52,50692.47,120.89,49.5843543,13.4697129
540536,KOZÁROVICE,332572.6,23161.0,40447.56,5894.99,21254.31,128395.57,4895.12,49.5555215,14.1064819
540544,OSKAVA,1244437.42,140984.23,151348.76,22058.18,79530.46,480437.2,12841.63,49.8952316,17.1321432
540552,KRÁSNÁ HORA NAD VLTAVOU,1044893.85,54573.11,127080.22,18521.18,66777.88,403399.86,20630.62,49.6046057,14.2774188
540561,LETKOV,642481.0,10237.02,78138.69,11388.25,41060.17,248041.22,16208.11,49.7299002,13.4621231
540579,KŘEPENICE,176879.36,576.04,21512.11,3135.26,11304.14,68287.42,2001.22,49.7028939,14.3475603
540587,KŘEŠÍN,127855.69,4153.5,15549.84,2266.3,8171.1,49360.96,843.08,49.7992451,13.9483253
540595,PALONÍN,258913.93,19174.12,31489.17,4589.36,16546.88,99958.33,1840.77,49.729131,16.9527081
540609,PAVLOV,595058.62,2182.21,72371.16,10547.67,38029.46,229732.96,2368.78,49.7427915,16.879246
540617,LÍŠINA,137586.52,2224.57,16733.3,2438.77,8792.98,53117.72,181.32,49.6035248,13.1645487
540625,LÁZ,478165.5,248.3,58154.59,8475.68,30558.97,184604.3,1473.2,49.6520193,13.9166058
540633,KOTOVICE,245734.21,20989.5,29886.25,4355.74,15704.57,94870.07,263.04,49.6720037,13.1544751
540641,MOKROUŠE,235387.49,3181.75,28627.89,4172.34,15043.33,90875.53,1735.75,49.7150512,13.5245486
540650,PÍSAŘOV,650241.03,7194.84,79082.46,11525.8,41556.1,251037.11,3421.91,50.0049678,16.8015028
540668,HONEZOVICE,271354.61,31923.07,33002.21,4809.88,17341.93,104761.27,1210.65,49.6382074,13.0625536
540676,SRBY,137709.7,2374.16,16748.29,2440.96,8800.86,53165.27,1000.61,49.5189774,13.6034735
540684,PÍSEČNÁ,821577.5,25082.4,99920.44,14562.81,52506.01,317184.61,10420.33,50.2733866,17.2536709
540692,SEDLIŠTĚ,119602.96,1235.04,14546.14,1622.69,7643.68,46174.85,1420.69,49.527472,13.632233
540706,VLČTEJN,86099.36,5023.09,10471.42,1168.13,5502.5,33240.19,303.33,49.6146149,13.4956563
540714,MALÁ HRAŠTICE,898685.08,11783.31,109298.28,15929.57,57433.85,346953.36,6000.73,49.8075038,14.2798727
540722,SMĚDČICE,226272.54,1865.5,27519.31,4010.77,14460.8,87356.54,40.29,49.7989232,13.5124991
540731,POLICE,177987.93,,21646.94,3154.91,11374.99,68715.4,1420.69,49.8146799,16.9962338
540749,MILEŠOV,294141.99,16455.97,35773.61,5213.78,18798.25,113558.75,6210.78,49.589306,14.2211249
540757,MILÍN,1969938.4,216797.81,239584.35,34917.99,125896.34,760529.75,31471.05,49.6321628,14.0461362
540765,MNÍŠEK POD BRDY,5601631.25,166136.09,681271.66,99291.25,357993.35,2162609.37,104042.9,49.8664138,14.2609488
540773,POSTŘELMOV,2410781.87,103377.8,293199.83,42732.12,154070.1,930725.21,44995.31,49.9074565,16.9118357
540781,MOKROVRATY,665761.08,2862.19,80970.01,11800.9,42547.97,257028.9,6210.78,49.797235,14.2553938
540790,NALŽOVICE,644698.16,37703.55,78408.33,11427.54,41201.87,248897.19,8684.58,49.6985855,14.3707468
540803,CHLUM,55921.47,2409.0,6801.17,758.7,3573.87,21589.47,843.08,49.9356816,13.6596803
540811,NEČÍN,834141.37,22408.0,101448.46,14785.51,53308.95,322035.11,8524.13,49.6984409,14.2340341
540820,NEDRAHOVICE,394899.17,3862.61,48027.72,6999.76,25237.52,152457.85,4737.58,49.6090978,14.455735
540846,NECHVALICE,652088.66,161794.06,79307.17,11558.55,41674.18,251750.42,4052.04,49.576544,14.3965616
540854,RÁJEC,450697.47,369.49,54813.93,7988.79,28803.51,173999.77,2473.81,49.8564796,16.9029626
540862,RAPOTÍN,2352150.55,,286069.08,41692.86,150323.04,908089.55,44417.7,50.000762,17.0190305
540871,ROHLE,567344.23,21549.0,69000.54,10056.42,36258.27,219033.33,5577.74,49.8599135,17.0153148
540889,NOVÁ VES POD PLEŠÍ,1253059.67,56472.43,152397.4,22211.01,80081.5,483765.97,22733.95,49.8317606,14.2752295
540897,NOVÉ DVORY,218882.04,7256.09,26620.49,3879.77,13988.48,84503.3,1840.77,49.8032237,14.356915
540901,NOVÝ KNÍN,1915741.38,211758.23,232992.9,33957.33,122432.67,739606.03,21418.28,49.7871435,14.2907781
540919,ROVENSKO,670934.44,1139.54,81599.2,11892.59,42878.59,259026.17,6420.82,49.9076874,16.8762422
540927,ČILÁ,20077.53,,2035.63,272.4,957.67,7751.28,120.89,49.9616597,13.7420568
540935,OBECNICE,1277201.99,7100.02,155333.59,22638.94,81624.4,493086.54,10000.26,49.7161387,13.9470823
540943,OBORY,237727.82,8221.47,28912.51,4213.83,15192.9,91779.06,1945.78,49.6803988,14.216368
540951,OBOŘIŠTĚ,566112.48,3417.47,68850.73,10034.58,36179.55,218557.78,8632.07,49.7422468,14.1518524
540960,OHRAZENICE,233539.87,,28403.18,4139.59,14925.24,90162.22,895.58,49.7869542,13.9595092
540978,RUDA NAD MORAVOU,2218751.97,3443.96,269845.12,39328.31,141797.7,856588.65,28839.71,49.9809972,16.8778195
540986,SOBOTÍN,920240.72,6222.68,111919.88,16311.65,58811.45,355275.29,12313.61,50.0117002,17.090751
541001,HRADIŠTĚ,42988.09,2860.5,5228.23,583.23,2747.32,16596.31,141.03,49.9626957,13.7171343
541010,OUBĚNICE,185132.08,40399.75,22515.81,3281.54,11831.57,71473.53,1630.73,49.7176416,14.1598327
541028,PEČICE,334050.71,9929.84,40627.32,5921.19,21348.76,128966.22,2946.4,49.6005537,14.1054089
541036,STARÁ ČERVENÁ VODA,618215.52,53331.52,75187.52,10958.13,39509.39,238673.09,7946.53,50.3293351,17.2011518
541044,PETROVICE,1294692.84,31327.89,157460.84,22948.97,82742.23,499839.19,18839.45,49.5540657,14.3377897
541052,PIČÍN,579908.08,6892.0,70528.55,10279.11,37061.21,223883.83,3261.46,49.7452934,14.0579293
541061,ZVÍKOVEC,153106.57,7129.38,18620.86,2713.88,9784.85,59109.52,4895.12,49.9542784,13.6881348
541079,STARÉ MĚSTO,1741325.53,490130.59,211780.4,30865.72,111285.97,672269.69,29417.31,50.1617351,16.9473409
541087,POČEPICE,462891.79,41471.05,56297.0,8204.95,29582.85,178707.61,4790.08,49.5960104,14.3808398
541095,BEZDĚKOV,113690.56,,13827.07,1542.47,7265.82,43892.26,1000.61,49.8241523,13.5966618
541109,SUDKOV,965938.66,21968.33,117477.68,17121.67,61731.95,372917.8,10157.78,49.9190251,16.9451631
541117,SUPÍKOVICE,547882.57,20543.26,66633.6,9711.44,35014.5,211519.81,5105.15,50.2978325,17.2550947
541125,SVÉBOHOV,344274.23,,41870.72,6102.4,22002.15,132913.2,3736.97,49.9199422,16.8391713
541133,PROSENICKÁ LHOTA,446509.52,16106.2,54304.58,7914.57,28535.87,172382.94,2946.4,49.6896305,14.4826912
541141,CHOMLE,58754.49,1195.28,7145.73,797.14,3754.92,22683.22,283.19,49.8633461,13.637518
541150,KAMENNÝ ÚJEZD,705792.98,,85838.7,12510.48,45106.36,272483.93,4262.07,49.7236642,13.6187557
541168,ŠTÍTY,1746252.53,3745.32,212379.62,30953.06,111600.85,674171.85,46838.99,49.9612234,16.7657581
541176,SVOJKOVICE,338854.54,,41211.57,6006.35,21655.77,130820.82,5525.23,49.7599942,13.6480334
541192,NEVID,147563.7,358.0,17946.73,2615.62,9430.61,56969.59,181.32,49.6854472,13.6056353
541206,ROSOVICE,769228.12,39819.9,93553.7,13634.89,49160.42,296974.2,7473.93,49.7566485,14.1089719
541214,UHELNÁ,450327.94,2056.99,54768.99,7982.25,28779.9,173857.11,2526.32,50.3650289,17.0273981
541222,ÚSOV,993899.39,4407.5,120878.27,17617.29,63518.89,383712.54,7841.51,49.7983079,17.0105488
541231,ROŽMITÁL POD TŘEMŠÍNEM,3823230.04,196152.73,464982.1,67768.36,244337.92,1476025.94,85150.94,49.602176,13.863958
541249,VÁPENNÁ,1215491.28,5840.9,147828.33,21545.1,77680.56,469262.03,7736.48,50.2833765,17.0976172
541257,RYBNÍKY,351664.74,42586.69,42769.55,6233.4,22474.46,135766.43,7368.91,49.7526389,14.2058991
541265,VELKÉ LOSINY,2159997.49,18438.42,262699.39,38286.86,138042.78,833905.45,45838.39,50.0315957,17.039832
541273,SÁDEK,172568.24,85710.03,20987.79,3058.84,11028.62,66623.04,10000.26,49.733077,13.982707
541281,SEDLČANY,5991110.74,165391.16,728640.24,106194.96,382884.51,2312974.84,203033.15,49.6582258,14.4254935
541290,HORNÍ KOZOLUPY,275296.22,8368.98,33481.58,4879.74,17593.84,106283.0,283.19,49.8375111,12.9416383
541303,VIDNAVA,986139.36,25604.6,119934.49,17479.74,63022.96,380716.64,12579.07,50.372434,17.1861229
541311,SMOLOTELY,248567.23,117.0,30230.8,4405.96,15885.62,95963.8,3051.42,49.6206189,14.1355786
541320,SOLENICE,303626.47,822.02,36927.12,5381.9,19404.39,117220.39,7631.47,49.6173212,14.1957793
541338,STARÁ HUŤ,1276586.1,2587.38,155258.69,22628.03,81585.05,492848.77,8366.6,49.782113,14.1972624
541346,VLČICE,413375.43,27446.36,50274.81,7327.24,26418.32,159590.93,2316.28,50.3453618,17.045944
541354,ZÁBŘEH,11443946.53,133706.47,1391815.36,202848.76,731368.52,4418139.08,357544.07,49.88287,16.8721836
541362,ZADNÍ CHODOV,228489.69,,27788.97,4050.07,14602.49,88212.51,7894.01,49.8905746,12.6546101
541371,SUCHODOL,370017.82,5957.93,45001.65,6558.73,23647.39,142851.96,3999.51,49.7242256,14.0824848
541389,SVATÉ POLE,407586.2,26049.27,49570.73,7224.64,26048.33,157355.9,18891.96,49.751314,14.168978
541397,SVATÝ JAN,555149.9,42793.41,67517.46,9840.26,35478.94,214325.49,6420.82,49.6368326,14.3109902
541401,BROUMOV,138695.09,,16868.12,2458.43,8863.84,53545.71,1263.16,49.8893981,12.6061798
541419,ŠTĚTKOVICE,257066.31,103.43,31264.46,4556.61,16428.79,99245.01,1420.69,49.671009,14.5056896
541427,TOCHOVICE,573502.98,7003.98,69749.57,10165.58,36651.87,221411.02,4472.11,49.5954836,13.9923999
541435,ÚNEHLE,118863.92,,14456.26,1612.66,7596.44,45889.52,283.19,49.7916789,13.0152715
541443,OBORA,191537.18,,23294.8,3395.08,12240.9,73946.33,303.33,49.8146022,12.5376856
541451,TŘEBSKO,231569.08,2918.0,28163.48,4104.66,14799.3,89401.36,1683.24,49.6256573,13.9675441
541460,ZHOŘ,171459.65,,20852.97,3039.19,10957.78,66195.05,60.44,49.659641,12.9695659
541478,ZVOLE,674136.99,4815.28,81988.69,11949.36,43083.26,260262.57,5000.13,49.8398169,16.9143399
541486,PROSTIBOŘ,226272.54,,27519.31,4010.77,14460.8,87356.54,1000.61,49.6537783,12.8988328
541494,KOKAŠICE,239821.8,976.84,29167.18,4250.93,15326.72,92587.48,2473.81,49.8784922,12.9471498
541508,VĚŠÍN,713429.83,24157.68,86767.49,12645.84,45594.43,275432.28,5000.13,49.6152483,13.8242156
541516,VIŠŇOVÁ,643343.23,472.52,78243.55,11403.53,41115.28,248374.09,7946.53,49.7056965,14.1452026
541524,VOLENICE,319146.53,37847.45,38814.67,5657.01,20396.26,123212.19,3369.4,49.5477681,13.8836672
541532,MILÍŘE,227997.01,,27729.04,4041.34,14571.01,88022.3,3999.51,49.7962941,12.5503857
541541,VOZNICE,544803.21,4223.99,66259.09,9656.87,34817.7,210330.96,2211.27,49.8172194,14.216702
541559,KOČOV,204101.04,43495.49,24822.82,3617.78,13043.85,78796.84,40.29,49.8086544,12.7365957
541567,VRANOVICE,320624.63,9498.6,38994.45,5683.2,20490.72,123782.84,1053.12,49.6227704,13.8989789
541575,ŽULOVÁ,964583.73,5987.81,117312.89,17097.65,61645.35,372394.7,15315.45,50.3092956,17.0982234
541583,VYSOKÁ U PŘÍBRAMĚ,262486.02,548.54,31923.6,4652.67,16775.16,101337.4,3103.93,49.6337656,13.9478507
541591,VYSOKÝ CHLUMEC,748657.89,17512.63,91051.94,13270.28,47845.79,289032.68,8894.63,49.6176522,14.3897618
541605,BROD NAD TICHOU,217034.41,1384.1,26395.78,3847.03,13870.4,83789.99,2316.28,49.8352841,12.741089
541613,ZALUŽANY,265565.38,37.5,32298.12,4707.26,16971.96,102526.23,6945.92,49.5422222,14.0859066
541621,TISOVÁ,456363.52,158.5,55503.03,8089.23,29165.63,176187.25,2788.86,49.7651756,12.7138217
541630,VSETÍN,20867822.43,149450.96,2537949.27,369890.9,1333636.82,8056393.96,960015.6,49.3389775,17.9961534
541648,BRANKY,798420.61,1318.32,97104.1,14152.35,51026.08,308244.47,6420.82,49.4609269,17.8930607
541656,RAKOVNÍK,13485203.29,262114.75,1640073.46,239030.89,861822.73,5206202.55,649570.16,50.1041136,13.7310462
541664,ZÁCHLUMÍ,385168.35,,46844.27,6827.27,24615.64,148701.08,6000.73,49.8000683,12.9649292
541672,BRANOV,204224.21,,24837.79,3619.96,13051.71,78844.4,1105.63,50.0128746,13.8429121
541681,OŠELÍN,174415.86,22066.8,21212.5,3091.6,11146.7,67336.34,181.32,49.7720036,12.8561491
541699,ČISTÁ,878484.37,42809.66,106841.47,15571.5,56142.85,339154.52,8737.09,50.0278837,13.5699605
541702,LOM U TACHOVA,439858.07,4771.15,53495.64,7796.66,28110.79,169815.03,2368.78,49.8186596,12.6925895
541711,BYSTŘIČKA,763438.89,1210.28,92849.61,13532.27,48790.44,294739.16,12631.6,49.415664,17.9738836
541729,HOŘESEDLY,325428.45,7708.35,39578.68,5768.36,20797.72,125637.44,8261.59,50.1622261,13.6036808
541737,HOŘOVIČKY,417193.86,13132.59,50739.21,7394.94,26662.34,161065.11,3579.43,50.1556137,13.5314037
541745,MYSLOVICE,106546.41,,12958.19,1445.54,6809.25,41134.14,948.1,49.4067927,13.3870385
541753,JEŽOVY,202130.25,8335.57,24583.13,3582.84,12917.89,78035.98,1263.16,49.4910521,13.2283955
541761,HŘEBEČNÍKY,255095.51,23555.74,31024.77,4521.67,16302.84,98484.16,1210.65,49.9845364,13.7532231
541770,HŘEDLE,477056.93,6928.94,58019.77,8456.03,30488.13,184176.31,2106.23,50.1878831,13.7488074
541788,POLEŇ,274310.81,16973.33,33361.74,4862.27,17530.86,105902.57,1525.71,49.4249686,13.1767464
541796,HEJNÁ,132659.52,,16134.08,2351.45,8478.11,51215.57,1053.12,49.2893715,13.6746958
541800,DOLNÍ BEČVA,1642046.44,5172.0,199706.05,29105.95,104941.16,633941.23,18944.46,49.4549771,18.1941873
541818,CHRÁŠŤANY,567344.23,11478.85,69000.54,10056.42,36258.27,219033.33,7473.93,50.1464368,13.667277
541826,KEJNICE,84005.38,559.0,10216.76,1139.73,5368.68,32431.77,1788.26,49.2668864,13.6941892
541834,JESENICE,1524783.81,63773.57,185444.55,27027.43,97447.05,588669.91,22838.96,50.0984577,13.4717743
541842,BĚHAŘOV,139680.49,24833.44,16987.97,2475.89,8926.81,53926.14,1630.73,49.3447688,13.1601839
541851,KLENOVÁ,87084.75,4351.89,10591.27,1181.51,5565.47,33620.62,1578.22,49.3334333,13.2331843
541869,JAVOR,73535.5,,8943.4,997.68,4699.57,28389.68,241.77,49.3252477,13.2473265
541877,KNĚŽEVES,1019519.79,23449.89,123994.23,18071.41,65156.26,393603.75,10945.44,50.1465824,13.6371018
541885,TÝNEC,277759.71,203.31,33781.19,4923.41,17751.28,107234.08,1315.66,49.34712,13.263697
541893,KOLEŠOVICE,789059.3,31522.11,95965.57,13986.41,50427.8,304630.38,10105.28,50.1396411,13.610276
541907,KOUNOV,595428.14,6819.07,72416.1,10554.22,38053.08,229875.62,5948.23,50.2128726,13.6750935
541915,OBYTCE,170597.43,14758.91,20748.1,3023.91,10902.68,65862.17,1105.63,49.3906708,13.3785247
541923,BŘEŽANY,189073.69,471.91,22995.17,3351.42,12083.46,72995.26,263.04,49.3487554,13.6173542
541931,KVÁŠŇOVICE,108270.86,208.12,13167.93,1468.94,6919.46,41799.89,1158.14,49.4130162,13.6419707
541940,KROUČOVÁ,227011.59,,27609.21,4023.88,14508.02,87641.87,1735.75,50.2067689,13.7839451
541958,OLŠANY,152121.17,2571.74,18501.01,2696.41,9721.87,58729.08,1263.16,49.4008247,13.626925
541966,KRUPÁ,361518.75,63274.96,43967.99,6408.07,23104.22,139570.73,4052.04,50.1748489,13.731576
541974,KRUŠOVICE,488512.21,19422.49,59412.96,8659.08,31220.21,188598.83,17999.29,50.172134,13.7755685
541982,KŘIVOKLÁT,650117.85,1755.08,79067.48,11523.61,41548.23,250989.55,12526.57,50.0407511,13.8810539
541991,LÁNY,1988784.18,14351.75,241876.38,35252.03,127100.75,767805.5,22576.42,50.1246235,13.948307
542008,LAŠOVICE,106669.59,7886.11,12973.18,1447.21,6817.12,41181.68,895.58,50.0549543,13.7822001
542016,LIŠANY,564388.03,8383.94,68641.0,10004.02,36069.35,217892.03,3947.01,50.1473645,13.7437827
542024,ČÍHAŇ,181806.37,7088.92,22111.33,3222.59,11619.02,70189.58,3316.88,49.342401,13.4257869
542032,LUBNÁ,1004122.92,14875.05,122121.66,17798.5,64172.25,387659.51,32258.69,50.0772468,13.7005622
542041,LUŽNÁ,1672101.15,43933.51,203361.32,29638.7,106861.92,645544.38,28206.66,50.1237702,13.7700423
542059,MLÝNSKÉ STRUHADLO,51979.87,18080.36,6321.81,705.22,3321.97,20067.75,161.18,49.4314924,13.4699699
542067,MĚSTEČKO,392682.03,16644.17,47758.07,6960.45,25095.83,151601.89,2788.86,50.0506332,13.8635607
542075,MILOSTÍN,254110.11,3819.5,30904.92,4504.22,16239.87,98103.73,201.48,50.1938391,13.6690534
542083,HNAČOV,69840.25,5462.5,8493.99,947.55,4463.4,26963.07,1525.71,49.3618184,13.4816737
542091,HORSKÁ KVILDA,75506.3,,9183.09,1024.41,4825.52,29150.55,948.1,49.0576122,13.5579727
542105,MŠEC,666746.49,2328.71,81089.86,11818.37,42610.94,257409.34,11788.52,50.1982586,13.9072137
542113,MŠECKÉ ŽEHROVICE,505879.88,12860.25,61525.23,8966.94,32330.16,195303.92,3051.42,50.1793252,13.9233093
542121,MUTĚJOVICE,786226.28,25599.0,95621.01,13936.19,50246.76,303536.63,6105.76,50.1942472,13.7095083
542130,NESUCHYNĚ,358069.83,22321.76,43548.53,6346.94,22883.8,138239.22,3474.42,50.1795593,13.6878984
542148,MODRAVA,122805.51,10986.5,14935.63,2176.78,7848.35,47411.25,5210.16,49.0236467,13.4958115
542156,BOROVY,194370.21,,23639.35,3445.29,12421.96,75040.07,2106.23,49.5250988,13.3023337
542164,NOVÉ STRAŠECÍ,4981444.93,85518.1,605844.46,88298.2,318358.01,1923175.4,91253.78,50.1532883,13.8998192
542172,ČERVENÉ POŘÍČÍ,182914.93,955.0,22246.16,3242.25,11689.87,70617.57,1473.2,49.5018827,13.2944452
542181,NOVÝ DŮM,148918.62,54734.12,18111.52,2639.64,9517.21,57492.69,161.18,50.088134,13.8308915
542199,OLEŠNÁ,525341.54,931.28,63892.16,9311.9,33573.93,202817.44,3999.51,50.1286799,13.6960683
542202,ORÁČOV,347969.48,84968.49,42320.13,6167.91,22238.3,134339.81,2631.34,50.111493,13.5484722
542211,PANOŠÍ ÚJEZD,236988.78,26305.94,28822.62,4200.73,15145.66,91493.73,1788.26,50.0359963,13.7168082
542229,PETROVICE,218882.04,51772.89,26620.49,3879.77,13988.48,84503.3,7263.9,50.0670275,13.6380925
542237,POCHVALOV,188334.63,17125.29,22905.3,3338.3,12036.24,72709.93,2368.78,50.2274365,13.79426
542253,PŘÍČINA,147317.35,2766.4,17916.77,2611.26,9414.87,56874.48,1053.12,50.065726,13.6672685
542270,PŠOVLKY,232061.77,6730.5,28223.4,4113.39,14830.78,89591.58,161.18,50.1083904,13.5913804
542288,PUSTOVĚTY,140173.19,88221.64,17047.9,2484.63,8958.3,54116.35,1420.69,50.055602,13.814006
542296,NEZDICE,176879.36,1544.12,21512.11,3135.26,11304.14,68287.42,2158.74,49.5315444,13.3165694
542318,BLAZICE,153722.45,9789.64,18695.77,2724.79,9824.21,59347.29,1525.71,49.4424709,17.6452928
542326,RUDA,702836.77,85.22,85479.18,12458.08,44917.43,271342.63,4737.58,50.1407842,13.8756909
542334,RYNHOLEC,805934.28,37082.99,98017.91,14285.53,51506.27,311145.26,9367.21,50.1379261,13.9222181
542342,HONĚTICE,72426.92,25232.31,8808.57,982.63,4628.71,27961.7,241.77,49.2037068,17.2531078
542351,ŘEVNIČOV,1337065.05,15753.36,162614.15,23700.04,85450.18,516197.74,14209.81,50.1716869,13.8173553
542369,SENEC,196956.89,737.05,23953.94,3491.14,12587.27,76038.7,948.1,50.0667353,13.7068689
542377,SENOMATY,990450.49,5461.13,120458.81,17556.15,63298.47,382381.03,6158.27,50.0978113,13.6544071
542385,SKRYJE,174169.5,6772.0,21182.53,3087.22,11130.96,67241.23,1368.19,49.9648605,13.7668248
542393,VRBKA,153599.27,3165.68,18680.78,2722.61,9816.34,59299.73,303.33,49.22823,17.4131248
542407,TRNOVANY,324319.88,,39443.85,5748.7,20726.88,125209.46,1945.78,50.5432133,14.1789389
542415,SLABCE,698156.12,,84909.9,12375.11,44618.29,269535.59,4419.6,49.9996689,13.7126135
542423,ČERNOUČEK,231322.72,4200.77,28133.53,4100.29,14783.55,89306.25,1000.61,50.3608385,14.3071444
542431,SRBEČ,237358.3,3194.45,28867.57,4207.28,15169.28,91636.39,2841.38,50.2246072,13.8833477
542440,OLEŠKO,79817.42,8.63,9707.41,1082.9,5101.03,30814.93,201.48,50.4803951,14.196414
542458,SVOJETÍN,297221.37,26372.75,36148.13,5268.37,18995.06,114747.59,1525.71,50.1900139,13.6209094
542466,SÝKOŘICE,466710.22,3269.6,56761.4,8272.64,29826.88,180181.77,2106.23,50.0345837,13.9317219
542474,ŠANOV,611440.89,12396.82,74363.58,10838.05,39076.43,236057.63,5420.21,50.0876279,13.6311963
542482,ZÁLUŽÍ,164438.68,4386.33,19999.07,2914.74,10509.08,63484.47,948.1,50.4600681,14.3224597
542491,MALÍČ,135492.54,1291.0,16478.64,2401.67,8659.16,52309.3,161.18,50.5435312,14.0820036
542504,TŘEBOC,147563.7,50.0,17946.73,2615.62,9430.61,56969.59,221.62,50.2151039,13.7505767
542512,TŘTICE,385537.87,19328.26,46889.2,6833.82,24639.24,148843.76,263.04,50.1848709,13.8635331
542521,MICHALOVICE,109133.08,1091.59,13272.79,1480.64,6974.56,42132.76,895.58,50.5365779,14.0819309
542539,PÍŠŤANY,158403.11,15945.63,19265.03,2807.76,10123.35,61154.33,283.19,50.5192225,14.0690951
542547,BLŠANY U LOUN,302764.25,37228.63,36822.26,5366.63,19349.28,116887.52,2998.92,50.3469804,13.8526462
542555,OPOČNO,89055.55,20373.56,10830.95,1208.24,5691.43,34381.48,221.62,50.3114794,13.7352306
542563,VELKÁ BUKOVÁ,250291.68,38882.09,30440.53,4436.53,15995.84,96629.55,1630.73,50.0345542,13.8471838
542571,CÍTOLIBY,834264.54,115354.89,101463.44,14787.69,53316.82,322082.67,27629.06,50.3308386,13.8126747
542580,OBORA,325058.93,27.95,39533.74,5761.8,20774.12,125494.78,3103.93,50.3732509,13.8629692
542598,VŠETATY,260268.86,93.72,31653.96,4613.37,16633.46,100481.43,2368.78,50.0461099,13.7574078
542601,ZAVIDOV,263594.58,,32058.43,4672.32,16846.0,101765.38,3156.43,50.0566902,13.6202979
542610,ZBEČNO,526203.77,17814.9,63997.02,9327.19,33629.04,203150.31,3789.48,50.0407645,13.9209679
542628,ČERNČICE,1204282.35,37632.1,146465.09,21346.41,76964.21,464934.62,10525.35,50.3613795,13.8452128
542636,NOVÁ VES,112335.64,17587.95,13662.29,1524.09,7179.23,43369.17,948.1,50.2860928,13.8425396
542644,FRANCOVA LHOTA,1272644.51,10144.06,154779.31,22558.16,81333.14,491327.04,9419.72,49.2017418,18.1117479
542679,HALENKOV,2156918.11,104535.69,262324.87,38232.28,137845.98,832716.59,33049.26,49.3162725,18.1453573
542687,HORNÍ BEČVA,2149404.43,17351.8,261411.06,38099.09,137365.79,829815.81,24787.67,49.4321611,18.2885902
542725,HORNÍ LIDEČ,1220541.47,2273.57,148442.52,21634.62,78003.3,471211.74,21155.73,49.1814895,18.0621791
542750,HOŠŤÁLKOVÁ,2028939.24,856.0,246760.04,35963.8,129667.0,783308.08,26680.96,49.3546749,17.8694385
542768,HOVĚZÍ,2012310.61,87.24,244737.67,35669.05,128604.29,776888.3,24577.64,49.3036454,18.0606232
542784,HUSLENKY,1769409.44,433.72,215195.98,31363.53,113080.78,683111.99,9262.2,49.3031744,18.0903679
542814,HUTISKO-SOLANEC,1739601.08,8605.55,211570.68,30835.16,111175.76,671603.93,16736.13,49.431264,18.2141269
542831,CHORYNĚ,601956.41,146.0,73210.07,10669.93,38470.3,232395.97,4209.56,49.4957473,17.8986127
542865,JABLŮNKA,1643155.03,63.14,199840.88,29125.61,105012.02,634369.22,62046.5,49.3835517,17.9502069
542903,JARCOVÁ,666992.84,,81119.82,11822.73,42626.69,257504.45,4472.11,49.4362206,17.9479167
542911,KAROLINKA,2045321.53,36162.96,248752.47,36254.18,130713.98,789632.76,27471.52,49.3512769,18.2400622
542946,KATEŘINICE,861978.93,3303.54,104834.07,15278.93,55088.02,332782.29,5840.28,49.3821078,17.8857845
542989,KELČ,2284157.93,6139.38,277799.8,40487.66,145977.72,881839.78,29945.33,49.4787107,17.8152939
542997,KLADERUBY,388370.9,4833.38,47233.76,6884.03,24820.31,149937.49,1263.16,49.4923671,17.8653869
543012,ŽEROTÍN,202130.25,19277.78,24583.13,3582.84,12917.89,78035.98,843.08,50.2862255,13.912101
543021,KUNOVICE,523493.91,1703.41,63667.45,9279.15,33455.85,202104.14,3156.43,49.4442439,17.809882
543098,LAČNOV,708995.52,25323.4,86228.19,12567.24,45311.03,273720.33,21155.73,49.1786068,18.0164473
543128,STAŇKOVICE,898685.08,56727.03,109298.28,15929.57,57433.85,346953.36,16473.57,50.3498203,13.5710383
543543,HRUŠKA,198065.47,,24088.77,3510.79,12658.12,76466.69,1473.2,49.3586116,17.2264315
544248,PAVLÍKOV,985277.13,51728.67,119829.63,17464.44,62967.85,380383.76,3684.46,50.0559879,13.7363604
544256,ČESKÉ BUDĚJOVICE,88115974.19,970820.21,10716684.64,1561892.49,5631383.33,34018738.96,4467686.05,48.9747357,14.474285
544264,LESKOVEC,565250.25,3.0,68745.86,10019.3,36124.44,218224.9,15998.08,49.2842014,17.9987442
544272,BOREK,1210564.29,27632.0,147229.1,21457.76,77365.67,467359.88,14314.83,49.0233859,14.5008841
544281,BOROVANY,3642409.09,41877.27,442990.61,64563.23,232781.87,1406216.8,65045.41,48.8998724,14.6419628
544299,BORŠOV NAD VLTAVOU,1705727.94,5736.56,207451.01,30234.74,109010.97,658526.6,30102.86,48.9220007,14.4346332
544302,LEŠNÁ,1744774.43,34919.52,212199.86,30926.86,111506.38,673601.2,33206.79,49.5203958,17.9298913
544329,ČEJKOVICE,332818.95,9375.29,40477.51,5899.36,21270.05,128490.67,2421.3,49.0141268,14.3822403
544337,HAMR NA JEZEŘE,404876.35,6936.13,49241.15,7176.6,25875.15,156309.71,5052.63,50.7024619,14.8385819
544345,PROSEČ POD JEŠTĚDEM,341318.03,2238.0,41511.18,6050.0,21813.22,131771.89,263.04,50.7016605,15.0170295
544353,HEŘMANICE,222577.29,,27069.9,3945.27,14224.64,85929.92,6473.33,50.8968983,15.0063464
544361,DÍVČICE,501322.41,11857.03,60970.94,8886.15,32038.9,193544.43,3421.91,49.1095672,14.3083099
544370,LIDEČKO,1402840.52,576.16,170613.78,24865.93,89653.81,541591.53,9104.67,49.2029429,18.0512352
544388,DOLNÍ BUKOVSKO,1532667.01,37717.49,186403.32,27167.16,97950.86,591713.36,29102.25,49.1713381,14.5815038
544396,LIPTÁL,1349875.26,14982.69,164172.13,23927.11,86268.86,521143.35,19682.53,49.2912841,17.9217685
544400,DOUDLEBY,406108.11,14722.99,49390.96,7198.44,25953.87,156785.26,2788.86,48.8936179,14.5015255
544418,LOUČKA,711212.68,1435.46,86497.85,12606.54,45452.72,274576.31,6368.31,49.4386923,17.8326551
544426,DŘÍTEŇ,1618520.01,29335.15,196844.77,28688.94,103437.62,624858.43,11315.92,49.1428094,14.3459563
544434,LUŽNÁ,503909.09,,61285.53,8932.0,32204.21,194543.07,2841.38,49.2415457,18.0202109
544442,DUBNÉ,1660030.01,10371.04,201893.22,29424.73,106090.48,640884.1,14997.46,48.9767819,14.3594962
544451,DYNÍN,313726.83,2796.26,38155.52,5560.94,20049.9,121119.82,13894.76,49.137199,14.6311949
544469,MALÁ BYSTŘICE,301039.8,2861.43,36612.53,5336.06,19239.08,116221.77,1578.22,49.4094046,18.0485197
544477,STRÁŽ NAD NISOU,1932246.84,20548.9,235000.3,34249.89,123487.52,745978.26,138145.27,50.7909919,15.0268261
544485,HLUBOKÁ NAD VLTAVOU,4963091.85,194444.21,603612.35,87972.89,317185.09,1916089.87,120040.96,49.0522493,14.4342702
544493,HOMOLE,1212781.44,5820.85,147498.75,21497.06,77507.36,468215.84,38837.04,48.938967,14.4293626
544507,MIKULŮVKA,686084.96,472.62,83441.81,12161.15,43846.84,264875.31,4842.59,49.413515,17.9250573
544515,HORNÍ STROPNICE,1539318.46,6650.52,187212.26,27285.07,98375.94,594281.26,13104.18,48.7612438,14.7350172
544523,HOSÍN,856805.57,15947.76,104204.89,15187.24,54757.39,330785.03,7473.93,49.037162,14.4759993
544531,ČTVEŘÍN,430373.59,1314.5,52342.13,7628.54,27504.64,166153.38,13894.76,50.5925048,15.1001727
544540,HRANICE,175647.6,558.5,21362.3,3113.43,11225.42,67811.88,1431.31,48.8384892,14.8682662
544558,HRDĚJOVICE,1182234.02,73917.45,143783.57,20955.59,75555.12,456422.47,26575.94,49.0189304,14.4785716
544566,NOVÝ HROZENKOV,2179089.62,,265021.37,38625.28,139262.94,841276.3,28419.62,49.3369685,18.1979346
544574,OZNICE,368170.19,5.72,44776.94,6525.97,23529.31,142138.65,1420.69,49.4325446,17.9178691
544582,RADIMOVICE,250168.5,,30425.55,4434.34,15987.96,96581.99,7421.43,50.6260003,15.081644
544591,CHRÁŠŤANY,740774.69,67730.04,90093.19,13130.55,47342.0,285989.25,7788.99,49.2959813,14.3875176
544604,ŽĎÁREK,128471.57,,15624.74,2277.21,8210.46,49598.74,1053.12,50.6404783,15.1115012
544612,JANKOV,318653.82,24532.5,38754.74,5648.28,20364.78,123021.98,1315.66,48.9666373,14.2975871
544621,POLICE,511422.76,986.62,62199.35,9065.18,32684.41,197443.85,2526.32,49.4567901,17.8673738
544639,JÍLOVICE,1006216.9,58772.97,122376.33,17835.62,64306.08,388467.93,4842.59,48.8899987,14.7269677
544647,BYNOVEC,259652.98,4815.56,31579.06,4602.45,16594.1,100243.65,5630.25,50.820829,14.2641736
544655,POZDĚCHOV,562417.23,13746.1,68401.31,9969.08,35943.4,217131.17,5948.23,49.2332057,17.9555281
544663,KAMENNÝ ÚJEZD,2310640.56,62888.67,281020.62,40957.07,147670.19,892063.88,33892.34,48.8975303,14.4463826
544671,PRLOV,366322.56,,44552.24,6493.22,23411.22,141425.34,5367.7,49.2478329,17.9616753
544680,JANOV,278991.46,40950.79,33931.0,4945.24,17830.0,107709.61,2211.27,50.8599857,14.2661345
544698,PROSTŘEDNÍ BEČVA,1477484.59,24638.82,179692.01,26189.03,94424.22,570409.2,20420.59,49.4360928,18.2519953
544701,LABSKÁ STRÁŇ,162098.35,50254.45,19714.44,2873.27,10359.5,62580.95,1420.69,50.8486491,14.2315956
544710,VINCENCOV,81172.36,1682.5,9872.2,1101.29,5187.62,31338.03,221.62,49.4057046,17.0624646
544728,PRŽNO,490483.0,620.98,59652.66,8694.02,31346.16,189359.68,4895.12,49.3874698,17.9428469
544736,LEDENICE,2211854.18,30159.17,269006.2,39206.05,141356.88,853925.64,18524.39,48.9332872,14.6188646
544744,LIBÍN,391450.27,17749.68,47608.27,6938.62,25017.1,151126.34,2001.22,48.9695174,14.6838156
544752,PŘÍŠTPO,234525.27,543.48,28523.01,4157.06,14988.22,90542.65,241.77,49.0738396,15.9349011
544761,LIPÍ,529406.31,9789.89,64386.52,9383.96,33833.7,204386.73,2998.92,48.9491671,14.3524029
544779,LIŠOV,4350788.73,67541.15,529143.91,77119.55,278053.54,1679699.36,68152.26,49.0158765,14.6083357
544787,RATIBOŘ,1457160.71,1266.5,177220.21,25828.78,93125.35,562562.81,19735.04,49.3676934,17.9149865
544795,LITVÍNOVICE,2194240.15,26373.41,266863.98,38893.83,140231.18,847125.42,22103.82,48.9620619,14.4512881
544809,LOČENICE,618585.05,6640.8,75232.45,10964.69,39533.01,238815.77,3421.91,48.8241861,14.527291
544817,MLADOŠOVICE,389479.47,12984.23,47368.58,6903.68,24891.16,150365.47,2053.73,48.9406743,14.6991871
544825,NEDABYLE,336144.67,619.5,40882.0,5958.31,21482.6,129774.63,3156.43,48.9284043,14.5149379
544833,BAČKOVICE,86099.36,,10471.42,1168.13,5502.5,33240.19,221.62,48.9678197,15.5888397
544841,ROŽNOV POD RADHOŠTĚM,13275559.37,208446.94,1614576.53,235314.86,848424.64,5125265.79,594101.99,49.4587958,18.1429843
544850,RŮŽĎKA,843133.15,3416.47,102542.05,14944.89,53883.59,325506.54,3736.97,49.3931971,17.994751
544868,NOVÉ HRADY,2352150.55,42256.38,286069.08,41692.86,150323.04,908089.55,27944.12,48.7896693,14.7783906
544876,LHOTICE,115291.83,,14021.82,1564.2,7368.16,44510.46,241.77,49.0192677,15.6070587
544884,OLEŠNICE,799652.35,14845.97,97253.9,14174.18,51104.8,308720.0,8419.12,48.841239,14.7048518
544892,OLEŠNÍK,723653.36,6596.23,88010.89,12827.06,46247.8,279379.25,5052.63,49.1073905,14.3639063
544906,SENINKA,233663.04,4356.5,28418.15,4141.77,14933.12,90209.77,3103.93,49.2731928,17.9648104
544914,STŘELNÁ,443553.32,20106.01,53945.05,7862.17,28346.95,171241.65,6683.36,49.1772695,18.0977088
544922,STŘÍTEŽ NAD BEČVOU,652458.19,5277.45,79352.11,11565.09,41697.79,251893.09,5262.68,49.458576,18.0568094
544931,ŠTUDLOV,411897.33,35498.28,50095.05,7301.05,26323.86,159020.29,3421.91,49.16127,18.0840617
544949,VALAŠSKÁ BYSTŘICE,1944317.99,3084.0,236468.39,34463.85,124258.96,750638.54,20525.61,49.4146817,18.1101768
544957,LOVČOVICE,57276.39,6078.0,6965.97,777.09,3660.46,22112.57,120.89,48.9814755,15.5343194
544965,RADOŠOVICE,211861.06,268.0,25766.59,3755.33,13539.78,81792.74,1263.16,49.0197977,14.2730144
544973,ROUDNÉ,1049204.98,74.5,127604.55,18597.59,67053.4,405064.24,8419.12,48.9350379,14.4874718
544981,RUDOLFOV,2319755.51,915.59,282129.19,41118.64,148252.72,895582.86,29417.31,48.9936055,14.5411628
544990,VALAŠSKÁ POLANKA,1321298.65,,160696.63,23420.57,84442.57,510110.84,20945.69,49.2624491,17.9963591
545007,ŘÍMOV,843502.67,25460.5,102586.98,14951.44,53907.21,325649.2,6315.79,48.8556147,14.4868416
545015,SEDLEC,474223.9,5.87,57675.22,8405.81,30307.06,183082.58,18419.38,49.0726124,14.2865424
545023,SLAVČE,597152.59,23785.19,72625.83,10584.78,38163.28,230541.37,3103.93,48.7978451,14.6149674
545031,MENHARTICE,112458.82,23610.01,13677.27,1525.76,7187.1,43416.73,161.18,48.989953,15.5525097
545040,RADOTICE,93859.38,10369.61,11415.21,1273.42,5998.44,36236.08,181.32,48.9800091,15.5901134
545058,VALAŠSKÉ MEZIŘÍČÍ,19004923.14,959091.09,2311383.04,336870.23,1214581.22,7337188.56,983435.09,49.4716056,17.971593
545066,SRUBEC,2272086.77,1559.56,276331.71,40273.68,145206.26,877179.51,8104.05,48.9479199,14.5411706
545074,STARÉ HODĚJOVICE,939456.03,10405.43,114256.85,16652.25,60039.48,362693.71,4685.06,48.945381,14.5209732
545082,STRÁŽKOVICE,431482.16,5207.0,52476.96,7648.2,27575.49,166581.36,2526.32,48.8988715,14.5695512
545091,STŘÍŽOV,231322.72,,28133.53,4100.29,14783.55,89306.25,1578.22,48.8903292,14.5273622
545104,SVATÝ JAN NAD MALŠÍ,554164.5,20783.64,67397.6,9822.81,35415.97,213945.06,5682.75,48.8237559,14.5086576
545112,VALAŠSKÉ PŘÍKAZY,238220.53,27288.94,28972.44,4222.56,15224.38,91969.26,5525.23,49.1662499,18.0538837
545121,ŠEVĚTÍN,1349752.08,74464.06,164157.16,23924.91,86261.0,521095.8,15998.08,49.0998113,14.572662
545139,ŠTĚPÁNOVICE,844364.9,,102691.85,14966.72,53962.32,325982.08,15367.95,49.0018254,14.6533429
545147,VELKÁ LHOTA,409064.31,294.43,49750.5,7250.84,26142.79,157926.55,2053.73,49.4377478,18.0354957
545155,TEMELÍN,879592.95,23189.97,106976.29,15591.15,56213.7,339582.5,171299.56,49.1928347,14.3487446
545163,VELKÉ KARLOVICE,2210868.78,31169.13,268886.37,39188.57,141293.91,853545.21,58046.99,49.3606361,18.2835533
545171,TRHOVÉ SVINY,4710829.38,197121.18,572932.12,83501.43,301063.3,1818699.45,124831.05,48.8425812,14.6391858
545180,SLAVÍKOVICE,146331.94,,17796.92,2593.8,9351.9,56494.06,60.44,49.0042892,15.6243519
545198,VIDČE,1444473.68,26932.45,175677.22,25603.9,92314.54,557664.75,12313.61,49.4414233,18.0935866
545201,TÝN NAD VLTAVOU,6671652.82,298507.07,811407.93,118257.85,426377.11,2575710.21,177352.81,49.2234214,14.421124
545210,VIGANTICE,822809.27,25703.9,100070.24,14584.64,52584.73,317660.15,11736.0,49.443411,18.185181
545228,VČELNÁ,1660892.23,1656.42,201998.09,29440.01,106145.58,641216.98,8104.05,48.9237403,14.4534127
545236,ZAŠOVÁ,2610079.08,9338.21,317438.41,46264.75,166806.94,1007667.45,44522.71,49.4753282,18.0439053
545244,ZDĚCHOV,463877.2,,56416.85,8222.42,29645.82,179088.05,3051.42,49.2609681,18.077832
545252,ZUBŘÍ,4632859.57,3525.13,563449.43,82119.38,296080.34,1788597.83,78307.12,49.4661007,18.092283
545261,VRÁBČE,653197.23,4814.77,79442.0,11578.2,41745.02,252178.41,3736.97,48.9177182,14.376312
545279,DOMAŠOV NAD BYSTŘICÍ,421628.16,7214.05,51278.51,7473.54,26945.73,162777.05,2578.83,49.7421347,17.4451954
545287,VŠEMYSLICE,1010774.37,13756.09,122930.61,17916.4,64597.34,390227.43,7683.98,49.2161837,14.3573176
545295,SKALIČKA,117632.16,1250.21,14306.45,1595.95,7517.73,45413.98,948.1,49.3578722,16.5161776
545309,KOŽICHOVICE,390095.35,196967.97,47443.48,6914.61,24930.51,150603.26,26418.41,49.1998616,15.9219212
545317,ZÁBOŘÍ,324935.76,27913.09,39518.76,5759.62,20766.24,125447.22,895.58,48.9901453,14.2661181
545325,VELKÝ KARLOV,347723.13,26518.01,42290.17,6163.53,22222.57,134244.71,1420.69,48.8045329,16.3054606
545341,ZLIV,2915060.47,3640.17,354530.31,51670.67,186297.92,1125410.94,29682.79,49.0663495,14.3660772
545368,ŽABOVŘESKY,367677.49,1221.89,44717.02,6517.24,23497.81,141948.44,4685.06,49.0037306,14.3351076
545376,ŽÁR,330355.45,2975.06,40177.9,5855.69,21112.61,127539.6,5840.28,48.8069452,14.7097504
545384,ŽIMUTICE,614150.74,137674.76,74693.16,10886.08,39249.62,237103.82,3316.88,49.2042195,14.510475
545392,ČESKÝ KRUMLOV,11121720.64,270130.43,1352626.17,197137.17,710775.46,4293738.03,513321.07,48.8106526,14.3150586
545406,BENEŠOV NAD ČERNOU,1346672.71,51974.17,163782.63,23870.34,86064.19,519906.95,12051.06,48.7294146,14.6271822
545414,BESEDNICE,817266.38,1585.29,99396.12,14486.39,52230.49,315520.22,14524.88,48.789621,14.5559486
545431,BRLOH,1103278.83,4906.37,134181.01,19556.08,70509.2,425940.41,10682.88,48.9296807,14.2188889
545449,BUJANOV,535688.24,6678.01,65150.53,9495.3,34235.18,206811.97,14997.46,48.7025907,14.4294495
545457,ČERNÁ V POŠUMAVÍ,881317.41,218653.48,107186.02,15621.72,56323.91,340248.25,14682.4,48.7380466,14.1109193
545465,DOLNÍ DVOŘIŠTĚ,1494605.93,90096.53,181774.31,26492.52,95518.42,577019.19,33629.79,48.6566318,14.4522503
545473,DOLNÍ TŘEBONÍN,1076673.01,8771.77,130945.22,19084.48,68808.85,415668.76,18156.82,48.85529,14.4100298
545481,FRYMBURK,1432895.23,266578.72,174269.04,25398.67,91574.57,553194.68,20893.18,48.6609401,14.1656363
545490,HOLUBOV,890678.71,18851.85,108324.55,15787.66,56922.19,343862.35,13842.25,48.8912722,14.3238095
545503,HORNÍ DVOŘIŠTĚ,409680.18,10114.24,49825.4,7261.75,26182.15,158164.32,5367.7,48.6041334,14.4053244
545511,HORNÍ PLANÁ,2161352.41,32474.79,262864.17,38310.88,138129.37,834428.54,40047.69,48.7673396,14.0321919
545520,HOŘICE NA ŠUMAVĚ,838206.14,40622.84,101942.82,14857.55,53568.72,323604.39,7316.41,48.765938,14.1784068
545538,STARÝ ŠACHOV,170104.73,94.34,20688.17,3015.18,10871.19,65671.96,843.08,50.7150641,14.360367
545546,CHVALŠINY,1109807.11,3806.85,134974.98,19671.8,70926.4,428460.76,16578.6,48.8540143,14.2111405
545554,KÁJOV,1717306.39,93269.88,208859.2,30439.98,109750.93,662996.68,23104.44,48.811047,14.2584413
545562,KAPLICE,6696780.53,234956.33,814463.96,118703.24,427982.99,2585411.22,246292.7,48.7389045,14.493718
545571,KŘEMŽE,2692113.66,30880.9,327415.47,47718.84,172049.67,1039338.35,32153.68,48.9050728,14.3046673
545597,LIPNO NAD VLTAVOU,639278.45,198406.01,77749.19,11331.48,40855.5,246804.81,38627.0,48.6387387,14.2295908
545601,LOUČOVICE,1358990.2,20492.3,165280.7,24088.67,86851.39,524662.34,8471.63,48.6204563,14.2574142
545619,MALONTY,1433757.45,205918.72,174373.9,25413.95,91629.67,553527.57,9052.16,48.686109,14.5767794
545627,MIRKOVICE,421258.64,17006.37,51233.57,7466.98,26922.12,162634.39,5367.7,48.8109663,14.3912032
545643,NETŘEBICE,397116.33,8312.45,48297.38,7039.06,25379.21,153313.81,4685.06,48.7907828,14.455568
545660,OMLENICE,463630.85,1158.38,56386.89,8218.05,29630.08,178992.94,1788.26,48.7258145,14.4436356
545678,MARKVARTICE,690765.63,20865.52,84011.07,12244.11,44145.98,266682.35,2893.89,50.7785596,14.3586034
545694,POHORSKÁ VES,280962.27,37942.34,34170.7,4980.18,17955.95,108470.47,2106.23,48.6698654,14.6476564
545708,LOBENDAVA,282563.54,46631.88,34365.44,5008.56,18058.28,109088.68,5210.16,51.0191858,14.3147874
545716,PŘEDNÍ VÝTOŇ,226765.24,30751.82,27579.24,4019.51,14492.29,87546.76,2316.28,48.631184,14.1645505
545724,PŘÍDOLÍ,732398.78,2487.02,89074.5,12982.08,46806.7,282755.58,4632.56,48.7817136,14.3525255
545732,PŘÍSEČNÁ,173060.93,9255.43,21047.71,3067.58,11060.11,66813.25,5630.25,48.8331139,14.3453751
545767,ROŽMBERK NAD VLTAVOU,377285.14,5277.14,45885.5,6687.54,24111.83,145657.65,4632.56,48.6547364,14.3666491
545775,ROŽMITÁL NA ŠUMAVĚ,500337.01,23205.14,60851.1,8868.68,31975.92,193164.01,3051.42,48.7019495,14.3879485
545783,DOBRNÁ,353512.36,6263.75,42994.25,6266.15,22592.54,136479.74,4052.04,50.7695417,14.293263
545791,MERBOLTICE,171213.31,4733.81,20823.0,3034.83,10942.03,66099.94,303.33,50.6830653,14.3397538
545805,SOBĚNOV,305104.56,,37106.9,5408.11,19498.86,117791.05,3421.91,48.7617734,14.5444598
545813,SVĚTLÍK,272832.71,3517.29,33181.97,4836.08,17436.4,105331.92,1735.75,48.7315157,14.2110662
545821,VELEŠÍN,3278180.49,61416.31,398693.05,58107.12,209504.48,1265599.88,71784.21,48.8292557,14.4635063
545830,VĚTŘNÍ,3090954.43,12547.92,375922.58,54788.46,197539.09,1193317.92,23787.08,48.7742466,14.2861607
545848,VYŠŠÍ BROD,2387501.78,121812.5,290368.5,42319.46,152582.29,921737.53,44417.7,48.6154234,14.3120378
545856,DOLNÍ HABARTICE,478165.5,52326.7,58154.59,8475.68,30558.97,184604.3,2736.36,50.7471772,14.3332786
545864,ZLATÁ KORUNA,629054.93,9445.89,76505.81,11150.26,40202.13,242857.83,3261.46,48.8548698,14.3694134
545872,ZUBČICE,380857.23,,46319.95,6750.86,24340.12,147036.71,5630.25,48.7944949,14.40723
545881,JINDŘICHŮV HRADEC,17897579.54,315922.97,2176707.66,317242.1,1143812.25,6909678.87,654517.77,49.1443265,15.003354
545899,FRANTIŠKOV NAD PLOUČNICÍ,287736.9,18816.0,34994.63,5100.26,18388.91,111085.94,1893.28,50.7257054,14.3269059
545902,BOROVÁ LADA,359178.42,2688.0,43683.36,6366.6,22954.65,138667.21,4209.56,48.9899086,13.6598205
545929,HORNÍ HABARTICE,357207.61,15467.63,43443.67,6331.66,22828.69,137906.35,1630.73,50.7620707,14.3406088
545937,LAŽANY,173799.98,5846.0,21137.59,3080.68,11107.34,67098.57,2263.77,50.6008994,15.1097439
545953,PACEŘICE,291924.85,2273.0,35503.96,5174.5,18656.55,112702.78,7368.91,50.6191916,15.1138445
545996,ČERNOUSY,249306.28,8969.75,30320.69,4419.05,15932.86,96249.12,3316.88,51.0045087,15.0507883
546011,JIMLÍN,697170.72,128546.67,84790.06,12357.65,44555.32,269155.16,4895.12,50.3176857,13.7448735
546020,BUDEČ,206687.71,,25137.4,3663.63,13209.16,79795.48,1788.26,49.0870863,15.5898925
546038,BUDÍŠKOVICE,654059.46,650.3,79546.85,11593.47,41800.13,252511.28,4947.62,49.0762465,15.530904
546054,CIZKRAJOV,470035.95,16426.09,57165.87,8331.59,30039.43,181465.74,4104.54,49.0303714,15.3899162
546062,PESVICE,149904.03,39856.33,18231.36,2657.11,9580.18,57873.11,1053.12,50.4632077,13.4848694
546071,RAČETICE,363735.89,11280.54,44237.64,6447.38,23245.91,140426.71,2421.3,50.305579,13.3657749
546089,ČESKÉ VELENICE,3001159.83,60374.87,365001.74,53196.82,191800.42,1158651.12,96991.96,48.7685057,14.9636772
546097,ČESKÝ RUDOLEC,877868.5,86413.24,106766.56,15560.59,56103.49,338916.75,11630.98,49.0680743,15.324757
546101,ČÍMĚŘ,704068.52,9443.17,85628.98,12479.91,44996.15,271818.18,3051.42,49.0606024,15.073671
546127,DAČICE,6427027.2,74346.49,781656.49,113921.75,410743.39,2481268.14,259501.92,49.0818108,15.437216
546143,DEŠNÁ,626714.6,247786.83,76221.17,11108.78,40052.55,241954.31,7736.48,48.9575732,15.5428248
546151,DEŠTNÁ,716509.2,31432.06,87142.02,12700.42,45791.23,276621.11,11630.98,49.2651773,14.9238356
546160,NEZABYLICE,234278.92,29922.54,28493.06,4152.7,14972.48,90447.54,2211.27,50.424186,13.4785296
546178,ÚHERCE,78092.97,2601.02,9497.69,1059.51,4990.83,30149.18,895.58,50.2980559,13.9489834
546186,RYJICE,136354.77,796.43,16583.5,2416.94,8714.26,52642.18,843.08,50.6879501,14.091998
546194,BAČKOV,92627.62,24364.95,11265.4,1256.7,5919.72,35760.54,1840.77,49.7329093,15.4590613
546216,JITKOV,182914.93,1110.9,22246.16,3242.25,11689.87,70617.57,120.89,49.6626198,15.7284849
546232,KOZLY,133768.09,4127.9,16268.9,2371.1,8548.95,51643.55,895.58,50.6553459,14.4568189
546259,KVÍTKOV,180944.13,,22006.47,3207.31,11563.92,69856.7,1315.66,50.6549208,14.4866557
546267,TUHAŇ,294757.87,19336.3,35848.52,5224.72,18837.62,113796.52,1368.19,50.5364757,14.4672977
546275,SLUNEČNÁ,126623.94,66.11,15400.03,2244.46,8092.38,48885.43,201.48,50.7357721,14.4824815
546283,SVOJKOV,199174.03,1995.73,24223.6,3530.44,12728.96,76894.67,1893.28,50.7193435,14.5989866
546291,HATÍN,294757.87,7522.28,35848.52,5224.72,18837.62,113796.52,2683.85,49.1086472,14.9110327
546305,HEŘMANEČ,83882.2,1142.55,10201.77,1138.06,5360.81,32384.21,263.04,49.129564,15.2843956
546330,KUNRATICE,242901.17,11568.5,29541.69,4305.52,15523.52,93776.32,1158.14,50.8188204,14.419868
546348,SRBSKÁ KAMENICE,251769.79,44200.46,30620.3,4462.72,16090.3,97200.21,2211.27,50.8201997,14.3524436
546364,HORNÍ PĚNA,501815.11,10570.0,61030.87,8894.88,32070.39,193734.65,5157.66,49.1045517,15.0424552
546372,BUKOVÁ,191290.84,5043.49,23264.84,3390.7,12225.16,73851.24,221.62,49.5369923,13.1591328
546381,HORNÍ RADOUŇ,243024.35,5557.38,29556.68,4307.7,15531.38,93823.87,2946.4,49.2570763,15.0057261
546399,MÍŠOV,120465.18,,14651.0,2135.29,7698.79,46507.73,948.1,49.6197181,13.7282803
546402,HOSPŘÍZ,352896.48,,42919.35,6255.24,22553.18,136241.96,2473.81,49.1286767,15.0855192
546411,ÚHERCE,319885.57,15477.98,38904.55,5670.11,20443.49,123497.51,96148.88,49.7010479,13.2132994
546429,CHRABERCE,97308.28,1630.88,11834.65,1320.21,6218.85,37567.59,948.1,50.408251,13.8294967
546437,VOLEVČICE,108270.86,82959.11,13167.93,1468.94,6919.46,41799.89,1788.26,50.4348828,13.6903855
546445,HŘÍŠICE,292910.24,3969.89,35623.81,5191.95,18719.54,113083.2,5052.63,49.1031816,15.4957577
546453,KÁMEN,175647.6,984.04,21362.3,3113.43,11225.42,67811.88,895.58,50.8102142,14.2684336
546461,CHLUM U TŘEBONĚ,1665819.23,20133.43,202597.32,29527.34,106460.45,643119.13,11841.03,48.9600188,14.9330555
546470,LITÍČ,147071.0,,17886.8,2606.89,9399.13,56779.37,1210.65,50.3752562,15.8481914
546488,SIRÁ,139434.15,,16958.01,2471.53,8911.06,53831.04,1735.75,49.8211318,13.7384187
546496,LUDVÍKOVICE,764916.99,6826.52,93029.38,13558.47,48884.91,295309.8,6945.92,50.7940643,14.2564109
546500,JAROŠOV NAD NEŽÁRKOU,951034.48,139594.27,115665.03,16857.48,60779.44,367163.77,12418.63,49.1898915,15.0673376
546518,LOUČNÁ POD KLÍNOVCEM,226765.24,129134.49,27579.24,4019.51,14492.29,87546.76,9682.28,50.4188425,12.9814194
546526,TĚŠKOV,281701.31,0.94,34260.58,4993.27,18003.19,108755.8,1420.69,49.8021898,13.6980263
546534,TÝČEK,184762.56,62.0,22470.87,3274.99,11807.95,71330.87,161.18,49.8692411,13.7943126
546542,KARDAŠOVA ŘEČICE,2028200.2,3652.5,246670.17,35950.7,129619.77,783022.75,27051.44,49.1847779,14.8531546
546551,ÚJEZD U SVATÉHO KŘÍŽE,174169.5,582.0,21182.53,3087.22,11130.96,67241.23,895.58,49.8597298,13.5695012
546577,PULEČNÝ,359424.77,,43713.32,6370.96,22970.39,138762.33,1525.71,50.6753874,15.1678776
546585,JIŘETÍN POD BUKOVOU,322225.9,4214.93,39189.19,5711.59,20593.06,124401.04,9787.3,50.7559316,15.2631237
546593,NOVÁ VES,762946.19,8109.62,92789.68,13523.54,48758.95,294548.94,5630.25,50.8315053,15.0010644
546607,DĚTŘICHOV,630286.68,14844.6,76655.61,11172.09,40280.85,243333.38,11998.55,50.8926459,15.0365656
546615,KUNŽAK,1405673.54,56703.15,170958.33,24916.15,89834.86,542685.27,17999.29,49.1215178,15.1907075
546623,LÁSENICE,453284.14,3696.02,55128.52,8034.65,28968.84,174998.4,2841.38,49.0742879,14.9701818
546631,BÍLÝ POTOK,598877.04,4305.0,72835.56,10615.35,38273.49,231207.13,4209.56,50.8736749,15.221633
546658,JANŮV DŮL,140542.71,,17092.83,2491.18,8981.91,54259.02,1315.66,50.7043334,14.939755
546666,LODHÉŘOV,612549.47,26932.63,74498.41,10857.7,39147.28,236485.61,1945.78,49.2150824,14.9597777
546674,LOMNICE NAD LUŽNICÍ,1514313.93,39340.02,184171.2,26841.85,96777.93,584627.82,19525.0,49.0804971,14.7205674
546691,LKÁŇ,148179.57,6402.65,18021.63,2626.55,9469.97,57207.36,263.04,50.4430208,13.9696669
546712,MAJDALENA,424461.18,,51623.06,7523.76,27126.79,163870.79,6315.79,48.9607055,14.8613101
546721,SEDLEC,155939.6,,18965.41,2764.1,9965.91,60203.25,843.08,50.4500613,14.0162901
546755,BRZÁNKY,69101.19,5473.0,8404.11,937.51,4416.18,26677.75,181.32,50.4618374,14.3011859
546763,HORNÍ ŘEPČICE,73905.03,697.43,8988.34,1002.69,4723.18,28532.34,100.74,50.5567297,14.2523048
546771,KAMÝK,163945.97,685.58,19939.14,2906.01,10477.59,63294.26,895.58,50.5580627,14.0776907
546780,BÝČKOVICE,229967.8,131.19,27968.74,4076.28,14696.95,88783.15,1630.73,50.5597753,14.2135142
546798,NOVÁ BYSTŘICE,2974307.67,27578.2,361735.97,52720.86,190084.33,1148284.37,41786.35,49.0193392,15.1029382
546801,NOVÁ VČELNICE,1829149.33,162810.36,222461.56,32422.43,116898.68,706175.63,20945.69,49.2393496,15.0726025
546810,CHUDOSLAVICE,138448.74,,16838.17,2454.07,8848.09,53450.6,221.62,50.5829237,14.1872344
546828,STAŇKOVICE,33503.61,1394.66,4074.72,454.55,2141.17,12934.67,80.59,50.5893992,14.16702
546844,NOVOSEDLY NAD NEŽÁRKOU,737818.49,11554.81,89733.65,13078.14,47153.08,284847.94,5577.74,49.0809213,14.8219924
546852,ČERNĚVES,182914.93,669.13,22246.16,3242.25,11689.87,70617.57,1158.14,50.4543911,14.2431062
546861,DOBROMĚŘICE,1037503.35,24289.44,126181.39,18390.19,66305.56,400546.61,12789.13,50.3700911,13.7947324
546879,LÍŠŤANY,345382.8,26788.61,42005.54,6122.05,22072.99,133341.18,1525.71,50.3125498,13.7996032
546887,VRŠOVICE,191906.71,1469.03,23339.74,3401.63,12264.52,74089.0,1683.24,50.3685873,13.8422308
546895,BRODEC,69101.19,3331.0,8404.11,937.51,4416.18,26677.75,80.59,50.2949192,13.8016141
546909,LUKOV,134014.45,3534.11,16298.86,2375.46,8564.7,51738.65,221.62,50.5281229,13.8854071
546917,PÍSEČNÉ,499105.25,410372.51,60701.29,8846.85,31897.2,192688.46,10735.4,48.9648055,15.4622323
546925,STEBNO,375191.17,1083.0,45630.83,6650.42,23978.01,144849.22,843.08,50.6150984,14.0172075
546933,OKŘEŠICE,156678.65,,19055.29,2777.19,10013.14,60488.58,2053.73,49.2592483,15.8516719
546941,DOBŠICE,1720262.6,11005.33,209218.73,30492.37,109939.86,664137.96,27839.09,48.8483464,16.0854109
546950,NOVÁ PLÁŇ,59616.71,,7250.6,1056.73,3810.03,23016.09,3526.93,49.9219107,17.4750953
546968,PLUHŮV ŽĎÁR,581632.53,10388.79,70738.28,10309.68,37171.42,224549.58,7316.41,49.2238913,14.8927009
546976,HRANIČNÉ PETROVICE,146208.77,2988.0,17781.94,2591.62,9344.03,56446.5,1525.71,49.7392345,17.402194
546984,BÍLOV,459319.72,18364.46,55862.57,8141.64,29354.55,177328.55,9629.76,49.7344041,18.00187
546992,POPELÍN,428402.78,8261.61,52102.45,7593.62,27378.69,165392.52,4262.07,49.2135198,15.1840905
547000,ŽIVOTICE U NOVÉHO JIČÍNA,529283.14,23178.92,64371.53,9381.77,33825.84,204339.17,5315.19,49.5571246,18.0472431
547018,STŘEŇ,471144.53,,57300.71,8351.23,30110.27,181893.72,1315.66,49.6915767,17.1531102
547026,BYSTROVANY,764424.29,848.5,92969.46,13549.75,48853.42,295119.6,30207.88,49.596248,17.3249925
547069,RAPŠACH,659602.34,672.72,80220.98,11691.73,42154.37,254651.21,3421.91,48.8792113,14.9329133
547077,SAMOTIŠKY,1037010.66,5559.62,126121.47,18381.45,66274.07,400356.41,6210.78,49.6295413,17.3283712
547085,RODVÍNOV,483954.73,1898.42,58858.69,8578.3,30928.94,186839.33,6525.83,49.1709924,15.0569881
547093,MUTKOV,54812.89,,6666.36,743.66,3503.03,21161.48,100.74,49.8018422,17.2848358
547123,KOMÁROV,157417.69,9626.1,19145.17,2790.3,10060.38,60773.91,4842.59,49.7639048,17.2409399
547131,SVATOŇOVICE,250291.68,16699.31,30440.53,4436.53,15995.84,96629.55,1945.78,49.7935092,17.6672221
547166,SLAVONICE,1996174.68,369353.13,242775.22,35383.03,127573.07,770658.73,21260.74,48.9975333,15.3515379
547182,KOZMICE,1475390.62,,179437.34,26151.92,94290.4,569600.79,14052.28,49.9128025,18.1558425
547191,JEZDKOVICE,207796.29,11809.85,25272.23,3683.28,13280.0,80223.46,2368.78,49.9230321,17.7748053
547204,STARÉ HOBZÍ,576582.36,100716.9,70124.08,10220.16,36848.67,222599.87,2946.4,49.0103965,15.4532073
547212,STARÉ MĚSTO POD LANDŠTEJNEM,586190.01,2688.46,71292.56,10390.46,37462.68,226309.08,5210.16,49.003459,15.2538588
547221,STRÁŽ NAD NEŽÁRKOU,901271.76,4990.0,109612.87,15975.43,57599.17,347951.99,7894.01,49.0697105,14.9055137
547239,STRMILOV,1282375.33,37138.44,155962.78,22730.64,81955.02,495083.8,20365.16,49.159151,15.2014514
547247,STŘÍBŘEC,382088.97,3976.47,46469.75,6772.68,24418.84,147512.24,1788.26,49.0299432,14.8779581
547255,ŠVÁBOV,82773.63,32.32,10066.95,1123.01,5289.96,31956.24,2158.74,49.3084223,15.3570278
547263,STUDENÁ,1965873.63,7314.86,239090.0,34845.93,125636.57,758960.48,39260.04,49.184688,15.286762
547280,SUCHDOL NAD LUŽNICÍ,3194914.16,12047.8,388566.18,56631.19,204183.03,1233453.43,58942.57,48.8880893,14.8746872
547336,TŘEBOŇ,7406268.76,52356.33,900752.08,131279.22,473325.51,2859321.76,257133.12,49.0040317,14.7714476
547433,VLKOŠ,542709.22,1303.5,66004.41,9619.74,34683.88,209522.54,9367.21,49.394951,17.4196334
547441,VOLFÍŘOV,681773.85,11673.94,82917.49,12084.72,43571.33,263210.92,4842.59,49.1068195,15.3702514
547450,VÝKLEKY,223193.17,1908.5,27144.8,3956.2,14264.01,86167.7,2316.28,49.5548991,17.4756201
547468,ZAHRÁDKY,218266.17,2884.95,26545.59,3868.86,13949.12,84265.53,4472.11,49.2008082,15.2417137
547476,PASEKY NAD JIZEROU,235757.02,53274.68,28672.82,4178.89,15066.94,91018.19,8684.58,50.7251192,15.3996026
547484,KTOVÁ,208288.99,3157.02,25332.15,3692.01,13311.48,80413.67,1473.2,50.5198453,15.2468061
547492,PELHŘIMOV,14258619.35,198516.74,1734136.5,252740.0,911250.8,5504793.57,733037.84,49.4308737,15.2232341
547514,ZÁBEŠTNÍ LHOTA,125022.67,147.03,15205.28,2216.08,7990.05,48267.23,1473.2,49.5118664,17.4311098
547531,HOŘENICE,109502.6,8844.05,13317.73,1485.65,6998.17,42275.42,3684.46,50.3692257,15.9112041
547549,BOHDALÍN,161975.18,192.53,19699.46,2871.09,10351.64,62533.4,1788.26,49.3076778,15.0158407
547565,VESTEC,142883.04,277.42,17377.47,2532.66,9131.48,55162.55,1158.14,50.4218485,16.0212842
547581,BOŽEJOV,517581.51,3816.0,62948.38,9174.35,33078.0,199821.55,8737.09,49.3621043,15.1557959
547603,BRATŘICE,149534.49,51310.0,18186.42,2650.57,9556.56,57730.45,303.33,49.5164508,15.0012236
547638,BUDÍKOV,271354.61,3.96,33002.21,4809.88,17341.93,104761.27,8314.1,49.5791415,15.3626012
547646,VELKÉ POŘÍČÍ,1907981.35,3061.29,232049.12,33819.77,121936.74,736610.13,72886.91,50.4617723,16.1893082
547654,ŠESTAJOVICE,146085.59,227.8,17766.97,2589.42,9336.15,56398.94,895.58,50.3411311,16.007977
547662,CETORAZ,275542.57,,33511.55,4884.11,17609.59,106378.11,1578.22,49.4552321,14.9568112
547689,ČÁSLAVSKO,121573.77,,14785.83,2154.95,7769.63,46935.72,221.62,49.5924095,15.0027462
547701,LIBCHYNĚ,52349.38,1542.0,6366.74,710.23,3345.59,20210.41,201.48,50.3568561,16.1907522
547719,ČASTROV,633366.05,14087.51,77030.12,11226.68,40477.65,244522.23,4472.11,49.3077967,15.1802888
547727,SENDRAŽ,76368.52,14.47,9287.96,1036.11,4880.61,29483.43,60.44,50.3676132,16.2020807
547735,ČEJOV,539999.37,0.05,65674.84,9571.71,34510.69,208476.36,3261.46,49.565649,15.3792487
547743,VERNÉŘOVICE,280715.91,3471.14,34140.73,4975.81,17940.21,108375.37,1945.78,50.6148394,16.2211087
547751,BUKOVICE,320501.46,53097.0,38979.46,5681.02,20482.86,123735.29,2316.28,50.5494761,16.2278304
547760,ČERNOVICE,1567648.72,29776.1,190657.79,27787.23,100186.49,605218.67,29574.85,49.3725903,14.9599829
547778,ČERVENÁ ŘEČICE,862841.16,6204.06,104938.93,15294.22,55143.11,333115.17,12051.06,49.5116159,15.1792161
547786,ADRŠPACH,467202.92,264.07,56821.32,8281.37,29858.36,180372.0,56101.19,50.6189263,16.108519
547794,HODONÍN,85483.48,1180.0,10396.52,1159.78,5463.14,33002.41,2421.3,49.8368626,15.7866568
547808,ROZHOVICE,230830.02,6174.02,28073.6,4091.56,14752.06,89116.03,2316.28,49.9672615,15.71328
547816,JENÍKOV,336391.03,622.0,40911.95,5962.67,21498.34,129869.74,1210.65,49.7424903,15.9573445
547824,KŘIŽANOVICE,93982.56,,11430.18,1275.09,6006.31,36283.63,948.1,49.8594182,15.7616915
547832,LICIBOŘICE,239698.62,,29152.2,4248.75,15318.85,92539.92,2841.38,49.8769028,15.7599165
547841,VYŽICE,178111.11,319.72,21661.91,3157.09,11382.86,68762.95,221.62,49.9231749,15.6210658
547859,ZÁJEZDEC,125392.19,5012.45,15250.23,2222.63,8013.66,48409.88,201.48,49.9316561,15.9268364
547867,BOR U SKUTČE,112705.15,3512.03,13707.22,1529.1,7202.85,43511.83,283.19,49.8223127,16.1269476
547875,LIPOVEC,186240.66,4086.41,22650.63,3301.2,11902.42,71901.52,843.08,49.9163359,15.5449738
547883,HOJANOVICE,80679.65,16721.0,9812.27,1094.61,5156.14,31147.81,303.33,49.597256,15.2655115
547891,STOLANY,358808.89,1554.93,43638.42,6360.04,22931.03,138524.56,6000.73,49.9278002,15.745109
547905,RYBNÍK,735354.98,4532.92,89434.03,13034.47,46995.63,283896.87,19367.47,49.8886266,16.4744207
547913,HORNÍ CEREKEV,1656827.45,13010.17,201503.73,29367.97,105885.8,639647.7,25998.32,49.3192961,15.3291878
547921,TRPÍK,74644.07,,9078.23,1012.72,4770.41,28817.67,201.48,49.8487451,16.5695567
547930,HORNÍ VES,285889.26,,34769.92,5067.51,18270.83,110372.63,2106.23,49.2934047,15.3074515
547948,HOŘEPNÍK,597891.64,22637.85,72715.71,10597.88,38210.52,230826.7,7473.93,49.512465,15.1064647
547956,HOŘICE,170474.25,20977.33,20733.12,3021.73,10894.81,65814.61,4314.58,49.5992597,15.1853982
547964,SOBKOVICE,184639.38,,22455.88,3272.81,11800.08,71283.32,2106.23,50.0479103,16.5949808
547972,HRÁDEK,89055.55,75.5,10830.95,1208.24,5691.43,34381.48,141.03,49.9682112,16.3383012
547981,ALBRECHTICE,361888.26,2235.07,44012.93,6414.62,23127.84,139713.4,5367.7,49.927545,16.644696
547999,HUMPOLEC,9859053.31,68897.18,1199060.29,174755.85,630079.95,3806262.86,375543.37,49.5418861,15.3586709
548006,BOŠÍN,80310.13,6309.67,9767.34,1089.59,5132.52,31005.15,181.32,50.0341346,16.2029638
548014,DLOUHÁ TŘEBOVÁ,1014839.15,3030.0,123424.97,17988.45,64857.12,391796.7,9052.16,49.9404,16.4232922
548022,VRAČOVICE-ORLOV,126623.94,53.01,15400.03,2244.46,8092.38,48885.43,4577.13,49.952866,16.2519856
548031,DLOUHOŇOVICE,586190.01,0.36,71292.56,10390.46,37462.68,226309.08,8261.59,50.070198,16.4415402
548049,HELVÍKOVICE,424091.66,802.94,51578.13,7517.2,27103.18,163728.13,19577.51,50.0939443,16.4419939
548057,VRCHOVNICE,57276.39,,6965.97,777.09,3660.46,22112.57,161.18,50.3229339,15.7575213
548065,OBĚDOVICE,241546.25,219.51,29376.91,4281.51,15436.92,93253.23,2263.77,50.161057,15.5820221
548073,JEŽOV,59247.2,276.5,7205.66,803.82,3786.41,22873.43,201.48,49.6130252,15.2337157
548081,JIŘICE,784748.17,7791.91,95441.25,13910.0,50152.29,302965.99,11578.48,49.5532182,15.3183362
548090,KALIŠTĚ,332203.09,19230.0,40402.61,5888.45,21230.69,128252.91,1788.26,49.5924885,15.303317
548103,KÁMEN,235510.67,5908.54,28642.86,4174.53,15051.19,90923.09,4472.11,49.4232875,15.0158602
548111,KAMENICE NAD LIPOU,3281875.74,143940.87,399142.47,58172.62,209740.63,1267026.5,97779.61,49.303118,15.0754914
548120,KEJŽLICE,385414.7,0.01,46874.22,6831.64,24631.38,148796.2,1420.69,49.5898733,15.3920734
548146,KOBEROVICE,146208.77,75884.36,17781.94,2591.62,9344.03,56446.5,2053.73,49.5876534,15.2631745
548154,SVĚTÍ,246350.07,2321.61,29961.15,4366.66,15743.93,95107.83,3051.42,50.2568164,15.7762192
548162,KOMOROVICE,154215.15,144.93,18755.68,2733.53,9855.69,59537.49,25260.27,49.5086913,15.3455211
548171,KOŠETICE,776372.28,132546.7,94422.58,13761.53,49616.99,299732.33,8737.09,49.5583099,15.1161555
548189,KOUTY,150643.07,3147.15,18321.25,2670.21,9627.41,58158.44,2211.27,49.6487894,15.2929895
548197,NEJEPÍN,76984.4,1.5,9362.86,1044.47,4919.98,29721.19,161.18,49.7445065,15.6005748
548201,KŘEČ,210506.14,29979.58,25601.81,3731.31,13453.19,81269.64,4790.08,49.3892523,14.9169974
548219,KŘELOVICE,295496.92,825.05,35938.4,5237.81,18884.85,114081.84,1105.63,49.5367181,15.1681581
548227,KŘEŠÍN,176017.14,20046.0,21407.24,3119.98,11249.04,67954.55,2526.32,49.5817217,15.0437149
548235,LESKOVICE,96446.05,1637.89,11729.79,1308.51,6163.75,37234.71,283.19,49.4298968,15.0811061
548243,HORNÍ PASEKA,80063.77,1691.45,9737.37,1086.25,5116.78,30910.05,161.18,49.6297296,15.2931026
548251,PODMOKY,141774.48,12268.76,17242.65,2513.02,9060.64,54734.56,161.18,49.8302807,15.4389506
548260,BARTOUŠOV,158526.27,7842.02,19280.0,2809.94,10131.22,61201.89,1053.12,49.5810813,15.6468623
548278,BŘEVNICE,121327.41,,14755.87,2150.59,7753.89,46840.6,1945.78,49.6312604,15.6125932
548286,KNYK,321486.85,8696.89,39099.3,5698.49,20545.83,124115.72,4947.62,49.6469373,15.5786349
548308,KYJOV,124160.44,17756.15,15100.42,2200.79,7934.94,47934.35,2158.74,49.6297304,15.6231706
548316,MICHALOVICE,166532.65,4937.64,20253.74,2951.87,10642.89,64292.9,1105.63,49.5769345,15.5243215
548324,SKORKOV,92011.76,4635.32,11190.49,1248.35,5880.35,35522.78,221.62,49.5083675,15.4756187
548332,LUKAVEC,903365.74,4084.46,109867.54,16012.53,57733.0,348760.4,35102.99,49.5654085,14.9904124
548341,SLAVNÍČ,56167.82,8.0,6831.14,762.04,3589.61,21684.58,40.29,49.5147252,15.4522608
548359,OSTROV,121327.41,,14755.87,2150.59,7753.89,46840.6,1788.26,49.6930027,15.3013898
548367,MEZILESÍ,101742.58,1078.28,12373.96,1380.37,6502.24,39279.53,263.04,49.5409253,14.9490784
548375,ČEČKOVICE,70456.13,,8568.89,955.9,4502.77,27200.84,141.03,49.7846083,15.6639643
548383,MLADÉ BŘÍŠTĚ,225040.8,1150.99,27369.51,3988.94,14382.09,86881.0,1053.12,49.4914629,15.335168
548391,MNICH,399333.48,7197.38,48567.03,7078.35,25520.91,154169.79,1735.75,49.2982286,14.9662777
548405,MORAVEČ,174046.33,8245.98,21167.55,3085.04,11123.09,67193.68,1158.14,49.4086289,15.0771077
548413,JILEM,120711.54,10779.5,14680.96,2139.66,7714.52,46602.84,,49.7133742,15.5833658
548421,SEDLETÍN,233663.04,,28418.15,4141.77,14933.12,90209.77,1315.66,49.7085242,15.5643918
548430,BEZDĚKOV,182791.76,,22231.17,3240.06,11682.0,70570.01,221.62,49.7326801,15.7303592
548448,DOLNÍ SOKOLOVEC,66391.35,6.57,8074.53,900.75,4242.98,25631.56,241.77,49.7265481,15.7151717
548456,NOVÁ CEREKEV,1073963.17,68996.16,130615.65,19036.44,68635.67,414622.57,11946.05,49.4172344,15.1167459
548464,NOVÝ RYCHNOV,954729.73,44685.98,116114.45,16922.98,61015.6,368590.39,8737.09,49.3834031,15.3660471
548472,OBRATAŇ,735724.5,769.64,89478.98,13041.03,47019.25,284039.53,14734.91,49.4247261,14.9452214
548481,LÁNY,47668.74,,5797.49,646.73,3046.44,18403.36,948.1,49.7593757,15.712771
548499,SLOUPNO,35104.89,,4269.46,476.27,2243.52,13552.87,1000.61,49.7369857,15.7504616
548502,ONŠOV,208412.16,49291.93,25347.14,3694.19,13319.37,80461.23,1578.22,49.5782242,15.1363732
548511,PACOV,4150752.47,67644.94,504815.45,73573.82,265269.48,1602471.8,121041.58,49.4707194,15.0036121
548529,KOCHÁNOV,143375.75,11455.79,17437.39,2541.4,9162.97,55352.75,2001.22,49.5341748,15.5402316
548537,ÚHOŘILKA,44096.67,4228.5,5363.05,598.27,2818.16,17024.3,181.32,49.5246771,15.530871
548545,PÍŠŤ,77230.75,87500.5,9392.82,1047.81,4935.72,29816.3,201.48,49.6017368,15.2034203
548553,SLAVĚTÍN,92134.94,89.5,11205.47,1250.02,5888.23,35570.33,161.18,49.6685717,15.7727816
548561,POČÁTKY,2237228.23,13489.47,272092.21,39655.81,142978.5,863721.75,41523.8,49.2602542,15.2404051
548570,KUNEMIL,98540.03,,11984.46,1336.92,6297.57,38043.13,141.03,49.7074595,15.4315114
548588,OKROUHLIČKA,220852.84,5640.05,26860.17,3914.71,14114.43,85264.17,2788.86,49.5344399,15.5568709
548596,HEŘMANICE,55675.12,0.02,6771.21,755.36,3558.13,21494.36,181.32,49.8239091,15.5472249
548600,POŠNÁ,236003.37,,28702.79,4183.26,15082.68,91113.3,6945.92,49.4587713,15.0422479
548618,KRABOROVICE,98170.5,6514.54,11939.52,1331.91,6273.95,37900.47,161.18,49.8005035,15.5718723
548626,ZVĚSTOVICE,81911.4,10169.23,9962.08,1111.31,5234.85,31623.36,241.77,49.8481242,15.5126215
548634,PODMOKLANY,108640.38,,13212.87,1473.95,6943.08,41942.55,80.59,49.7205291,15.7716044
548642,HŘIBINY-LEDSKÁ,273202.24,10462.02,33226.92,4842.62,17460.01,105474.58,1000.61,50.1545584,16.1778877
548651,LIBEL,134753.48,,16388.75,2388.56,8611.93,52023.98,20.15,50.1549483,16.2021715
548669,ROHENICE,232924.0,8746.48,28328.28,4128.67,14885.88,89924.46,1158.14,50.3092764,16.0321385
548677,VYSOKÝ ÚJEZD,76984.4,4568.39,9362.86,1044.47,4919.98,29721.19,241.77,50.2402417,16.0200771
548685,KRCHLEBY,78955.2,,9602.55,1071.21,5045.92,30482.06,4737.58,50.0791084,16.2345267
548693,SVÍDNICE,134753.48,,16388.75,2388.56,8611.93,52023.98,895.58,50.0860526,16.2232796
548707,VRBICE,108763.57,,13227.85,1475.63,6950.94,41990.11,161.18,50.0891317,16.2516795
548715,ŘEČICE,144484.32,5864.01,17572.22,2561.04,9233.82,55780.74,161.18,49.6028809,15.371621
548723,POLOM,121573.77,332.0,14785.83,2154.95,7769.63,46935.72,241.77,50.0589398,16.3066512
548731,SALAČOVA LHOTA,117755.34,27933.86,14321.44,1597.62,7525.59,45461.53,3261.46,49.5240331,14.9802255
548740,SAMŠÍN,138941.44,14681.96,16898.09,2462.8,8879.57,53640.81,1945.78,49.4855587,15.0617084
548758,PRORUBY,43973.49,,5348.07,596.6,2810.29,16976.74,80.59,50.0705811,16.295346
548766,SEDLICE,121573.77,342.52,14785.83,2154.95,7769.63,46935.72,1368.19,49.515141,15.2563391
548774,SENOŽATY,798051.07,2590.08,97059.15,14145.79,51002.46,308101.81,13104.18,49.5690665,15.1980095
548782,JAHODOV,85237.13,875.0,10366.56,1156.44,5447.4,32907.31,181.32,50.1502668,16.3334315
548791,CHLÍSTOV,58015.44,,7055.85,787.11,3707.69,22397.9,843.08,50.3223715,16.1694576
548804,LAMPERTICE,265811.74,81.36,32328.08,4711.62,16987.69,102621.35,1105.63,50.6646847,15.9504466
548812,STANOVICE,51610.34,,6276.86,700.21,3298.36,19925.09,1788.26,50.4007488,15.8714928
548821,BOROVNIČKA,178850.15,62.25,21751.8,3170.19,11430.09,69048.28,1788.26,50.5008657,15.6672066
548839,ZÁBŘEZÍ-ŘEČICE,104082.91,947.0,12658.59,1412.13,6651.81,40183.05,843.08,50.4111695,15.7361631
548847,ZDOBÍN,103836.56,773.02,12628.62,1408.78,6636.07,40087.96,1263.16,50.4152957,15.7049521
548855,BŘÍŠŤANY,192276.24,1105.18,23384.68,3408.17,12288.14,74231.66,2368.78,50.316256,15.6211545
548863,MILOVICE U HOŘIC,252262.47,4304.14,30680.22,4471.45,16121.78,97390.42,3684.46,50.3302297,15.6305021
548871,PETROVIČKY,43850.31,206.64,5333.08,594.93,2802.42,16929.19,895.58,50.2989849,15.6073464
548880,SUKORADY,180081.91,23432.65,21901.59,3192.03,11508.82,69523.82,303.33,50.3257009,15.582691
548898,ROKYTŇANY,122928.69,666.61,14950.62,2178.97,7856.21,47458.81,201.48,50.3775771,15.1280474
548901,BÍLSKO U HOŘIC,88070.16,320.5,10711.11,1194.87,5628.45,34001.04,1263.16,50.3696574,15.6004468
548910,OHAVEČ,99032.73,,12044.38,1343.6,6329.05,38233.35,80.59,50.4494361,15.3091056
548928,KOSTELEC,35104.89,10375.99,4269.46,476.27,2243.52,13552.87,60.44,50.3809781,15.3279
548936,TĚMICE,414976.7,5759.83,50469.56,7355.63,26520.65,160209.14,4577.13,49.3517933,15.0604455
548944,KOVAČ,130935.07,926.74,15924.35,2320.88,8367.9,50549.82,40.29,50.3962253,15.4709855
548952,BUDČEVES,136108.42,3471.74,16553.54,2412.58,8698.53,52547.08,7316.41,50.3084735,15.2545351
548961,SEDLIŠTĚ,69717.07,209.88,8479.01,945.87,4455.53,26915.52,201.48,50.3941261,15.2190441
548979,BOREK,93489.85,4642.5,11370.25,1268.4,5974.82,36093.42,263.04,50.4388633,15.6542394
548987,ÚTĚCHOVICE,68608.5,16855.74,8344.18,930.83,4384.69,26487.53,2421.3,49.478071,15.1163823
548995,ČERVENÁ TŘEMEŠNÁ,145469.72,4780.0,17692.06,2578.51,9296.79,56161.18,1683.24,50.3993309,15.6434964
549002,VČELNIČKA,184762.56,13.54,22470.87,3274.99,11807.95,71330.87,1210.65,49.3044027,15.0424051
549011,VELKÁ CHYŠKA,234155.75,3248.0,28478.08,4150.51,14964.61,90399.99,4577.13,49.5117553,15.0372642
549029,VŘESNÍK,81049.18,1592.77,9857.22,1099.62,5179.75,31290.48,141.03,50.438006,15.6281568
549037,CHOTEČ,177495.23,5637.35,21587.01,3146.18,11343.5,68525.19,1420.69,50.4328579,15.5159297
549045,VELKÝ RYBNÍK,164315.5,8892.87,19984.1,2912.56,10501.19,63436.93,241.77,49.4902289,15.3079711
549053,VESELÁ,189320.03,897.0,23025.14,3355.78,12099.21,73090.37,1368.19,49.319059,15.226738
549061,VĚŽNÁ,117755.34,6049.97,14321.44,1597.62,7525.59,45461.53,1945.78,49.414181,14.9887193
549070,BŘEZINA,96322.88,,11714.81,1306.84,6155.88,37187.16,181.32,50.4342939,15.3132604
549088,DOLNÍ LOCHOV,46190.64,,5617.72,626.69,2951.98,17832.72,181.32,50.4522513,15.2862544
549096,STARÉ MÍSTO,221961.42,3077.71,26994.99,3934.36,14185.28,85692.15,6735.88,50.4054687,15.3423762
549100,BRADA-RYBNÍČEK,134630.31,1543.32,16373.77,2386.38,8604.06,51976.43,120.89,50.462366,15.335019
549118,DÍLCE,51610.34,8309.95,6276.86,700.21,3298.36,19925.09,141.03,50.4671939,15.3593276
549126,VOJSLAVICE,89301.9,9158.05,10860.92,1211.58,5707.18,34476.59,201.48,49.5931019,15.2289648
549134,VYKLANTICE,135862.07,,16523.58,2408.21,8682.78,52451.97,843.08,49.55448,15.0404132
549142,VYSKYTNÁ,609100.56,14.72,74078.94,10796.57,38926.87,235154.1,6525.83,49.4290839,15.3652559
549151,JINOLICE,180081.91,,21901.59,3192.03,11508.82,69523.82,1578.22,50.478728,15.3297112
549169,KBELNICE,163330.11,233.53,19864.24,2895.09,10438.22,63056.49,3947.01,50.4548296,15.350606
549177,ZACHOTÍN,223316.35,1565.86,27159.78,3958.38,14271.87,86215.25,1630.73,49.4629538,15.3476248
549185,OHAŘICE,70702.47,,8598.85,959.24,4518.5,27295.95,141.03,50.4542389,15.2585565
549193,ZÁMOSTÍ-BLATA,92011.76,809.16,11190.49,1248.35,5880.35,35522.78,283.19,50.4711279,15.2536444
549207,NEVRATICE,138325.57,784.0,16823.19,2451.88,8840.22,53403.05,303.33,50.3469433,15.4929459
549215,ŽELIV,1095395.62,5789.67,133222.26,19416.35,70005.39,422896.96,16473.57,49.5299527,15.2212786
549223,CHYJICE,141158.59,8328.65,17167.74,2502.09,9021.27,54496.79,181.32,50.3876348,15.2954632
549231,ŽIROVNICE,2750991.33,38614.56,334576.19,48762.48,175812.46,1062069.13,90043.13,49.2531813,15.188238
549240,PÍSEK,26370544.14,471652.66,3207191.52,467428.95,1685308.98,10180817.53,937386.67,49.3089887,14.147769
549258,ALBRECHTICE NAD VLTAVOU,967047.24,39585.22,117612.5,17141.32,61802.8,373345.78,6105.76,49.2558746,14.3080398
549266,BERNARTICE,1342238.4,35267.1,163243.34,23791.74,85780.81,518195.01,16208.11,49.3689077,14.3800064
549274,RAŠÍN,80679.65,,9812.27,1094.61,5156.14,31147.81,120.89,50.3332606,15.6779172
549282,BUTOVES,198681.35,801.02,24163.67,3521.71,12697.47,76704.47,1630.73,50.3863725,15.4276717
549291,BOŽETICE,310154.75,2062.7,37721.09,5497.62,19821.6,119740.76,3156.43,49.450991,14.4439354
549304,BRANICE,244379.28,,29721.47,4331.72,15617.98,94346.96,3526.93,49.4024637,14.339536
549312,KACÁKOVA LHOTA,157540.88,7418.23,19160.16,2792.48,10068.25,60821.45,1315.66,50.4095272,15.4192193
549321,CERHONICE,136724.29,16338.25,16628.44,2423.49,8737.88,52784.84,1368.19,49.4179904,14.0556347
549339,ČIMELICE,947708.76,57728.53,115260.55,16798.53,60566.91,365879.82,30417.93,49.4655743,14.0692229
549347,ČÍŽOVÁ,1171025.11,17591.33,142420.34,20756.91,74838.77,452095.06,14157.3,49.3568245,14.0929462
549355,CHOLENICE,166779.01,9726.15,20283.71,2956.23,10658.64,64388.01,161.18,50.3247278,15.2806567
549363,DOBEV,861732.57,3964.26,104804.11,15274.57,55072.26,332687.18,8842.12,49.2951763,14.0495304
549371,DRAŽÍČ,243886.57,15154.22,29661.54,4323.0,15586.49,94156.75,241.77,49.3058685,14.3838199
549380,DRHOVLE,543448.27,9466.58,66094.3,9632.86,34731.11,209807.87,11050.45,49.3334664,14.0406164
549398,HEŘMAŇ,240068.15,1393.58,29197.15,4255.32,15342.45,92682.58,283.19,49.2323649,14.1353707
549401,POZLOVICE,1102786.12,30339.74,134121.1,19547.34,70477.71,425750.2,17208.73,49.1292132,17.7692535
549410,HRAZANY,231445.91,3801.0,28148.5,4102.48,14791.42,89353.8,181.32,49.5228347,14.334875
549428,HREJKOVICE,409187.48,10349.06,49765.47,7253.02,26150.67,157974.11,5157.66,49.4743677,14.2908076
549436,KOMÁROV,258174.88,,31399.28,4576.26,16499.64,99673.0,1735.75,49.1507357,17.5688728
549444,OLDŘICHOVICE,269753.34,1360.62,32807.47,4781.49,17239.61,104143.07,1263.16,49.1817628,17.5614329
549452,CHYŠKY,1022968.69,1279.73,124413.68,18132.54,65376.67,394935.25,9839.8,49.523455,14.4275682
549461,POHOŘELICE,715400.62,6032.78,87007.19,12680.78,45720.38,276193.14,34837.53,49.1765653,17.5378455
549479,JETĚTICE,295004.22,15.3,35878.48,5229.08,18853.36,113891.63,3369.4,49.3859492,14.2926062
549487,KESTŘANY,618338.69,115.57,75202.49,10960.32,39517.26,238720.65,7788.99,49.2690466,14.0725381
549495,KLUKY,546527.65,,66468.81,9687.44,34927.9,210996.72,3208.96,49.3167788,14.2452844
549509,KOSTELEC NAD VLTAVOU,440966.64,65871.12,53630.46,7816.32,28181.64,170243.01,5892.8,49.4998846,14.2117543
549517,KOVÁŘOV,1394587.8,118437.89,169610.07,24719.66,89126.38,538405.42,14209.81,49.5179691,14.2778034
549525,KRÁLOVA LHOTA,183407.63,9731.08,22306.08,3250.98,11721.35,70807.78,1158.14,49.4957025,14.110547
549533,POTEČ,578306.81,565.0,70333.8,10250.73,36958.87,223265.62,2001.22,49.1543011,18.0355053
549541,KUČEŘ,175401.25,6465.23,21332.33,3109.06,11209.68,67716.77,1473.2,49.4342359,14.2456197
549550,LHOTSKO,216295.37,175.5,26305.88,3833.93,13823.17,83504.67,6893.4,49.2121965,17.8833679
549568,LETY,259037.11,24456.89,31504.15,4591.54,16554.74,100005.88,8314.1,49.5169273,14.0877612
549576,MILEVSKO,6877724.67,47758.98,836470.42,121910.55,439546.91,2655267.92,214874.18,49.4503023,14.3595152
549584,MIROTICE,1140847.22,66223.33,138750.1,20222.0,72910.14,440444.36,13261.71,49.4290263,14.0368614
549592,MIROVICE,1436836.83,61230.83,174748.43,25468.53,91826.47,554716.41,21155.73,49.515805,14.0365862
549606,MIŠOVICE,251892.95,16101.53,30635.28,4464.91,16098.18,97247.75,2211.27,49.4952814,14.0053299
549614,MYSLÍN,81418.71,,9902.16,1104.63,5203.37,31433.14,60.44,49.532083,14.0273342
549622,LÍPA,649994.68,1443.45,79052.49,11521.43,41540.36,250942.01,28524.64,49.2152839,17.7687317
549631,NADĚJKOV,625359.68,10448.8,76056.39,11084.77,39965.96,241431.22,5157.66,49.5027107,14.4792341
549649,TEČOVICE,1153903.77,2673.84,140338.04,20453.43,73744.57,445485.07,29522.34,49.2210676,17.5873342
549657,NEVĚZICE,137093.81,,16673.39,2430.05,8761.49,52927.51,201.48,49.4777274,14.1533585
549665,RAŠKOVICE,1882976.82,99760.11,229008.06,33376.56,120338.73,726956.7,27681.56,49.6197465,18.472864
549673,KRÁSNÁ,698895.17,69581.42,84999.79,12388.21,44665.53,269820.91,5472.71,49.5811183,18.4768665
549681,ORLÍK NAD VLTAVOU,264949.51,2229.62,32223.22,4696.34,16932.61,102288.47,10210.29,49.510657,14.1647359
549690,BOŘENOVICE,140542.71,662.0,17092.83,2491.18,8981.91,54259.02,263.04,49.3615187,17.5643639
549703,OSLOV,355606.33,6157.24,43248.92,6303.26,22726.36,137288.14,4577.13,49.3993515,14.2117823
549711,OSTROVEC,357207.61,41681.65,43443.67,6331.66,22828.69,137906.35,3894.5,49.420932,14.1170296
549720,PŘÍLEPY,770829.39,22408.51,93748.44,13663.27,49262.75,297592.39,3894.5,49.3207526,17.6138204
549738,PONĚTOVICE,333434.83,10759.0,40552.42,5910.27,21309.41,128728.45,1945.78,49.1521571,16.7422852
549746,PŘEDKLÁŠTEŘÍ,1161294.27,5979.7,141236.87,20584.43,74216.88,448338.31,27313.99,49.3525299,16.4024073
549754,PODOLÍ I,282933.07,1370.23,34410.38,5015.11,18081.9,109231.34,1840.77,49.3611376,14.3120243
549771,PROTIVÍN,4131290.81,98989.22,502448.52,73228.87,264025.7,1594958.29,72414.33,49.2000186,14.2159645
549789,ŘÍČKY,295250.57,885.6,35908.44,5233.44,18869.1,113986.73,161.18,49.2329241,16.355841
549797,PŘEŠTĚNICE,230337.32,10569.41,28013.67,4082.83,14720.57,88925.83,2736.36,49.4796578,14.4203461
549801,PUTIM,443553.32,27099.5,53945.05,7862.17,28346.95,171241.65,4790.08,49.2650264,14.1192913
549827,RAŽICE,324935.76,6333.11,39518.76,5759.62,20766.24,125447.22,5000.13,49.2412362,14.1018686
549835,MILASÍN,40401.41,,4913.62,548.14,2582.01,15597.68,120.89,49.4662376,16.2288044
549843,SEPEKOV,1249733.95,29231.01,151992.92,22152.05,79868.96,482482.01,11210.91,49.4283957,14.4180079
549851,SKÁLY,294881.04,,35863.5,5226.9,18845.48,113844.07,4790.08,49.2198299,14.1605168
549860,SLABČICE,331956.73,6829.5,40372.65,5884.07,21214.94,128157.79,2368.78,49.3265293,14.3378722
549878,SMETANOVA LHOTA,242654.83,614.94,29511.73,4301.15,15507.76,93681.21,2893.89,49.4476019,14.0871616
549886,STŘÍTEŽ,94105.73,9478.49,11445.16,1276.76,6014.18,36331.18,221.62,49.4408195,16.2553907
549894,SKRYJE,57276.39,1574.22,6965.97,777.09,3660.46,22112.57,241.77,49.3935628,16.3106847
549908,ÚJEZD U TIŠNOVA,107654.98,1282.13,13093.02,1460.59,6880.09,41562.12,40.29,49.3655216,16.3245451
549916,PIKÁREC,262978.7,0.01,31983.53,4661.4,16806.65,101527.6,1840.77,49.4309327,16.1122812
549924,RADKOV,129580.14,,15759.57,2296.86,8281.32,50026.71,40.29,49.423363,16.1580392
549932,TÁLÍN,128717.92,2604.0,15654.7,2281.58,8226.21,49693.84,3208.96,49.2476115,14.2269384
549941,ROSIČKA,41633.16,,5063.43,564.85,2660.72,16073.22,181.32,49.5367766,15.8499854
549959,UBUŠÍNEK,70825.64,948.56,8613.83,960.91,4526.38,27343.51,2001.22,49.6104814,16.2816891
549967,HAČKY,91888.58,306.94,11175.51,1246.68,5872.49,35475.23,283.19,49.6223609,16.9373901
549975,VESELÍČKO,176633.01,,21482.14,3130.9,11288.4,68192.31,3526.93,49.3879997,14.3567659
549983,POLOMÍ,108270.86,215.42,13167.93,1468.94,6919.46,41799.89,283.19,49.6314419,16.9493903
549991,VRÁŽ,255095.51,21089.77,31024.77,4521.67,16302.84,98484.16,5682.75,49.3868636,14.1274285
550001,VRCOVICE,149904.03,5311.0,18231.36,2657.11,9580.18,57873.11,241.77,49.3446514,14.1744252
550019,VRACOVICE,157787.23,3384.06,19190.13,2796.84,10083.98,60916.56,263.04,48.9021238,15.8986906
550027,ZÁHOŘÍ,799652.35,15492.48,97253.9,14174.18,51104.8,308720.0,11998.55,49.3432882,14.2134817
550035,ZBELÍTOV,243886.57,565.0,29661.54,4323.0,15586.49,94156.75,1158.14,49.4566294,14.3290687
550043,ZBĚŠIČKY,136354.77,,16583.5,2416.94,8714.26,52642.18,948.1,49.3924996,14.4264701
550051,PLENKOVICE,278252.41,2113.26,33841.12,4932.14,17782.77,107424.29,1263.16,48.9189118,16.0024537
550060,ZHOŘ,271970.48,934.74,33077.12,4820.79,17381.31,104999.05,1158.14,49.5012104,14.3826911
550078,PŘESKAČE,91888.58,1784.09,11175.51,1246.68,5872.49,35475.23,948.1,49.0124296,16.106898
550086,KŘÍDLŮVKY,200282.62,4739.06,24358.42,3550.09,12799.82,77322.66,1263.16,48.7821093,16.237733
550094,PRACHATICE,9669363.75,76116.66,1175990.19,171393.53,617957.13,3733029.83,345020.42,49.0129091,13.997772
550108,KOZLANY,303256.94,32.0,36882.18,5375.36,19380.77,117077.74,3474.42,49.2040701,17.0352087
550116,BOHUMILICE,265934.91,257914.56,32343.06,4713.81,16995.58,102668.91,6998.43,49.0960729,13.8163394
550124,BOŠICE,291924.85,13272.01,35503.96,5174.5,18656.55,112702.78,1105.63,49.0892809,13.8403291
550132,OLŠANY,560939.13,677.0,68221.54,9942.89,35848.93,216560.52,2421.3,49.2480364,16.8660543
550141,MEDLOVICE,319392.88,578.62,38844.64,5661.37,20412.01,123307.3,1630.73,49.274293,17.0926775
550159,BUŠANOVICE,241669.43,11412.51,29391.89,4283.7,15444.8,93300.77,1263.16,49.1154345,13.9346861
550167,ČKYNĚ,1432402.53,30283.38,174209.11,25389.93,91543.08,553004.47,37996.88,49.1150268,13.8290588
550175,PODOMÍ,514009.43,10.48,62513.94,9111.03,32849.72,198442.49,4632.56,49.3447183,16.8332127
550183,DUB,400688.4,20645.32,48731.82,7102.37,25607.5,154692.88,5157.66,49.1083445,14.0114409
550191,UHŘICE,184885.73,5672.61,22485.84,3277.17,11815.82,71378.42,1525.71,49.1724375,17.0783914
550205,HORNÍ VLTAVICE,442814.26,14967.02,53855.16,7849.07,28299.72,170956.33,3208.96,48.9549945,13.7596404
550213,HERŠPICE,760482.7,22988.26,92490.07,13479.87,48601.52,293597.87,3999.51,49.1197695,16.9135619
550221,HRACHOLUSKY,453653.66,46275.4,55173.45,8041.2,28992.45,175141.07,3947.01,49.0585275,14.0884255
550230,HUSINEC,1156490.45,8368.19,140652.63,20499.28,73909.88,446483.7,33521.86,49.0549583,13.9869724
550248,CHLUMANY,298083.59,252.0,36253.0,5283.66,19050.16,115080.47,2526.32,49.0665627,13.9653602
550256,KAŠNICE,147686.87,16593.85,17961.71,2617.8,9438.48,57017.14,1683.24,48.9964365,16.8828389
550264,CHROBOLY,584711.91,4876.42,71112.8,10364.27,37368.22,225738.43,3421.91,48.9565264,14.0669784
550272,CVRČOVICE,533963.79,47511.7,64940.79,9464.74,34124.96,206146.22,11368.43,48.9936682,16.5144768
550281,HYBRÁLEC,377777.85,4058.31,45945.43,6696.27,24143.32,145847.85,9629.76,49.4277855,15.5593442
550299,SMRČNÁ,373959.42,6973.0,45481.03,6628.59,23899.28,144373.69,1368.19,49.4713764,15.5378526
550302,KUROSLEPY,147686.87,7945.0,17961.71,2617.8,9438.48,57017.14,895.58,49.1544104,16.2103022
550311,TŘESOV,86222.53,0.73,10486.41,1169.8,5510.38,33287.74,221.62,49.1802347,16.082821
550329,KTIŠ,551577.83,16445.5,67083.02,9776.95,35250.66,212946.43,7999.04,48.916976,14.1326527
550337,KVILDA,141281.77,17461.93,17182.72,2504.27,9029.14,54544.34,6525.83,49.0192277,13.5792699
550345,LAŽIŠTĚ,245487.85,25763.22,29856.29,4351.37,15688.83,94774.95,1315.66,49.0372041,13.9274888
550353,LENORA,577321.42,102508.02,70213.96,10233.27,36895.9,222885.2,4314.58,48.9231917,13.7950433
550361,LHENICE,1838387.45,15336.74,223585.1,32586.19,117489.07,709742.17,17789.25,48.9946867,14.1497102
550370,POKOJOVICE,83512.67,,10156.83,1133.04,5337.19,32241.56,161.18,49.2196402,15.7423545
550388,MARTÍNKOV,211368.37,3469.72,25706.66,3746.59,13508.29,81602.52,1000.61,49.0966575,15.7114023
550396,NĚMČICE,139187.8,11304.46,16928.05,2467.16,8895.33,53735.93,2998.92,49.0317832,14.2712081
550400,BOHUŠICE,109625.79,12310.58,13332.71,1487.32,7006.05,42322.99,100.74,49.0851054,15.8521234
550418,MALOVICE,603804.04,41353.51,73434.78,10702.67,38588.38,233109.29,5367.7,49.0913237,14.2257077
550426,MIČOVICE,352896.48,8574.73,42919.35,6255.24,22553.18,136241.96,2211.27,48.9835346,14.1250652
550434,NEBAHOVY,507357.98,9305.0,61704.99,8993.14,32424.63,195874.58,4209.56,49.0055854,14.0525949
550442,NETOLICE,2136471.05,55533.91,259838.09,37869.85,136539.23,824822.65,34469.95,49.0494308,14.1960193
550451,NOVÁ PEC,554903.55,,67487.5,9835.9,35463.2,214230.39,5157.66,48.7893877,13.95249
550469,PÁLOVICE,136354.77,21887.82,16583.5,2416.94,8714.26,52642.18,843.08,49.005518,15.5375536
550477,CHOTĚBUDICE,96076.53,246.0,11684.85,1303.49,6140.13,37092.05,120.89,49.0579842,15.5739974
550485,RADHOSTICE,151135.77,,18381.16,2678.94,9658.9,58348.66,843.08,49.0793477,13.8805097
550493,RADKOVICE U BUDČE,128717.92,88.5,15654.7,2281.58,8226.21,49693.84,303.33,49.0824912,15.6217417
550507,LITOHOŘ,445770.47,10453.32,54214.7,7901.47,28488.65,172097.62,3579.43,49.0667438,15.7683194
550515,STACHY,1021244.24,7297.23,124203.96,18101.98,65266.46,394269.5,31155.99,49.1017923,13.666585
550523,STOŽEC,245241.5,4196.62,29826.33,4347.01,15673.08,94679.84,4104.54,48.8593644,13.821417
550531,STRÁŽNÝ,495286.84,10969.04,60236.9,8779.16,31653.18,191214.29,16418.15,48.9088222,13.7202826
550540,STRUNKOVICE NAD BLANICÍ,1140724.03,11317.53,138735.11,20219.81,72902.27,440396.81,12471.15,49.0842781,14.0548747
550558,SVATÁ MAŘÍ,505756.71,162.45,61510.25,8964.76,32322.29,195256.37,2158.74,49.0645237,13.8314289
550566,LUKOV,362996.84,5819.28,44147.75,6434.27,23198.69,140141.39,4472.11,49.0734998,15.8242336
550574,ŠUMAVSKÉ HOŠTICE,426062.45,4535.0,51817.81,7552.14,27229.14,164488.99,,49.0396769,13.871864
550582,TĚŠOVICE,252385.66,7246.5,30695.2,4473.64,16129.66,97437.97,23261.97,49.0571083,14.0239039
550591,JIRATICE,66145.0,,8044.57,897.4,4227.25,25536.45,80.59,48.9830725,15.6127653
550604,TVRZICE,100880.36,,12269.09,1368.68,6447.14,38946.65,2893.89,49.1217345,13.9671295
550612,HORNÍ SMRČNÉ,50501.76,,6142.03,685.17,3227.51,19497.11,141.03,49.3285881,15.7560957
550621,VACOV,1344086.03,14348.89,163468.05,23824.49,85898.88,518908.31,17733.82,49.1368624,13.729106
550639,HROZNATÍN,91642.23,2341.25,11145.55,1243.34,5856.73,35380.11,161.18,49.2977385,15.9082677
550647,VIMPERK,6397834.71,226682.76,778106.1,113404.3,408877.73,2469997.87,219349.2,49.0526997,13.774198
550655,VITĚJOVICE,466094.34,2445.5,56686.5,8261.72,29787.51,179944.01,4104.54,49.0463112,14.0738386
550663,VLACHOVO BŘEZÍ,1613839.37,12373.78,196275.51,28605.98,103138.48,623051.39,30522.94,49.0817729,13.9588404
550671,VOLARY,3537587.12,17854.19,430242.14,62705.21,226082.84,1365748.41,57941.96,48.9095977,13.8883971
550680,ZÁBLATÍ,325305.27,20148.17,39563.71,5766.18,20789.86,125589.89,1840.77,48.9985468,13.9312912
550698,ZÁLEZLY,277759.71,3530.75,33781.19,4923.41,17751.28,107234.08,843.08,49.1074429,13.8945815
550701,ZBYTINY,420150.06,1668.94,51098.74,7447.33,26851.27,162206.4,2998.92,48.9425962,13.9785303
550710,KRAHULOV,217527.12,10319.95,26455.7,3855.76,13901.9,83980.22,10105.28,49.2229056,15.808138
550728,ZDÍKOV,1520103.16,6771.37,184875.28,26944.47,97147.92,586862.86,18051.8,49.0845637,13.6973767
550736,HOSTĚTÍN,159634.85,,19414.83,2829.59,10202.07,61629.87,2736.36,49.0498054,17.8792208
550744,KUNOVICE,4740021.86,59859.35,576482.52,84018.87,302928.96,1829969.74,231977.87,49.0419134,17.4661484
550752,STARÉ MĚSTO,5608529.06,29201.05,682110.57,99413.53,358434.18,2165272.38,258343.77,49.0756787,17.4391956
550761,ŽELNAVA,135123.02,,16433.69,2395.11,8635.55,52166.64,201.48,48.8122133,13.9645911
550779,NALOUČANY,133891.26,,16283.89,2373.28,8556.83,51691.1,948.1,49.2330449,16.1352092
550787,STRAKONICE,19064786.21,333086.66,2318663.6,337931.33,1218406.99,7360299.76,746824.66,49.261277,13.9025043
550795,PODBŘEŽICE,194862.92,13649.58,23699.27,3454.03,12453.45,75230.3,2263.77,49.2124629,16.9280855
550809,BAVOROV,1483027.47,40743.86,180366.14,26287.29,94778.45,572549.13,11736.0,49.1215197,14.0786042
550817,BĚLČICE,952389.4,29552.53,115829.81,16881.5,60866.03,367686.87,9262.2,49.5026548,13.8758456
550825,HOLUBICE,1389414.44,39107.45,168980.9,24627.95,88795.76,536408.16,26785.98,49.1774879,16.8121367
550833,BÍLSKO,192645.76,87.01,23429.62,3414.73,12311.74,74374.32,4052.04,49.1590384,14.0590058
550841,JIŘICE U MORAVSKÝCH BUDĚJOVIC,54320.19,5604.01,6606.44,736.98,3471.54,20971.28,120.89,48.9938733,15.9253872
550850,BLATNÁ,5822607.28,96637.33,708146.81,103208.15,372115.66,2247921.08,235767.36,49.4239848,13.8840972
550906,CEHNICE,578060.45,5833.5,70303.84,10246.37,36943.14,223170.51,4209.56,49.2152308,14.0285653
550922,ČEJETICE,754816.64,48982.58,91800.97,13379.45,48239.41,291410.39,7894.01,49.2528288,14.0208875
550949,ČEPŘOVICE,225163.97,7327.54,27384.49,3991.12,14389.95,86928.55,1263.16,49.1552322,13.9750784
550957,ČESTICE,899916.84,15168.46,109448.09,15951.4,57512.58,347428.89,8632.07,49.1675035,13.8036763
550965,ČÍČENICE,387139.15,6382.26,47083.95,6862.21,24741.59,149461.95,16683.62,49.1532744,14.2306293
550981,DOUBRAVICE,224548.09,,27309.59,3980.21,14350.6,86690.79,2263.77,49.3520099,13.8619198
551015,DRAHONICE,351418.38,1657.71,42739.59,6229.04,22458.72,135671.32,5735.27,49.2008028,14.0755724
551023,DRÁŽOV,209520.75,7338.22,25481.96,3713.85,13390.21,80889.21,221.62,49.1673069,13.7406036
551040,DŘEŠÍN,263840.93,,32088.39,4676.69,16861.75,101860.48,2736.36,49.1611361,13.7756718
551104,HOSLOVICE,165177.73,33.19,20088.95,2927.85,10556.3,63769.81,1263.16,49.1911203,13.7630561
551121,HOŠTICE,110611.19,7803.83,13452.56,1500.69,7069.02,42703.41,,49.1940993,13.9090206
551139,CHELČICE,341687.56,65334.35,41556.11,6056.56,21836.84,131914.57,11998.55,49.1213822,14.1691111
551155,CHRÁŠŤOVICE,230830.02,54828.32,28073.6,4091.56,14752.06,89116.03,2158.74,49.3331851,13.8970357
551163,JINÍN,174908.55,2828.38,21272.42,3100.32,11178.19,67526.56,2736.36,49.2277721,13.9825533
551180,KADOV,348954.89,6398.94,42439.98,6185.37,22301.27,134720.24,5105.15,49.4028117,13.7747682
551201,KATOVICE,1191225.81,,144877.15,21114.98,76129.78,459893.9,19525.0,49.2736936,13.8297703
551261,KRASELOV,190921.31,2658.4,23219.89,3384.16,12201.54,73708.56,263.04,49.227828,13.8039471
551333,LIBĚJOVICE,376299.75,10571.35,45765.66,6670.08,24048.85,145277.21,1735.75,49.1143333,14.1933579
551341,LITOCHOVICE,250045.33,10545.93,30410.56,4432.15,15980.09,96534.45,1368.19,49.158736,13.9412612
551350,LNÁŘE,578060.45,3807.0,70303.84,10246.37,36943.14,223170.51,14524.88,49.4574984,13.783617
551384,MALENICE,565003.9,,68715.9,10014.93,36108.71,218129.81,6525.83,49.1264045,13.8828271
551392,MEČICHOV,236619.25,,28777.69,4194.18,15122.05,91351.07,1105.63,49.3477658,13.8120295
551414,MILOŇOVICE,200652.13,76.92,24403.36,3556.64,12823.43,77465.32,1420.69,49.2204913,13.9585784
551457,STUDENĚVES,362257.78,3335.07,44057.88,6421.17,23151.45,139856.06,2788.86,50.2240245,14.0443678
551465,KOŠICE,48654.14,20530.4,5917.33,660.1,3109.43,18783.8,181.32,49.8957955,15.1508394
551473,MYŠTICE,257312.65,27759.0,31294.42,4560.98,16444.53,99340.12,2053.73,49.453307,13.9688941
551481,KNĚŽIČKY,184516.21,5350.0,22440.91,3270.62,11792.2,71235.77,1945.78,50.1741379,15.3448939
551490,BRANIŠOV,210875.67,6467.55,25646.75,3737.86,13476.81,81412.3,2736.36,48.9787018,14.3956913
551503,ČÍŽKRAJICE,223193.17,4345.45,27144.8,3956.2,14264.01,86167.7,3947.01,48.8064886,14.636128
551520,NIHOŠOVICE,252508.83,,30710.18,4475.83,16137.53,97485.52,1683.24,49.1876889,13.8615782
551538,STŘÍTEŽ,333188.48,1177.16,40522.46,5905.91,21293.67,128633.34,12946.64,48.775546,14.4348634
551546,DUBOVICE,67253.57,,8179.4,912.45,4298.09,25964.44,303.33,49.4325889,15.1745809
551554,NOVOSEDLY,293772.47,2067.04,35728.67,5207.24,18774.64,113416.08,4524.62,49.2626625,13.7975236
551562,OSEK,500460.19,2256.82,60866.08,8870.87,31983.79,193211.56,7473.93,49.3182186,13.9636005
551571,PARAČOV,96938.75,527.03,11789.71,1315.19,6195.24,37424.93,241.77,49.2010293,13.9946357
551589,HORNÍ RÁPOTICE,131674.12,,16014.23,2333.98,8415.13,50835.13,303.33,49.5753245,15.3204821
551597,HAJANY,134260.8,23757.69,16328.83,2379.83,8580.44,51833.76,263.04,49.4466264,13.8357078
551601,TUROVEC,255711.38,0.03,31099.67,4532.59,16342.19,98721.93,2946.4,49.3783549,14.7689328
551619,PRACEJOVICE,255341.86,27073.41,31054.73,4526.04,16318.58,98579.26,3156.43,49.25718,13.849127
551627,PŘEDMÍŘ,257066.31,726.1,31264.46,4556.61,16428.79,99245.01,5472.71,49.4892616,13.7703659
551635,PŘEDSLAVICE,216664.9,7149.0,26350.83,3840.48,13846.79,83647.34,2473.81,49.1320308,13.9350542
551643,PŘEŠŤOVICE,379748.65,1065.16,46185.12,6731.21,24269.27,146608.72,5367.7,49.2771711,13.9743388
551651,HORY,331464.03,1611.42,40312.72,5875.33,21183.45,127967.59,4419.6,50.2133907,12.7900181
551660,RADOMYŠL,1351476.52,67388.34,164366.87,23955.49,86371.2,521761.56,17471.27,49.3159469,13.9320501
551678,RADOŠOVICE,477919.15,3041.2,58124.63,8471.32,30543.22,184509.19,17261.23,49.2335179,13.8985699
551686,PODMOKLY,125761.71,161.0,15295.16,2229.18,8037.28,48552.55,1578.22,49.2300806,13.5781573
551694,VELKÁ ŠTÁHLE,274557.16,128261.62,33391.7,4866.65,17546.62,105997.68,6000.73,49.9295982,17.3567927
551708,DLOUHÁ STRÁŇ,91642.23,,11145.55,1624.4,5856.73,35380.11,420.08,49.9599806,17.5008035
551716,SEDLICE,1177676.55,32335.26,143229.29,20874.81,75263.86,454662.97,14052.28,49.3771938,13.9394969
551724,MEZINA,309415.69,6613.08,37631.21,5484.52,19774.38,119455.43,790.57,49.9585048,17.4770553
551732,MORAVSKOSLEZSKÝ KOČOV,493685.55,,60042.14,8750.79,31550.84,190596.09,2211.27,49.9605338,17.4410123
551741,SKOČICE,207549.94,25.42,25242.27,3678.91,13264.26,80128.35,6315.79,49.1861089,14.1042628
551759,SOUSEDOVICE,264826.33,4196.44,32208.24,4694.16,16924.72,102240.92,11210.91,49.2320479,13.8685248
551767,STARÉ MĚSTO,747549.31,270744.33,90917.12,13250.63,47774.95,288604.7,6683.36,50.0035596,17.4320677
551775,STRAŠICE,154338.33,12345.05,18770.67,2735.71,9863.57,59585.05,,49.2024461,13.7296083
551783,VALŠOV,216418.55,5287.84,26320.88,3836.11,13831.05,83552.23,1945.78,49.9333585,17.4381339
551791,STŘELSKÉ HOŠTICE,782900.55,45.95,95216.55,13877.24,50034.21,302252.68,11630.98,49.2975948,13.7559554
551805,HORNÍ ŽIVOTICE,302394.72,29825.51,36777.32,5360.07,19325.68,116744.86,738.06,49.9688872,17.6407937
551813,STARÉ HEŘMINOVY,208042.64,123275.9,25302.2,3687.64,13295.75,80318.56,1263.16,49.9331534,17.6256586
551821,TVRDKOV,253986.92,,30889.95,4502.02,16231.99,98056.18,1840.77,49.8954943,17.1780961
551830,ŠKVOŘETICE,257435.83,4890.48,31309.41,4563.17,16452.41,99387.68,1158.14,49.4024085,13.9491193
551848,PETROVICE,148425.93,9862.84,18051.59,2630.92,9485.72,57302.46,790.57,50.2389277,17.448383
551856,ŠTĚKEŇ,841655.04,13817.37,102362.27,14918.68,53789.14,324935.9,10315.32,49.2671423,14.005885
551864,DÍVČÍ HRAD,302025.2,339409.97,36732.37,5353.52,19302.06,116602.19,6105.76,50.2437649,17.6340751
551872,HLINKA,176140.31,316642.09,21422.23,3122.17,11256.92,68002.1,1945.78,50.2800095,17.6721488
551881,SLEZSKÉ PAVLOVICE,153968.8,,18725.72,2729.15,9839.96,59442.4,1105.63,50.3099954,17.7017557
551899,TŘEBOHOSTICE,251030.73,76.42,30530.41,4449.63,16043.07,96914.87,1735.75,49.3325323,13.8609921
551902,MALÁ ŠTÁHLE,88439.68,132882.85,10756.05,1567.63,5652.07,34143.71,738.06,49.951403,17.3414534
551911,STARÁ VES,570177.26,5391.25,69345.08,10106.63,36439.33,220127.08,9577.25,49.9569909,17.2388792
551929,ANDĚLSKÁ HORA,412759.56,14310.93,50199.91,7316.33,26378.95,159353.17,3579.43,50.0608138,17.3890959
551937,UZENICE,98047.33,,11924.54,1330.24,6266.08,37852.92,141.03,49.4726061,13.9585611
551945,RUDNÁ POD PRADĚDEM,369648.29,51829.48,44956.72,6552.17,23623.77,142709.3,2001.22,50.0185374,17.3446722
551953,VODŇANY,6449445.04,134726.2,784382.96,114319.12,412176.08,2489922.96,232240.43,49.1478708,14.1754647
551961,VOLENICE,617476.47,,75097.62,10945.03,39462.16,238387.78,4947.62,49.2523891,13.7478817
551970,VOLYNĚ,2607246.05,48956.37,317093.85,46214.53,166625.89,1006573.7,52364.22,49.1664511,13.8867227
551988,ZÁBOŘÍ,362627.32,863.0,44102.82,6427.73,23175.07,139998.72,2526.32,49.378791,13.8269474
551996,LUDVÍKOV,286258.8,13709.22,34814.86,5074.06,18294.44,110515.3,5157.66,50.1074347,17.342246
552003,ČAKOVÁ,277020.67,62044.74,33691.32,4910.3,17704.05,106948.76,738.06,50.0502561,17.5481384
552011,ŠTARNOV,672782.07,51287.46,81823.91,11925.34,42996.67,259739.48,4577.13,49.685987,17.2737411
552020,HLUŠOVICE,790414.22,16832.81,96130.35,14010.43,50514.4,305153.47,6473.33,49.6380941,17.2773878
552038,LOUČKA,169981.55,534.5,20673.19,3013.0,10863.31,65624.41,1000.61,49.6566625,17.0111504
552046,TÁBOR,28451340.08,614675.75,3460258.39,504311.93,1818290.08,10984145.79,1116157.25,49.4141533,14.6587234
552054,BECHYNĚ,4041003.5,33409.16,491467.76,71628.48,258255.55,1560101.27,143407.96,49.2953802,14.46884
552062,BÍLSKO,172198.7,35.86,20942.84,3052.3,11005.0,66480.37,3894.5,49.6440534,17.0212014
552071,DUBČANY,205825.49,532.0,25032.54,3648.34,13154.06,79462.6,181.32,49.6489667,17.0780777
552089,TOVÉŘ,471514.06,,57345.65,8357.79,30133.89,182036.38,3261.46,49.6400264,17.3190128
552097,BORKOVICE,241915.78,14247.72,29421.86,4288.06,15460.54,93395.88,3684.46,49.2079149,14.6433762
552101,BOROTÍN,785487.22,9856.87,95531.13,13923.09,50199.52,303251.31,6053.24,49.5047496,14.6128216
552119,VĚROVANY,1108821.7,39251.71,134855.14,19654.33,70863.44,428080.34,22681.44,49.4610853,17.287947
552127,BRADÁČOV,50132.25,,6097.1,680.16,3203.89,19354.44,181.32,49.4910189,14.871115
552135,BŘEZNICE,201637.54,,24523.21,3574.11,12886.4,77845.76,2473.81,49.2515787,14.5140352
552143,BUDISLAV,291678.49,,35474.0,5170.13,18640.82,112607.67,3841.98,49.2938375,14.8374155
552151,SKRBEŇ,856312.87,52790.79,104144.96,15178.51,54725.91,330594.81,7421.43,49.6416153,17.1780836
552160,PŇOVICE,935637.59,3644.34,113792.46,16584.58,59795.45,361219.53,7050.93,49.7212875,17.1618172
552178,HAŇOVICE,392558.85,3833.89,47743.09,6958.27,25087.95,151554.33,10682.88,49.681057,17.0450462
552186,ČERVENKA,1129515.11,5.47,137371.88,20021.14,72185.92,436069.39,38892.47,49.7186878,17.0853904
552194,SLAVĚTÍN,171336.47,40.72,20837.97,3037.01,10949.91,66147.5,2841.38,49.6727852,16.9651742
552208,DÍRNÁ,385291.53,5128.0,46859.24,6829.45,24623.51,148748.64,3631.94,49.2428632,14.8447651
552216,LUBĚNICE,367554.32,1356.0,44702.04,6515.05,23489.94,141900.87,4052.04,49.576176,17.1204719
552224,DOBRONICE U BECHYNĚ,113567.38,34216.0,13812.09,1540.8,7257.95,43844.71,141.03,49.3433062,14.4967343
552232,LOUČANY,490359.83,22439.99,59637.68,8691.84,31338.29,189312.14,3474.42,49.6018971,17.0826589
552241,DOLNÍ HOŘICE,752229.96,14895.67,91486.38,13333.59,48074.09,290411.75,5735.27,49.4353789,14.8505286
552259,OLBRAMICE,158895.8,,19324.94,2816.5,10154.84,61344.55,181.32,49.6134919,17.0014701
552267,SENIČKA,269137.47,1893.59,32732.57,4770.57,17200.24,103905.3,2001.22,49.6322179,17.0562841
552275,DRÁCHOV,199050.86,23715.8,24208.61,3528.25,12721.09,76847.13,1945.78,49.2264342,14.7066216
552283,DRAŽICE,721313.03,13117.9,87726.25,12785.57,46098.23,278475.72,13419.25,49.4296309,14.5894681
552291,DRAŽIČKY,137956.04,,16778.25,2445.33,8816.6,53260.39,263.04,49.3990262,14.5987166
552305,LIPINA,163699.63,5396.03,19909.19,2901.65,10461.84,63199.15,895.58,49.7417677,17.3237537
552313,DOMAŠOV U ŠTERNBERKA,306705.85,816.07,37301.64,5436.49,19601.19,118409.25,2106.23,49.7057876,17.3378934
552321,HLAVATCE,379995.01,4121.83,46215.08,6735.57,24285.01,146703.83,2683.85,49.2956661,14.6212361
552330,HLÁSNICE,178357.46,10362.15,21691.87,3161.46,11398.61,68858.07,1210.65,49.7533137,17.294107
552348,MLADĚJOVICE,580770.31,241154.69,70633.41,10294.41,37116.32,224216.71,5840.28,49.7526064,17.2309543
552356,BABICE,379132.77,159427.04,46110.22,6720.29,24229.91,146370.95,4842.59,49.7378307,17.2608592
552364,ÚSTÍN,342549.79,11286.0,41660.98,6071.84,21891.93,132247.44,1210.65,49.5865472,17.1584368
552372,MEDLOV,1474774.74,12486.52,179362.44,26140.99,94251.03,569363.02,23314.47,49.787541,17.0626103
552381,NOVÁ HRADEČNÁ,607622.47,3877.39,73899.19,10770.36,38832.41,234583.46,3894.5,49.8346481,17.077313
552399,ŽELECHOVICE,196464.19,39404.31,23894.02,3482.42,12555.78,75848.5,1368.19,49.754098,17.1439409
552402,BUKOVANY,513886.26,19996.93,62498.97,9108.85,32841.84,198394.93,1945.78,49.6052618,17.3434873
552411,PŘÁSLAVICE,1168315.24,40976.89,142090.76,20708.87,74665.58,451048.88,72571.86,49.5872206,17.3876793
552429,SVÉSEDLICE,216664.9,,26350.83,3840.48,13846.79,83647.34,2788.86,49.5729655,17.3811327
552437,KRČMAŇ,373713.07,9537.61,45451.07,6624.22,23883.54,144278.58,2893.89,49.5205849,17.3436019
552445,DASKABÁT,482722.98,16567.5,58708.88,8556.47,30850.24,186363.8,3947.01,49.5785437,17.4472422
552453,CHOTĚMICE,105068.31,,12778.44,1425.49,6714.78,40563.49,1000.61,49.2752201,14.8769334
552461,CHOTOVINY,1712748.93,32796.64,208304.91,30359.2,109459.67,661237.18,33629.79,49.4780275,14.6769451
552470,CHOUSTNÍK,542462.87,4222.0,65974.47,9615.38,34668.13,209427.43,20578.12,49.332941,14.838389
552488,VOJKOVICE,549237.5,9492.73,66798.38,9735.46,35101.09,212042.9,4842.59,49.6820417,18.4685185
552496,CHÝNOV,2319139.64,107161.22,282054.28,41107.72,148213.35,895345.1,32629.18,49.4067686,14.8112157
552500,PAZDERNA,280100.04,,34065.83,4964.89,17900.85,108137.6,1788.26,49.7041224,18.4347202
552518,NOŠOVICE,780929.75,27179.08,94976.84,13842.31,49908.26,301491.82,389172.64,49.6606723,18.426381
552526,NIŽNÍ LHOTY,214201.39,13352.42,26051.22,3796.81,13689.35,82696.26,64152.73,49.6461184,18.4367594
552534,JISTEBNICE,1974742.23,179769.66,240168.6,35003.13,126203.34,762384.36,25102.74,49.4855868,14.5277008
552542,DOBRATICE,1138260.54,,138435.5,20176.14,72744.83,439445.72,9052.16,49.6603922,18.4922636
552551,STARÉ MĚSTO,1251335.22,339263.82,152187.67,22180.44,79971.3,483100.22,60415.77,49.6701891,18.3634595
552569,STAŘÍČ,1764605.6,67878.15,214611.73,31278.37,112773.77,681257.38,32891.73,49.6859423,18.272807
552577,PSTRUŽÍ,859145.9,7598.15,104489.52,15228.72,54906.95,331688.55,6263.28,49.5663586,18.3324644
552585,KOŠICE,632750.18,36530.86,76955.22,11215.77,40438.28,244284.45,11263.41,49.3251786,14.7505418
552593,MALENOVICE,597029.41,46219.68,72610.86,10582.59,38155.41,230493.82,6683.36,49.579585,18.4103057
552607,DOLNÍ TOŠANOVICE,282440.36,,34350.45,5006.38,18050.42,109041.13,5735.27,49.6842527,18.4884327
552615,VĚLOPOLÍ,210998.84,,25661.73,3740.04,13484.68,81459.86,1315.66,49.7004345,18.5709024
552623,TŘANOVICE,902380.34,45162.91,109747.71,15995.07,57670.01,348379.97,26628.44,49.7127232,18.5291523
552631,HORNÍ TOŠANOVICE,498612.56,,60641.36,8838.11,31865.71,192498.24,8947.13,49.6921704,18.5063469
552640,ŘEKA,433699.31,13420.34,52746.61,7687.49,27717.19,167437.33,3421.91,49.6409973,18.5712416
552658,SMILOVICE,712567.61,9200.32,86662.63,12630.56,45539.32,275099.4,4947.62,49.6607703,18.5717656
552666,MALŠICE,1762142.11,192289.59,214312.11,31234.71,112616.33,680306.29,25840.79,49.363399,14.578523
552674,STŘÍTEŽ,835742.64,,101643.21,14813.89,53411.28,322653.31,7421.43,49.6793114,18.5691037
552682,VYŠNÍ LHOTY,671303.95,8380.61,81644.14,11899.14,42902.21,259168.84,17471.27,49.6358084,18.4569126
552691,ŽABEŇ,742252.79,118747.28,90272.95,13156.74,47436.47,286559.89,11525.96,49.7087771,18.3042074
552704,MLADÁ VOŽICE,2482839.26,133111.78,301963.47,44009.36,158675.19,958544.25,58519.57,49.5332102,14.8088688
552712,MLÝNY,116030.89,17733.01,14111.7,1574.22,7415.39,44795.78,1053.12,49.336231,14.8770443
552721,MYSLKOVICE,310277.93,3110.05,37736.07,5499.8,19829.48,119788.31,1000.61,49.2988897,14.7478472
552739,HORNÍ SUCHÁ,3572568.83,158359.33,434496.62,63325.27,228318.47,1379253.73,101254.03,49.7977588,18.4816244
552747,NEMYŠL,285150.22,2591.65,34680.03,5054.41,18223.6,110087.31,1368.19,49.5136099,14.6927202
552755,VĚŽKY,144977.03,1134.06,17632.14,2569.79,9265.3,55970.95,283.19,49.4050203,17.4231723
552763,NOVÁ VES U CHÝNOVA,269014.28,0.01,32717.58,4768.39,17192.38,103857.74,3208.96,49.3926973,14.7829675
552771,ČECHY,243517.05,,29616.59,4316.45,15562.87,94014.09,2788.86,49.4290555,17.534326
552780,KŘTOMIL,292787.07,4245.13,35608.83,5189.77,18711.66,113035.65,1630.73,49.4090725,17.6260584
552798,OLDŘICHOV,203485.16,25762.18,24747.91,3606.86,13004.48,78559.06,2316.28,49.5587248,14.7542597
552801,OPAŘANY,1324378.02,38032.67,161071.16,23475.15,84639.37,511299.7,40628.22,49.3969543,14.4811365
552810,NAHOŠOVICE,115907.71,396.5,14096.73,1572.55,7407.52,44748.24,283.19,49.4375319,17.5782109
552828,PLANÁ NAD LUŽNICÍ,3845647.9,324540.43,467708.56,68165.72,245770.62,1484680.76,255974.99,49.3510522,14.7047195
552836,TUROVICE,179835.56,1161.01,21871.65,3187.66,11493.07,69428.71,2106.23,49.4234373,17.5814831
552844,OLŠOVEC,424338.0,,51608.09,7521.57,27118.92,163823.23,8579.56,49.5901136,17.717169
552852,POHNÁNÍ,66514.52,,8089.5,902.43,4250.87,25679.12,161.18,49.4775086,14.8114034
552861,POJBUKY,111719.76,56.88,13587.38,1515.73,7139.87,43131.39,4314.58,49.4958038,14.8967295
552879,UHŘIČICE,411897.33,31847.4,50095.05,7301.05,26323.86,159020.29,2106.23,49.371574,17.2903275
552887,STŘÍBRNICE,176633.01,500.0,21482.14,3130.9,11288.4,68192.31,241.77,49.3284539,17.2460626
552895,PŘEHOŘOV,273694.94,4187.2,33286.83,4851.35,17491.51,105664.8,1000.61,49.2475952,14.7562316
552909,MĚROVICE NAD HANOU,543940.98,812.6,66154.22,9641.58,34762.59,209998.09,7208.47,49.3415703,17.2458474
552917,RADENÍN,474962.96,46715.68,57765.11,8418.92,30354.29,183367.89,7368.91,49.3694008,14.840964
552925,RADĚTICE,233170.36,11558.42,28358.23,4133.04,14901.64,90019.56,2421.3,49.3193545,14.4412606
552933,RADIMOVICE U ŽELČE,326044.33,8079.11,39653.59,5779.28,20837.1,125875.21,2788.86,49.3772662,14.6475512
552941,RADKOV,135123.02,3.36,16433.69,2395.11,8635.55,52166.64,2263.77,49.4652931,14.6107024
552950,ŠIŠMA,165793.59,1064.79,20163.85,2938.76,10595.66,64007.57,1630.73,49.4639116,17.5880357
552968,HORNÍ TĚŠICE,113936.92,1110.0,13857.03,1545.81,7281.57,43987.37,948.1,49.4956765,17.7858498
552976,RATAJE,194000.69,66.76,23594.41,3438.74,12398.35,74897.42,1368.19,49.3501437,14.4457366
552984,DOLNÍ TĚŠICE,51487.16,7520.0,6261.88,698.54,3290.48,19877.53,141.03,49.4949674,17.8065296
552992,RATIBOŘSKÉ HORY,660957.26,11657.49,80385.78,11715.74,42240.97,255174.3,7683.98,49.4625554,14.7693887
553000,OPLOCANY,272709.54,10536.16,33167.0,4833.89,17428.53,105284.36,948.1,49.4095638,17.2602036
553018,ROUDNÁ,407339.86,0.02,49540.76,7220.28,26032.6,157260.79,7421.43,49.304383,14.7185682
553026,VALAŠSKÁ SENICE,380118.17,7535.71,46230.05,6737.76,24292.89,146751.37,2001.22,49.2252779,18.1169486
553034,ŘEPEČ,251523.44,3.13,30590.34,4458.36,16074.56,97105.09,5157.66,49.4033424,14.5198006
553042,MLADECKO,214078.22,10601.0,26036.24,3794.63,13681.48,82648.71,2683.85,49.8982375,17.7081719
553051,DOLNÍ ŽIVOTICE,836728.04,144229.71,101763.05,14831.35,53474.26,323033.75,36418.65,49.897321,17.77969
553069,SEZIMOVO ÚSTÍ,6060211.93,19726.4,737044.34,107419.8,387300.68,2339652.59,110673.75,49.3854272,14.6843674
553077,SKALICE,417932.91,34079.51,50829.09,7408.03,26709.58,161350.43,3208.96,49.3032937,14.6952864
553085,SKOPYTCE,151505.29,1680.38,18426.1,2685.5,9682.52,58491.32,1315.66,49.3314341,14.7980428
553093,HLAVNICE,554410.85,21253.83,67427.57,9827.17,35431.71,214040.16,11736.0,49.9243898,17.7278569
553107,BRATŘÍKOVICE,122435.99,,14890.7,2170.23,7824.73,47268.59,210.04,49.9325174,17.6880608
553115,LHOTKA U LITULTOVIC,173923.15,19566.44,21152.58,3082.86,11115.21,67146.13,790.57,49.8728074,17.7307507
553123,SMILOVY HORY,334543.4,93637.82,40687.24,5929.92,21380.25,129156.43,3208.96,49.5364085,14.8758516
553131,SOBĚSLAV,6187328.56,34947.71,752504.3,109672.99,395424.54,2388728.22,188350.75,49.259407,14.7193304
553140,STÁDLEC,512038.64,28056.21,62274.26,9076.1,32723.76,197681.63,10525.35,49.3795955,14.4950651
553158,NEPLACHOVICE,1024939.5,225214.9,124653.38,18167.49,65502.62,395696.12,15367.95,49.9922818,17.8098634
553166,SUDOMĚŘICE U BECHYNĚ,764301.12,4114.0,92954.47,13547.56,48845.54,295072.04,7155.96,49.2897206,14.538431
553174,SUDOMĚŘICE U TÁBORA,235264.33,2573.0,28612.9,4170.16,15035.45,90827.98,3051.42,49.5104075,14.6583416
553182,SVINY,294757.87,2383.04,35848.52,5224.72,18837.62,113796.52,2526.32,49.187026,14.6351881
553191,VIKANTICE,84744.43,0.06,10306.63,1149.75,5415.92,32717.1,201.48,50.1360297,16.9926809
553204,ŠEBÍŘOV,337992.31,14929.99,41106.7,5991.05,21600.67,130487.94,2946.4,49.5664482,14.8262454
553212,JANOUŠOV,48530.97,,5902.34,658.43,3101.55,18736.24,303.33,50.0131287,16.8449188
553221,HRABOVÁ,579538.56,15670.06,70483.61,10272.56,37037.6,223741.18,18051.8,49.8454502,16.9538456
553239,TUČAPY,772307.5,6636.03,93928.22,13689.48,49357.22,298163.04,5682.75,49.2913352,14.8034543
553247,KOPŘIVNÁ,252385.66,1038.81,30695.2,4473.64,16129.66,97437.97,1158.14,50.0463779,16.9467579
553255,VAL,249798.98,1240.6,30380.61,4427.79,15964.35,96439.34,1578.22,49.1458869,14.7561402
553263,VESCE,236496.08,17602.24,28762.71,4191.98,15114.17,91303.52,948.1,49.249692,14.6768838
553271,VESELÍ NAD LUŽNICÍ,5609760.81,36782.08,682260.37,99435.37,358512.91,2165747.91,143460.47,49.1866657,14.6989455
553280,VILICE,131181.41,4343.48,15954.32,2325.25,8383.64,50644.93,1210.65,49.5644703,14.8643106
553298,VLASTIBOŘ,309292.52,19649.57,37616.23,5482.34,19766.5,119407.88,2998.92,49.2576281,14.6375057
553301,HRADEC-NOVÁ VES,285519.74,31798.18,34724.97,5060.96,18247.21,110229.97,2263.77,50.2831583,17.2799173
553310,VLKOV,145469.72,,17692.06,2578.51,9296.79,56161.18,283.19,49.150983,14.7253314
553328,VODICE,171336.47,3639.41,20837.97,3037.01,10949.91,66147.5,895.58,49.4643106,14.9089802
553336,TŘEŠTINA,314096.34,,38200.47,5567.49,20073.51,121262.48,3789.48,49.7962079,16.9638814
553344,JAKUBOVICE,178850.15,,21751.8,3170.19,11430.09,69048.28,895.58,49.9943071,16.8287702
553352,POSTŘELMŮVEK,235880.2,5827.01,28687.8,4181.07,15074.81,91065.74,948.1,49.9226243,16.879103
553361,ZÁLŠÍ,199913.09,4185.32,24313.47,3543.55,12776.2,77180.01,283.19,49.2179173,14.5991895
553379,DOLNÍ STUDÉNKY,1095026.1,20449.42,133177.32,19409.8,69981.77,422754.3,8156.56,49.9349838,16.9709352
553387,HRABĚŠICE,171706.0,11.0,20882.92,3043.56,10973.52,66290.16,241.77,49.9766327,17.0795179
553395,REJCHARTICE,146701.48,151.94,17841.87,2600.35,9375.51,56636.71,303.33,50.0282512,16.9779147
553409,ZVĚROTICE,296112.79,,36013.31,5248.72,18924.2,114319.61,1473.2,49.2721271,14.7446543
553417,ŽELEČ,927877.57,35431.0,112848.68,16447.03,59299.51,358223.64,11155.48,49.3183373,14.6466311
553425,DOMAŽLICE,9810152.82,68423.54,1193112.99,173889.08,626954.78,3787383.96,472059.82,49.4403546,12.929748
553433,BABYLON,301162.98,38325.88,36627.51,5338.24,19246.95,116269.31,4790.08,49.3975285,12.8617005
553441,BĚLÁ NAD RADBUZOU,1730116.59,3853.35,210417.17,30667.04,110569.63,667942.28,21788.77,49.5913115,12.7175309
553450,BLÍŽEJOV,1435851.43,11140.92,174628.57,25451.08,91763.5,554335.98,10262.81,49.500207,12.9891857
553468,VELKÁ KRAŠ,618215.52,51905.21,75187.52,10958.13,39509.39,238673.09,4737.58,50.3630798,17.1463827
553476,NEMILE,530391.72,554.65,64506.36,9401.41,33896.68,204767.15,2893.89,49.8747685,16.8474481
553484,SKOROŠICE,723899.71,,88040.84,12831.43,46263.54,279474.35,7208.47,50.3088146,17.0805908
553492,ZÁVADA,442691.09,16134.33,53840.19,7846.88,28291.85,170908.77,2526.32,49.9540378,18.1656527
553506,BUKOVEC,110980.7,,13497.51,1505.71,7092.64,42846.08,1893.28,49.5864402,12.9947784
553514,ČERMNÁ,189443.22,2108.53,23040.13,3357.96,12107.08,73137.92,843.08,49.5315738,13.1163356
553522,TUŽICE,68608.5,2458.5,8344.18,930.83,4384.69,26487.53,303.33,49.3349009,13.5104497
553531,ČERNÍKOV,329000.53,4079.65,40013.12,5831.67,21026.02,127016.51,5577.74,49.4226676,13.1300225
553549,ČESKÁ KUBICE,936376.65,48457.04,113882.33,16597.67,59842.68,361504.85,35418.06,49.369376,12.8587956
553557,DÍLY,267289.83,,32507.86,4737.83,17082.16,103191.99,1000.61,49.4466468,12.7924869
553565,POLÁNKA,51363.99,2867.08,6246.91,696.87,3282.61,19829.98,141.03,49.435614,13.5554995
553573,DRAHOTÍN,175647.6,7982.77,21362.3,3113.43,11225.42,67811.88,843.08,49.5238629,12.758059
553581,DRAŽENOV,333311.66,1182.0,40537.43,5908.09,21301.54,128680.9,3894.5,49.4556926,12.8725625
553590,NEZBAVĚTICE,202746.11,3380.65,24658.04,3593.77,12957.25,78273.74,201.48,49.6550496,13.4777384
553603,STUDENÁ,36459.81,,4434.26,494.66,2330.1,14075.96,161.18,49.9606218,13.6430246
553611,LITOHLAVY,434684.72,20347.46,52866.45,7704.97,27780.16,167817.76,1840.77,49.7664348,13.5645816
553620,HLOHOVÁ,222700.46,34133.33,27084.88,3947.45,14232.51,85977.48,1315.66,49.5340291,13.0745752
553638,TACHOV,168872.98,7304.05,20538.36,2993.35,10792.46,65196.42,1525.71,50.5433115,14.6384443
553646,DOLÁNKY NAD OHŘÍ,202499.76,11946.67,24628.07,3589.39,12941.51,78178.64,1683.24,50.4729614,14.1632994
553654,HOLÝŠOV,4836591.09,154981.78,588227.3,85730.61,309100.58,1867252.0,113042.54,49.5936108,13.1012935
553662,HORNÍ KAMENICE,181560.01,2181.43,22081.37,3218.22,11603.27,70094.46,2473.81,49.5695909,13.1010532
553671,HORŠOVSKÝ TÝN,4659342.21,76169.95,566670.24,82588.8,297772.82,1798821.93,156144.57,49.5298566,12.9436692
553689,HOSTOUŇ,1130746.87,,137521.69,20042.96,72264.64,436544.94,16841.15,49.5597086,12.771467
553697,TRMICE,2673637.4,131349.32,325168.37,47391.34,170868.88,1032205.26,143880.54,50.6428488,13.9942622
553701,BAČALKY,134630.31,3775.48,16373.77,2386.38,8604.06,51976.43,221.62,50.384947,15.1534234
553719,SRNOJEDY,539629.85,2467.03,65629.9,9565.17,34487.07,208333.7,5000.13,50.0391112,15.7026165
553727,CHOCOMYŠL,99771.79,,12134.27,1353.63,6376.29,38518.67,2736.36,49.4671717,13.1306616
553735,CHODOV,611071.37,3663.5,74318.64,10831.49,39052.81,235914.96,5105.15,49.4178263,12.8301371
553743,CHODSKÁ LHOTA,337376.44,28979.26,41031.8,5980.14,21561.31,130250.17,2106.23,49.3583453,13.0831634
553751,CHRASTAVICE,299192.17,25.65,36387.82,5303.3,19121.0,115508.46,6105.76,49.4535515,12.9568115
553760,BĚSTOVICE,315081.75,202163.98,38320.31,5584.97,20136.49,121642.91,7788.99,50.0201392,16.2109207
553778,KANIČKY,27591.21,,3355.65,374.34,1316.06,10652.08,100.74,49.4745413,13.1455083
553786,KDYNĚ,4384538.69,9887.1,533248.58,77717.79,280210.47,1692729.14,96673.99,49.3910021,13.0392655
553794,KLENČÍ POD ČERCHOVEM,1349752.08,4252.0,164157.16,23924.91,86261.0,521095.8,36418.65,49.4350389,12.8143874
553816,KOLOVEČ,1016809.95,6459.75,123664.66,18023.38,64983.06,392557.57,14472.37,49.4867841,13.1087671
553824,KOUT NA ŠUMAVĚ,879469.78,11045.5,106961.31,15588.97,56205.83,339534.95,10367.83,49.4022759,13.0025917
553832,KŘENOVY,111473.41,,13557.41,1512.39,7124.13,43036.29,1210.65,49.5394106,13.0220361
553841,KVÍČOVICE,357823.49,160.53,43518.57,6342.57,22868.07,138144.12,2526.32,49.5900205,13.0730301
553859,LIBKOV,101373.06,1551.9,12329.01,1375.36,6478.63,39136.88,303.33,49.3661843,13.1343631
553867,LOUČIM,102851.15,4670.94,12508.79,1395.41,6573.09,39707.52,1000.61,49.3670577,13.112114
553875,LOUKA,68608.5,,8344.18,930.83,4384.69,26487.53,1105.63,49.5291692,16.4310446
553883,ÚSTUP,36952.51,,4494.17,501.35,2361.59,14266.17,141.03,49.5646605,16.4634253
553891,LUŽENIČKY,337869.13,,41091.72,5988.87,21592.8,130440.38,1525.71,49.4587696,12.8977925
553905,MRLÍNEK,201391.19,4453.36,24493.24,3569.74,12870.67,77750.65,1315.66,49.4283223,17.6781294
553913,MECLOV,1069898.39,113959.81,130121.29,18964.39,68375.88,413053.3,18576.89,49.5061166,12.8807083
553921,MEZHOLEZY (DŘÍVE OKRES DOMAŽLICE),95460.66,,11609.95,1295.14,6100.77,36854.29,948.1,49.6248074,12.9050485
553930,MEZHOLEZY (DŘÍVE OKRES HORŠOVSKÝ TÝN),146208.77,2821.4,17781.94,2591.62,9344.03,56446.5,843.08,49.6248074,12.9050485
553948,MILAVČE,493685.55,1567.43,60042.14,8750.79,31550.84,190596.09,3947.01,49.465949,12.9823129
553956,MÍŘKOV,322225.9,4018.0,39189.19,5711.59,20593.06,124401.04,303.33,49.5893761,12.8807652
553964,ČASTOHOSTICE,142143.99,6473.47,17287.58,2519.57,9084.24,54877.22,181.32,49.0143811,15.8192004
553972,RYBNÍČEK,183161.28,10695.45,22276.11,3246.61,11705.62,70712.67,1683.24,49.2738764,17.0737958
553981,MRÁKOV,1090345.45,94.54,132608.06,19326.83,69682.63,420947.25,25102.74,49.4034839,12.9514761
553999,MUTĚNÍN,250291.68,,30440.53,4436.53,15995.84,96629.55,303.33,49.544745,12.744559
554006,NEMANICE,323704.0,67099.77,39368.95,5737.79,20687.52,124971.68,3369.4,49.43655,12.7205318
554014,NÁVSÍ,3239996.23,49146.68,394049.07,57430.3,207064.16,1250858.17,30785.49,49.5873223,18.7584931
554022,NEUMĚŘ,124899.49,3041.86,15190.31,2213.9,7982.17,48219.67,1263.16,49.5975808,13.0641384
554031,NEVOLICE,141651.3,,17227.66,2510.84,9052.75,54687.0,283.19,49.4205826,12.93298
554049,OLBRAMICE,567467.41,17042.39,69015.51,10058.6,36266.14,219080.88,5420.21,49.7895525,18.0889479
554057,NOVÝ KRAMOLÍN,208658.51,14623.25,25377.1,3698.55,13335.1,80556.33,1420.69,49.4775417,12.8063916
554065,JAKUBČOVICE NAD ODROU,552193.7,5091.36,67157.92,9787.86,35290.01,213184.2,13104.18,49.6950401,17.7876732
554073,OSVRAČÍN,557120.7,12532.87,67757.14,9875.2,35604.9,215086.36,3999.51,49.5132558,13.0469479
554081,PASEČNICE,178357.46,,21691.87,3161.46,11398.61,68858.07,1210.65,49.3949335,12.8939763
554090,PEC,182052.71,1673.5,22141.3,3226.95,11634.76,70284.69,221.62,49.3985947,12.8317907
554103,ŘÍDEČ,160373.9,23949.53,19504.71,2842.7,10249.3,61915.19,40.29,49.765879,17.2569787
554111,POBĚŽOVICE,1415650.73,18729.73,172171.76,25093.01,90472.49,546537.14,16736.13,49.5106977,12.8028363
554120,POCINOVICE,575350.61,61964.45,69974.27,10198.33,36769.94,222124.34,4577.13,49.3434123,13.1334902
554138,POSTŘEKOV,947955.1,12051.87,115290.52,16802.89,60582.64,365974.93,5577.74,49.4535729,12.8113472
554146,VERNÍŘOVICE,227873.82,4927.02,27714.07,4039.16,14563.13,87974.74,1105.63,50.031689,17.1303279
554154,PUCLICE,329493.23,114.5,40073.04,5840.41,21057.5,127206.72,5840.28,49.5536136,13.0193945
554162,CRHOV,131427.77,,15984.28,2329.62,8399.39,50740.02,1158.14,49.5448422,16.4360594
554171,ŠENOV U NOVÉHO JIČÍNA,1648082.03,42329.02,200440.12,29212.94,105326.89,636271.37,225927.55,49.6049791,18.0038333
554189,RYBNÍK,168996.15,426.03,20553.36,2995.53,10800.34,65243.97,2841.38,49.5129181,12.6768015
554197,BRANKA U OPAVY,829214.36,28026.14,100849.24,14698.17,52994.06,320132.95,13894.76,49.8879597,17.8826467
554201,SEMNĚVICE,211491.55,5307.89,25721.65,3748.77,13516.17,81650.07,161.18,49.5978387,12.9290067
554251,SPÁŇOV,154584.68,1796.32,18800.62,2740.08,9879.31,59680.17,100.74,49.4145127,12.9873068
554260,SRBICE,325797.98,196.5,39623.62,5774.9,20821.34,125780.1,3156.43,49.5078545,13.1179313
554278,SRBY,426924.68,2805.34,51922.67,7567.41,27284.23,164821.87,895.58,49.536864,12.8683183
554294,STAŇKOV,2919125.25,32592.28,355024.67,51742.71,186557.69,1126980.22,58995.08,49.5537448,13.0696938
554316,STRÁŽ,156309.13,,19010.35,2770.65,9989.53,60345.92,895.58,49.4147086,12.9127073
554341,TLUMAČOV,338238.66,,41136.65,5995.41,21616.42,130583.05,2053.73,49.4038879,12.9290054
554359,TRHANOV,398840.77,,48507.11,7069.62,25489.43,153979.57,16208.11,49.423719,12.8419804
554383,ÚJEZD,341194.86,5108.03,41496.19,6047.82,21805.35,131724.34,2053.73,49.4357097,12.8693308
554391,ÚNĚJOVICE,87700.62,3704.0,10666.17,1189.86,5604.84,33858.39,1053.12,49.4620288,13.1185965
554405,ÚSILOV,141897.65,,17257.62,2515.2,9068.51,54782.11,5315.19,49.3970731,13.1274978
554413,VELKÝ MALAHOV,243024.35,8209.25,29556.68,4307.7,15531.38,93823.87,3051.42,49.6235657,12.9553266
554421,VIDICE,173430.46,2839.9,21092.65,3074.13,11083.72,66955.91,263.04,49.6138116,12.835914
554448,VŠEPADLY,53704.32,,6531.53,728.62,3432.17,20733.51,1053.12,49.4508696,13.1052753
554456,VŠERUBY,763685.24,9020.83,92879.57,13536.64,48806.18,294834.27,11736.0,49.3402865,12.9823766
554464,ZAHOŘANY,843995.37,3694.19,102646.91,14960.17,53938.7,325839.42,12579.07,49.4340499,13.0019266
554472,ŽDÁNOV,112581.99,4305.0,13692.25,1527.43,7194.98,43464.27,241.77,49.459843,12.8537845
554481,CHEB,27284502.92,1643562.72,3318347.39,483629.25,1743718.96,10533667.57,870130.01,50.0793511,12.3703526
554499,AŠ,10756999.34,477733.79,1308268.68,190672.32,687466.58,4152930.9,182983.05,50.2216257,12.1895886
554502,DOLNÍ ŽANDOV,1167083.5,35526.42,141940.96,20687.05,74586.86,450573.34,6945.92,50.0179426,12.5510087
554511,DRMOUL,814926.05,2062.18,99111.49,14444.9,52080.93,314616.69,4052.04,49.9366842,12.6644339
554529,FRANTIŠKOVY LÁZNĚ,4827845.66,182412.23,587163.67,85575.58,308541.66,1863875.67,133145.15,50.1223741,12.3488519
554545,HAZLOV,1331029.47,57121.16,161880.11,23593.05,85064.46,513867.6,22418.89,50.1563411,12.2723776
554553,HRANICE,1773351.04,26100.51,215675.35,31433.39,113332.68,684633.71,57311.84,50.3045869,12.175772
554596,KŘIŽOVATKA,237727.82,1605.36,28912.51,4213.83,15192.9,91779.06,2736.36,50.1941554,12.3930533
554600,LÁZNĚ KYNŽVART,1265007.64,4971.79,153850.51,22422.79,80845.08,488378.7,25260.27,50.0091635,12.6256333
554618,LIBÁ,734123.23,46659.36,89284.22,13012.65,46916.91,283421.33,4577.13,50.128229,12.230966
554626,LIPOVÁ,733753.71,30514.0,89239.29,13006.09,46893.29,283278.67,3369.4,50.036358,12.4487476
554634,LUBY,1938036.07,223736.16,235704.39,34352.5,123857.49,748213.29,18209.33,50.2524788,12.4059461
554642,MARIÁNSKÉ LÁZNĚ,11879986.18,448863.48,1444846.6,210577.74,759235.28,4586479.93,355860.84,49.9739518,12.703319
554651,MILHOSTOV,312371.9,17111.04,37990.74,5536.93,19963.3,120596.73,1315.66,50.1560422,12.4531903
554677,MNICHOV,398101.73,12743.67,48417.22,7056.52,25442.18,153694.25,6945.92,50.0368689,12.7869283
554693,NEBANICE,270738.73,14917.16,32927.3,4798.96,17302.58,104523.5,3103.93,50.1152389,12.4719677
554707,NOVÝ KOSTEL,596783.07,125274.79,72580.89,10578.23,38139.68,230398.71,9947.75,50.2170484,12.4455324
554740,PLESNÁ,1557302.03,79282.09,189399.42,27603.82,99525.26,601224.13,14367.34,50.2208012,12.3466609
554812,SKALNÁ,1619751.77,17435.36,196994.57,28710.78,103516.34,625333.97,39155.02,50.1702336,12.3610476
554847,MRÁKOTÍN,249922.16,13688.6,30395.59,4429.97,15972.22,96486.89,4947.62,49.8145664,15.9567257
554855,TRSTĚNICE,387385.49,6252.44,47113.92,6866.57,24757.33,149557.06,4737.58,49.9190982,12.6760195
554863,DOLNÍ BRUSNICE,275788.9,62900.42,33541.51,4888.47,17625.32,106473.21,5787.78,50.4587443,15.7267695
554871,STŘÍTEŽ,426924.68,50407.77,51922.67,7567.41,27284.23,164821.87,9734.78,49.1913157,15.893252
554880,TŘI SEKERY,967663.11,15865.65,117687.4,17152.23,61842.15,373583.55,7736.48,49.9423042,12.6165277
554898,ROSTĚNICE-ZVONOVICE,459319.72,6307.75,55862.57,8141.64,29354.55,177328.55,5735.27,49.2363526,16.9642969
554901,KŘELOV-BŘUCHOTÍN,1433018.41,2838.0,174284.02,25400.86,91582.43,553242.24,11578.48,49.618481,17.1884771
554910,VRAŽNÉ,680418.91,66386.01,82752.7,12060.71,43484.73,262687.83,4842.59,49.6286902,17.8666652
554928,VENDRYNĚ,3754005.67,42118.7,456563.02,66541.32,239913.88,1449300.65,37258.83,49.6666154,18.7130749
554936,BÍTOV,351048.86,,42694.64,6222.49,22435.1,135528.66,2053.73,49.8003243,18.0474839
554944,MRSKLESY,524232.97,11589.49,63757.34,9292.25,33503.08,202389.46,2841.38,49.6022142,17.4015328
554952,OTRADOV,215925.84,7184.93,26260.95,3827.37,13799.56,83362.01,1893.28,49.7933425,16.0435036
554961,KARLOVY VARY,42671528.88,1748306.53,5189720.98,756370.75,2727084.79,16474102.52,1554170.08,50.2306216,12.8701437
554979,ABERTAMY,661819.49,33193.37,80490.63,11731.02,42296.06,255507.18,13051.68,50.3687443,12.8182601
554995,BEČOV NAD TEPLOU,808397.79,16846.45,98317.52,14329.18,51663.71,312096.34,13681.8,50.0835097,12.8386736
555029,BOCHOV,1965011.4,39919.37,238985.13,34830.65,125581.46,758627.6,18366.86,50.1504167,13.0454108
555045,BOŽIČANY,495410.0,2993.57,60251.88,8781.36,31661.05,191261.84,18944.46,50.2579445,12.7689068
555088,HAVÍŘOV,61263692.4,1145540.73,7450904.09,1085924.63,3915287.1,23651937.94,929282.62,49.7801136,18.4368451
555169,HORNÍ BLATNÁ,300177.56,12108.19,36507.67,5320.77,19183.97,115888.9,2473.81,50.3902893,12.7702188
555185,HROZNĚTÍN,1694765.37,65965.1,206117.74,30040.43,108310.37,654294.31,14524.88,50.3093974,12.8718012
555193,TĚCHLOVICE,422120.87,1007.59,51338.43,7482.27,26977.22,162967.27,1840.77,50.696324,14.2049239
555207,CHYŠE,569438.2,8052.95,69255.21,10093.53,36392.1,219841.74,8999.64,50.1045405,13.2488514
555215,JÁCHYMOV,2009847.11,93904.9,244438.06,35625.38,128446.86,775937.22,61993.99,50.3629787,12.9299257
555223,VELKÉ CHVOJNO,717740.95,3315.56,87291.82,12722.26,45869.93,277096.66,3947.01,50.7315929,14.0367021
555231,SUCHOHRDLY,1134565.28,19029.22,137986.08,20110.64,72508.68,438019.1,10000.26,48.8661181,16.0890196
555240,SEMANÍN,521892.65,2004.36,63472.7,9250.76,33353.52,201485.93,3789.48,49.8693056,16.4529207
555258,KOLOVÁ,719834.93,19755.49,87546.48,12759.37,46003.76,277905.07,3208.96,50.1874344,12.9033343
555266,NOVÁ VES U SVĚTLÉ,440350.77,1044.0,53555.55,7805.4,28142.27,170005.24,5262.68,49.6487725,15.4376886
555274,NOVÉ SEDLICE,342180.25,,41616.04,6065.29,21868.32,132104.77,1945.78,49.9021251,18.0012187
555282,KURDĚJOV,346245.03,44097.55,42110.4,6137.34,22128.1,133674.05,2473.81,48.9577741,16.7634511
555291,CHOTĚBUZ,1039966.85,7001.6,126481.0,18433.84,66462.99,401497.69,13051.68,49.7684932,18.5691225
555304,KRÁSNÉ ÚDOLÍ,321733.2,382.84,39129.27,5702.86,20561.57,124210.83,7155.96,50.0724239,12.921014
555312,KUJAVY,459196.54,18186.32,55847.59,8139.45,29346.69,177280.99,2631.34,49.7033134,17.9725284
555347,KYSELKA,763562.06,5048.1,92864.59,13534.45,48798.32,294786.72,20788.16,50.2588112,13.0002774
555363,MERKLÍN,771198.92,615530.56,93793.39,13669.83,49286.37,297735.05,6735.88,50.3280797,12.8634965
555380,NEJDEK,6577423.91,72948.43,799947.77,116587.6,420355.06,2539331.47,175771.67,50.3247878,12.7332967
555398,NOVÁ ROLE,3389653.9,90534.75,412250.47,60083.04,216628.61,1308636.17,53889.94,50.2709162,12.7842174
555428,OSTROV,13214341.37,174005.21,1607131.17,234229.74,844512.27,5101631.49,340495.8,50.3061911,12.9390017
555444,OTROČÍN,470651.82,1221.12,57240.78,8342.5,30078.78,181703.51,2158.74,50.0322825,12.8922925
555452,PERNINK,526203.77,8839.84,63997.02,9327.19,33629.04,203150.31,11473.46,50.3656857,12.7837075
555479,POTŮČKY,468557.85,9331.67,56986.11,8305.39,29944.96,180895.09,13051.68,50.4281616,12.7364792
555525,PŠOV,639032.1,2668.79,77719.23,11327.12,40839.75,246709.71,5948.23,50.0516597,13.1704823
555533,SADOV,959903.08,12951.53,116743.63,17014.68,61346.23,370587.66,22313.87,50.2673813,12.8970121
555550,STANOVICE,579661.73,2594.53,70498.59,10274.75,37045.47,223788.72,1788.26,50.1651059,12.8739491
555584,STRÁŽ NAD OHŘÍ,535441.9,39866.06,65120.57,9490.93,34219.43,206716.87,7208.47,50.3372216,13.0509513
555592,STRUŽNÁ,492084.28,33678.74,59847.39,8722.41,31448.49,189977.9,5157.66,50.1831055,13.0056708
555614,ŠEMNICE,540615.25,1290.0,65749.75,9582.64,34550.05,208714.13,2683.85,50.2369056,12.9760977
555622,ŠTĚDRÁ,549237.5,9249.45,66798.38,9735.46,35101.09,212042.9,2368.78,50.058203,13.1141659
555631,TEPLÁ,2868007.61,27466.58,348807.73,50836.64,183290.84,1107245.35,22051.32,49.9821176,12.8631587
555657,TOUŽIM,3357874.74,75510.95,408385.49,59519.73,214597.64,1296367.26,70521.05,50.0607602,12.9849922
555681,ÚTVINA,602818.64,9051.74,73314.94,10685.22,38525.4,232728.85,5105.15,50.070886,12.9550259
555690,VALEČ,373959.42,112644.21,45481.03,6628.59,23899.28,144373.69,8524.13,50.1741308,13.2545631
555703,VELICHOV,357700.32,21328.76,43503.59,6340.39,22860.19,138096.57,1893.28,50.2840692,13.0097102
555711,VERUŠIČKY,432960.27,13851.97,52656.73,7674.4,27669.95,167152.01,4209.56,50.1415372,13.1742771
555738,VOJKOVICE,468804.2,936.96,57016.07,8309.75,29960.7,180990.2,4209.56,50.3033137,13.0161917
555762,ŽLUTICE,2055421.88,219301.53,249980.88,36433.22,131359.48,793532.17,29630.28,50.0919193,13.1629708
555771,KLATOVY,19432833.2,310450.66,2363425.6,344455.19,1241928.45,7502390.79,849709.38,49.3951183,13.2935954
555797,BĚŠINY,670195.39,5516.24,81509.31,11879.5,42831.36,258740.85,5840.28,49.3015993,13.3125708
555801,BEZDĚKOV,784625.0,37842.37,95426.27,13907.8,50144.42,302918.44,7841.51,49.3806217,13.2274866
555835,BOLEŠINY,671796.66,9302.28,81704.07,11907.88,42933.7,259359.04,4209.56,49.4098927,13.3616056
555894,BUDĚTICE,259406.63,14164.1,31549.09,4598.09,16578.36,100148.55,2631.34,49.2833606,13.5846655
555941,ČACHROV,654059.46,40012.98,79546.85,11593.47,41800.13,252511.28,4367.08,49.2654278,13.3025815
556041,DEŠENICE,676354.14,7167.61,82258.34,11988.67,43224.95,261118.54,4577.13,49.2742995,13.1709455
556068,DLAŽOV,408571.61,15582.41,49690.57,7242.1,26111.3,157736.33,2053.73,49.3657444,13.1663432
556076,DLOUHÁ VES,719342.23,2447.5,87486.56,12750.64,45972.27,277714.86,10367.83,49.1962745,13.5092561
556084,PRÁŠILY,179342.86,23682.34,21811.72,3178.93,11461.58,69238.5,4577.13,49.1051011,13.3786939
556106,DOLANY,813940.66,42425.12,98991.65,14427.44,52017.94,314236.28,11315.92,49.4431417,13.2481779
556181,HARTMANICE,989957.79,37110.5,120398.89,17547.42,63266.98,382190.8,8894.63,49.1703098,13.4548124
556203,HLAVŇOVICE,538028.57,64314.17,65435.15,9536.78,34384.74,207715.49,5577.74,49.2379539,13.3947835
556254,HORAŽĎOVICE,4594798.49,69210.01,558820.42,81444.73,293647.91,1773903.67,127039.4,49.3210308,13.7003604
556301,HRÁDEK,1187161.03,7085.65,144382.8,21042.93,75870.01,458324.63,18104.31,49.2612741,13.4985658
556319,HRADEŠICE,375437.52,7855.63,45660.79,6654.78,23993.74,144944.33,2683.85,49.3233214,13.5964797
556335,CHANOVICE,767257.32,10751.5,93314.0,13599.96,49034.47,296213.34,27261.49,49.404733,13.7170167
556343,CHLISTOV,108517.21,,13197.89,1472.28,6935.2,41895.0,283.19,49.319891,13.3608767
556378,CHUDENICE,631518.42,8566.26,76805.42,11193.92,40359.56,243808.91,3051.42,49.466675,13.1738619
556386,CHUDENÍN,733753.71,24932.11,89239.29,13006.09,46893.29,283278.67,3789.48,49.2930396,13.1007976
556394,JANOVICE NAD ÚHLAVOU,2125508.47,53276.04,258504.82,37675.53,135838.63,820590.34,85571.02,49.3452626,13.2175818
556432,KAŠPERSKÉ HORY,1360961.01,9973.84,165520.38,24123.61,86977.35,525423.2,31208.49,49.1434723,13.5560577
556467,KOLINEC,1348027.63,9348.13,163947.42,23894.35,86150.78,520430.05,12261.1,49.2989476,13.4390008
556505,KŘENICE,186979.71,1157.02,22740.52,3314.3,11949.64,72186.84,895.58,49.5027489,13.1999468
556629,MALÝ BOR,406477.63,15838.77,49435.9,7204.98,25977.49,156927.91,7155.96,49.3305122,13.6522519
556637,MĚČÍN,1074825.39,19203.38,130720.51,19051.74,68690.77,414955.45,9157.18,49.4795472,13.4049175
556718,MOCHTÍN,959040.85,8026.02,116638.76,16999.41,61291.12,370254.78,9577.25,49.360401,13.3567397
556726,MOKROSUKY,126623.94,11557.04,15400.03,2244.46,8092.38,48885.43,201.48,49.2753548,13.4547984
556734,MYSLÍV,359917.46,28880.57,43773.24,6379.69,23001.89,138952.54,4419.6,49.4142054,13.5724257
556751,NALŽOVSKÉ HORY,1225961.17,117503.24,149101.67,21730.67,78349.67,473304.11,9367.21,49.3335778,13.5496097
556815,NEZDICE NA ŠUMAVĚ,307568.07,23185.51,37406.5,5451.77,19656.29,118742.13,895.58,49.1732446,13.6121491
556831,NÝRSKO,4300779.67,71463.75,523061.8,76233.12,274857.54,1660392.48,87624.74,49.2938686,13.1435324
556858,BRAVANTICE,842147.74,123839.07,102422.2,14927.42,53820.63,325126.11,15998.08,49.7571201,18.082755
556866,LHOTA U VSETÍNA,625606.02,6344.56,76086.35,11089.13,39981.71,241526.32,5840.28,49.3040992,17.957215
556874,PETRŮVKA,246596.43,3484.51,29991.12,4371.02,15759.67,95202.94,2473.81,49.1048849,17.8099123
556882,RABŠTEJNSKÁ LHOTA,728826.71,1609.47,88640.06,12918.76,46578.42,281376.52,11473.46,49.915562,15.7680482
556912,PAČEJOV,686947.19,6836.33,83546.67,12176.42,43901.95,265208.18,6788.39,49.3728987,13.6327293
556921,PETROVICE U SUŠICE,554780.38,24584.58,67472.51,9833.72,35455.32,214182.84,3947.01,49.2186487,13.4407937
556947,PILA,424707.54,3009.56,51653.03,7528.12,27142.53,163965.9,1840.77,50.1796825,12.9258576
556955,PLÁNICE,1519733.63,131536.06,184830.35,26937.91,97124.3,586720.2,12261.1,49.3899269,13.4710601
556963,SPEŠOV,495410.0,111.0,60251.88,8781.36,31661.05,191261.84,3208.96,49.3947699,16.6289031
556971,ROPICE,1345317.77,12245.97,163617.85,23846.32,85977.61,519383.85,14839.94,49.7053597,18.6134497
556980,ROKYTNICE,461413.69,5277.73,56117.24,8178.75,29488.39,178136.97,35050.49,49.06614,17.9113588
556998,JEZERNICE,532855.22,7576.96,64805.97,9445.09,34054.12,205718.24,11420.94,49.5477743,17.6248997
557005,PŘEDSLAV,692982.77,10665.47,84280.72,12283.41,44287.68,267538.32,10997.95,49.4474651,13.3543778
557013,RABÍ,407709.38,88998.7,49585.71,7226.82,26056.2,157403.45,5000.13,49.2809304,13.6188949
557021,REJŠTEJN,277513.35,48354.0,33751.24,4919.05,17735.53,107138.96,1053.12,49.140531,13.5151685
557030,SKORKOV,562663.58,29058.4,68431.28,9973.45,35959.13,217226.27,1945.78,50.2316993,14.7492705
557048,MOUŘÍNOV,399087.12,672.76,48537.06,7073.98,25505.17,154074.68,1945.78,49.121463,16.978488
557081,SYTNO,214694.1,6413.86,26111.15,3805.54,13720.83,82886.47,3156.43,49.7396787,13.0416527
557099,SOBĚŠICE,337745.96,145162.0,41076.75,5986.69,21584.93,130392.83,5525.23,49.2077969,13.6841018
557102,BOHUSLAVICE NAD VLÁŘÍ,274064.45,111.05,33331.78,4857.91,17515.12,105807.45,1735.75,49.0901938,17.9266201
557111,SRNÍ,324443.05,3530.0,39458.84,5750.89,20734.75,125257.01,5105.15,49.0870455,13.4805067
557129,STRAŠÍN,286012.45,59268.87,34784.9,5069.69,18278.7,110420.19,895.58,49.1791704,13.6405211
557137,STRÁŽOV,1257124.45,51806.92,152891.76,22283.05,80341.27,485335.25,13947.26,49.3034789,13.2483379
557145,LUKOVEČEK,418918.31,587.55,50948.94,7425.5,26772.55,161730.87,2631.34,49.3033294,17.668759
557153,SUŠICE,9145377.13,263527.77,1112262.83,162105.64,584469.78,3530735.48,250554.79,49.2313907,13.5204076
557161,SVÉRADICE,267166.66,1465.39,32492.86,4735.64,17074.3,103144.44,2788.86,49.3713755,13.7397815
557170,OSTRATA,303996.0,2571.95,36972.07,5388.45,19428.01,117363.06,5630.25,49.2709376,17.7667383
557188,ŠELEŠOVICE,253863.75,49903.03,30874.96,4499.84,16224.12,98008.61,1158.14,49.2548968,17.3598793
557196,PAVLOVICE U KOJETÍNA,213585.51,,25976.32,3785.9,13649.99,82458.49,2263.77,49.3019547,17.2125098
557200,ŠVIHOV,1687621.21,16546.6,205248.87,29913.8,107853.8,651536.19,16418.15,49.4813565,13.2841729
557218,KOBYLÁ NAD VIDNAVKOU,348462.19,1923.02,42380.05,6176.64,22269.79,134530.02,5787.78,50.3423492,17.1238343
557226,PÍSEČNÁ,799159.66,,97193.97,14165.44,51073.3,308529.8,2053.73,49.5746703,18.7873568
557366,VELHARTICE,832416.91,50342.73,101238.73,14754.95,53198.74,321369.35,11102.97,49.2651901,13.389747
557374,VELKÉ HYDČICE,180944.13,19.81,22006.47,3207.31,11563.92,69856.7,5892.8,49.2991264,13.6679471
557382,VELKÝ BOR,468311.5,1134.09,56956.15,8301.03,29929.21,180799.99,4367.08,49.3649244,13.7014131
557455,VRHAVEČ,742006.44,20845.71,90242.99,13152.38,47420.71,286464.78,6263.28,49.3455028,13.2962532
557463,ZAVLEKOV,373959.42,36274.85,45481.03,6628.59,23899.28,144373.69,5577.74,49.337356,13.4904344
557528,ŽELEZNÁ RUDA,1678259.92,255510.17,204110.35,29747.86,107255.52,647922.09,42944.5,49.1374249,13.2350287
557536,ŽIHOBCE,562047.7,8425.31,68356.37,9962.53,35919.78,216988.51,3999.51,49.2153753,13.6319386
557544,ŽICHOVICE,509451.97,542.98,61959.66,9030.25,32558.45,196682.99,5157.66,49.2672261,13.6278449
557587,BLOVICE,3662732.97,15303.62,445462.42,64923.48,234080.74,1414063.2,92149.37,49.5821789,13.5403535
557641,ČIŽICE,386400.1,9242.9,46994.07,6849.1,24694.35,149176.63,1420.69,49.6479338,13.3978835
557650,ČÍŽKOV,703822.18,41190.94,85599.01,12475.54,44980.41,271723.07,2998.92,49.5403714,13.6833896
557668,DNEŠICE,711951.73,2098.1,86587.73,12619.64,45499.96,274861.62,6578.35,49.6048203,13.2645445
557676,DOBŘANY,5507156.0,123710.23,669781.55,97616.65,351955.56,2126135.51,159353.51,49.6554407,13.2908386
557684,DOLNÍ LUKAVICE,951404.0,8691.51,115709.98,16864.03,60803.06,367306.44,6893.4,49.602853,13.3449073
557722,HORŠICE,388740.43,13121.34,47278.7,6890.59,24843.93,150080.15,2841.38,49.5314788,13.3869274
557731,HRADEC,502800.51,2010.98,61150.72,8912.36,32133.37,194115.08,14734.91,49.6350491,13.1213734
557749,HRADIŠTĚ,210382.97,34535.94,25586.82,3729.13,13445.32,81222.09,1893.28,49.4393242,13.7560931
557773,CHLUM,211614.71,14107.55,25736.63,3750.95,13524.04,81697.63,1420.69,49.6051964,13.4791975
557781,CHLUMČANY,1933355.41,13873.39,235135.12,34269.54,123558.36,746406.23,48889.8,49.6325567,13.3132278
557803,CHOCENICE,532608.86,10004.61,64776.01,9440.71,34038.38,205623.13,7155.96,49.5475919,13.5197964
557838,CHOTĚŠOV,2595421.25,19337.49,315655.71,46004.92,165870.17,1002008.53,136619.57,49.6540803,13.2027128
557846,CHVÁLENICE,618338.69,14501.59,75202.49,10960.32,39517.26,238720.65,7155.96,49.6431043,13.4760023
557862,KASEJOVICE,1286563.28,16125.21,156472.12,22804.87,82222.67,496700.64,32891.73,49.4625179,13.740664
557871,KBEL,237851.0,18626.99,28927.5,4216.01,15200.76,91826.61,1840.77,49.4930972,13.3651902
557897,KLÁŠTER,195232.43,20435.75,23744.21,3460.57,12477.06,75372.95,5105.15,49.5018647,13.5766282
557943,KRAMOLÍN,95953.36,312.06,11669.86,1301.82,6132.26,37044.5,161.18,49.4460741,13.5769586
557951,LETINY,680788.44,38990.73,82797.65,12067.27,43508.35,262830.48,12261.1,49.5398301,13.4547294
558001,LOSINÁ,1028511.57,5164.17,125087.81,18230.8,65730.91,397075.19,11578.48,49.6692941,13.4483312
558010,LOUŇOVÁ,104821.96,1144.0,12748.47,1422.15,6699.05,40468.39,201.48,49.5617599,13.6083564
558028,LUŽANY,542462.87,3067.68,65974.47,9615.38,34668.13,209427.43,5682.75,49.5466425,13.3157386
558044,MERKLÍN,1140477.68,35188.42,138705.15,20215.45,72886.52,440301.69,14682.4,49.5604916,13.1980396
558052,MILEČ,325674.8,3551.05,39608.64,5772.72,20813.48,125732.55,4524.62,49.469489,13.6043683
558061,MLADÝ SMOLIVEC,612795.82,13517.44,74528.36,10862.06,39163.02,236580.72,5000.13,49.5060904,13.7351283
558079,MOHELNICE,59370.38,2212.03,7220.63,805.49,3794.29,22920.98,6578.35,49.4807814,13.6416922
558095,NEKVASOVY,173676.81,1477.32,21122.61,3078.49,11099.47,67051.02,1105.63,49.434553,13.6257444
558109,NEPOMUK,3090708.08,43166.29,375892.61,54784.1,197523.34,1193222.83,90938.71,49.4859096,13.5820519
558117,NETUNICE,165793.59,3887.88,20163.85,2938.76,10595.66,64007.57,1000.61,49.6165103,13.4304201
558125,NEURAZY,621541.25,25265.22,75591.99,11017.09,39721.93,239957.05,6158.27,49.4410091,13.5153351
558141,NEZVĚSTICE,1379929.97,3981.38,167827.4,24459.84,88189.62,532746.51,17471.27,49.6405239,13.5199089
558176,NOVÉ MITROVICE,338361.83,,41151.65,5997.6,21624.29,130630.61,2473.81,49.5795775,13.6836281
558184,OSELCE,304858.23,1758.35,37076.93,5403.74,19483.12,117695.94,4842.59,49.4372009,13.6728251
558231,PRÁDLO,187595.58,95.09,22815.42,3325.21,11989.0,72424.61,1893.28,49.5035636,13.5406208
558249,PŘEŠTICE,6037055.02,37736.82,734227.99,107009.33,385820.75,2330712.44,254344.25,49.5726096,13.3295697
558257,PŘÍCHOVICE,897453.34,68736.02,109148.47,15907.74,57355.13,346477.82,11155.48,49.5620286,13.3393519
558265,PTENÍN,181313.66,4631.26,22051.4,3213.86,11587.53,69999.37,895.58,49.5313394,13.185804
558290,ROUPOV,218635.69,5077.4,26590.52,3875.41,13972.74,84408.21,1840.77,49.5385455,13.248911
558303,ŘENČE,809136.83,5429.0,98407.4,14342.3,51710.93,312381.66,5315.19,49.5801641,13.4170696
558311,SEČ,261870.13,439.62,31848.7,4641.76,16735.8,101099.62,2526.32,49.5879664,13.5048911
558346,SOBĚKURY,489128.08,42110.92,59487.87,8670.0,31259.57,188836.59,2473.81,49.5761288,13.2392526
558362,SPÁLENÉ POŘÍČÍ,2705786.09,26832.95,329078.32,47961.2,172923.45,1044616.84,22838.96,49.6144658,13.6043136
558371,STARÝ PLZENEC,4475565.05,22642.95,544319.23,79331.27,286027.85,1727871.47,66308.56,49.6978507,13.4735561
558389,STOD,3182350.31,7089.5,387038.16,56408.5,203380.09,1228602.93,139776.0,49.6390886,13.1647362
558401,STŘÍŽOVICE,283672.12,10403.69,34500.26,5028.2,18129.14,109516.67,3894.5,49.6115187,13.4575829
558419,DRŽOVICE,1201326.16,25355.88,146105.56,21294.01,76775.28,463793.33,33311.82,49.4910793,17.1338622
558427,ŠŤÁHLAVY,2308053.89,22367.02,280706.04,40911.22,147504.88,891065.25,40047.69,49.6762177,13.5039893
558435,ŠTĚNOVICE,2239814.91,10004.18,272406.79,39701.66,143143.81,864720.38,98937.76,49.6705136,13.3996302
558443,LADNÁ,982936.81,51034.13,119544.99,17422.97,62818.28,379480.24,15262.92,48.8053968,16.8723069
558460,TYMÁKOV,899177.79,13576.93,109358.2,15938.3,57465.34,347143.58,10105.28,49.7190725,13.5094949
558486,ÚTUŠICE,560692.78,20512.3,68191.57,9938.52,35833.19,216465.42,17628.8,49.6777855,13.3820392
558494,VES TOUŠKOV,284041.64,10853.39,34545.21,5034.76,18152.74,109659.33,1420.69,49.6615933,13.1192255
558559,VRČEŇ,410542.41,,49930.26,7277.04,26237.26,158497.2,4209.56,49.5077684,13.6185641
558567,VSTIŠ,419534.19,664.48,51023.84,7436.41,26811.92,161968.63,2106.23,49.644589,13.2482854
558583,ZDEMYSLICE,481614.41,921.33,58574.05,8536.81,30779.39,185935.81,1053.12,49.606951,13.5198136
558591,ZEMĚTICE,250291.68,713.73,30440.53,4436.53,15995.84,96629.55,2158.74,49.5787099,13.1871346
558605,ŽDÍREC,369401.94,,44926.75,6547.81,23608.01,142614.19,3261.46,49.5529156,13.5728311
558630,ŽINKOVY,806673.34,4178.95,98107.79,14298.62,51553.5,311430.58,8894.63,49.483403,13.4894446
558656,BEZVĚROV,695446.27,10139.86,84580.33,12327.08,44445.11,268489.4,5948.23,49.9950077,13.0589997
558672,BLATNICE,770336.69,12787.49,93688.53,13654.54,49231.26,297402.18,4685.06,49.7197138,13.1559861
558699,BUČÍ,131427.77,10610.51,15984.28,2329.62,8399.39,50740.02,100.74,49.8851658,13.3027681
558711,ČEMINY,261007.9,2093.25,31743.84,4626.48,16680.69,100766.74,2736.36,49.7996142,13.2521865
558745,ČESKÁ BŘÍZA,444169.19,51791.66,54019.95,7873.08,28386.3,171479.41,1840.77,49.8284043,13.4297095
558770,DOBŘÍČ,342057.08,425.0,41601.06,6063.1,21860.45,132057.22,4895.12,49.8843272,13.468581
558788,DOLANY,237235.13,50878.71,28852.59,4205.1,15161.41,91588.84,1368.19,49.8078155,13.4723566
558796,DOLNÍ BĚLÁ,539383.49,3581.57,65599.94,9560.79,34471.34,208238.6,5948.23,49.896155,13.273258
558800,DOLNÍ HRADIŠTĚ,56783.7,1520.77,6906.05,770.4,3628.97,21922.35,80.59,49.913679,13.4959886
558834,DRUZTOVÁ,597522.12,10092.15,72670.78,10591.33,38186.9,230684.04,3684.46,49.7974077,13.4487195
558851,DÝŠINA,1606572.04,26855.73,195391.65,28477.17,102674.04,620245.7,80938.46,49.7776678,13.4914023
558869,HEŘMANOVA HUŤ,1540673.39,11576.53,187377.04,27309.09,98462.54,594804.36,29682.79,49.7130556,13.0904847
558877,HORNÍ BĚLÁ,491098.88,21450.56,59727.56,8704.93,31385.52,189597.46,2526.32,49.8889718,13.2641071
558885,HORNÍ BŘÍZA,3506916.54,21365.41,426511.97,62161.56,224122.71,1353907.5,60940.87,49.8411529,13.3573652
558915,HROMNICE,1141339.91,17981.45,138810.01,20230.72,72941.63,440634.57,10945.44,49.847152,13.4395233
558931,HVOZD,222454.13,3565.0,27054.92,3943.09,14216.76,85882.37,3051.42,49.9397324,13.2631183
558940,CHOTÍKOV,1146513.26,48963.41,139439.2,20322.43,73272.25,442631.83,42626.52,49.792943,13.3176638
558966,CHRÁST,1631576.57,12553.62,198432.71,28920.38,104272.05,629899.15,36996.27,49.7926917,13.4924157
558974,CHŘÍČ,249552.63,12002.53,30350.65,4423.43,15948.6,96344.23,3684.46,49.9718125,13.6458926
558982,JAROV,146701.48,,17841.87,2600.35,9375.51,56636.71,80.59,49.8724609,13.4742776
558991,KACEŘOV,121696.94,,14800.81,2157.13,7777.51,46983.27,100.74,49.8687188,13.5130294
559008,KAZNĚJOV,2569061.79,749.16,312449.87,45537.7,164185.57,991831.99,80938.46,49.8931303,13.3829479
559016,NASAVRKY,69101.19,1932.81,8404.11,937.51,4416.18,26677.75,141.03,49.4519501,14.6405602
559024,KOPIDLO,108147.69,,13152.95,1467.27,6911.58,41752.34,1578.22,49.9430811,13.4640489
559032,KORYTA,105437.83,,12823.37,1430.5,6738.4,40706.15,80.59,49.9005034,13.4747523
559041,KOZOJEDY,663420.76,16.43,80685.39,11759.41,42398.41,256125.38,5577.74,49.9312765,13.5439405
559059,KOZOLUPY,910017.19,6220.32,110676.5,16130.43,58158.08,351328.32,5840.28,49.7639414,13.2534823
559067,KOŽLANY,1349382.55,99415.99,164112.21,23918.37,86237.38,520953.13,25575.33,49.9938908,13.5410653
559075,KRALOVICE,3077528.36,43021.69,374289.69,54550.48,196681.05,1188134.55,93570.06,49.9821441,13.4867337
559083,KRAŠOVICE,276404.79,279.94,33616.41,4899.39,17664.69,106710.98,1420.69,49.8723393,13.3052395
559091,KRSY,302271.55,67646.87,36762.33,5357.89,19317.8,116697.3,263.04,49.9262379,13.0549503
559105,KŘELOVICE,259899.34,13537.0,31609.02,4606.82,16609.85,100338.76,303.33,49.8743132,13.0758017
559121,KUNĚJOVICE,138448.74,242.0,16838.17,2454.07,8848.09,53450.6,3316.88,49.8619567,13.2369146
559130,KYŠICE,801007.28,736.0,97418.68,14198.18,51191.39,309243.11,6420.82,49.753255,13.4858434
559148,LEDCE,717371.42,7200.04,87246.87,12715.71,45846.32,276953.99,15049.98,49.8214531,13.3284249
559164,LÍNĚ,2358309.29,36975.93,286818.11,41802.03,150716.64,910467.24,63572.21,49.693649,13.2571632
559172,LÍŠŤANY,746071.21,3491.17,90737.35,13224.42,47680.48,288034.05,8366.6,49.8311643,13.1813993
559202,MANĚTÍN,1322160.87,91709.39,160801.5,23435.85,84497.68,510443.72,15788.03,49.991739,13.2322454
559211,MĚSTO TOUŠKOV,2133391.68,12644.24,259463.58,37815.27,136342.43,823633.8,61363.86,49.7758295,13.2508593
559237,MLADOTICE,538398.09,11191.52,65480.11,9543.33,34408.36,207858.16,8632.07,49.9853194,13.3642638
559245,MRTNÍK,248444.05,,30215.83,4403.78,15877.76,95916.24,3631.94,49.8955373,13.3118901
559253,NADRYBY,110611.19,,13452.56,1500.69,7069.02,42703.41,895.58,49.8206903,13.5244631
559261,NEČTINY,704930.74,33022.63,85733.83,12495.19,45051.26,272151.05,5367.7,49.9751549,13.1644568
559270,NEKMÍŘ,408941.13,4449.89,49735.51,7248.66,26134.92,157878.99,3421.91,49.8580837,13.2631357
559288,NEVŘEŇ,233909.4,1035.66,28448.11,4146.15,14948.86,90304.89,3316.88,49.8228255,13.274872
559300,NÝŘANY,5755230.53,35977.81,699952.43,102013.88,367809.69,2221909.09,140461.55,49.7131491,13.2074889
559318,OBORA,494794.13,10348.5,60176.97,8770.43,31621.68,191024.07,2053.73,49.8894754,13.4136894
559326,OSTROV U BEZDRUŽIC,194123.86,7866.5,23609.39,3440.92,12406.21,74944.97,3579.43,49.9001278,13.0419663
559334,PERNAREC,724269.24,4689.6,88085.79,12837.98,46287.15,279617.02,7999.04,49.8405389,13.1031497
559351,PLASY,2652574.47,34210.28,322606.71,47017.99,169522.76,1024073.55,46996.53,49.9341107,13.3889549
559369,PLEŠNICE,225656.68,2277.82,27444.41,3999.85,14421.44,87118.77,283.19,49.7739742,13.1767398
559377,PŇOVANY,496641.76,8497.09,60401.68,8803.19,31739.76,191737.39,2631.34,49.7788821,13.1217531
559393,PŘEHÝŠOV,474716.6,5552.99,57735.14,8414.55,30338.55,183272.79,42521.5,49.7026254,13.1268469
559423,ROCHLOV,280223.22,,34080.8,4967.07,17908.73,108185.16,3736.97,49.7307112,13.1459046
559431,RYBNICE,461167.34,284.51,56087.28,8174.38,29472.63,178041.86,10000.26,49.9085299,13.3734749
559482,TIS U BLATNA,119356.61,,14516.18,1619.34,7627.93,46079.74,8842.12,50.0857364,13.3477964
559491,TLUČNÁ,2690635.56,9124.41,327235.7,47692.64,171955.21,1038767.71,19787.54,49.7253486,13.240093
559504,TRNOVÁ,791769.16,13375.27,96295.14,14034.45,50600.99,305676.57,11998.55,49.8610003,13.3232351
559521,TŘEMOŠNÁ,4032997.14,108073.28,490494.02,71486.57,257743.89,1557010.27,96411.43,49.8167442,13.3951971
559555,ÚLICE,365953.04,6856.68,44507.29,6486.67,23387.61,141282.68,2001.22,49.760792,13.1481721
559563,ÚNĚŠOV,645314.03,36170.79,78483.23,11438.47,41241.23,249134.96,11050.45,49.8825795,13.1491878
559571,ÚTERÝ,453653.66,,55173.45,8041.2,28992.45,175141.07,3156.43,49.9399942,13.0038338
559580,VEJPRNICE,3845894.25,404036.02,467738.52,68170.09,245786.36,1484775.87,57469.37,49.7298818,13.2762761
559601,VOCHOV,1146143.74,32208.93,139394.27,20315.88,73248.63,442489.17,13104.18,49.7569741,13.2786008
559628,VŠERUBY,1500641.51,101585.64,182508.36,26599.5,95904.15,579349.34,13947.26,49.8417849,13.229176
559661,ZBŮCH,2392428.79,55013.73,290967.73,42406.8,152897.18,923639.68,39207.54,49.6783989,13.2256448
559679,ZRUČ-SENEC,2956077.76,72811.73,359518.85,52397.71,188919.28,1141246.39,40995.78,49.8079668,13.4263189
559695,ŽIHLE,1219186.54,3063.3,148277.74,21610.59,77916.71,470688.64,11946.05,50.0448245,13.3753545
559709,ŽILOV,360410.16,88.16,43833.17,6388.43,23033.38,139142.75,1210.65,49.8399971,13.313179
559717,ROKYCANY,12220688.33,207475.65,1486282.87,216616.83,781009.14,4718014.06,491955.3,49.7428813,13.594778
559725,BŘASY,2000978.51,86548.58,243359.46,35468.19,127880.07,772513.34,22576.42,49.8376275,13.5778311
559733,BŘEZINA,301902.02,664.53,36717.39,5351.34,19294.18,116554.65,1210.65,49.8075344,13.5967921
559741,BUJESILY,81911.4,,9962.08,1111.31,5234.85,31623.36,181.32,49.9145732,13.5743821
559750,BUŠOVICE,479520.43,7039.4,58319.38,8499.7,30645.55,185127.38,5105.15,49.7955215,13.5346574
559768,CEKOV,134630.31,,16373.77,2386.38,8604.06,51976.43,40.29,49.821861,13.7637923
559776,DOBŘÍV,1134072.59,20874.54,137926.17,20101.91,72477.19,437828.89,6158.27,49.7156553,13.6868137
559792,EJPOVICE,654921.68,3163.57,79651.73,11608.76,41855.24,252844.16,31050.96,49.7469685,13.52168
559806,HLOHOVICE,320131.92,2817.4,38934.52,5674.47,20459.24,123592.62,303.33,49.889294,13.6428185
559814,HOLOUBKOV,1130377.34,173758.3,137476.75,20036.41,72241.02,436402.27,47679.16,49.7759821,13.6924579
559822,HRÁDEK,2226635.18,984111.88,270803.88,39468.04,142301.51,859632.11,45890.9,49.7099197,13.6541018
559849,HŮRKY,214447.74,143.0,26081.18,3801.17,13705.1,82791.36,283.19,49.7458753,13.683099
559857,CHEZNOVICE,606637.07,205.0,73779.33,10752.89,38769.42,234203.03,2578.83,49.7789247,13.7853832
559903,KAŘEZ,579784.9,9242.95,70513.58,10276.93,37053.34,223836.27,8314.1,49.8215835,13.7825459
559911,KLABAVA,357330.79,1849.43,43458.66,6333.84,22836.58,137953.9,1945.78,49.7534383,13.5392737
559920,KLADRUBY,171829.18,11048.0,20897.9,3045.74,10981.39,66337.71,6998.43,49.9128702,13.6316894
559946,LHOTKA U RADNIC,70948.82,,8628.82,962.58,4534.25,27391.05,1683.24,49.8899328,13.5816051
559954,LIBLÍN,196833.71,1794.0,23938.96,3488.96,12579.4,75991.15,9787.3,49.9168115,13.5442417
559962,LÍŠNÁ,222823.64,,27099.85,3949.64,14240.39,86025.03,1105.63,49.8850612,13.8048569
559997,MIROŠOV,1915371.86,5346.97,232947.95,33950.77,122409.06,739463.37,46048.42,49.6879276,13.6580571
560006,MLEČICE,334050.71,1566.09,40627.32,5921.19,21348.76,128966.22,4790.08,49.9201921,13.6950276
560014,MÝTO,1412694.52,44007.55,171812.23,25040.61,90283.57,545395.85,53099.37,49.7889973,13.7346533
560057,OSEK,1186298.8,847.0,144277.92,21027.64,75814.9,457991.75,19367.47,49.7771124,13.590718
560081,PODMOKLY,209890.26,7211.0,25526.91,3720.39,13413.83,81031.87,1158.14,49.9434792,13.704425
560111,PŘÍVĚTICE,236865.6,143.0,28807.65,4198.55,15137.79,91446.18,221.62,49.834857,13.6122235
560120,RADNICE,1627758.14,20753.54,197968.31,28852.69,104028.01,628424.98,17628.8,49.8571241,13.606275
560146,SEBEČICE,82034.58,3776.0,9977.06,1112.98,5242.72,31670.9,1000.61,49.8699247,13.6920996
560162,STRAŠICE,2517328.27,25717.89,306158.03,44620.69,160879.35,971859.35,18681.93,49.7353799,13.7575567
560171,BUDYNĚ,44096.67,19064.12,5363.05,598.27,2818.16,17024.3,283.19,49.1461676,14.071213
560189,TĚNĚ,316190.33,550.03,38455.13,5604.6,20207.33,122070.9,2631.34,49.7511936,13.7961599
560197,LAŽANY,51363.99,3237.44,6246.91,696.87,3282.61,19829.98,221.62,49.3628423,13.8831329
560201,NOVÁ VES,100387.66,4918.0,12209.18,1361.98,6415.66,38756.44,263.04,49.1873869,13.7336648
560219,DRACHKOV,149780.84,,18216.38,2654.93,9572.31,57825.57,1473.2,49.2426787,13.8415914
560227,VEJVANOV,203485.16,4749.2,24747.91,3606.86,13004.48,78559.06,948.1,49.8693026,13.6531131
560235,VESELÁ,265811.74,572.0,32328.08,4711.62,16987.69,102621.35,1578.22,49.6950755,13.6028251
560243,DROUŽETICE,107408.63,5663.97,13063.06,1457.25,6864.36,41467.02,263.04,49.2891708,13.8977533
560251,VOLDUCHY,1095765.15,62.92,133267.2,19422.9,70029.01,423039.63,77519.47,49.7759823,13.6226574
560260,ZBIROH,2292533.83,4043.1,278818.48,40636.12,146513.01,885073.45,55258.11,49.8592406,13.7711465
560278,MUTĚNICE,193507.98,1629.72,23534.49,3430.01,12366.85,74707.19,283.19,49.2397032,13.896537
560286,SOKOLOV,18620740.19,307892.69,2264658.63,330060.43,1190028.56,7188867.9,592891.35,50.1809097,12.6394986
560294,BŘEZOVÁ,2406593.92,128099.38,292690.5,42657.89,153802.45,929108.38,32101.16,50.1472648,12.6467805
560308,BUBLAVA,298945.82,24469.89,36357.86,5298.94,19105.26,115413.36,3208.96,50.3743813,12.5051677
560316,BUKOVANY,1193196.6,11137.44,145116.84,21149.9,76255.72,460654.77,6735.88,50.1661006,12.5731613
560324,CITICE,641002.9,13588.79,77958.91,11362.04,40965.7,247470.56,11630.98,50.162559,12.6133229
560332,DASNICE,185871.14,5325.55,22605.69,3294.65,11878.8,71758.86,5157.66,50.1464536,12.5672264
560341,DOLNÍ NIVY,325058.93,11915.67,39533.74,5761.8,20774.12,125494.78,4104.54,50.2431063,12.6370405
560359,HABARTOV,3770264.77,36399.87,458540.44,66829.52,240952.97,1455577.77,48837.3,50.1825705,12.5501639
560367,HORNÍ SLAVKOV,4637786.58,187931.99,564048.65,82206.71,296395.23,1790499.98,58995.08,50.139072,12.8077875
560375,CHLUM SVATÉ MAŘÍ,232061.77,2775.01,28223.4,4113.39,14830.78,89591.58,1473.2,50.1498364,12.5356451
560383,CHODOV,10395973.3,126615.59,1264360.61,184272.98,664393.84,4013550.37,128040.01,50.2390665,12.7489079
560391,KUŘIMANY,44219.84,1712.72,5378.03,599.94,2826.04,17071.85,60.44,49.203895,13.9681257
560405,KLADRUBY,109625.79,1463.41,13332.71,1487.32,7006.05,42322.99,303.33,49.2687062,13.7634568
560413,JINDŘICHOVICE,583726.51,10077.04,70992.95,10346.79,37305.25,225358.0,2368.78,50.2826479,12.6023038
560421,KACEŘOV,306336.33,1176.43,37256.69,5429.94,19577.59,118266.58,303.33,50.1489251,12.5042876
560430,ZHOŘ U TÁBORA,132782.69,3446.53,16149.06,2353.63,8485.98,51263.12,1735.75,49.3572026,14.6579773
560448,BĚLEČ,192276.24,205.52,23384.68,3408.17,12288.14,74231.66,1788.26,49.5507099,14.8444331
560456,KRAJKOVÁ,950049.07,5638.75,115545.18,16840.02,60716.46,366783.33,9947.75,50.2159666,12.534074
560464,KRÁLOVSKÉ POŘÍČÍ,661203.61,70402.34,80415.73,11720.11,42256.71,255269.41,14787.42,50.1938078,12.6803156
560472,KRASLICE,5879637.33,623092.75,715082.81,104219.03,375760.38,2269938.55,103304.84,50.3239885,12.5174004
560481,HLASIVO,152737.05,0.19,18575.91,2707.33,9761.23,58966.85,303.33,49.4984585,14.7503203
560499,KYNŠPERK NAD OHŘÍ,3724690.01,56867.51,452997.63,66021.69,238040.34,1437982.81,71994.24,50.1182943,12.531107
560502,LIBAVSKÉ ÚDOLÍ,405861.75,424.91,49361.0,7194.07,25938.13,156690.15,9839.8,50.1288657,12.5524852
560511,ŘEMÍČOV,83635.85,,10171.81,1134.72,5345.07,32289.12,1000.61,49.5154219,14.7746428
560529,DOLNÍ HRACHOVICE,108517.21,0.01,13197.89,1472.28,6935.2,41895.0,1368.19,49.4860782,14.7970996
560537,LOKET,2501561.87,44180.14,304240.52,44341.23,159871.73,965772.44,32839.22,50.1860008,12.7540466
560545,LOMNICE,1152302.49,38112.8,140143.29,20425.04,73642.23,444866.86,12208.6,50.2117163,12.6318265
560553,POHNÁNEC,47915.09,,5827.44,650.08,3062.2,18498.47,948.1,49.4735783,14.8026618
560561,NOVÁ VES,227873.82,5052.67,27714.07,4039.16,14563.13,87974.74,1630.73,50.0840895,12.7751721
560570,NOVÉ SEDLO,2046430.1,118886.09,248887.3,36273.83,130784.83,790060.73,40943.27,50.206466,12.7380047
560588,OLOVÍ,1344209.2,1338.48,163483.02,23826.67,85906.76,518955.86,19892.58,50.2513968,12.5586985
560596,PŘEBUZ,85853.0,7341.4,10441.46,1164.79,5486.76,33145.08,60.44,50.3657774,12.6200389
560600,ROTAVA,2140412.65,282601.56,260317.47,37939.71,136791.14,826344.37,23944.59,50.3058704,12.5610769
560618,ROVNÁ,420889.1,19232.3,51188.63,7460.44,26898.5,162491.73,1788.26,50.1044855,12.6686927
560626,RODNÁ,106053.7,90.0,12898.28,1438.86,6777.77,40943.92,241.77,49.49016,14.8424961
560634,KRÁTOŠICE,88562.85,,10771.03,1201.56,5659.94,34191.27,2001.22,49.3258874,14.7867045
560642,STARÉ SEDLO,594319.56,343.62,72281.28,10534.57,37982.23,229447.63,2998.92,50.1820921,12.7198767
560651,STŘÍBRNÁ,457595.27,4456.81,55652.84,8111.07,29244.35,176662.79,2368.78,50.3566534,12.5263994
560669,SKRÝCHOV U MALŠIC,132290.0,,16089.14,2344.9,8454.49,51072.9,1210.65,49.3302489,14.5955603
560677,ŠINDELOVÁ,346737.74,8625.5,42170.33,6146.08,22159.58,133864.27,4895.12,50.3186515,12.6033205
560685,VINTÍŘOV,1009788.98,6055.02,122810.76,17898.94,64534.36,389846.99,80150.81,50.2344376,12.7181372
560707,VŘESOVÁ,296482.32,1207.38,36058.25,5255.28,18947.82,114462.27,57941.96,50.2597286,12.6958169
560715,TACHOV,12119068.93,624509.8,1473923.9,214815.58,774514.76,4678782.09,413120.17,49.7955449,12.6329861
560723,BENEŠOVICE,240314.5,770.11,29227.11,4259.68,15358.21,92777.69,1158.14,49.7270705,12.901697
560740,BEZDRUŽICE,951034.48,48097.92,115665.03,16857.48,60779.44,367163.77,10577.86,49.907242,12.9711049
560758,BOR,4643945.32,217814.19,564797.68,82315.88,296788.82,1792877.69,373017.05,49.7117435,12.7752132
560782,CEBIV,226888.42,0.14,27594.21,4021.69,14500.16,87594.32,1525.71,49.8293384,12.9790633
560804,ČÁSTKOV,294141.99,39572.71,35773.61,5213.78,18798.25,113558.75,4104.54,49.7559647,12.6736853
560812,ČERNOŠÍN,1137891.01,3415.25,138390.57,20169.59,72721.21,439303.06,24420.11,49.8162537,12.8838251
560839,DLOUHÝ ÚJEZD,320378.28,339.21,38964.48,5678.84,20474.98,123687.74,181.32,49.7682924,12.6284661
560855,ERPUŽICE,326167.5,1508.68,39668.56,5781.46,20844.96,125922.77,283.19,49.8069479,13.0359633
560863,HALŽE,971481.54,103354.58,118151.8,17219.91,62086.19,375057.73,9787.3,49.8311631,12.5792271
560898,HOŠŤKA,492700.16,10873.34,59922.3,8733.32,31487.87,190215.66,1578.22,49.6962221,12.5976929
560901,CHODOVÁ PLANÁ,1724943.25,103683.63,209787.98,30575.34,110239.0,665945.02,34522.46,49.8944618,12.729449
560910,CHODSKÝ ÚJEZD,892526.34,10161.0,108549.25,15820.4,57040.26,344575.66,5367.7,49.8643664,12.6520546
560928,KLADRUBY,1663232.56,2952.31,202282.71,29481.5,106295.14,642120.51,14052.28,49.715342,12.9800032
560952,KONSTANTINOVY LÁZNĚ,808274.61,3147.32,98302.54,14327.0,51655.83,312048.79,13629.29,49.881373,12.9817281
560979,KŠICE,232677.65,2712.0,28298.31,4124.31,14870.14,89829.35,1420.69,49.8024093,12.997253
560987,DRUNČE,54320.19,1020.0,6606.44,736.98,3471.54,20971.28,201.48,49.2967472,14.9357832
560995,ROSIČKA,62942.45,46.0,7655.07,853.95,4022.58,24300.05,,49.2796021,14.9539425
561002,LESNÁ,570669.96,1320.0,69405.01,10115.37,36470.82,220317.28,1840.77,49.7541723,12.5376709
561011,LESTKOV,455378.11,32789.67,55383.19,8071.77,29102.66,175806.83,2211.27,49.8829414,12.871019
561029,SVĚTCE,129580.14,,15759.57,2296.86,8281.32,50026.71,161.18,49.2705515,14.9414022
561037,VÍCEMIL,65652.29,35374.73,7984.65,890.72,4195.76,25346.23,201.48,49.2638501,14.8942801
561045,SMRŽOV,126747.12,27200.17,15415.02,2246.64,8100.25,48932.98,283.19,49.0760534,14.6823764
561053,BEDNÁREČEK,155446.9,,18905.49,2755.36,9934.42,60013.04,1053.12,49.210076,15.1439321
561061,HORNÍ SKRÝCHOV,179835.56,1438.0,21871.65,3187.66,11493.07,69428.71,1578.22,49.1727759,15.0283713
561070,PÍSTINA,124406.79,4136.74,15130.38,2205.17,7950.68,48029.46,,49.0494122,14.9012572
561088,PŘÍBRAZ,218758.88,4017.91,26605.51,3877.59,13980.6,84455.75,5000.13,49.0512447,14.9376074
561096,HOJOVICE,83143.16,141.0,10111.88,1128.02,5313.58,32098.89,1053.12,49.3285905,14.9191688
561100,LIDMAŇ,247458.66,14963.54,30095.98,4386.31,15814.77,95535.82,5157.66,49.3818353,15.0367227
561118,BÁCOVICE,84128.55,,10231.73,1141.4,5376.55,32479.32,221.62,49.4767204,15.1673162
561126,BĚLÁ,51117.64,,6216.94,693.53,3266.86,19734.87,60.44,49.3125146,15.2606127
561134,PLANÁ,5007681.23,67234.73,609035.32,88763.25,320034.74,1933304.39,109358.09,49.8683954,12.7382081
561142,ČERNOV,103590.2,80620.36,12598.66,1405.43,6620.32,39992.85,2001.22,49.3439477,15.3138292
561151,PŘIMDA,1535007.34,31943.83,186687.94,27208.65,98100.42,592616.89,13419.25,49.6745658,12.6763239
561169,ROZVADOV,826627.69,2202.0,100534.65,14652.33,52828.76,319134.32,71623.75,49.6714834,12.5581946
561177,NOVÁ BUKOVÁ,101003.53,117.0,12284.08,1370.35,6455.01,38994.21,241.77,49.3459725,15.2969995
561185,STARÉ SEDLIŠTĚ,1234706.59,22910.35,150165.29,21885.7,78908.58,476680.44,14262.33,49.743744,12.6943612
561193,STARÉ SEDLO,326413.86,26037.97,39698.53,5785.83,20860.71,126017.88,303.33,49.6658913,12.863617
561207,STRÁŽ,1361823.23,39967.49,165625.25,24138.89,87032.44,525756.07,4209.56,49.668782,12.7754565
561215,STŘÍBRO,6951876.04,68043.32,845488.73,123224.92,444285.83,2683895.37,309234.8,49.7530168,13.0049136
561223,STUDÁNKA,433945.66,,52776.57,7691.87,27732.93,167532.44,2998.92,49.7805663,12.6036348
561231,SULISLAV,193015.29,8.0,23474.56,3421.28,12335.36,74516.99,843.08,49.7487315,13.0727608
561240,BOŘETICE,76738.04,5266.06,9332.9,1041.13,4904.23,29626.09,241.77,49.4960637,15.1099465
561258,SVOJŠÍN,414484.01,145536.79,50409.63,7346.9,26489.17,160018.92,2158.74,49.765056,12.9110235
561266,LITOHOŠŤ,71564.7,828.0,8703.72,970.94,4573.61,27628.82,1105.63,49.4496377,15.0909913
561274,ROVNÁ,53827.5,0.41,6546.52,730.29,3440.06,20781.06,40.29,49.5101883,15.129398
561282,LHOTA-VLASENICE,105437.83,7517.52,12823.37,1430.5,6738.4,40706.15,201.48,49.2948453,15.1305838
561291,TRPÍSTY,221715.07,17043.0,26965.04,3929.99,14169.53,85597.04,263.04,49.8227716,13.0583185
561304,TŘEMEŠNÉ,434438.36,,52836.49,7700.61,27764.42,167722.65,895.58,49.6252602,12.6956557
561312,BUŘENICE,219374.74,63397.86,26680.41,3888.5,14019.97,84693.52,2263.77,49.5527119,15.0662252
561321,CHYŠNÁ,91888.58,23729.03,11175.51,1246.68,5872.49,35475.23,2526.32,49.5863649,15.0999255
561339,CHÝSTOVICE,49146.84,22578.03,5977.25,666.78,3140.91,18974.02,161.18,49.5856785,15.0795627
561347,MARTINICE U ONŠOVA,57030.05,9515.04,6936.0,773.74,3644.72,22017.46,1263.16,49.5798483,15.1153778
561355,TĚCHOBUZ,82034.58,,9977.06,1112.98,5242.72,31670.9,263.04,49.5100851,14.9306346
561363,ZHOŘEC,96199.71,2035.68,11699.83,1305.17,6148.0,37139.61,1105.63,49.4896377,14.9624525
561371,KRASÍKOVICE,101742.58,,12373.96,1380.37,6502.24,39279.53,263.04,49.4616324,15.2286611
561380,ČESKÁ LÍPA,32363379.31,412461.01,3936041.49,573654.46,2068303.69,12494458.12,1060794.11,50.6865452,14.5372974
561398,BEZDĚZ,345629.16,21106.36,42035.5,6126.43,22088.73,133436.28,1420.69,50.5337837,14.7217684
561401,BLATCE,132043.64,134204.45,16059.18,2340.53,8438.74,50977.81,895.58,50.5028838,14.6031414
561410,BLÍŽEVEDLY,541477.47,30262.89,65854.61,9597.91,34605.16,209047.0,4367.08,50.6084001,14.3964873
561428,BOHATICE,179958.73,,21886.62,3189.84,11500.93,69476.27,1368.19,50.6688538,14.6791104
561436,POLESÍ,97431.46,9296.0,11849.64,1321.88,6226.73,37615.14,161.18,49.2931032,15.2464963
561444,BRNIŠTĚ,1124218.58,7907.66,136727.71,19927.24,71847.42,434024.58,22944.0,50.7291861,14.7033847
561452,STOJČÍN,94844.78,,11535.04,1286.79,6061.42,36616.51,1893.28,49.2376782,15.2218983
561461,JANKOV,36090.28,,4389.31,489.65,2306.48,13933.3,60.44,49.4150939,15.3862162
561479,CVIKOV,3822737.34,104851.59,464922.18,67759.62,244306.43,1475835.74,53417.34,50.7766765,14.6329751
561487,STŘÍTEŽ POD KŘEMEŠNÍKEM,57892.27,5441.48,7040.88,785.44,3699.83,22350.34,60.44,49.434031,15.3201549
561495,DOKSY,4503895.31,427948.2,547764.76,79833.43,287838.4,1738808.88,62046.5,50.5642825,14.6553399
561509,PROBULOV,62696.1,,7625.11,850.61,4006.83,24204.94,100.74,49.4927892,14.1451294
561517,PŘEBOROV,123790.91,,15055.48,2194.24,7911.32,47791.69,1158.14,49.4794733,14.357137
561525,HOROSEDLY,128964.27,,15684.67,2285.94,8241.94,49788.95,303.33,49.5127898,14.0540013
561533,DUBÁ,1646603.93,63001.72,200260.34,29186.74,105232.43,635700.73,17841.76,50.5403416,14.5402337
561541,DUBNICE,552809.57,18525.05,67232.83,9798.78,35329.39,213421.97,2526.32,50.7259718,14.8087129
561550,KOŽLÍ,54689.71,,6651.37,741.99,3495.15,21113.94,1263.16,49.5157688,14.146654
561568,NOVÉ HUTĚ,119356.61,888.46,14516.18,1619.34,7627.93,46079.74,,49.0386948,13.6456576
561576,BUDKOV,86961.59,1108.35,10576.28,1179.84,5557.61,33573.06,141.03,49.0700498,14.0069727
561584,HOLANY,515857.06,6769.07,62738.66,9143.79,32967.79,199155.8,4895.12,50.6179963,14.4929629
561592,HORNÍ LIBCHAVA,705669.8,19134.39,85823.72,12508.29,45098.49,272436.37,4577.13,50.7128426,14.4933356
561606,HORNÍ POLICE,682266.53,5911.98,82977.41,12093.45,43602.82,263401.13,5052.63,50.7038955,14.4042796
561614,CHLUM,266427.61,6863.2,32402.99,4722.53,17027.07,102859.11,1945.78,50.5784357,14.5626618
561622,CHOTOVICE,133644.92,6257.52,16253.93,2368.9,8541.09,51596.0,1473.2,50.7402125,14.5593373
561631,JABLONNÉ V PODJEŠTĚDÍ,3384726.91,159999.9,411651.25,59995.7,216313.73,1306734.01,49995.44,50.7657554,14.7614324
561649,LČOVICE,119479.79,20819.74,14531.16,1621.01,7635.81,46127.29,948.1,49.1145317,13.8506097
561657,JANOVICE V PODJEŠTĚDÍ,89178.72,,10845.94,1209.91,5699.31,34429.03,120.89,50.7628718,14.8242337
561665,JESTŘEBÍ,834880.41,26679.22,101538.35,14798.6,53356.17,322320.43,8209.08,50.6085916,14.5845467
561673,KŘIŠŤANOV,109009.91,1546.0,13257.8,1478.97,6966.69,42085.22,1788.26,48.9086531,14.0206157
561681,KAMENICKÝ ŠENOV,3165721.68,128114.58,385015.79,56113.74,202317.37,1222183.15,71308.69,50.7735891,14.4728675
561690,HÁJEK,43357.61,,5273.16,588.25,2770.94,16738.98,,49.1110832,14.0611555
561703,ČLUNEK,445277.77,6964.54,54154.78,7892.74,28457.16,171907.4,3369.4,49.1116854,15.1272256
561711,BLAŽEJOV,413498.6,768.95,50289.8,7329.44,26426.19,159638.49,1735.75,49.142192,15.0964516
561720,KRAVAŘE,780067.52,4834.51,94871.99,13827.02,49853.16,301158.94,3736.97,50.6325705,14.3930912
561738,KROMPACH,155323.72,21384.62,18890.51,2753.18,9926.56,59965.48,3684.46,50.828899,14.7011224
561746,KUNRATICE U CVIKOVA,525834.24,125401.73,63952.07,9320.62,33605.42,203007.66,4104.54,50.7689101,14.678884
561754,EŠ,61464.34,11503.0,7475.31,833.9,3928.11,23729.41,221.62,49.4345962,15.0012956
561762,DOBRÁ VODA U PACOVA,88809.21,2856.93,10800.99,1204.9,5675.69,34286.37,1105.63,49.4044897,15.027791
561771,VYSOKÁ LHOTA,16751.81,361.21,1698.44,227.28,799.03,6467.33,100.74,49.4167384,15.04226
561789,RODINOV,199420.38,,24253.55,3534.82,12744.71,76989.78,2526.32,49.2827918,15.1038125
561797,VYSTRKOV,195355.61,,23759.2,3462.76,12484.94,75420.51,3369.4,49.5196785,15.348797
561801,BYSTRÁ,103220.69,,12553.72,1400.42,6596.7,39850.17,181.32,49.5084679,15.3711838
561819,MYSLETÍN,98170.5,0.24,11939.52,1331.91,6273.95,37900.47,283.19,49.476591,15.3682048
561827,MAŘENICE,350679.35,885.97,42649.7,6215.93,22411.48,135385.99,1053.12,50.8080535,14.6787965
561835,MIMOŇ,5388784.79,139661.38,655385.22,95518.47,344390.59,2080436.2,68467.31,50.6589287,14.7244345
561843,STARÉ BŘÍŠTĚ,78955.2,6585.94,9602.55,1071.21,5045.92,30482.06,303.33,49.4910337,15.3619902
561851,NOVINY POD RALSKEM,271970.48,36379.03,33077.12,4820.79,17381.31,104999.05,7526.44,50.6920493,14.7468535
561860,NOVÝ BOR,9560107.49,264121.37,1162702.43,169456.92,610974.7,3690849.51,213085.91,50.757878,14.5554953
561878,NOVÝ OLDŘICHOV,595304.97,1441.01,72401.13,10552.03,38045.21,229828.07,3526.93,50.7654108,14.4421418
561886,OKNA,455747.65,3316.86,55428.13,8078.32,29126.27,175949.48,4685.06,50.5274924,14.6709569
561894,OKROUHLÁ,442321.56,871.0,53795.25,7840.34,28268.23,170766.11,1210.65,50.7668289,14.5275733
561908,ŽIROV,75013.6,11775.21,9123.18,1017.73,4794.03,28960.33,161.18,49.4642465,15.3236007
561916,PAVLOV,90656.82,,11025.7,1229.97,5793.77,34999.68,1420.69,49.39867,15.2439772
561924,DEHTÁŘE,117139.46,10572.0,14246.53,1589.26,7486.24,45223.77,895.58,49.4860996,15.2752824
561932,DOBRÁ VODA,173923.15,15118.69,21152.58,3082.86,11115.21,67146.13,201.48,49.358144,15.2700001
561941,PROSEČ POD KŘEMEŠNÍKEM,83635.85,5188.54,10171.81,1134.72,5345.07,32289.12,100.74,49.4152446,15.2949429
561959,POLEVSKO,379625.47,5194.0,46170.13,6729.03,24261.4,146561.17,7050.93,50.7862238,14.5312096
561967,OLEŠNÁ,540492.08,1757.49,65734.76,9580.45,34542.18,208666.59,9314.7,49.4457452,15.26365
561975,ZAJÍČKOV,174046.33,3856.5,21167.55,3085.04,11123.09,67193.68,895.58,49.3779283,15.2585018
561983,PROVODÍN,574734.73,70871.09,69899.37,10187.42,36730.59,221886.56,9577.25,50.6177765,14.6013288
561991,PRYSK,413129.08,9785.73,50244.85,7322.88,26402.57,159495.83,7208.47,50.7962463,14.46766
562009,RYNÁREC,554780.38,12666.88,67472.51,9833.72,35455.32,214182.84,3894.5,49.3898595,15.2344663
562017,RALSKO,2414846.64,61921.67,293694.19,42804.17,154329.88,932294.5,51101.06,50.5857728,14.8040625
562025,SKALICE U ČESKÉ LÍPY,1301836.98,152269.69,158329.71,23075.6,83198.8,502597.32,10105.28,50.7449093,14.5306716
562033,ÚTĚCHOVICE POD STRAŽIŠTĚM,95583.83,,11624.92,1296.81,6108.65,36901.84,221.62,49.5385759,15.0296761
562041,LESNÁ,63804.67,,7759.94,865.66,4077.68,24632.93,241.77,49.517913,15.0575577
562050,SLOUP V ČECHÁCH,592595.11,10388.55,72071.55,10504.0,37872.02,228781.88,9367.21,50.7392237,14.5885149
562068,RAKOVICE,202007.07,1429.09,24568.14,3580.65,12910.02,77988.42,4632.56,49.4712149,14.0545549
562076,SOSNOVÁ,510437.36,57136.13,62079.5,9047.72,32621.42,197063.42,4790.08,50.6550478,14.5322849
562084,JICKOVICE,145469.72,9874.33,17692.06,2578.51,9296.79,56161.18,201.48,49.4506298,14.2158749
562092,STRÁŽ POD RALSKEM,3212528.2,234366.94,390708.41,56943.41,205308.72,1240253.64,210087.01,50.7029923,14.8009646
562106,STRUŽNICE,814802.88,24422.83,99096.52,14442.72,52073.04,314569.15,6578.35,50.6968707,14.4499848
562114,STVOLÍNKY,279730.51,1122.72,34020.89,4958.34,17877.23,107994.94,843.08,50.6322584,14.4288376
562122,BOUDY,185624.79,25325.36,22575.73,3290.28,11863.05,71663.75,1210.65,49.4479508,14.0354863
562131,SVOR,594565.91,46256.81,72311.25,10538.93,37997.98,229542.74,2946.4,50.7918632,14.596773
562149,MINICE,31286.46,,3805.07,424.47,1999.48,12078.69,201.48,49.4898374,14.0121344
562157,NERESTCE,92627.62,718.95,11265.4,1256.7,5919.72,35760.54,221.62,49.5006096,14.0627067
562165,ZVÍKOVSKÉ PODHRADÍ,153106.57,,18620.86,2713.88,9784.85,59109.52,4842.59,49.4265718,14.2005616
562173,VELENICE,149780.84,7082.64,18216.38,2654.93,9572.31,57825.57,895.58,50.7189614,14.663893
562181,KŘENOVICE,152737.05,2420.33,18575.91,2707.33,9761.23,58966.85,1263.16,49.3672906,14.3428919
562190,OLEŠNÁ,113567.38,4020.96,13812.09,1540.8,7257.95,43844.71,,49.3461491,14.3104878
562203,VELKÝ VALTINOV,178480.64,60427.38,21706.86,3163.64,11406.47,68905.63,201.48,50.7437313,14.7352661
562211,VARVAŽOV,207057.25,790.67,25182.35,3670.17,13232.78,79938.13,263.04,49.4389033,14.1425917
562220,VOLFARTICE,590993.84,1757.04,71876.81,10475.62,37769.68,228163.68,3789.48,50.7301004,14.4529245
562238,VRCHOVANY,99525.44,,12104.31,1350.29,6360.55,38423.56,161.18,50.5531355,14.571198
562246,ZAHRÁDKY,567467.41,3592.48,69015.51,10058.6,36266.14,219080.88,4947.62,50.6345668,14.5244557
562254,PASEKY,222084.59,4418.08,27009.98,3936.54,14193.15,85739.71,1053.12,49.2518565,14.2550688
562262,ZÁKUPY,2592711.4,141701.51,315326.15,45956.91,165697.0,1000962.34,56888.84,50.6844952,14.6454503
562271,TEMEŠVÁR,110241.66,,13407.61,1495.68,7045.4,42560.75,60.44,49.3563801,14.263527
562289,VOJNÍKOV,98540.03,10621.0,11984.46,1336.92,6297.57,38043.13,241.77,49.3536744,14.1770518
562297,ŽANDOV,1573807.48,26081.16,191406.82,27896.4,100580.1,607596.36,34679.99,50.7137234,14.3962214
562301,DOLNÍ NOVOSEDLY,199543.57,678.0,24268.53,3537.0,12752.58,77037.35,1368.19,49.3291191,14.1959894
562319,HORNÍ SLATINA,119849.32,2747.0,14576.09,1626.03,7659.42,46269.96,201.48,49.0925119,15.5667439
562327,TŘEBĚTICE,254356.46,7583.9,30934.89,4508.58,16255.61,98198.83,2106.23,49.047639,15.5207189
562335,DĚČÍN,40868369.41,921503.73,4970420.31,724408.99,2611847.13,15777960.8,1108791.25,50.7824196,14.2147221
562343,ARNOLTICE,324073.53,3846.86,39413.9,5744.33,20711.14,125114.35,3841.98,50.8370191,14.2639415
562351,BENEŠOV NAD PLOUČNICÍ,3020867.83,205613.37,367398.63,53546.14,193059.95,1166259.75,43364.57,50.7413413,14.3112047
562360,NOVÁ VES NAD LUŽNICÍ,352403.79,16240.61,42859.42,6246.51,22521.69,136051.75,5735.27,48.8107069,14.9253702
562378,STAŇKOV,226518.9,,27549.28,4015.15,14476.55,87451.64,1000.61,48.9795234,14.9526982
562386,HAMR,303256.94,9888.19,36882.18,5375.36,19380.77,117077.74,13209.2,48.9494024,14.9134294
562394,ČESKÁ KAMENICE,4338224.87,260257.15,527615.89,76896.85,277250.61,1674848.86,73677.48,50.7994117,14.4165592
562408,DOBKOVICE,512408.16,9925.43,62319.2,9082.66,32747.38,197824.29,3579.43,50.7148448,14.1931462
562416,DOBROHOŠŤ,46190.64,6306.0,5617.72,626.69,2951.98,17832.72,181.32,49.0799944,15.4930161
562424,ŽUPANOVICE,53334.8,105118.27,6486.59,723.61,3408.56,20590.84,1368.19,48.9571093,15.5061228
562432,DOLNÍ PODLUŽÍ,1097982.3,67516.2,133536.85,19462.2,70170.7,423895.59,16365.65,50.8810017,14.5946473
562441,DOLNÍ POUSTEVNA,1340021.25,26492.0,162973.69,23752.44,85639.11,517339.03,25575.33,50.9803948,14.2873374
562459,POLŠTĚ,90780.0,5849.55,11040.68,1231.64,5801.64,35047.24,283.19,49.1063827,14.9278527
562467,DOLNÍ PĚNA,306952.2,61693.0,37331.59,5440.85,19616.94,118504.36,,49.1105004,15.0220515
562475,OKROUHLÁ RADOUŇ,188580.99,2052.01,22935.27,3342.68,12051.97,72805.04,3631.94,49.2398721,15.016724
562483,HEŘMANOV,433699.31,67983.38,52746.61,7687.49,27717.19,167437.33,1578.22,50.7264831,14.2912026
562491,KAČLEHY,120342.01,,14636.02,2133.11,7690.9,46460.17,263.04,49.1091118,15.077296
562505,HORNÍ PODLUŽÍ,599985.62,9332.64,72970.39,10635.0,38344.34,231635.12,22261.36,50.8814943,14.5455731
562513,HŘENSKO,266058.09,19489.32,32358.05,4715.99,17003.45,102716.46,7263.9,50.8739272,14.2402549
562521,HUNTÍŘOV,685469.09,36538.02,83366.91,12150.22,43807.48,264637.53,3103.93,50.789435,14.3034242
562530,CHŘIBSKÁ,1221526.87,87386.11,148562.38,21652.07,78066.28,471592.17,22103.82,50.863242,14.48297
562548,BEDNÁREC,117878.51,9568.6,14336.41,1599.29,7533.47,45509.1,1525.71,49.195236,15.0931945
562556,JETŘICHOVICE,456363.52,16024.41,55503.03,8089.23,29165.63,176187.25,5052.63,50.8523892,14.3939089
562564,JÍLOVÉ,4100989.76,65462.17,498763.29,72691.76,262089.2,1583260.02,39260.04,50.7610971,14.1041986
562572,JIŘETÍN POD JEDLOVOU,520784.07,321222.07,63337.88,9231.11,33282.67,201057.95,24577.64,50.8770981,14.5762837
562581,JIŘÍKOV,2819969.34,476958.26,342965.31,49985.14,180220.77,1088699.31,50678.07,50.9951393,14.5690963
562599,VELKÝ RATMÍROV,218266.17,,26545.59,3868.86,13949.12,84265.53,4895.12,49.1776453,14.937492
562602,DOLNÍ ŽĎÁR,136724.29,7761.56,16628.44,2423.49,8737.88,52784.84,1263.16,49.1011177,14.988339
562611,KRÁSNÁ LÍPA,2835119.87,161982.91,344807.92,50253.69,181189.02,1094548.45,53889.94,50.9145647,14.5062621
562629,VYDŘÍ,107778.15,477.39,13108.0,1462.26,6887.97,41609.67,100.74,49.0924266,14.9456266
562637,FRAHELŽ,113567.38,11795.35,13812.09,1540.8,7257.95,43844.71,1000.61,49.1172463,14.7318277
562645,KYTLICE,454639.07,24641.34,55293.31,8058.67,29055.42,175521.5,7050.93,50.8123337,14.5352171
562653,PONĚDRÁŽKA,84005.38,2904.05,10216.76,1139.73,5368.68,32431.77,161.18,49.1365292,14.703318
562661,LIPOVÁ,495656.35,16667.01,60281.84,8785.72,31676.78,191356.95,9104.67,51.0110403,14.3602176
562670,PONĚDRAŽ,108886.74,2692.73,13242.83,1477.3,6958.82,42037.66,2788.86,49.120835,14.7042763
562688,KLEC,137586.52,1951.44,16733.3,2438.77,8792.98,53117.72,80.59,49.0995225,14.7481158
562696,HADRAVOVA ROSIČKA,46190.64,14554.46,5617.72,626.69,2951.98,17832.72,40.29,49.2508498,15.0474044
562700,MALÁ VELEŇ,331340.86,2630.07,40297.75,5873.15,21175.59,127920.03,3684.46,50.7415228,14.2705915
562718,MALŠOVICE,818867.66,13578.07,99590.88,14514.78,52332.82,316138.43,4419.6,50.7351544,14.1697037
562726,BÁŇOVICE,106792.76,3236.31,12988.15,1448.88,6824.99,41229.24,1210.65,49.0117526,15.4902389
562734,NOVÁ OLEŠNÁ,116400.41,3772.11,14156.65,1579.23,7439.0,44938.45,948.1,49.1756106,15.1609512
562742,BOŘETÍN,93736.21,3957.71,11400.21,1271.75,5990.57,36188.53,,49.1892185,15.2118389
562751,MIKULÁŠOVICE,1710531.77,84169.32,208035.26,30319.89,109317.98,660381.21,23892.09,50.9652558,14.3636833
562769,JILEM,106915.93,,13003.15,1450.55,6832.87,41276.79,2788.86,49.1766675,15.2688223
562777,RUMBURK,8976627.32,284087.34,1091739.44,159114.48,573685.19,3465586.61,234136.63,50.9517739,14.5569317
562785,HORNÍ NĚMČICE,76122.17,,9258.0,1032.77,4864.88,29388.31,283.19,49.1577972,15.2796781
562793,RYBNIŠTĚ,598137.98,8150.13,72745.68,10602.25,38226.26,230921.81,4052.04,50.8797591,14.5155486
562807,HALÁMKY,130319.19,,15849.45,2309.96,8328.54,50312.05,4104.54,48.8531369,14.9151247
562815,DUNAJOVICE,189566.38,4667.92,23055.1,3360.14,12114.95,73185.48,1315.66,49.0350449,14.6952479
562823,STARÉ KŘEČANY,1067681.23,38348.12,129851.64,18925.1,68234.19,412197.33,13947.26,50.9504417,14.4961696
562831,HRACHOVIŠTĚ,76984.4,,9362.86,1044.47,4919.98,29721.19,1158.14,48.9291356,14.7708072
562840,DOMANÍN,345998.68,3483.27,42080.44,6132.97,22112.35,133578.95,2998.92,48.9714693,14.7399791
562858,ŠLUKNOV,4817745.3,41023.54,585935.27,85396.55,307896.16,1859976.25,71571.25,51.003217,14.4530321
562866,MAŽICE,113567.38,1775.74,13812.09,1540.8,7257.95,43844.71,263.04,49.2134974,14.6128162
562874,VALKEŘICE,352526.97,2844.19,42874.41,6248.7,22529.57,136099.31,201.48,50.7018296,14.3218938
562882,VARNSDORF,12025579.08,798026.33,1462553.64,213158.43,768539.94,4642688.66,260712.57,50.9124244,14.6194058
562891,VELKÁ BUKOVINA,425939.28,2783.0,51802.84,7549.95,27221.25,164441.43,2368.78,50.7304345,14.3967649
562904,HODONICE,135246.19,,16448.68,2397.3,8643.42,52214.2,1000.61,49.2685212,14.4873637
562912,VELKÝ ŠENOV,1725559.13,60319.87,209862.89,30586.26,110278.36,666182.79,23944.59,50.9907708,14.3780786
562921,VERNEŘICE,1068543.47,34875.5,129956.49,18940.39,68289.3,412530.21,16155.6,50.6611409,14.3011435
562939,VESELÉ,287983.24,3047.0,35024.59,5104.63,18404.65,111181.05,2788.86,50.7812608,14.3764461
562947,VILÉMOV,647038.49,,78692.97,11469.03,41351.43,249800.72,19787.54,50.9903291,14.335875
562955,KOŠÍN,74767.25,,9093.21,1014.39,4778.29,28865.22,100.74,49.4564034,14.658444
562963,JEDLANY,66145.0,123.8,8044.57,897.4,4227.25,25536.45,221.62,49.4945717,14.7164364
562971,CHOMUTOV,40680157.96,7314392.19,4947529.99,721072.85,2599818.77,15705298.42,1175785.37,50.4606456,13.4178324
562980,BÍLENCE,230337.32,199121.37,28013.67,4082.83,14720.57,88925.83,1053.12,50.4245589,13.5056993
562998,BLATNO,630286.68,32743.67,76655.61,11172.09,40280.85,243333.38,2421.3,50.5117985,13.3582462
563005,BOLEBOŘ,327029.72,1426.71,39773.43,5796.74,20900.07,126255.64,2631.34,50.5400978,13.4137213
563013,BŘEZNO,1406166.25,168910.96,171018.26,24924.89,89866.35,542875.49,12684.11,50.4019502,13.4215491
563021,ČERNOVICE,488758.55,137314.69,59442.93,8663.46,31235.96,188693.93,4209.56,50.4476749,13.3592393
563030,KRTOV,129087.45,6032.03,15699.64,2288.13,8249.82,49836.5,1210.65,49.3484493,14.8324805
563048,DOMAŠÍN,204716.91,4662.81,24897.72,3628.69,13083.2,79034.61,241.77,50.4206973,13.172198
563056,DROUŽKOVICE,647654.35,4766.42,78767.87,11479.94,41390.78,250038.48,15049.98,50.4307789,13.4290914
563064,HORA SVATÉHO ŠEBESTIÁNA,422120.87,6053.96,51338.43,7482.27,26977.22,162967.27,8737.09,50.5105958,13.251606
563072,HRUŠOVANY,433822.49,29194.1,52761.58,7689.69,27725.06,167484.88,7841.51,50.3866634,13.4978638
563081,CHBANY,590131.62,23350.08,71771.94,10460.33,37714.58,227830.8,5525.23,50.332773,13.4303749
563099,JIRKOV,15971245.1,105354.21,1942426.43,283097.01,1020702.59,6165983.2,189193.83,50.5000597,13.4476266
563102,KADAŇ,15225912.94,676757.5,1851778.97,269885.68,973069.33,5878234.46,536527.61,50.3761991,13.2710364
563111,KALEK,299438.52,,36417.78,5307.68,19136.75,115603.56,1053.12,50.5777287,13.3219552
563129,KLÁŠTEREC NAD OHŘÍ,11678718.16,553259.4,1420368.34,207010.17,746372.49,4508776.84,369437.6,50.3843054,13.1710191
563137,KOVÁŘSKÁ,874789.13,7388.8,106392.05,15506.01,55906.69,337727.9,14262.33,50.4382144,13.0538805
563145,CHRBONÍN,137956.04,,16778.25,2445.33,8816.6,53260.39,1683.24,49.3586623,14.8642974
563153,TŘEBĚJICE,72673.27,,8838.54,985.97,4644.46,28056.8,181.32,49.2444223,14.8191954
563161,KŘIMOV,431482.16,92391.81,52476.96,7648.2,27575.49,166581.36,2001.22,50.4860234,13.3014723
563170,SVRABOV,50378.59,,6127.05,683.5,3219.64,19449.56,1158.14,49.4474704,14.6265392
563188,LIBĚDICE,214078.22,12317.59,26036.24,3794.63,13681.48,82648.71,3474.42,50.3161227,13.3843424
563196,RADIMOVICE U TÁBORA,54073.83,194.4,6576.47,733.64,3455.79,20876.17,181.32,49.4573133,14.6390211
563200,MÁLKOV,818251.78,93679.2,99515.98,14503.85,52293.46,315900.66,8419.12,50.4461694,13.3333781
563218,MAŠŤOV,532116.17,3721.56,64716.09,9431.98,34006.89,205432.9,7788.99,50.262274,13.2804584
563226,MĚDĚNEC,157294.52,49028.17,19130.2,2788.11,10052.49,60726.35,948.1,50.4211822,13.1147075
563234,MEZIŘÍČÍ,145592.9,2624.08,17707.04,2580.7,9304.66,56208.73,1788.26,49.436617,14.5749493
563242,MÍSTO,347969.48,149.41,42320.13,6167.91,22238.3,134339.81,4895.12,50.4470634,13.2672404
563251,BALKOVA LHOTA,114799.14,4486.08,13961.9,1557.51,7336.67,44320.25,2263.77,49.4520192,14.6082153
563269,OKOUNOV,330848.15,14205.95,40237.82,5864.42,21144.1,127729.81,161.18,50.3622179,13.1065637
563277,OTVICE,504155.43,61991.18,61315.5,8936.37,32219.95,194638.17,28314.6,50.4808158,13.450696
563285,PERŠTEJN,1052900.24,8975.61,128053.96,18663.1,67289.56,406490.85,7788.99,50.38166,13.1101996
563293,PĚTIPSY,182175.89,1781.35,22156.27,3229.15,11642.63,70332.24,181.32,50.3207927,13.3498291
563307,DRHOVICE,170720.6,15723.51,20763.07,3026.09,10910.54,65909.72,2683.85,49.4328103,14.5583773
563315,KRYŠTOFOVY HAMRY,182791.76,14474.72,22231.17,3240.06,11682.0,70570.01,303.33,50.4994617,13.1360909
563323,RADONICE,1086403.85,43309.21,132128.68,19256.96,69430.73,419425.53,7473.93,50.2980547,13.2850352
563331,ROKLE,364967.65,13004.48,44387.45,6469.2,23324.63,140902.24,5892.8,50.3531714,13.2986961
563340,SPOŘICE,1226577.04,22705.09,149176.57,21741.59,78389.03,473541.88,33839.84,50.4412864,13.3921061
563358,STRUPČICE,1085664.79,421311.52,132038.8,19243.87,69383.5,419140.2,9577.25,50.4713425,13.5302494
563366,BEČICE,67623.1,,8224.33,917.46,4321.71,26107.09,303.33,49.382853,14.5537109
563374,PSÁROV,125884.89,,15310.15,2231.37,8045.14,48600.1,,49.3188994,14.9054865
563382,ÚDLICE,1197630.9,12957.9,145656.15,21228.51,76539.12,462366.72,25522.81,50.4405986,13.4573781
563404,VEJPRTY,2219737.38,130382.56,269964.95,39345.78,141860.68,856969.09,48784.78,50.4923155,13.0321201
563412,VELIKÁ VES,299931.22,10254.06,36477.71,5316.41,19168.24,115793.78,161.18,50.269663,13.3746174
563439,VILÉMOV,654305.81,24618.28,79576.82,11597.85,41815.88,252606.4,3103.93,50.3013792,13.3133752
563447,VLČEVES,104329.26,4619.52,12688.54,1415.47,6667.56,40278.16,241.77,49.3570253,14.9005045
563455,NOVÁ VES U MLADÉ VOŽICE,186610.18,33365.26,22695.57,3307.74,11926.03,72044.18,,49.5430303,14.7479621
563463,VRSKMAŇ,303626.47,33857.87,36927.12,5381.9,19404.39,117220.39,5367.7,50.4881587,13.4956178
563471,VŠEHRDY,121696.94,17059.18,14800.81,2157.13,7777.51,46983.27,14472.37,50.4199392,13.4612291
563480,VŠESTUDY,143252.58,280234.67,17422.41,2539.21,9155.1,55305.2,895.58,50.4573596,13.5075947
563498,VÝSLUNÍ,328261.48,4176.42,39923.24,5818.57,20978.79,126731.17,303.33,50.4664819,13.2373954
563501,VYSOKÁ PEC,906198.76,7916.86,110212.1,16062.75,57914.04,349854.14,9367.21,50.5202733,13.4702519
563510,JABLONEC NAD NISOU,39723087.9,306780.24,4831130.91,704108.38,2538653.6,15335804.5,1100949.74,50.7240899,15.1710958
563528,ALBRECHTICE V JIZERSKÝCH HORÁCH,412759.56,13213.37,50199.91,7316.33,26378.95,159353.17,5052.63,50.7623619,15.2762385
563536,BEDŘICHOV,385414.7,918.0,46874.22,6831.64,24631.38,148796.2,11102.97,50.791017,15.1426403
563544,LIBĚJICE,93120.33,,11325.31,1263.39,5951.2,35950.76,181.32,49.376824,14.6239747
563552,DESNÁ,2451675.98,39367.34,298173.38,43456.98,156683.59,946513.11,53627.38,50.760138,15.3027864
563561,DRŽKOV,418548.77,6922.69,50903.99,7418.96,26748.94,161588.2,10997.95,50.6876177,15.3013264
563579,FRÝDŠTEJN,642604.18,15638.75,78153.66,11390.43,41068.04,248088.77,3894.5,50.6519708,15.1588309
563587,LOM,134383.97,1530.73,16343.81,2382.01,8588.32,51881.33,5210.16,49.3628989,14.6279564
563595,JANOV NAD NISOU,1266239.41,19783.08,154000.32,22444.62,80923.8,488854.24,15630.49,50.7720406,15.1691346
563609,JENIŠOVICE,1153534.24,5811.0,140293.09,20446.88,73720.95,445342.41,7578.96,50.6280481,15.1365005
563617,JÍLOVÉ U DRŽKOVA,176263.48,222.0,21437.2,3124.35,11264.78,68049.65,843.08,50.6708615,15.295868
563625,HAŠKOVCOVA LHOTA,62572.93,,7610.14,848.94,3998.96,24157.39,283.19,49.3324923,14.4666231
563633,JOSEFŮV DŮL,842640.44,32488.24,102482.12,14936.16,53852.1,325316.33,9524.75,50.781915,15.2314649
563641,KOBEROVY,826381.34,3309.22,100504.68,14647.96,52813.01,319039.21,4262.07,50.6246596,15.228224
563650,DLOUHÁ LHOTA,130565.54,44.47,15879.42,2314.33,8344.29,50407.14,1053.12,49.352282,14.7891557
563668,KOŘENOV,973205.99,49538.51,118361.53,17250.49,62196.39,375723.48,8737.09,50.7596171,15.3658974
563676,LÍŠNÝ,174046.33,,21167.55,3085.04,11123.09,67193.68,1263.16,50.6460713,15.2122036
563684,LOUŽNICE,155200.55,9.0,18875.52,2751.0,9918.67,59917.93,2106.23,50.6796474,15.2676915
563692,LUČANY NAD NISOU,1592283.73,12615.11,193653.91,28223.9,101760.89,614729.45,18839.45,50.7413554,15.2204627
563706,MALÁ SKÁLA,1059674.86,7532.96,128877.89,18783.18,67722.52,409106.32,25102.74,50.6460924,15.1935135
563714,MARŠOVICE,440227.59,835.26,53540.58,7803.22,28134.41,169957.7,2893.89,50.6963543,15.1984682
563722,ČERNÝŠOVICE,96322.88,,11714.81,1306.84,6155.88,37187.16,161.18,49.3251273,14.5204427
563731,NOVÁ VES NAD NISOU,689533.86,2260.45,83861.27,12222.28,44067.26,266206.81,4632.56,50.7253941,15.2142196
563749,PĚNČÍN,1717675.92,75906.54,208904.13,30446.53,109774.55,663139.33,20630.62,50.6876908,15.23593
563757,PLAVY,802731.73,5850.98,97628.41,14228.76,51301.59,309908.86,8104.05,50.7046611,15.3180054
563765,DRAHOV,151258.94,769.29,18396.16,2681.13,9666.77,58396.21,1315.66,49.1753616,14.7541752
563773,RADČICE,130196.02,,15834.47,2307.77,8320.67,50264.49,895.58,50.6727609,15.2776407
563781,RÁDLO,825272.76,7313.8,100369.85,14628.3,52742.16,318611.22,5052.63,50.6984516,15.1157502
563790,RYCHNOV U JABLONCE NAD NISOU,2416694.26,13875.88,293918.9,42836.92,154447.95,933007.79,42679.03,50.6837901,15.149789
563803,SKUHROV,479643.6,1400.57,58334.36,8501.89,30653.44,185174.94,2263.77,50.6760027,15.2133024
563811,SMRŽOVKA,3193066.54,17788.28,388341.47,56598.45,204064.94,1232740.12,50520.53,50.7384678,15.2463402
563820,TANVALD,5162265.89,29081.1,627835.93,91503.32,329914.06,1992984.54,91886.81,50.7379436,15.3037997
563838,VELKÉ HAMRY,2234395.21,12636.7,271747.65,39605.59,142797.45,862628.0,25050.23,50.7143764,15.3150838
563846,VLASTIBOŘ,101003.53,,12284.08,1370.35,6455.01,38994.21,141.03,50.6648743,15.3117182
563854,ZÁSADA,838452.48,69396.9,101972.79,14861.92,53584.47,323699.5,18156.82,50.6978299,15.2702627
563862,ZLATÁ OLEŠNICE,450943.82,3086.0,54843.89,7993.16,28819.27,174094.88,2841.38,50.7088147,15.3534548
563871,ŽELEZNÝ BROD,5015810.77,39307.58,610024.03,88907.35,320554.29,1936442.95,75150.68,50.6430652,15.2539851
563897,ŽÍŠOV,212723.29,3425.64,25871.45,3770.6,13594.89,82125.62,2211.27,49.2000594,14.6933835
563901,BÍLÁ,807412.39,29966.34,98197.68,14311.73,51600.73,311715.91,7999.04,50.66483,15.0354133
563919,BÍLÝ KOSTEL NAD NISOU,936007.13,48308.46,113837.39,16591.12,59819.06,361362.2,8947.13,50.8228944,14.9244734
563927,ZADNÍ STŘÍTEŽ,36829.34,,4479.19,499.68,2353.72,14218.62,,49.4940807,14.9167075
563935,BULOVKA,818128.6,10656.14,99500.98,14501.67,52285.59,315853.1,3156.43,50.971142,15.1235589
563943,CETENOV,106053.7,263.0,12898.28,1438.86,6777.77,40943.92,895.58,50.6444222,14.9175959
563951,ÚNICE,68115.8,2871.31,8284.26,924.15,4353.19,26297.32,895.58,49.3122378,13.8684041
563960,ČESKÝ DUB,2592465.04,92538.09,315296.18,45952.53,165681.24,1000867.23,85676.04,50.6607076,14.9957954
563978,KUBOVA HUŤ,72180.58,,8778.62,979.29,4612.97,27866.59,1158.14,48.9832252,13.7718229
563986,KLENOVICE,493316.03,4080.4,59997.21,8744.24,31527.22,190453.43,3316.88,49.2787724,14.7156568
563994,DOLNÍ ŘASNICE,516472.94,17514.49,62813.56,9154.7,33007.15,199393.56,2316.28,50.9456852,15.168675
564028,FRÝDLANT,6419267.17,41100.21,780712.71,113784.2,410247.46,2478272.24,142512.37,50.9216775,15.0794594
564036,HABARTICE,397362.67,4955.19,48327.34,7043.42,25394.96,153408.93,2158.74,51.0190316,15.065154
564044,HEJNICE,2478404.96,2565.75,301424.17,43930.76,158391.8,956832.31,44575.22,50.8772146,15.1816799
564052,HLAVICE,220729.67,14262.96,26845.2,3912.53,14106.56,85216.61,1525.71,50.6320739,14.9253239
564061,HODKOVICE NAD MOHELKOU,2472985.26,65950.26,300765.02,43834.7,158045.45,954739.94,71623.75,50.6656427,15.0901298
564079,HORNÍ ŘASNICE,252632.01,56395.18,30725.16,4478.01,16145.4,97533.08,1105.63,50.9654625,15.2014883
564087,POŠTOVICE,168133.92,31766.38,20448.49,2980.24,10745.23,64911.09,1735.75,50.3126889,14.1378391
564095,HRÁDEK NAD NISOU,6771547.77,123664.85,823557.16,120028.52,432761.27,2614276.44,196297.27,50.8522229,14.8436667
564109,CHOTYNĚ,851385.87,42184.6,103545.74,15091.17,54411.02,328692.65,10525.35,50.8362893,14.8691101
564117,CHRASTAVA,5332124.27,283064.43,648494.15,94514.14,340769.49,2058561.4,111306.79,50.8172919,14.968859
564125,PLCHOV,156185.95,12950.08,18995.37,2768.46,9981.65,60298.36,1368.19,50.2551712,13.9866137
564133,JINDŘICHOVICE POD SMRKEM,567590.58,4700.23,69030.5,10060.78,36274.02,219128.44,7368.91,50.9608145,15.2495327
564141,KOBYLY,392066.15,2819.02,47683.17,6949.54,25056.46,151364.1,2578.83,50.6098553,15.0068667
564150,LIBOCHOVIČKY,63927.84,14035.96,7774.92,867.33,4085.56,24680.48,1525.71,50.172572,14.2395992
564168,KRÁSNÝ LES,409803.35,1040.09,49840.37,7263.93,26190.02,158211.87,2578.83,50.9402217,15.127556
564176,KRYŠTOFOVO ÚDOLÍ,362257.78,431.7,44057.88,6421.17,23151.45,139856.06,2211.27,50.7750934,14.9366487
564184,KŘIŽANY,829091.18,18629.92,100834.26,14695.99,52986.2,320085.4,4472.11,50.7384779,14.9013067
564192,PÁLEČ,176879.36,13426.94,21512.11,3135.26,11304.14,68287.42,241.77,50.3119239,14.049575
564206,LÁZNĚ LIBVERDA,474100.73,121.56,57660.23,8403.63,30299.2,183035.01,10105.28,50.8901392,15.1903612
564214,POČAPLY,105314.65,1204.5,12808.39,1428.83,6730.54,40658.6,3261.46,49.538665,13.9834557
564222,NESTRAŠOVICE,52103.05,29.5,6336.78,706.89,3329.84,20115.31,1368.19,49.5602025,14.026035
564231,MNÍŠEK,1621476.22,5878.92,197204.31,28741.34,103626.55,625999.74,10997.95,50.8316317,15.0562951
564249,CHRÁST,180574.6,3221.58,21961.52,3200.77,11540.31,69714.04,3261.46,49.5947469,13.9558223
564257,HORČÁPSKO,75875.82,,9228.04,1029.43,4849.13,29293.21,120.89,49.5842823,13.9843885
564265,NOVÉ MĚSTO POD SMRKEM,3102286.53,10105.64,377300.79,54989.33,198263.31,1197692.88,36786.23,50.9254734,15.2299746
564273,SVOJŠICE,97924.16,3820.0,11909.56,1328.57,6258.21,37805.37,843.08,49.5727204,14.0428709
564281,OLDŘICHOV V HÁJÍCH,644205.45,820.02,78348.41,11418.81,41170.39,248706.97,4314.58,50.8496318,15.0836665
564290,OSEČNÁ,1181618.15,37332.18,143708.66,20944.68,75515.77,456184.7,14157.3,50.694566,14.9210158
564303,PĚNČÍN,595674.49,4315.88,72446.06,10558.58,38068.82,229970.73,3947.01,50.594867,15.0760883
564311,PERTOLTICE,249675.8,2882.13,30365.63,4425.61,15956.47,96391.79,1000.61,50.9810026,15.0774721
564320,ZBENICE,106176.88,2695.32,12913.25,1440.53,6785.63,40991.48,40.29,49.5923499,14.0886915
564338,ŽUPANOVICE,70702.47,6305.83,8598.85,959.24,4518.5,27295.95,948.1,49.7077879,14.2987096
564346,LAZSKO,166039.95,5504.34,20193.82,2943.13,10611.41,64102.67,7946.53,49.6234054,14.0039995
564354,PŘÍŠOVICE,1032699.53,332177.48,125597.15,18305.03,65998.56,398692.02,42101.42,50.5781315,15.083897
564362,VRANČICE,157294.52,1649.39,19130.2,2788.11,10052.49,60726.35,1000.61,49.6106289,14.0417554
564371,RASPENAVA,2428888.6,20671.94,295401.98,43053.07,155227.27,937715.64,50047.95,50.9041544,15.1146468
564389,RADĚTICE,145223.37,93.5,17662.09,2574.15,9281.06,56066.07,2368.78,49.6399549,14.0789522
564397,RYNOLTICE,736340.39,39231.76,89553.89,13051.94,47058.61,284277.3,13261.71,50.7890217,14.8186975
564401,SOBĚSLAVICE,134137.62,48021.44,16313.85,2377.64,8572.57,51786.21,3369.4,50.6048995,15.0341087
564419,CETYNĚ,117262.64,2002.73,14261.51,1590.93,7494.11,45271.33,895.58,49.5996217,14.121349
564427,SVĚTLÁ POD JEŠTĚDEM,793000.9,7508.94,96444.95,14056.27,50679.71,306152.1,4790.08,50.7112741,14.9854428
564435,SVIJANSKÝ ÚJEZD,377161.97,9983.12,45870.52,6685.35,24103.96,145610.09,6368.31,50.5872316,15.043348
564443,SVIJANY,244625.62,1611.93,29751.43,4336.09,15633.72,94442.08,29259.79,50.5722298,15.0569721
564451,SYCHROV,216664.9,21727.42,26350.83,3840.48,13846.79,83647.34,6420.82,50.6262421,15.0886689
564460,ŠIMONOVICE,1094163.88,8422.1,133072.46,19394.51,69926.67,422421.42,8789.61,50.7063759,15.052623
564478,NARYSOV,203731.52,1188.51,24777.87,3611.22,13020.23,78654.17,1210.65,49.6408488,13.970881
564486,PODLESÍ,797558.39,1015.57,96999.23,14137.05,50970.97,307911.6,3369.4,49.695031,13.9699714
564494,VIŠŇOVÁ,1130130.99,22001.49,137446.78,20032.05,72225.29,436307.17,11155.48,50.9668909,15.0243209
564508,DUBNO,272586.36,52038.69,33152.02,4831.7,17420.66,105236.81,17418.76,49.6958519,14.0517442
564516,VLASTIBOŘICE,271600.96,,33032.18,4814.25,17357.69,104856.38,2473.81,50.618715,15.0520033
564524,NEPOMUK,251646.61,1546.72,30605.31,4460.54,16082.42,97152.65,3947.01,49.642788,13.8372608
564532,VŠELIBICE,543571.44,23928.91,66109.28,9635.04,34738.97,209855.42,7263.9,50.646049,14.951381
564541,ZDISLAVA,226395.72,7217.17,27534.31,4012.97,14468.67,87404.09,181.32,50.7649633,14.8762933
564559,BOHOSTICE,238220.53,1776.03,28972.44,4222.56,15224.38,91969.26,221.62,49.6021372,14.1381272
564567,LITOMĚŘICE,19381099.7,623833.92,2357133.72,343538.12,1238622.2,7482418.21,677304.23,50.5340795,14.1317985
564575,BECHLÍN,1129638.28,,137386.86,20023.32,72193.79,436116.95,6053.24,50.4162336,14.3406916
564583,STAROSEDLSKÝ HRÁDEK,118124.86,437.0,14366.38,1602.64,7549.21,45604.21,3421.91,49.5761809,14.0087611
564591,BOHUŠOVICE NAD OHŘÍ,1866594.55,153155.03,227015.65,33086.17,119291.76,720632.02,33682.3,50.49316,14.1504836
564605,HLUBYNĚ,120957.89,,14710.92,2144.03,7730.28,46697.95,263.04,49.5596599,13.9232394
564613,BRŇANY,380980.4,,46334.92,6753.04,24347.98,147084.26,8104.05,50.4809689,14.1418561
564621,BROZANY NAD OHŘÍ,1163634.6,289717.03,141521.5,20625.91,74366.46,449241.83,10945.44,50.4536591,14.1454017
564630,SEDLICE,213462.34,3788.83,25961.34,3783.72,13642.12,82410.93,1788.26,49.6216028,13.8807821
564648,BŘÍZA,353142.84,38218.48,42949.31,6259.61,22568.92,136337.07,1945.78,50.360511,14.2162559
564656,BUDYNĚ NAD OHŘÍ,1852059.9,10003.37,225247.94,32828.54,118362.87,715020.65,25102.74,50.4042725,14.1259073
564664,BUKOVANY,89425.07,8758.88,10875.89,1213.25,5715.04,34524.15,1788.26,49.5745106,14.1025342
564672,CTINĚVES,279607.34,23029.35,34005.9,4956.16,17869.36,107947.39,1210.65,50.3745071,14.3070517
564681,DRAHOBUDICE,192399.41,21097.24,23399.66,3410.36,12296.01,74279.21,843.08,49.9374776,15.0662554
564699,ČERNIV,119110.26,,14486.22,1616.0,7612.2,45984.64,181.32,50.4449417,14.0589378
564702,MASOJEDY,82896.81,17426.24,10081.92,1124.68,5297.83,32003.78,3894.5,50.0259762,14.7778788
564711,ČÍŽKOVICE,1141955.78,786.0,138884.91,20241.65,72980.99,440872.34,27366.51,50.4841791,14.0283943
564729,DĚČANY,310647.45,95671.75,37781.01,5506.36,19853.09,119930.97,1210.65,50.438594,13.9084663
564737,DLAŽKOVICE,99894.95,204.0,12149.25,1355.3,6384.16,38566.22,3103.93,50.4655493,13.9649487
564745,DOBŘÍŇ,416577.99,2926.0,50664.31,7384.01,26622.99,160827.33,14472.37,50.4376383,14.2936904
564753,DOKSANY,345998.68,6618.28,42080.44,6132.97,22112.35,133578.95,6158.27,50.4548867,14.1611296
564761,KONOJEDY,212600.12,517.12,25856.47,3768.42,13587.01,82078.06,141.03,49.9485751,14.8512486
564770,DRAHOBUZ,244625.62,3748.0,29751.43,4336.09,15633.72,94442.08,283.19,50.5251183,14.3206979
564788,PRUSICE,72426.92,2931.16,8808.57,982.63,4628.71,27961.7,201.48,49.9683551,14.8778589
564796,VÝŽERKY,154954.2,,18845.56,2746.63,9902.93,59822.83,60.44,49.9450528,14.8833629
564800,HRADEŠÍN,439611.72,,53465.68,7792.3,28095.04,169719.91,2158.74,50.0388448,14.7566645
564818,DUŠNÍKY,347230.44,32246.0,42230.24,6154.8,22191.07,134054.48,2946.4,50.4245332,14.1901631
564826,VRÁTKOV,205579.14,139.67,25002.58,3643.98,13138.31,79367.49,181.32,50.0469535,14.8347793
564834,EVAŇ,229475.1,24454.32,27908.82,4067.54,14665.47,88592.95,1210.65,50.3840502,14.0288787
564842,HLINNÁ,253124.7,9560.02,30785.09,4486.74,16176.88,97723.3,2158.74,50.5723604,14.1066782
564851,HORNÍ BEŘKOVICE,888584.73,368.57,108069.87,15750.53,56788.35,343053.95,28367.12,50.3586579,14.3460693
564869,BŘEZÍ,469296.9,8756.58,57076.0,8318.48,29992.19,181180.41,11998.55,50.0146634,14.6992825
564877,HOŠTKA,1540796.57,35299.85,187392.02,27311.27,98470.41,594851.91,15420.46,50.4885904,14.3349996
564885,DOUBEK,355113.64,1959.46,43189.0,6294.53,22694.88,137097.94,3474.42,50.0176126,14.7377649
564893,HROBCE,542216.53,55170.63,65944.5,9611.01,34652.39,209332.34,13999.77,50.4624681,14.230796
564907,NUPAKY,1459501.04,15006.24,177504.85,25870.27,93274.91,563466.33,70255.57,49.9939487,14.6022298
564915,HERINK,783393.25,4789.78,95276.46,13885.97,50065.69,302442.9,26103.35,49.9670558,14.5752142
564923,CHODOUNY,546034.95,173.0,66408.9,9678.69,34896.42,210806.5,1788.26,50.4731695,14.2504798
564931,CHODOVLICE,119972.48,2434.89,14591.09,1627.7,7667.3,46317.51,161.18,50.463104,13.9932608
564940,CHOTĚŠOV,401427.45,2148.49,48821.69,7115.47,25654.74,154978.2,4842.59,50.4397868,14.0851433
564958,CHOTIMĚŘ,218143.0,6907.88,26530.6,3866.68,13941.25,84217.98,2316.28,50.5482207,14.0008839
564966,CHOTINĚVES,169981.55,8195.18,20673.19,3013.0,10863.31,65624.41,843.08,50.5520831,14.2792419
564974,KÁRANÝ,629054.93,25828.1,76505.81,11150.26,40202.13,242857.83,4895.12,50.1747676,14.7369934
564982,KVĚTNICE,1438191.76,16606.55,174913.21,25492.55,91913.07,555239.51,4895.12,50.0570595,14.6838842
564991,KŘENICE,711212.68,19929.11,86497.85,12606.54,45452.72,274576.31,5892.8,50.0310021,14.6685107
565008,DOBROČOVICE,242162.13,37065.83,29451.81,4292.42,15476.28,93491.0,1315.66,50.0563187,14.6999088
565016,KEBLICE,277636.54,2789.06,33766.22,4921.23,17743.42,107186.53,1053.12,50.4805189,14.1017653
565024,KLAPÝ,401304.28,9651.77,48806.72,7113.29,25646.87,154930.65,5105.15,50.4314351,14.0064723
565032,KLENEČ,416577.99,,50664.31,7384.01,26622.99,160827.33,948.1,50.3925359,14.2483289
565041,BŘEŽANY,117508.99,8686.11,14291.48,1594.28,7509.86,45366.44,843.08,50.0068975,13.583827
565059,KOSTOMLATY POD ŘÍPEM,337622.79,780.86,41061.75,5984.5,21577.06,130345.27,1315.66,50.382804,14.3331697
565067,KRABČICE,745578.51,10855.97,90677.43,13215.69,47649.0,287843.85,10472.84,50.405371,14.3013154
565075,KŘESÍN,276527.96,28977.25,33631.39,4901.57,17672.56,106758.54,1263.16,50.3945168,13.9807313
565083,KŘEŠICE,1174720.35,11919.77,142869.76,20822.41,75074.93,453521.68,25735.77,50.5225878,14.2144997
565091,KYŠKOVICE,223316.35,,27159.78,3958.38,14271.87,86215.25,1630.73,50.4479712,14.2860451
565105,LEVÍN,122682.34,11178.09,14920.65,2174.59,7840.48,47363.71,221.62,50.6137762,14.284155
565113,LHOTKA NAD LABEM,270369.21,17505.1,32882.37,4792.4,17278.96,104380.84,1420.69,50.52558,14.0473179
565121,LIBĚŠICE,1415404.38,23938.48,172141.8,25088.63,90456.76,546442.03,10682.88,50.5688586,14.2890639
565130,VŠESULOV,89548.26,3447.11,10890.88,1214.92,5722.92,34571.7,80.59,50.0399535,13.6101836
565148,LIBKOVICE POD ŘÍPEM,409680.18,9743.5,49825.4,7261.75,26182.15,158164.32,2158.74,50.392429,14.3423145
565156,LIBOCHOVANY,439858.07,7328.96,53495.64,7796.66,28110.79,169815.03,3474.42,50.5665643,14.0390341
565164,LIBOCHOVICE,2978741.96,97327.74,362275.27,52799.46,190367.73,1149996.32,54943.05,50.4060716,14.0422063
565172,LIBOTENICE,363612.71,25519.12,44222.66,6445.19,23238.04,140379.16,2998.92,50.4769179,14.2292434
565181,DĚKOV,197819.12,22625.48,24058.81,3506.43,12642.38,76371.58,161.18,50.1711759,13.5543717
565199,KOLEŠOV,121943.28,10399.02,14830.77,2161.5,7793.24,47078.37,2631.34,50.1571465,13.5100318
565202,HRACHOLUSKY,84867.6,44002.3,10321.62,1151.42,5423.78,32764.65,221.62,50.0030822,13.7736888
565211,LOVEČKOVICE,531746.65,59533.79,64671.14,9425.43,33983.27,205290.25,2158.74,50.6214556,14.263259
565229,LOVOSICE,7542993.05,288463.77,917380.52,133702.71,482063.4,2912106.6,375648.38,50.5150033,14.0517563
565237,LUKAVEC,274680.34,6178.83,33406.68,4868.83,17554.48,106045.23,5420.21,50.5016404,14.0856923
565245,MALÉ ŽERNOSEKY,529652.67,43955.77,64416.47,9388.32,33849.45,204481.82,3684.46,50.5339729,14.0547288
565253,MARTINĚVES,650980.08,33270.57,79172.34,11538.89,41603.33,251322.43,3526.93,50.3727012,14.1528182
565261,PŘÍLEPY,183530.81,18753.66,22321.06,3253.16,11729.23,70855.33,181.32,50.1231741,13.6325913
565270,JANOV,117016.28,6644.18,14231.55,1587.59,7478.37,45176.22,1368.19,50.2104016,13.6398017
565288,KARLOVA VES,133768.09,,16268.9,2371.1,8548.95,51643.55,201.48,49.9872796,13.8623995
565296,MLÉKOJEDY,168626.63,20569.12,20508.41,2988.98,10776.72,65101.3,2211.27,50.5271229,14.1193238
565300,MNETĚŠ,464246.73,32020.15,56461.78,8228.96,29669.43,179230.7,1525.71,50.365546,14.2817291
565318,MŠENÉ-LÁZNĚ,1642662.32,77822.17,199780.96,29116.89,104980.53,634179.01,15157.91,50.3622167,14.1270564
565326,ŠVIHOV,54073.83,2659.5,6576.47,733.64,3455.79,20876.17,241.77,50.1098283,13.5642886
565334,HVOZD,136970.64,7047.7,16658.4,2427.86,8753.63,52879.96,303.33,50.0514992,13.6984005
565342,NOVÉ DVORY,293402.94,9587.24,35683.74,5200.69,18751.02,113273.43,3261.46,50.4475981,14.1794056
565351,KRAKOV,113197.86,3354.59,13767.15,1535.78,7234.33,43702.05,241.77,50.0373613,13.6474632
565369,KRAKOVEC,77846.62,,9467.73,1056.17,4975.08,30054.07,221.62,50.0188374,13.6382368
565377,MALINOVÁ,82527.27,4294.88,10036.98,1119.67,5274.22,31861.13,1525.71,50.0478149,13.6669222
565385,KOZOJEDY,93982.56,1211.37,11430.18,1275.09,6006.31,36283.63,201.48,50.2552831,13.8155759
565393,PLOSKOVICE,490975.71,829.86,59712.58,8702.75,31377.65,189549.91,6000.73,50.5602359,14.1984767
565407,SMILOVICE,60725.29,5398.97,7385.43,823.88,3880.87,23444.07,40.29,50.2469408,13.8076967
565415,PODSEDICE,549730.2,33890.52,66858.31,9744.2,35132.58,212233.12,4419.6,50.4719843,13.948284
565423,BDÍN,55428.77,,6741.27,752.01,3542.38,21399.27,181.32,50.2141395,13.8587408
565431,POLEPY,1143926.58,82192.44,139124.61,20276.58,73106.94,441633.2,9524.75,50.5056265,14.2644682
565440,KALIVODY,86468.88,2044.86,10516.37,1173.14,5526.12,33382.85,20.15,50.2084212,13.8418576
565458,PRACKOVICE NAD LABEM,485679.18,1239.0,59068.42,8608.87,31039.16,187505.08,3261.46,50.5694174,14.0319634
565466,MILÝ,186733.36,10686.22,22710.56,3309.92,11933.9,72091.74,1735.75,50.2326651,13.8670375
565474,PŘESTAVLKY,236249.72,3738.0,28732.75,4187.62,15098.44,91208.41,1315.66,50.4035112,14.193855
565482,RAČICE,293526.13,19399.0,35698.71,5202.87,18758.89,113320.97,24577.64,50.4612952,14.3510711
565491,RAČINĚVES,499105.25,2013.09,60701.29,8846.85,31897.2,192688.46,4472.11,50.3730974,14.2186176
565504,ŘEŘICHY,91642.23,2767.0,11145.55,1243.34,5856.73,35380.11,283.19,50.0791687,13.5858258
565512,VÁCLAVY,68115.8,,8284.26,924.15,4353.19,26297.32,120.89,50.0636835,13.5944097
565521,RADOVESICE,421504.99,599.2,51263.53,7471.36,26937.87,162729.5,13786.82,50.4104797,14.0685898
565539,SOVÍNKY,260022.51,1380.06,31623.99,4609.0,16617.72,100386.32,2736.36,50.373074,14.7870738
565547,ROCHOV,107531.81,27414.04,13078.05,1458.92,6872.23,41514.57,181.32,50.4593856,14.1174354
565555,ROUDNICE NAD LABEM,11209421.26,573465.21,1363292.34,198691.7,716380.3,4327596.42,322181.45,50.4244462,14.2603824
565563,LIPNÍK,327029.72,349.09,39773.43,5796.74,20900.07,126255.64,6420.82,50.2725454,14.9124253
565571,VLKAVA,391696.62,4617.27,47638.24,6942.99,25032.86,151221.45,7368.91,50.271334,14.961324
565580,PLUŽNÁ,204470.56,1241.01,24867.75,3624.33,13067.47,78939.5,1000.61,50.4737058,14.8041609
565598,SIŘEJOVICE,226395.72,5715.3,27534.31,4012.97,14468.67,87404.09,2946.4,50.4778348,14.0701592
565601,SLATINA,216664.9,3401.85,26350.83,3840.48,13846.79,83647.34,3841.98,50.4308742,14.0375346
565610,SNĚDOVICE,678201.77,457.16,82483.05,12021.41,43343.04,261831.85,5892.8,50.5035302,14.3877472
565628,VINAŘICE,227011.59,865.34,27609.21,4023.88,14508.02,87641.87,1368.19,50.3738098,14.9522751
565636,ROHATSKO,216418.55,,26320.88,3836.11,13831.05,83552.23,1578.22,50.4402858,15.1047391
565644,MEČEŘÍŽ,449342.55,145.29,54649.13,7964.78,28716.93,173476.69,2788.86,50.2903786,14.7367924
565652,RABAKOV,47176.04,44.51,5737.56,640.05,3014.95,18213.15,100.74,50.3856497,15.1015413
565661,ŘITONICE,66760.88,0.08,8119.47,905.77,4266.6,25774.21,221.62,50.4082092,15.1079455
565679,STRAŠKOV-VODOCHODY,1073470.46,1225.24,130555.72,19027.71,68604.18,414432.37,11525.96,50.3643584,14.2501556
565695,SULEJOVICE,556628.0,11525.59,67697.22,9866.47,35573.4,214896.14,9209.68,50.4987867,14.0374081
565709,ŠTĚTÍ,7389640.12,193268.57,898729.7,130984.47,472262.8,2852901.99,229556.58,50.4529016,14.3747194
565717,TEREZÍN,2395015.46,113099.24,291282.32,42452.66,153062.49,924638.31,66308.56,50.510716,14.149717
565725,VESELICE,98909.56,5962.0,12029.4,1341.93,6321.19,38185.8,181.32,50.3960479,15.1271171
565733,HRUŠOV,179466.03,17454.29,21826.7,3181.12,11469.45,69286.06,241.77,50.3448714,14.846374
565741,TRAVČICE,459196.54,13708.47,55847.59,8139.45,29346.69,177280.99,11946.05,50.5032849,14.1897669
565750,BÍLÁ HLÍNA,116769.93,3434.83,14201.58,1584.25,7462.62,45081.12,161.18,50.5325899,14.9251606
565768,TŘEBENICE,1707206.04,56128.08,207630.79,30260.94,109105.43,659097.26,12789.13,50.4763245,13.9900472
565776,TŘEBÍVLICE,793616.78,11191.02,96519.85,14067.19,50719.07,306389.87,6578.35,50.4580647,13.8992606
565784,CHARVATCE,281701.31,1626.72,34260.58,4993.27,18003.19,108755.8,948.1,50.3226259,14.9986108
565792,TŘEBUŠÍN,501199.23,10447.98,60955.97,8883.97,32031.02,193496.88,3526.93,50.5996402,14.2054181
565806,ÚPOHLAVY,209028.04,,25422.04,3705.11,13358.72,80699.0,1210.65,50.4630977,14.0355343
565814,ÚŠTĚK,2539253.43,573631.21,308824.57,45009.33,162280.56,980323.95,25575.33,50.5847441,14.3433242
565822,MOHELNICE NAD JIZEROU,75013.6,133.53,9123.18,1017.73,4794.03,28960.33,1420.69,50.5597905,14.9775165
565831,VĚDOMICE,688178.95,1763.28,83696.48,12198.26,43980.68,265683.72,6998.43,50.433886,14.2538979
565849,VELEMÍN,1519979.98,15212.18,184860.31,26942.27,97140.05,586815.3,12789.13,50.5380413,13.9769909
565857,VELKÉ ŽERNOSEKY,365829.87,2116.59,44492.31,6484.48,23379.73,141235.12,19787.54,50.5394814,14.0646318
565865,VCHYNICE,265688.56,2368.97,32313.1,4709.44,16979.83,102573.79,1158.14,50.5105032,14.020086
565873,VLASTISLAV,139064.62,557.57,16913.07,2464.98,8887.44,53688.36,895.58,50.4969654,13.95543
565881,VRAŽKOV,352034.26,16565.42,42814.49,6239.95,22498.08,135909.08,2211.27,50.3734291,14.2680436
565890,VRBICE,446139.98,4295.78,54259.65,7908.01,28512.26,172240.28,3526.93,50.4831967,14.2864953
565903,VRBIČANY,223685.87,3272.72,27204.73,3964.93,14295.49,86357.91,1788.26,50.4626004,14.0846711
565911,VRUTICE,256204.08,12735.36,31159.6,4541.32,16373.68,98912.13,1840.77,50.5021122,14.2897467
565920,SUDOMĚŘ,97677.81,2033.22,11879.6,1325.22,6242.46,37710.26,60.44,50.4449866,14.7393726
565938,ŽABOVŘESKY NAD OHŘÍ,203731.52,,24777.87,3611.22,13020.23,78654.17,948.1,50.41316,14.0910254
565946,ŽALHOSTICE,528174.57,3191.42,64236.71,9362.12,33754.99,203911.18,5525.23,50.5230943,14.0913631
565954,ŽIDOVICE,296112.79,22270.5,36013.31,5248.72,18924.2,114319.61,2263.77,50.446284,14.2330554
565962,ŽITENICE,1207731.26,3127.93,146884.55,21407.55,77184.61,466266.13,10420.33,50.555383,14.1571254
565971,LOUNY,15540501.99,255178.86,1890039.36,275461.91,993174.34,5999687.16,526635.29,50.3572914,13.7969195
565989,HLAVENEC,419534.19,6126.0,51023.84,7436.41,26811.92,161968.63,82201.62,50.2382896,14.7017551
565997,BITOZEVES,528297.75,151454.35,64251.69,9364.3,33762.85,203958.74,105411.08,50.3731536,13.6406811
566004,BLATNO,456240.34,23818.58,55488.06,8087.05,29157.76,176139.7,2526.32,50.0970153,13.3895428
566012,BLAŽIM,238836.4,222785.43,29047.34,4233.48,15263.75,92207.04,1053.12,50.4068433,13.6285699
566021,BLŠANY,900286.36,144752.09,109493.03,15957.95,57536.2,347571.56,8051.55,50.2173339,13.4712007
566039,JIZERNÍ VTELNO,270492.38,5619.03,32897.35,4794.59,17286.84,104428.39,1368.19,50.3693946,14.8531869
566047,KOŠÁTKY,178603.81,4010.85,21721.84,3165.82,11414.35,68953.18,20.15,50.317794,14.6687701
566055,VŘESKOVICE,264949.51,11363.23,32223.22,4696.34,16932.61,102288.47,1525.71,49.5254345,13.2711077
566063,BŘVANY,260638.38,34438.89,31698.89,4619.93,16657.08,100624.08,2211.27,50.401147,13.7215359
566071,VŠEKARY,108640.38,,13212.87,1473.95,6943.08,41942.55,283.19,49.6034041,13.0424494
566080,ČEČOVICE,91395.88,4883.84,11115.59,1239.99,5841.0,35285.0,1263.16,49.5852269,13.022102
566098,ČERNOVICE,125884.89,10015.83,15310.15,2231.37,8045.14,48600.1,4842.59,49.6155495,12.9969292
566101,ŠTICHOV,73535.5,58.0,8943.4,997.68,4699.57,28389.68,948.1,49.5849081,13.0488597
566128,DEŠTNICE,202622.93,11845.02,24643.04,3591.59,12949.38,78226.18,2106.23,50.2306311,13.6098035
566136,BRNÍŘOV,335898.34,,40852.04,5953.94,21466.84,129679.52,3736.97,49.3825866,13.0495821
566144,KANICE,165916.78,,20178.83,2940.95,10603.54,64055.12,1210.65,49.4750067,13.0727006
566152,DOMOUŠICE,523124.39,8676.03,63622.5,9272.61,33432.23,201961.48,2053.73,50.2341514,13.7295157
566161,ÚBOČ,137709.7,745.0,16748.29,2440.96,8800.86,53165.27,948.1,49.4435875,13.086875
566179,HRADIŠTĚ,160127.56,2980.48,19474.75,2838.32,10233.56,61820.08,1000.61,49.4646969,13.0512246
566187,HOLEDEČ,532732.04,12508.41,64790.99,9442.9,34046.25,205670.68,5682.75,50.277427,13.5629861
566195,HŘÍŠKOV,313973.18,44751.23,38185.48,5565.31,20065.64,121214.92,2158.74,50.2913288,13.8642979
566209,OTOV,103713.38,42668.96,12613.64,1407.1,6628.19,40040.4,283.19,49.4864845,12.8424923
566217,HŘIVICE,515241.2,45224.28,62663.76,9132.87,32928.42,198918.02,4790.08,50.2880968,13.7303689
566233,CHLUMČANY,439242.19,12951.96,53420.73,7785.75,28071.43,169577.26,10892.93,50.3349369,13.8432166
566241,CHOŽOV,480136.31,34660.53,58394.29,8510.62,30684.93,185365.17,2578.83,50.3987647,13.8589918
566250,VLKANOV,100880.36,23921.06,12269.09,1368.68,6447.14,38946.65,1735.75,49.4882634,12.8055257
566276,HORA SVATÉHO VÁCLAVA,72057.4,4164.56,8763.64,977.62,4605.1,27819.04,1000.61,49.5192293,12.7406663
566284,KOŠTICE,521399.94,52864.26,63412.78,9242.04,33322.02,201295.71,1840.77,50.4027209,13.9419374
566292,MNICHOV,214078.22,20999.7,26036.24,3794.63,13681.48,82648.71,201.48,49.4967177,12.7644206
566306,KRÁSNÝ DVŮR,684237.34,50522.74,83217.1,12128.4,43728.76,264161.99,5630.25,50.2541629,13.3677654
566314,KRYRY,2034235.77,35617.48,247404.21,36057.68,130005.5,785352.9,25683.27,50.1743688,13.4265963
566322,LENEŠICE,1215614.46,12988.38,147843.31,21547.28,77688.42,469309.59,9734.78,50.3751609,13.7658954
566331,HVOŽĎANY,38553.79,22148.31,4688.92,523.07,2463.93,14884.38,283.19,49.5055644,12.7712763
566349,LIBČEVES,816896.86,30291.61,99351.18,14479.84,52206.88,315377.56,8104.05,50.4524683,13.8381773
566357,LIBĚŠICE,706901.55,49989.44,85973.53,12530.13,45177.21,272911.92,6525.83,50.2935604,13.621461
566365,PODĚVOUSY,174169.5,7636.11,21182.53,3087.22,11130.96,67241.23,263.04,49.5275066,13.1311051
566373,PELECHY,59370.38,,7220.63,805.49,3794.29,22920.98,221.62,49.3893516,12.9143699
566381,LIBOŘICE,279360.99,31964.11,33975.95,4951.79,17853.62,107852.28,1945.78,50.2547035,13.5150773
566390,HLINCE,95953.36,6339.0,11669.86,1301.82,6132.26,37044.5,40.29,49.9482274,13.6250237
566403,LIPNO,563525.8,88398.36,68536.14,9988.73,36014.24,217559.15,2841.38,50.3005961,13.6808608
566411,LIŠANY,135369.37,19506.32,16463.65,2399.49,8651.29,52261.75,5367.7,50.3443583,13.6419129
566420,LÍTÉ,167025.36,1639.69,20313.65,2960.6,10674.39,64483.1,2473.81,49.9136443,13.2607384
566438,LUBENEC,1270920.06,84174.95,154569.58,22527.59,81222.93,490661.29,14367.34,50.1320738,13.313189
566446,LOZA,192399.41,5429.54,23399.66,3410.36,12296.01,74279.21,2053.73,49.8937996,13.2903616
566454,MĚCHOLUPY,985646.67,47377.15,119874.56,17471.01,62991.47,380526.42,9209.68,50.2666633,13.5373693
566462,LOCHOUSICE,136108.42,400.92,16553.54,2412.58,8698.53,52547.08,1105.63,49.6750932,13.0904447
566471,BOHY,124160.44,3018.0,15100.42,2200.79,7934.94,47934.35,1630.73,49.9378968,13.5756678
566489,BRODESLAVY,59863.06,,7280.56,812.18,3825.77,23111.21,20.15,49.9536701,13.5569872
566497,VŠEHRDY,68485.33,,8329.21,929.16,4376.81,26439.97,80.59,49.9636734,13.5850687
566501,NEPOMYŠL,432837.09,,52641.74,7672.22,27662.08,167104.46,1210.65,50.2180725,13.3132118
566519,NOVÉ SEDLO,542216.53,12350.94,65944.5,9611.01,34652.39,209332.34,34049.87,50.339638,13.4748279
566527,OČIHOV,303010.6,67540.36,36852.22,5370.99,19365.03,116982.63,4737.58,50.1982712,13.4602798
566535,PANENSKÝ TÝNEC,472499.45,26646.97,57465.49,8375.25,30196.86,182416.82,6525.83,50.2949225,13.9169454
566543,MYSLINKA,199050.86,1600.43,24208.61,3528.25,12721.09,76847.13,11736.0,49.7480157,13.2190317
566551,PERUC,2062935.56,279546.05,250894.69,36566.4,131839.67,796432.96,19049.5,50.3425044,13.9598579
566560,PETROHRAD,546650.83,,66483.8,9689.62,34935.77,211044.27,12894.14,50.1275171,13.446414
566578,PNĚTLUKY,318037.95,59133.1,38679.84,5637.35,20325.41,122784.22,2053.73,50.2503169,13.7038469
566586,POČEDĚLICE,261993.31,3166.9,31863.69,4643.95,16743.67,101147.18,283.19,50.3722297,13.8877277
566594,ÚJEZD NADE MŽÍ,114922.31,2945.0,13976.87,1559.19,7344.55,44367.8,948.1,49.7891964,13.1956576
566608,PODBOŘANSKÝ ROHOZEC,152367.52,17151.01,18530.97,2700.78,9737.62,58824.2,2053.73,50.2161842,13.2627219
566616,PODBOŘANY,5578104.82,290835.8,678410.37,98874.24,356489.8,2153526.57,158828.42,50.2292216,13.411359
566624,POSTOLOPRTY,3942586.65,346791.79,479498.27,69884.0,251965.86,1522105.69,45047.82,50.3600554,13.7028467
566632,ČERNÍKOVICE,74274.54,7619.0,9033.28,1007.71,4746.8,28675.02,201.48,49.9754434,13.5668994
566641,HLOHOVČICE,131181.41,3054.5,15954.32,2325.25,8383.64,50644.93,263.04,49.5207396,13.1137659
566659,RANÁ,214324.57,8093.1,26066.2,3798.99,13697.21,82743.81,3156.43,50.4115591,13.7792614
566667,ROČOV,476810.58,8603.83,57989.81,8451.67,30472.37,184081.21,8999.64,50.2535123,13.7739711
566675,VRBICE,170227.91,4618.0,20703.16,3017.36,10879.06,65719.52,221.62,50.1495409,13.2337259
566683,DRAŽOVICE,131797.29,10.0,16029.22,2336.16,8423.01,50882.69,2106.23,49.2246667,13.6070095
566691,VLČÍ,68485.33,26.0,8329.21,929.16,4376.81,26439.97,40.29,49.511884,13.3602484
566705,BOROVNO,79817.42,6049.99,9707.41,1082.9,5101.03,30814.93,221.62,49.6219798,13.6903735
566713,SLAVĚTÍN,497503.98,82136.49,60506.55,8818.46,31794.87,192070.26,2998.92,50.3506077,13.9077073
566721,SMOLNICE,324812.58,12805.62,39503.78,5757.44,20758.37,125399.67,1315.66,50.3086688,13.8484609
566730,HOLOVOUSY,58384.97,,7100.79,792.12,3731.31,22540.55,221.62,49.9678732,13.6147091
566748,SLATINA,69470.72,,8449.04,942.52,4439.8,26820.41,40.29,49.984528,13.6339057
566756,BDENĚVES,563402.63,11207.91,68521.15,9986.54,36006.37,217511.61,1735.75,49.7695307,13.2351805
566764,BLAŽIM,70456.13,5007.5,8568.89,955.9,4502.77,27200.84,161.18,49.9159143,13.0476118
566781,PASTUCHOVICE,76614.87,,9317.91,1039.46,4896.37,29578.54,161.18,50.0689777,13.3822107
566799,VŠENICE,204840.09,,24912.69,3630.87,13091.08,79082.16,3526.93,49.8181481,13.5603631
566802,TEREŠOV,150889.43,195.0,18351.2,2674.58,9643.16,58253.54,2683.85,49.8967589,13.6997878
566811,KAMENEC,57030.05,,6936.0,773.74,3644.72,22017.46,20.15,49.8808792,13.5971091
566829,TOUŽETÍN,218019.82,104617.18,26515.62,3864.49,13933.38,84170.42,1105.63,50.3152855,13.886118
566837,NĚMČOVICE,181683.18,,22096.35,3220.4,11611.15,70142.02,283.19,49.8769308,13.5748839
566845,SKOMELNO,147317.35,4113.55,17916.77,2611.26,9414.87,56874.48,1735.75,49.8473632,13.642153
566853,TUCHOŘICE,624251.09,21619.98,75921.56,11065.11,39895.12,241003.24,8999.64,50.28488,13.6623409
566861,PLÍSKOV,96938.75,1021.9,11789.71,1315.19,6195.24,37424.93,283.19,49.8432272,13.7358674
566870,VELEMYŠLEVES,307937.6,8963.68,37451.44,5458.32,19679.91,118884.78,92149.37,50.4025771,13.5636704
566888,OLBRAMOV,91642.23,790.5,11145.55,1243.34,5856.73,35380.11,2946.4,49.8437133,12.8671193
566896,VELTĚŽE,322225.9,26757.21,39189.19,5711.59,20593.06,124401.04,895.58,50.3531567,13.8748423
566900,RŮŽOVÁ,472376.28,36448.89,57450.51,8373.07,30188.98,182369.26,1420.69,50.8421602,14.2937849
566918,VINAŘICE,208535.34,31296.9,25362.11,3696.37,13327.24,80508.77,2106.23,50.2658031,13.8225488
566926,VRBNO NAD LESY,172075.53,66140.9,20927.87,3050.11,10997.14,66432.81,3103.93,50.3225147,13.9069723
566934,VROUTEK,1698337.45,42104.29,206552.19,30103.74,108538.66,655673.37,14367.34,50.1806231,13.3804345
566942,RAKOVÁ,200036.26,,24328.46,3545.73,12784.07,77227.55,1315.66,49.700322,13.5819437
566951,VÝŠKOV,392066.15,86838.94,47683.17,6949.54,25056.46,151364.1,21313.26,50.3954229,13.6720992
566969,VÝROV,348708.54,307.0,42410.01,6181.0,22285.53,134625.13,1000.61,49.9617488,13.4625603
566977,ZBRAŠÍN,337499.61,17857.65,41046.78,5982.32,21569.18,130297.73,100.74,50.2993062,13.765915
566985,ŽATEC,16159579.73,1755224.95,1965331.72,286435.33,1032738.83,6238693.14,557263.26,50.3274423,13.545952
566993,OSTROVEC-LHOTKA,122805.51,2748.24,14935.63,2176.78,7848.35,47411.25,,49.9206578,13.7518067
567001,LHOTA POD RADČEM,244379.28,36.24,29721.47,4331.72,15617.98,94346.96,1368.19,49.8273816,13.7107461
567019,ŽIŽELICE,376053.4,67680.24,45735.69,6665.7,24033.12,145182.1,1420.69,50.3674058,13.5399883
567027,MOST,56190112.53,1430462.69,6833854.15,995993.3,3591040.86,21693192.21,1450547.3,50.5032737,13.636112
567043,BEČOV,1363917.2,354012.25,165879.92,24176.01,87166.27,526564.49,9472.24,50.4497174,13.7178422
567051,BĚLUŠICE,198927.69,498005.66,24193.63,3526.07,12713.23,76799.57,32891.73,50.4491559,13.7628159
567060,BRAŇANY,995623.84,17125.98,121087.99,17647.85,63629.09,384378.29,8314.1,50.5428359,13.7001415
567078,BRANDOV,247828.18,21583.5,30140.92,4392.87,15838.39,95678.47,1945.78,50.632002,13.3907151
567086,PŘÍŠOV,236988.78,10021.21,28822.62,4200.73,15145.66,91493.73,7526.44,49.8116972,13.3041306
567108,ČESKÝ JIŘETÍN,117016.28,76903.05,14231.55,1587.59,7478.37,45176.22,100.74,50.7073002,13.5471241
567141,HAVRAŇ,497257.63,259912.23,60476.58,8814.1,31779.13,191975.15,103094.8,50.4500423,13.5987681
567167,HORA SVATÉ KATEŘINY,514378.97,59089.23,62558.88,9117.58,32873.33,198585.14,5262.68,50.6062324,13.4369475
567175,HORNÍ JIŘETÍN,1899851.8,22707.63,231060.4,33675.67,121417.19,733471.58,24259.66,50.5730927,13.54717
567191,KLÍNY,211491.55,2895.94,25721.65,3748.77,13516.17,81650.07,2998.92,50.6349182,13.5571596
567221,KOROZLUKY,205209.61,89588.16,24957.64,3637.42,13114.69,79224.81,11155.48,50.4785794,13.7229757
567248,LIŠNICE,183284.46,66025.19,22291.1,3248.79,11713.49,70760.22,3894.5,50.4544451,13.6330065
567256,LITVÍNOV,18540799.6,696815.63,2254936.23,328643.45,1184919.65,7158005.4,571893.15,50.6009532,13.6110485
567264,LOM,2807159.14,113250.86,341407.33,49758.08,179402.08,1083753.71,25735.77,50.5932769,13.6572887
567272,LOUKA U LITVÍNOVA,576336.0,21183.79,70094.12,10215.8,36832.93,222504.76,26628.44,50.5878603,13.6364774
567281,LUŽICE,450451.11,56288.53,54783.97,7984.43,28787.78,173904.66,3208.96,50.4917584,13.7540954
567299,MALÉ BŘEZNO,252262.47,74450.93,30680.22,4471.45,16121.78,97390.42,4685.06,50.462487,13.5601942
567302,MARIÁNSKÉ RADČICE,367800.67,49774.78,44732.0,6519.42,23505.69,141995.99,7683.98,50.5740355,13.6649868
567311,MEZIBOŘÍ,3691309.57,52632.85,448937.9,65430.0,235907.05,1425095.7,40733.24,50.6214996,13.6000332
567329,NOVÁ VES V HORÁCH,448849.85,33590.3,54589.22,7956.05,28685.44,173286.46,5735.27,50.5946529,13.4825083
567337,OBRNICE,1627634.96,56266.27,197953.33,28850.51,104020.15,628377.42,43784.66,50.5049767,13.6953975
567345,PATOKRYJE,306829.01,1358.66,37316.61,5438.67,19609.07,118456.8,1000.61,50.4998083,13.7051843
567353,POLERADY,187718.76,49737.87,22830.4,3327.39,11996.88,72472.17,5000.13,50.4445491,13.6533675
567361,SKRŠÍN,231569.08,100006.81,28163.48,4104.66,14799.3,89401.36,2893.89,50.4656229,13.7543931
567426,ŽELENICE,371372.74,5804.42,45166.43,6582.74,23733.97,143375.06,3789.48,50.5273109,13.7263718
567442,TEPLICE,44321458.46,796968.06,5390385.77,785616.44,2832529.8,17111087.24,1340716.62,50.6406644,13.8244461
567451,BÍLINA,12108722.22,279966.82,1472665.52,214632.18,773853.52,4674787.55,403752.94,50.5486059,13.7746622
567469,BOŘISLAV,329246.88,14529.22,40043.07,5836.05,21041.76,127111.61,4209.56,50.5793565,13.9292002
567477,BYSTŘANY,1589697.05,2297.99,193339.31,28178.05,101595.58,613730.82,24997.72,50.6284944,13.8643993
567485,BŽANY,685961.79,4169.75,83426.83,12158.96,43838.97,264827.74,4262.07,50.5894764,13.8787049
567507,DUBÍ,6504750.64,78303.08,791109.24,115299.43,415710.6,2511274.66,142669.89,50.6812997,13.788771
567515,DUCHCOV,7063965.32,828620.1,859121.06,125211.75,451449.32,2727169.44,97832.12,50.6040315,13.7461464
567523,HÁJ U DUCHCOVA,970865.66,6277.58,118076.9,17209.0,62046.83,374819.95,12631.6,50.6308139,13.7125769
567531,HOSTOMICE,1086403.85,16669.2,132128.68,19256.96,69430.73,419425.53,14944.95,50.5877004,13.8080288
567558,HROB,1626526.39,,197818.5,28830.87,103949.31,627949.44,10892.93,50.6590894,13.7255293
567566,HROBČICE,993283.52,170947.98,120803.36,17606.37,63479.53,383474.76,11946.05,50.5173425,13.7856033
567582,JENÍKOV,642234.65,1711.79,78108.72,11383.88,41044.43,247946.11,7050.93,50.6287718,13.7493684
567604,KLADRUBY,306089.98,5715.39,37226.73,5425.58,19561.83,118171.49,2001.22,50.6145176,13.8262084
567612,KOSTOMLATY POD MILEŠOVKOU,809013.65,18223.44,98392.43,14340.11,51703.07,312334.1,9367.21,50.5602131,13.8729448
567621,KOŠŤANY,2640133.78,20803.48,321093.66,46797.48,168727.71,1019270.6,29735.29,50.6550196,13.7546017
567639,KRUPKA,10375649.43,135223.24,1261888.83,183912.74,663094.97,4005703.98,290920.45,50.6847005,13.8577518
567647,LAHOŠŤ,499844.31,4739.87,60791.18,8859.95,31944.44,192973.78,4157.05,50.6182393,13.7652907
567655,LEDVICE,399826.18,236.12,48626.96,7087.08,25552.4,154360.01,14262.33,50.5850123,13.7720256
567698,MĚRUNICE,272832.71,37609.49,33181.97,4836.08,17436.4,105331.92,3156.43,50.4804171,13.8179759
567701,MIKULOV,160866.6,18019.36,19564.64,2851.43,10280.79,62105.42,2106.23,50.6876061,13.7215972
567710,MODLANY,852371.27,4740.02,103665.59,15108.63,54474.0,329073.08,17313.74,50.65112,13.8972041
567728,MOLDAVA,218635.69,52426.94,26590.52,3875.41,13972.74,84408.21,1893.28,50.7206305,13.6572267
567752,NOVOSEDLICE,1709176.84,750.97,207870.48,30295.87,109231.38,659858.11,17946.77,50.656333,13.8230407
567761,OHNÍČ,529899.02,17398.06,64446.43,9392.69,33865.19,204576.94,14209.81,50.587239,13.8444269
567779,OSEK,3908713.52,68631.16,475378.62,69283.58,249801.06,1509028.36,36576.19,50.6230807,13.6861489
567787,PROBOŠTOV,2126247.53,2990.6,258594.71,37688.63,135885.86,820875.67,43574.62,50.6677268,13.836009
567809,RTYNĚ NAD BÍLINOU,622773.0,48647.57,75741.78,11038.91,39800.65,240432.59,22576.42,50.6033667,13.9085426
567833,SRBICE,339470.41,1114.65,41286.47,6017.26,21695.14,131058.59,4685.06,50.6606536,13.8692858
567841,SVĚTEC,711582.19,5575.75,86542.79,12613.09,45476.34,274718.96,6158.27,50.5761297,13.8115942
567850,ÚJEZDEČEK,614397.1,6557.62,74723.12,10890.44,39265.37,237198.93,11893.53,50.6457119,13.7897533
567868,ZABRUŠANY,911125.76,69815.44,110811.32,16150.09,58228.93,351756.31,7736.48,50.6049512,13.7874824
567876,ŽALANY,626837.77,16649.14,76236.15,11110.96,40060.43,242001.87,10525.35,50.5900249,13.9063344
567884,ŽIM,187965.11,11716.14,22860.36,3331.76,12012.62,72567.28,2578.83,50.5849611,13.9652513
567931,DOLNÍ ZÁLEZLY,403275.08,1897.81,49046.4,7148.22,25772.82,155691.52,1840.77,50.5973179,14.0430777
567957,HABROVANY,166532.65,34.0,20253.74,2951.87,10642.89,64292.9,161.18,50.5985711,13.9816832
567973,HOMOLE U PANNY,325921.15,1402.45,39638.61,5777.09,20829.22,125827.65,2211.27,50.6295127,14.1863161
568007,CHABAŘOVICE,2095576.95,23994.89,254864.54,37144.99,133925.74,809034.74,48679.76,50.6728303,13.9424879
568015,CHLUMEC,3487331.71,24024.87,424130.06,61814.41,222871.07,1346346.43,54890.54,50.699992,13.9397526
568023,CHUDEROV,879100.26,13106.25,106916.37,15582.41,56182.22,339392.29,7526.44,50.6889918,14.0470353
568058,LIBOUCHEC,1634040.07,40502.68,198732.32,28964.04,104429.48,630850.23,6788.39,50.7583955,14.0398647
568091,MALÉ BŘEZNO,422613.55,1036.0,51398.35,7491.0,27008.72,163157.48,2683.85,50.6726042,14.1722538
568104,MALEČOV,744962.63,10092.57,90602.52,13204.78,47609.64,287606.07,4157.05,50.6319237,14.1194456
568147,PETROVICE,923689.62,14704.74,112339.35,16372.78,59031.86,356606.8,16260.62,50.7890248,13.9761405
568155,POVRLY,1897265.12,25151.04,230745.82,33629.82,121251.88,732472.95,30998.45,50.672754,14.1603641
568163,ŽERMANICE,254233.28,15687.63,30919.92,4506.4,16247.73,98151.29,2421.3,49.736745,18.4414624
568180,KRUŽBERK,194986.09,,23714.25,3456.21,12461.32,75277.85,1630.73,49.8317833,17.6831896
568198,STARÉ TĚCHANOVICE,120342.01,9830.36,14636.02,2133.11,7690.9,46460.17,843.08,49.8182827,17.6919705
568201,ŘEHLOVICE,1179524.18,49696.8,143453.99,20907.56,75381.94,455376.28,20312.65,50.6071207,13.9541204
568210,HAŤ,2140659.0,26083.43,260347.43,37944.08,136806.88,826439.47,12208.6,49.9464431,18.2393133
568228,DARKOVICE,1063370.11,9938.47,129327.32,18848.68,67958.68,410532.94,6683.36,49.9359191,18.2221271
568236,DĚHYLOV,575843.31,6588.41,70034.19,10207.06,36801.44,222314.55,8261.59,49.8693836,18.1633237
568244,VŘESINA,1299250.31,64665.12,158015.11,23029.76,83033.49,501598.68,6683.36,49.9458083,18.1900501
568261,BUDIŠOVICE,562170.87,,68371.35,9964.72,35927.65,217036.07,2211.27,49.861474,18.0390707
568279,MIKOLAJICE,236988.78,19085.32,28822.62,4200.73,15145.66,91493.73,948.1,49.8771605,17.7933184
568287,TAŠOV,104945.14,580.5,12763.44,1423.82,6706.92,40515.93,120.89,50.6145197,14.1357939
568295,TELNICE,538398.09,20091.84,65480.11,9543.33,34408.36,207858.16,5525.23,50.7329577,13.9577771
568309,TISÁ,879223.43,39244.75,106931.35,15584.6,56190.08,339439.85,23314.47,50.7844989,14.0313007
568317,RADKOV,403890.95,7726.17,49121.31,7159.14,25812.18,155929.28,6315.79,49.8263922,17.7701906
568333,ŠTÁBLOVICE,532485.69,44299.89,64761.03,9438.53,34030.5,205575.57,2946.4,49.8800336,17.8185327
568341,UHLÍŘOV,288599.12,31953.95,35099.49,5115.55,18444.01,111418.82,948.1,49.8970566,17.8412952
568350,VELKÉ BŘEZNO,2114053.2,32554.68,257111.63,37472.48,135106.53,816167.84,20945.69,50.662703,14.1417394
568368,HLUBOČEC,430866.29,9085.61,52402.06,7637.29,27536.14,166343.6,3316.88,49.8405686,17.9703231
568376,ROHOV,457225.74,11993.52,55607.9,8104.51,29220.73,176520.13,7473.93,50.0157836,18.0714341
568384,ZUBRNICE,180697.78,12683.73,21976.5,3202.95,11548.17,69761.59,1945.78,50.6494539,14.2203809
568392,DOLOPLAZY,1081107.32,15682.45,131484.52,19163.09,69092.24,417380.7,6840.9,49.5671778,17.4114741
568406,SLATINA,607376.11,,73869.22,10766.0,38816.66,234488.35,3736.97,49.7928371,17.9807387
568414,HAVLÍČKŮV BROD,20066938.33,420658.97,2440545.56,355694.89,1282453.31,7747198.4,893021.48,49.606942,15.5795748
568422,VELKÉ ALBRECHTICE,921226.12,171516.73,112039.74,16329.12,58874.43,355655.72,26470.92,49.7504394,18.0439367
568431,BORDOVICE,514009.43,5832.0,62513.94,9111.03,32849.72,198442.49,2736.36,49.5468806,18.1526188
568449,ZBYSLAVICE,528913.62,,64326.6,9375.21,33802.22,204196.51,9367.21,49.8053431,18.075468
568457,BOJIŠTĚ,231569.08,1473.0,28163.48,4104.66,14799.3,89401.36,843.08,49.6677864,15.2867942
568465,BOREK,111350.24,0.06,13542.44,1510.72,7116.25,42988.74,141.03,49.7918143,15.5899787
568473,ZÁVIŠICE,863210.68,,104983.88,15300.77,55166.73,333257.83,2998.92,49.6132582,18.1030048
568481,BERNARTICE NAD ODROU,776249.09,32511.35,94407.59,13759.34,49609.13,299684.77,6210.78,49.6101089,17.9477758
568490,ČACHOTÍN,146331.94,,17796.92,2593.8,9351.9,56494.06,80.59,49.695202,15.6085917
568503,ČESKÁ BĚLÁ,991435.9,4668.0,120578.66,17573.61,63361.44,382761.46,10210.29,49.6429144,15.6909616
568511,HOSTAŠOVICE,670441.73,,81539.28,11883.86,42847.11,258835.96,8209.08,49.5343584,17.9974005
568520,ČÍHOŠŤ,313973.18,3147.73,38185.48,5565.31,20065.64,121214.92,3947.01,49.7416708,15.3352479
568538,DLOUHÁ VES,386646.44,9136.68,47024.02,6853.47,24710.1,149271.74,1315.66,49.5786694,15.6745705
568546,KUNÍN,1546955.31,25797.99,188141.06,27420.43,98864.01,597229.61,19840.06,49.6337712,17.989647
568554,RYBÍ,979118.38,10620.5,119080.59,17355.28,62574.26,378006.06,5472.71,49.6005141,18.0755384
568562,HEŘMANICE U ODER,327399.25,23479.51,39818.37,5803.28,20923.68,126398.3,1473.2,49.7136768,17.8053349
568571,HEŘMÁNKY,138571.92,12969.51,16853.15,2456.25,8855.95,53498.15,1000.61,49.7070469,17.7681327
568589,MANKOVICE,437271.39,84348.13,53181.05,7750.82,27945.47,168816.39,12999.17,49.6374611,17.8801402
568597,DOLNÍ KRUPÁ,395268.7,981.17,48072.67,7006.3,25261.14,152600.52,2421.3,49.6606331,15.6030357
568601,DOLNÍ MĚSTO,805934.28,13144.48,98017.91,14285.53,51506.27,311145.26,12946.64,49.6277043,15.3822968
568619,DRUHANOV,126623.94,6823.09,15400.03,2244.46,8092.38,48885.43,201.48,49.6987784,15.4102188
568635,GOLČŮV JENÍKOV,2409426.93,263596.04,293035.05,42708.1,153983.51,930202.12,40680.73,49.8160108,15.4772768
568643,KATEŘINICE,532362.52,5355.22,64746.04,9436.35,34022.63,205528.02,8947.13,49.6691896,18.188175
568651,HABRY,1202927.44,12128.19,146300.3,21322.39,76877.61,464411.53,22891.48,49.7564454,15.4848445
568660,HAVLÍČKOVA BOROVÁ,921965.17,15437.39,112129.61,16342.22,58921.66,355941.05,10420.33,49.6362769,15.7812323
568678,HERÁLEC,1106358.21,18214.38,134555.53,19610.67,70705.99,427129.26,15262.92,49.530833,15.4570799
568686,MOŠNOV,620186.32,13362.15,75427.2,10993.06,39635.34,239433.96,293131.71,49.6891917,18.1318889
568694,HNĚVKOVICE,549976.55,2843.0,66888.27,9748.57,35148.32,212328.23,4685.06,49.6832441,15.1996056
568708,HORNÍ KRUPÁ,511422.76,548.83,62199.35,9065.18,32684.41,197443.85,4262.07,49.671851,15.5863243
568716,SKOTNICE,654059.46,20818.75,79546.85,11593.47,41800.13,252511.28,5735.27,49.6575654,18.1339419
568724,HRADEC,209767.09,7351.51,25511.91,3718.21,13405.96,80984.31,2998.92,49.7072278,15.2954608
568732,ŽENKLAVA,925906.77,,112608.99,16412.08,59173.56,357462.78,7421.43,49.5637085,18.1072205
568741,ALBRECHTIČKY,534826.02,,65045.66,9480.01,34180.07,206479.1,4737.58,49.7018858,18.0955719
568759,CHOTĚBOŘ,7680086.86,56147.39,934053.9,136132.76,490824.89,2965034.12,221662.57,49.7202055,15.6704437
568767,CHRTNÍČ,110734.37,13792.5,13467.54,1502.37,7076.89,42750.98,141.03,49.7675409,15.4436147
568775,PUSTĚJOV,742375.96,25460.21,90287.93,13158.93,47444.33,286607.44,7155.96,49.7005076,18.0037267
568783,JEDLÁ,85483.48,,10396.52,1159.78,5463.14,33002.41,1525.71,49.7381179,15.2343418
568791,SOBĚŠOVICE,712813.96,16665.76,86692.59,12634.92,45555.06,275194.5,2788.86,49.7248905,18.4661906
568805,JEŘIŠNO,231445.91,,28148.5,4102.48,14791.42,89353.8,263.04,49.7923538,15.6416593
568813,PRAŽMO,649501.97,134469.8,78992.58,11512.69,41508.87,250751.79,6105.76,49.6087639,18.4861699
568821,KÁMEN,356591.74,9919.0,43368.77,6320.74,22789.34,137668.58,6788.39,49.7128164,15.5198802
568830,ŘEPIŠTĚ,1469601.4,36638.28,178733.25,26049.3,93920.41,567365.75,10945.44,49.7335348,18.3169767
568848,KAMENNÁ LHOTA,214694.1,8215.75,26111.15,3805.54,13720.83,82886.47,120.89,49.6438036,15.2752397
568856,KLOKOČOV,86838.4,,10561.31,1178.17,5549.73,33525.51,141.03,49.8033422,15.6731741
568864,DOUBRAVA,943520.81,10793.23,114751.21,16724.3,60299.25,364262.98,5525.23,49.8588022,18.4801908
568872,CHARVÁTY,738311.18,25988.22,89793.57,13086.87,47184.56,285038.17,3316.88,49.5182996,17.2535988
568881,KOJETÍN,154338.33,3.91,18770.67,2735.71,9863.57,59585.05,3579.43,49.6571124,15.6580813
568899,KOZLOV,218512.52,,26575.54,3873.23,13964.87,84360.65,1158.14,49.7345567,15.2929686
568902,KOŽLÍ,737325.78,8647.29,89673.73,13069.42,47121.58,284657.74,5892.8,49.6703122,15.2532087
568911,MĚROTÍN,194123.86,1.93,23609.39,3440.92,12406.21,74944.97,1473.2,49.6924729,17.0017118
568929,KRÁSNÁ HORA,464616.24,16057.31,56506.74,8235.51,29693.05,179373.36,2053.73,49.6026859,15.4703368
568937,KRÁTKÁ VES,113074.69,5814.36,13752.16,1534.11,7226.47,43654.5,181.32,49.6257361,15.6845122
568945,KRUCEMBURK,1430678.08,3745.69,173999.39,25359.36,91432.88,552338.71,20525.61,49.6884106,15.8520665
568953,KVĚTINOV,180328.26,8104.21,21931.56,3196.39,11524.55,69618.93,1420.69,49.5646499,15.5073056
568961,VILÉMOV,383690.24,1079.99,46664.49,6801.07,24521.17,148130.44,5315.19,49.6354697,16.9953038
568970,KYNICE,90287.31,,10980.77,1224.96,5770.15,34857.02,241.77,49.7394107,15.360497
568988,LEDEČ NAD SÁZAVOU,4252618.22,25719.16,517204.38,75379.44,271779.59,1641798.9,145724.24,49.6950166,15.2777763
568996,LEŠKOVICE,79201.55,5549.5,9632.51,1074.55,5061.68,30577.17,161.18,49.7628948,15.5370044
569003,LIBOŠ,448233.97,9745.88,54514.31,7945.14,28646.08,173048.7,2316.28,49.6915295,17.2250207
569011,LEŠTINA U SVĚTLÉ,493069.68,24616.1,59967.24,8739.86,31511.47,190358.31,6578.35,49.7612741,15.3975713
569020,LIBICE NAD DOUBRAVOU,752106.79,2446.73,91471.4,13331.41,48066.21,290364.19,2578.83,49.7450095,15.7042253
569038,LÍPA,1142202.13,13460.24,138914.88,20246.02,72996.73,440967.45,11050.45,49.5541765,15.5446545
569046,LIPNICE NAD SÁZAVOU,624251.09,11472.5,75921.56,11065.11,39895.12,241003.24,3421.91,49.6130233,15.4135596
569054,STRUKOV,109748.96,,13347.69,1488.99,7013.92,42370.54,241.77,49.7328534,17.1753752
569062,LUČICE,539383.49,1185.22,65599.94,9560.79,34471.34,208238.6,2841.38,49.6626599,15.4964748
569071,MALČÍN,213708.69,,25991.3,3788.08,13657.86,82506.04,2053.73,49.6886142,15.4651647
569089,MALEČ,576828.71,12151.98,70154.04,10224.53,36864.41,222694.98,10367.83,49.7720273,15.6768128
569097,MORAVICE,213092.82,19710.2,25916.4,3777.16,13618.5,82268.27,2631.34,49.8577899,17.7203897
569101,TŘEBOM,182545.4,30051.87,22201.21,3235.7,11666.25,70474.9,895.58,50.046291,18.0256591
569119,ČAVISOV,381226.75,,46364.88,6757.41,24363.74,147179.36,8051.55,49.8294791,18.0806898
569127,MODLÍKOV,131674.12,22370.03,16014.23,2333.98,8415.13,50835.13,1683.24,49.608186,15.7702967
569135,CÍSAŘOV,227873.82,558.58,27714.07,4039.16,14563.13,87974.74,2053.73,49.4660357,17.3526035
569143,KŘENOVICE,405984.92,,49375.98,7196.25,25945.99,156737.7,9157.18,49.330311,17.2724319
569151,NOVÁ VES U LEŠTINY,102235.28,4543.56,12433.89,1387.05,6533.73,39469.75,221.62,49.7858527,15.4039121
569160,NOVÁ VES U CHOTĚBOŘE,458580.67,0.03,55772.68,8128.53,29307.32,177043.22,7788.99,49.7561046,15.647987
569178,BOHUSLÁVKY,227997.01,,27729.04,4041.34,14571.01,88022.3,2106.23,49.5551575,17.5677783
569186,OKROUHLICE,1106235.02,110226.81,134540.55,19608.48,70698.12,427081.7,13471.75,49.6299124,15.4908288
569194,GRYMOV,112212.47,2816.0,13647.31,1522.42,7171.36,43321.62,221.62,49.4810096,17.4980056
569208,OLEŠENKA,152983.39,26852.0,18605.87,2711.7,9776.98,59061.96,1735.75,49.5489042,15.7658338
569216,OLEŠNÁ,296359.14,8374.0,36043.27,5253.09,18939.95,114414.71,6893.4,49.6815692,15.547681
569224,OUDOLEŇ,316190.33,878.75,38455.13,5604.6,20207.33,122070.9,4419.6,49.6593287,15.7556482
569232,OVESNÁ LHOTA,137463.35,,16718.32,2436.59,8785.11,53070.17,2263.77,49.7225555,15.3840558
569241,PAVLOV,112828.33,,13722.21,1530.77,7210.71,43559.38,2106.23,49.6992154,15.3325162
569259,DOLNÍ NĚTČICE,192645.76,12413.31,23429.62,3414.73,12311.74,74374.32,3156.43,49.476175,17.6750122
569267,HLINSKO,176386.66,864.35,21452.19,3126.53,11272.65,68097.2,2998.92,49.4945407,17.5791433
569275,HORNÍ NĚTČICE,176140.31,12854.58,21422.23,3122.17,11256.92,68002.1,1788.26,49.4701464,17.6843896
569283,KLADNÍKY,117139.46,7400.15,14246.53,1589.26,7486.24,45223.77,1105.63,49.4838215,17.6035068
569291,POHLED,549730.2,,66858.31,9744.2,35132.58,212233.12,11683.49,49.6036479,15.6480676
569305,CHROMEČ,452175.56,2687.79,54993.7,8015.0,28897.99,174570.42,4157.05,49.9337484,16.8936741
569313,PROSÍČKA,126254.41,,15355.09,2237.91,8068.76,48742.76,1000.61,49.7274367,15.3221702
569321,PŘIBYSLAV,3568627.23,13584.83,434017.25,63255.41,228066.57,1377732.0,113305.1,49.5768385,15.7385463
569330,OSTRUŽNÁ,195601.96,123081.6,23789.15,3467.12,12500.67,75515.62,6158.27,50.1849527,17.0516796
569348,PŘÍSEKA,309662.05,,37661.16,5488.89,19790.12,119550.54,2263.77,49.6707734,15.4255589
569356,ČESKÁ VES,2037191.98,63829.71,247763.75,36110.08,130194.43,786494.19,28472.14,50.2573582,17.2280484
569364,RADOSTÍN,117262.64,3754.38,14261.51,1590.93,7494.11,45271.33,161.18,49.6609033,15.5433203
569372,KRCHLEBY,151874.82,,18471.06,2692.05,9706.14,58633.97,1420.69,49.8207166,16.8336167
569381,MÍROV,318161.12,5765.43,38694.84,5639.54,20333.29,122831.76,1578.22,49.798099,16.8474842
569399,ROZSOCHATEC,450820.65,547.9,54828.91,7990.98,28811.39,174047.33,4685.06,49.6725407,15.6337987
569402,RUŠINOV,144361.14,,17557.23,2558.85,9225.95,55733.19,1630.73,49.7918773,15.6830474
569411,RYBNÍČEK,65405.94,2368.29,7954.69,887.38,4180.02,25251.13,843.08,49.7692775,15.5090511
569429,SÁZAVKA,305474.1,,37151.83,5414.66,19522.48,117933.7,3316.88,49.7343914,15.4104509
569437,BRATRUŠOV,507481.16,14337.56,61719.97,8995.32,32432.5,195922.13,3051.42,50.0093485,16.9496224
569445,VIKÝŘOVICE,1759678.61,35856.02,214012.5,31191.05,112458.88,679355.22,23419.5,49.9779246,17.0123401
569453,VELKÉ KUNĚTICE,414484.01,76555.4,50409.63,7346.9,26489.17,160018.92,2106.23,50.3165765,17.265929
569461,SKRYJE,149411.32,20985.36,18171.44,2648.38,9548.69,57682.9,3051.42,49.8430247,15.4867766
569470,SKUHROV,268891.11,8469.5,32702.6,4766.21,17184.5,103810.19,2473.81,49.6846638,15.5321299
569488,SLAVÍKOV,266797.13,1666.49,32447.93,4729.09,17050.68,103001.78,5105.15,49.7428241,15.7807128
569496,PODOLÍ,210875.67,,25646.75,3737.86,13476.81,81412.3,161.18,49.430259,17.8571418
569500,HORNÍ LHOTA,598753.86,,72820.58,10613.16,38265.62,231159.58,4157.05,49.8530442,18.0683779
569518,SOBÍŇOV,559337.86,4736.0,68026.79,9914.5,35746.6,215942.32,3208.96,49.7009949,15.7668725
569526,MILOTICE NAD OPAVOU,404383.66,6779.87,49181.23,7167.88,25843.67,156119.51,3474.42,49.9956946,17.542046
569534,STŘÍBRNÉ HORY,195848.31,,23819.11,3471.5,12516.43,75610.72,1840.77,49.6012428,15.690949
569542,HORNÍ ÚJEZD,338361.83,12521.0,41151.65,5997.6,21624.29,130630.61,3841.98,49.4474845,17.7269954
569551,NOVÉ HEŘMINOVY,291432.14,41095.63,35444.03,5165.76,18625.07,112512.56,1210.65,50.0234783,17.5281944
569569,SVĚTLÁ NAD SÁZAVOU,5539920.56,227448.59,673766.39,98197.41,354049.49,2138784.85,185666.9,49.6680082,15.403934
569577,OBORNÁ,348462.19,,42380.05,6176.64,22269.79,134530.02,2683.85,50.0030638,17.4968981
569585,ŠLAPANOV,739542.94,52389.9,89943.38,13108.71,47263.28,285513.7,7316.41,49.5424238,15.6576846
569593,ŠTOKY,1778647.57,53586.55,216319.51,31527.27,113671.18,686678.52,24630.15,49.5024851,15.5886289
569607,BÝKOV-LÁRYŠOV,153722.45,,18695.77,2724.79,9824.21,59347.29,948.1,50.0529004,17.6892703
569615,TIS,340455.8,3836.02,41406.31,6034.72,21758.11,131439.02,1683.24,49.7049559,15.4932335
569623,TRPIŠOVICE,140173.19,233.27,17047.9,2484.63,8958.3,54116.35,221.62,49.6551822,15.3321763
569631,SVIADNOV,1683186.91,605594.44,204709.57,29835.19,107570.41,649824.24,65730.96,49.6893357,18.3274763
569640,UHELNÁ PŘÍBRAM,491345.23,852.0,59757.52,8709.29,31401.26,189692.56,4052.04,49.7682716,15.5858746
569658,ÚSOBÍ,532978.4,25269.04,64820.96,9447.27,34061.99,205765.78,1788.26,49.5141989,15.5024691
569666,HLADKÉ ŽIVOTICE,851509.04,85504.63,103560.73,15093.36,54418.9,328740.2,14892.45,49.6826105,17.9579149
569674,VEPŘÍKOV,279237.82,,33960.97,4949.61,17845.74,107804.72,895.58,49.7435943,15.570312
569682,VESELÝ ŽĎÁR,488389.03,4002.37,59397.98,8656.89,31212.34,188551.28,1683.24,49.639636,15.5260507
569691,VĚŽ,650980.08,5524.0,79172.34,11538.89,41603.33,251322.43,13786.82,49.5638537,15.4590525
569704,VĚŽNICE,404383.66,,49181.23,7167.88,25843.67,156119.51,1525.71,49.5155649,15.6944297
569712,VILÉMOV,882302.81,5204.01,107305.87,15639.18,56386.88,340628.69,7841.51,49.815562,15.5359341
569721,VILÉMOVICE,191660.36,,23309.78,3397.26,12248.77,73993.89,241.77,49.6867719,15.3214016
569739,VLKANOV,45574.76,2905.0,5542.81,618.32,2912.63,17594.94,120.89,49.715625,15.3567384
569747,VRCHY,194247.03,18525.81,23624.36,3443.11,12414.09,74992.52,367.57,49.7509819,17.8710837
569755,TRNÁVKA,574488.38,9073.58,69869.41,10183.05,36714.85,221791.46,3261.46,49.6853274,18.1778799
569771,SUCHONICE,182545.4,2347.81,22201.21,3235.7,11666.25,70474.9,1840.77,49.5270395,17.3819064
569780,ŽDÍREC NAD DOUBRAVOU,2691251.43,17978.19,327310.6,47703.57,171994.56,1039005.47,113830.19,49.6959567,15.8136021
569798,HORNÍ LODĚNICE,314589.05,31264.08,38260.4,5576.22,20105.0,121452.7,2211.27,49.7710994,17.376223
569801,ŽIŽKOVO POLE,349078.06,2792.88,42454.95,6187.56,22309.15,134767.8,2263.77,49.6106332,15.7351319
569810,HRADEC KRÁLOVÉ,84291512.35,2956082.6,10251552.72,1494102.43,5386966.69,32542237.18,4146295.33,50.2092113,15.8327512
569828,BABICE,155077.37,699.6,18860.55,2748.81,9910.8,59870.37,1315.66,50.192097,15.5855115
569836,BARCHOV,224548.09,5222.17,27309.59,3980.21,14350.6,86690.79,1105.63,50.1976149,15.5671876
569844,LUŽICE,335282.45,157913.17,40777.13,5943.01,21427.49,129441.75,2736.36,49.7157385,17.2605503
569852,BĚLEČ NAD ORLICÍ,366692.1,9801.35,44597.18,6499.78,23434.84,141568.0,5525.23,50.1979829,15.9427004
569861,BENÁTKY,97677.81,3861.88,11879.6,1325.22,6242.46,37710.26,895.58,50.3101932,15.7359902
569879,BLEŠNO,317422.08,3620.28,38604.94,5626.44,20286.06,122546.43,7050.93,50.213913,15.9306408
569887,BOHARYNĚ,512161.81,12058.56,62289.23,9078.28,32731.63,197729.18,5892.8,50.2038113,15.6306746
569895,DOBROSLAVICE,596783.07,14184.15,72580.89,10578.23,38139.68,230398.71,2893.89,49.8803361,18.1409218
569909,CHVALÍKOVICE,488019.51,23778.86,59353.05,8650.34,31188.72,188408.6,3631.94,49.8856406,17.9109454
569917,ČERNILOV,2214194.51,18652.65,269290.83,39247.52,141506.44,854829.16,17471.27,50.2626451,15.9225386
569925,ČERNOŽICE,853972.55,14465.62,103860.34,15137.02,54576.33,329691.28,19262.45,50.3186341,15.8740273
569933,ČISTĚVES,139187.8,,16928.05,2467.16,8895.33,53735.93,948.1,50.2888314,15.7318296
569941,DIVEC,201391.19,4393.81,24493.24,3569.74,12870.67,77750.65,16155.6,50.2397771,15.9216533
569950,ČERMNÁ VE SLEZSKU,312371.9,47393.83,37990.74,5536.93,19963.3,120596.73,4262.07,49.7823022,17.7019405
569968,DOBŘENICE,444538.71,928.42,54064.9,7879.64,28409.92,171622.08,7946.53,50.1477218,15.6410411
569976,DOHALICE,351541.56,29023.88,42754.56,6231.22,22466.58,135718.87,8842.12,50.2872721,15.6945
569984,DOLNÍ PŘÍM,586066.84,49480.41,71277.58,10388.28,37454.8,226261.53,5682.75,50.2396557,15.7081683
569992,HABŘINA,245487.85,3894.11,29856.29,4351.37,15688.83,94774.95,2211.27,50.325952,15.8266133
570001,HLUŠICE,718233.65,17199.35,87351.74,12730.99,45901.43,277286.88,8366.6,50.2645978,15.4032585
570010,HNĚVČEVES,128841.09,28885.33,15669.68,2283.76,8234.08,49741.39,1420.69,50.31487,15.7161247
570028,HOLOHLAVY,699757.4,2830.22,85104.65,12403.5,44720.64,270153.79,7894.01,50.3079393,15.8600804
570036,VĚTŘKOVICE,641618.78,31731.25,78033.82,11372.95,41005.07,247708.34,10525.35,49.7805079,17.8204508
570044,HOŘINĚVES,591363.36,24211.04,71921.74,10482.16,37793.3,228306.35,3947.01,50.3095406,15.7673156
570052,HRÁDEK,134630.31,,16373.77,2386.38,8604.06,51976.43,201.48,50.2185634,15.6755482
570061,ŠPIČKY,235510.67,2960.0,28642.86,4174.53,15051.19,90923.09,1263.16,49.5481595,17.8077766
570079,TÝN NAD BEČVOU,690888.8,2706.85,84026.05,12246.29,44153.85,266729.91,5525.23,49.5170178,17.6184856
570087,HUMBURKY,292540.71,,35578.87,5185.41,18695.92,112940.55,8261.59,50.2260244,15.5115249
570095,VYŠEHOŘÍ,201883.89,0.35,24553.17,3578.47,12902.16,77940.87,1368.19,49.9336127,16.878375
570109,CHLUMEC NAD CIDLINOU,4871080.1,95893.08,592421.86,86341.94,311304.72,1880567.1,141882.25,50.154395,15.4603384
570117,ŠLÉGLOV,45821.12,7021.57,5572.77,621.66,2928.37,17690.06,80.59,50.1531163,16.9821553
570125,CHUDEŘICE,231569.08,,28163.48,4104.66,14799.3,89401.36,1158.14,50.1490396,15.5508664
570133,JENÍKOVICE,419657.36,27655.57,51038.82,7438.6,26819.79,162016.18,1788.26,50.2281817,16.0026322
570141,DROZDOV,306582.68,,37286.65,5434.3,19593.32,118361.69,1368.19,49.9077376,16.7873446
570150,KÁRANICE,152613.88,,18560.94,2705.15,9753.37,58919.3,7263.9,50.1529567,15.5574937
570168,KLAMOŠ,346737.74,23095.43,42170.33,6146.08,22159.58,133864.27,2736.36,50.1255818,15.5012522
570176,KOSICE,296975.02,19730.19,36118.17,5264.0,18979.31,114652.49,8261.59,50.1797445,15.5349958
570184,KOSIČKY,286135.62,1273.19,34799.87,5071.87,18286.58,110467.75,8737.09,50.1789569,15.5551183
570192,KRÁLÍKY,313357.3,2284.45,38110.58,5554.38,20026.28,120977.16,8156.56,50.2594433,15.5365738
570206,KRATONOHY,565127.08,970.01,68730.89,10017.12,36116.58,218177.36,7421.43,50.1691435,15.606913
570214,KUNČICE,282317.19,5573.68,34335.48,5004.2,18042.54,108993.57,1945.78,50.2175182,15.635916
570222,LEJŠOVKA,161852.01,3073.98,19684.47,2868.9,10343.76,62485.84,1105.63,50.2976632,15.9422837
570231,LHOTA POD LIBČANY,819237.19,61193.87,99635.81,14521.33,52356.44,316281.08,12418.63,50.1724139,15.6955462
570249,LIBČANY,950788.13,9172.5,115635.06,16853.11,60763.7,367068.66,19997.59,50.1916624,15.6949102
570257,LIBNÍKOVICE,127362.99,,15489.92,2257.55,8139.61,49170.75,241.77,50.2441697,15.9961363
570265,LIBRANTICE,536180.95,4176.0,65210.44,9504.03,34266.66,207002.19,3789.48,50.2422648,15.9597444
570273,LIBŘICE,221961.42,14037.55,26994.99,3934.36,14185.28,85692.15,10997.95,50.2877765,15.9637918
570281,STAVENICE,120957.89,675.61,14710.92,2144.03,7730.28,46697.95,1158.14,49.7868443,16.9736269
570290,LIŠICE,135985.25,958.27,16538.55,2410.4,8690.64,52499.52,1840.77,50.1810124,15.4078528
570303,LODÍN,322595.43,410.01,39234.13,5718.14,20616.68,124543.7,4790.08,50.2708527,15.6104477
570311,LOCHENICE,422859.91,1106.98,51428.31,7495.37,27024.45,163252.59,2683.85,50.2722482,15.81955
570320,LOVČICE,592595.11,3482.0,72071.55,10504.0,37872.02,228781.88,5948.23,50.1651677,15.383891
570338,ZBOROV,190305.44,,23144.99,3373.25,12162.19,73470.8,895.58,49.9436563,16.8358593
570346,JANOVÁ,578799.51,5021.81,70393.73,10259.46,36990.36,223455.84,4577.13,49.3121102,18.020297
570354,LUŽANY,102481.63,549.7,12463.83,1390.4,6549.47,39564.86,1053.12,50.3382597,15.7912693
570362,LUŽEC NAD CIDLINOU,407832.55,9734.52,49600.69,7229.01,26064.08,157451.01,6263.28,50.2135439,15.4118616
570371,ÚSTÍ,456117.17,1452.0,55473.07,8084.87,29149.89,176092.14,9419.72,49.3082912,18.0032146
570397,MĚNÍK,529283.14,11527.25,64371.53,9381.77,33825.84,204339.17,5472.71,50.2154054,15.5281677
570401,MLÉKOSRBY,187718.76,3381.15,22830.4,3327.39,11996.88,72472.17,1473.2,50.1917249,15.5014658
570419,MOKROVOUSY,266550.78,78.62,32417.96,4724.73,17034.93,102906.67,3261.46,50.2750311,15.6858341
570427,MYŠTĚVES,154215.15,60439.59,18755.68,2733.53,9855.69,59537.49,1788.26,50.2967551,15.5565711
570435,MŽANY,383197.55,5939.87,46604.57,6792.34,24489.68,147940.23,6893.4,50.2964091,15.6758484
570443,NEDĚLIŠTĚ,307937.6,1139.84,37451.44,5458.32,19679.91,118884.78,2368.78,50.2769291,15.7854552
570451,NECHANICE,2183031.22,72175.42,265500.74,38695.15,139514.84,842798.02,31155.99,50.2373686,15.6327598
570478,NEPOLISY,812832.08,11196.41,98856.82,14407.79,51947.09,313808.29,12313.61,50.1922062,15.4633463
570494,NOVÉ MĚSTO,363243.2,3394.0,44177.72,6438.64,23214.42,140236.49,12579.07,50.1476698,15.4951082
570508,NOVÝ BYDŽOV,6325407.79,36723.55,769297.52,112120.5,404249.03,2442036.17,214139.04,50.2417701,15.4907692
570516,OHNIŠŤANY,290446.74,11751.54,35324.2,5148.29,18562.09,112132.13,1893.28,50.3295312,15.510981
570524,OLEŠNICE,284657.52,,34620.12,5045.68,18192.12,109897.09,100.74,50.1402816,15.4479641
570532,OSICE,640633.38,1790.15,77913.97,11355.5,40942.08,247327.91,9052.16,50.1427924,15.6858079
570541,OSIČKY,117139.46,10573.0,14246.53,1589.26,7486.24,45223.77,1893.28,50.14355,15.6761833
570567,PETROVICE,278621.94,2779.5,33886.06,4938.69,17806.39,107566.95,4052.04,50.2897553,15.598495
570575,PÍSEK,220236.97,49.0,26785.27,3903.8,14075.07,85026.4,4052.04,50.1554308,15.5017289
570648,PRASEK,537412.7,10440.27,65360.25,9525.87,34345.38,207477.73,3526.93,50.2386755,15.5485896
570656,PRASKAČKA,931203.3,50008.61,113253.15,16505.98,59512.06,359507.6,10105.28,50.1725729,15.7425601
570672,PŘEDMĚŘICE NAD LABEM,1656581.1,22794.84,201473.77,29363.6,105870.06,639552.59,33364.33,50.2563276,15.8155632
570681,PŘEVÝŠOV,294265.16,130.17,35788.6,5215.97,18806.13,113606.31,3261.46,50.1515343,15.4104358
570702,RAČICE NAD TROTINOU,130319.19,7559.68,15849.45,2309.96,8328.54,50312.05,1053.12,50.3157208,15.7961057
570711,RADÍKOVICE,153229.74,11613.27,18635.84,2716.06,9792.72,59157.07,1473.2,50.2093077,15.6935697
570729,RADOSTOV,108394.04,,13182.9,1470.61,6927.33,41847.45,843.08,50.2097728,15.6635759
570745,ROUDNICE,636691.77,69478.63,77434.6,11285.63,40690.19,245806.18,4947.62,50.1761626,15.6516988
570753,PRODAŠICE,64913.25,3233.5,7894.76,880.7,4148.53,25060.92,2211.27,50.3499638,15.116661
570761,UJKOVICE,109133.08,10044.7,13272.79,1480.64,6974.56,42132.76,40.29,50.3667758,15.099632
570770,LOUKOV,155077.37,590.79,18860.55,2748.81,9910.8,59870.37,8314.1,50.5612802,15.0356307
570788,BRADLEC,972959.64,2727.01,118331.57,17246.12,62180.66,375628.37,10262.81,50.451351,14.9101847
570796,SENDRAŽICE,314342.69,46811.49,38230.43,5571.85,20089.25,121357.6,2211.27,50.2898539,15.7959685
570800,SKALICE,523986.62,5564.19,63727.37,9287.88,33487.34,202294.36,4052.04,50.2763716,15.8720291
570818,DALOVICE,315451.28,12309.83,38365.26,5591.51,20160.1,121785.57,7050.93,50.425687,14.8799331
570826,KOSMONOSY,4381582.49,485707.9,532889.05,77665.39,280021.54,1691587.84,154143.35,50.4389828,14.9305091
570834,SKŘIVANY,1001536.25,5026.09,121807.06,17752.65,64006.94,386660.88,32891.73,50.2686182,15.4990649
570842,VINEC,205209.61,40325.5,24957.64,3637.42,13114.69,79224.81,1053.12,50.3946133,14.8697931
570851,SLOUPNO,418425.61,24310.86,50889.02,7416.77,26741.07,161540.64,5682.75,50.2573188,15.5019693
570869,SMIDARY,1381777.59,29598.36,168052.1,24492.59,88307.71,533459.81,16788.64,50.2914563,15.477249
570877,SMIŘICE,2591479.65,10248.22,315176.35,45935.06,165618.27,1000486.81,58414.55,50.2995707,15.8645911
570885,SMRŽOV,386276.92,15381.19,46979.09,6846.91,24686.48,149129.07,1053.12,50.2997478,15.9178372
570893,OBRUBCE,195848.31,17280.0,23819.11,3471.5,12516.43,75610.72,1473.2,50.4478582,15.0636124
570907,SOVĚTICE,175401.25,11271.49,21332.33,3109.06,11209.68,67716.77,2578.83,50.3075749,15.7064054
570915,STARÁ VODA,110118.48,4371.5,13392.63,1494.0,7037.54,42513.2,241.77,50.1503227,15.5305626
570923,PŘEPEŘE,92258.11,3427.74,11220.45,1251.69,5896.11,35617.88,843.08,50.4676237,15.1018849
570931,STĚŽERY,1694026.31,13680.5,206027.86,30027.33,108263.14,654008.98,9419.72,50.2157226,15.7483063
570940,DOLNÍ STAKORY,259529.8,6133.33,31564.08,4600.27,16586.23,100196.09,2001.22,50.4372949,14.972476
570958,STRAČOV,275173.04,37178.42,33466.61,4877.56,17585.97,106235.44,2683.85,50.3017614,15.6409962
570966,STŘEZETICE,274310.81,,33361.74,4862.27,17530.86,105902.57,2263.77,50.2583663,15.7183521
570974,KOLOMUTY,313234.12,1779.53,38095.61,5552.2,20018.4,120929.61,2211.27,50.4020984,14.9789879
570982,TUŘICE,357823.49,4910.49,43518.57,6342.57,22868.07,138144.12,1105.63,50.249096,14.7717456
570991,CTIMĚŘICE,102358.46,,12448.86,1388.72,6541.61,39517.29,120.89,50.3777899,14.9933579
571008,SYROVÁTKA,313110.95,7125.95,38080.62,5550.02,20010.53,120882.04,3684.46,50.1550273,15.6626823
571016,ŠAPLAVA,81788.22,949.0,9947.1,1109.64,5226.99,31575.8,895.58,50.3150463,15.5418013
571024,TĚCHLOVICE,306336.33,158.49,37256.69,5429.94,19577.59,118266.58,3421.91,50.2075419,15.7111726
571032,PĚČICE,188457.8,1970.72,22920.27,3340.49,12044.11,72757.49,241.77,50.3494206,15.0043828
571041,TŘEBECHOVICE POD OREBEM,4873297.24,66391.97,592691.51,86381.23,311446.41,1881423.07,125723.73,50.2007842,15.993087
571059,TŘESOVICE,239944.98,17679.92,29182.15,4253.12,15334.59,92635.02,1105.63,50.2650788,15.6889728
571067,DOUBRAVIČKA,116646.76,,14186.6,1582.58,7454.75,45033.57,100.74,50.3951064,14.7761042
571075,KLUKY,71811.05,446.5,8733.67,974.28,4589.35,27723.93,100.74,50.440214,14.7251865
571083,VINARY,368416.55,4572.72,44806.9,6530.34,23545.04,142233.75,1315.66,50.2895085,15.4288566
571091,VŠESTARY,1619628.6,64748.84,196979.6,28708.6,103508.47,625286.42,22103.82,50.2565157,15.7598096
571105,VÝRAVA,332942.12,3640.42,40492.5,5901.54,21277.92,128538.23,2053.73,50.2696413,15.9789472
571113,VYSOKÁ NAD LABEM,1327826.92,18750.62,161490.61,23536.28,84859.78,512631.2,8419.12,50.1533878,15.8250203
571121,NIMĚŘICE,231938.59,8244.46,28208.43,4111.2,14822.91,89544.02,3208.96,50.3957784,14.8084395
571130,ZACHRAŠŤANY,197695.93,20081.08,24043.82,3504.24,12634.5,76324.03,4790.08,50.2111962,15.4828357
571148,ROKYTOVEC,147071.0,1858.31,17886.8,2606.89,9399.13,56779.37,241.77,50.4065261,14.8306774
571156,NEMYSLOVICE,132043.64,0.56,16059.18,2340.53,8438.74,50977.81,20.15,50.3585126,14.7636641
571164,CHRUDIM,19611437.03,338745.58,2385147.39,347620.95,1253342.77,7571344.02,803188.4,49.9511458,15.7947559
571172,KOBYLNICE,119972.48,7410.52,14591.09,1627.7,7667.3,46317.51,1945.78,50.3716373,15.0538553
571181,BĚSTVINA,462891.79,6983.59,56297.0,8204.95,29582.85,178707.61,1053.12,49.8370342,15.595763
571199,BRATŘÍNOV,155077.37,4052.51,18860.55,2748.81,9910.8,59870.37,1210.65,49.8426328,14.3393787
571202,BOJANOV,672166.18,8547.42,81749.01,11914.42,42957.32,259501.72,6788.39,49.8413143,15.7048801
571211,KLÍNEC,596044.02,749.45,72491.0,10565.13,38092.44,230113.39,11998.55,49.9008015,14.3423456
571229,BOŘICE,138695.09,17059.41,16868.12,2458.43,8863.84,53545.71,2473.81,49.9766916,15.9255142
571237,BOUSOV,176633.01,19754.61,21482.14,3130.9,11288.4,68192.31,303.33,49.9017485,15.5354243
571245,BYLANY,351295.21,2516.05,42724.6,6226.86,22450.85,135623.76,8471.63,49.9568579,15.7331562
571253,CTĚTÍN,212723.29,2432.16,25871.45,3770.6,13594.89,82125.62,1420.69,49.8302552,15.8394192
571261,KYTÍN,459073.37,8592.9,55832.61,8137.27,29338.81,177233.44,6368.31,49.8506166,14.2190496
571270,ČANKOVICE,241053.55,3791.11,29316.98,4272.78,15405.44,93063.01,303.33,49.9635526,15.9369325
571288,ZAHOŘANY,250045.33,971.73,30410.56,4432.15,15980.09,96534.45,1525.71,49.8493848,14.2902901
571296,ČESKÉ LHOTICE,108024.51,12059.95,13137.97,1465.6,6903.71,41704.78,1158.14,49.8469362,15.777833
571300,DĚDOVÁ,105068.31,27552.54,12778.44,1425.49,6714.78,40563.49,895.58,49.7611033,15.9864641
571318,ROBLÍN,196094.67,4349.5,23849.07,3475.86,12532.16,75705.83,2368.78,49.9618578,14.2482654
571326,LICHOCEVES,347107.25,6017.5,42215.26,6152.62,22183.19,134006.93,6578.35,50.1527589,14.2842444
571334,OKOŘ,83143.16,7517.0,10111.88,1128.02,5313.58,32098.89,1420.69,50.1618247,14.2588942
571342,SVRKYNĚ,231445.91,1844.55,28148.5,4102.48,14791.42,89353.8,4524.62,50.171365,14.2948471
571351,ÚHOLIČKY,599862.43,915.54,72955.41,10632.81,38336.47,231587.57,8632.07,50.1613567,14.3352411
571377,HAMRY,171336.47,978.01,20837.97,3037.01,10949.91,66147.5,1473.2,49.7389669,15.9264103
571385,HEŘMANŮV MĚSTEC,4397225.73,44740.06,534791.58,77942.67,281021.28,1697627.18,81729.03,49.9470444,15.6646587
571393,HLINSKO,8097896.6,66771.77,984868.0,143538.61,517526.59,3126336.99,242083.15,49.7625672,15.907339
571407,HLUBOKÁ,158649.45,6472.63,19294.98,2812.13,10139.09,61249.44,2001.22,49.8455813,16.0715447
571415,XAVEROV,46929.69,,5707.59,636.71,2999.22,18118.05,895.58,49.8428699,14.8849169
571423,ZICHOVEC,140542.71,4825.05,17092.83,2491.18,8981.91,54259.02,3736.97,50.271054,13.9260255
571431,VRBIČANY,155693.25,,18935.45,2759.73,9950.17,60108.16,1263.16,50.3080868,13.9957872
571440,HOLETÍN,641741.96,5621.06,78048.8,11375.15,41012.94,247755.89,6315.79,49.8024232,15.9268039
571458,HONBICE,135246.19,8130.04,16448.68,2397.3,8643.42,52214.2,2316.28,49.9334622,15.8929879
571466,HORKA,335651.99,56132.89,40822.07,5949.58,21451.11,129584.42,2526.32,49.8872223,15.9167683
571474,HORNÍ BRADLO,413498.6,14818.94,50289.8,7329.44,26426.19,159638.49,6105.76,49.8022124,15.7440386
571482,HOŠŤALOVICE,115415.01,686.93,14036.8,1565.87,7376.04,44558.01,1893.28,49.9346768,15.5766925
571491,HROCHŮV TÝNEC,1944317.99,53739.06,236468.39,34463.85,124258.96,750638.54,31523.56,49.9594637,15.9105428
571504,HROUBOVICE,230953.2,1897.89,28088.57,4093.75,14759.93,89163.59,2211.27,49.8825327,15.9907227
571512,KUTROVICE,77353.93,3579.34,9407.8,1049.48,4943.6,29863.86,141.03,50.2615494,14.0188645
571521,NEPROBYLICE,128471.57,19856.53,15624.74,2277.21,8210.46,49598.74,1683.24,50.2639497,14.0276092
571539,CHRAST,2754686.57,157284.57,335025.6,48827.97,176048.62,1063495.74,41415.88,49.9018929,15.9340257
571547,CHROUSTOVICE,1091084.49,16970.55,132697.95,19339.93,69729.86,421232.57,21208.24,49.9555258,15.9914315
571555,LÍSKÝ,80310.13,549.5,9767.34,1089.59,5132.52,31005.15,843.08,50.2505562,13.9289262
571563,JENIŠOVICE,345259.63,53823.27,41990.55,6119.87,22065.12,133293.62,2053.73,49.929545,16.0310155
571571,KAMENIČKY,717125.07,171.3,87216.92,12711.35,45830.58,276858.9,6315.79,49.7359558,15.9747499
571580,KLADNO,174785.38,2530.02,21257.43,3098.14,11170.31,67479.01,8209.08,49.7724743,15.9822811
571598,ZÁJEZD,101126.71,21681.44,12299.05,1372.02,6462.88,39041.76,1840.77,50.1660477,14.2207438
571601,LIBOVICE,286628.31,296.5,34859.8,5080.6,18318.06,110657.95,181.32,50.2355963,14.0163423
571610,KOČÍ,540615.25,8375.46,65749.75,9582.64,34550.05,208714.13,13051.68,49.9472009,15.8553552
571628,KOSTELEC U HEŘMANOVA MĚSTCE,283795.29,83.0,34515.25,5030.39,18137.01,109564.22,3316.88,49.9233212,15.6515365
571636,NĚMČICE,297714.07,45879.06,36208.06,5277.1,19026.54,114937.8,1893.28,50.084382,15.2940416
571644,ŠTÍHLICE,164438.68,850.38,19999.07,2914.74,10509.08,63484.47,1105.63,50.0055637,14.7799446
571652,KRÁSNÉ,129949.67,7072.18,15804.51,2303.41,8304.92,50169.38,1683.24,49.8215562,15.7455186
571661,KROUNA,1314647.2,22435.73,159887.69,23302.67,84017.48,507542.92,14944.95,49.7723986,16.0267414
571679,OPLANY,101496.24,5147.47,12343.99,1377.03,6486.5,39184.42,303.33,49.924165,14.8673002
571687,KLÁŠTERNÍ SKALICE,104329.26,194.18,12688.54,1415.47,6667.56,40278.16,241.77,50.0236377,14.9856373
571695,LEŠTINA,278252.41,19505.16,33841.12,4932.14,17782.77,107424.29,1683.24,49.8676633,16.1177901
571709,LEŠTINKA,122928.69,,14950.62,2178.97,7856.21,47458.81,1420.69,49.8452098,15.9588883
571717,KŠELY,178111.11,18012.05,21661.91,3157.09,11382.86,68762.95,1105.63,50.0434185,14.901928
571725,LIBKOV,75752.65,88.38,9213.05,1027.75,4841.26,29245.66,241.77,49.8417334,15.756305
571733,LIBOMĚŘICE,144484.32,104.94,17572.22,2561.04,9233.82,55780.74,3369.4,49.8718499,15.7412911
571741,TŘEBONÍN,107531.81,248.5,13078.05,1458.92,6872.23,41514.57,221.62,49.8697036,15.3129213
571750,LOZICE,130935.07,11289.55,15924.35,2320.88,8367.9,50549.82,1683.24,49.9165733,16.0229078
571768,LUKAVICE,735724.5,20250.39,89478.98,13041.03,47019.25,284039.53,5892.8,49.8898147,15.8381543
571776,LUŽE,2287237.3,114616.69,278174.32,40542.24,146174.52,883028.64,62627.03,49.8934114,16.0284252
571784,LIBIŠ,1852922.12,64028.38,225352.81,32843.82,118417.97,715353.53,15945.56,50.27444,14.502345
571792,KOZOMÍN,332942.12,408501.52,40492.5,5901.54,21277.92,128538.23,47784.17,50.2369256,14.3710115
571806,NOVÁ VES U BAKOVA,221715.07,21293.5,26965.04,3929.99,14169.53,85597.04,283.19,50.490675,14.926388
571814,ZDĚTÍN,483831.55,4636.65,58843.7,8576.12,30921.08,186791.78,2893.89,50.3126008,14.8124153
571822,MÍČOV-SUŠICE,262978.7,1252.21,31983.53,4661.4,16806.65,101527.6,2631.34,49.9046786,15.6041929
571831,MIŘETICE,1063616.46,40967.39,129357.28,18853.04,67974.42,410628.05,11473.46,49.8417761,15.8852911
571849,CHUDÍŘ,196587.36,,23909.0,3484.6,12563.66,75896.05,1420.69,50.3087925,15.0138003
571857,MLADOŇOVICE,305350.92,2.99,37136.85,5412.47,19514.6,117886.15,2998.92,49.8871414,15.723474
571865,MUKAŘOV,193261.63,20967.26,23504.53,3425.65,12351.12,74612.08,1105.63,50.5691486,14.9256846
571873,MORAŠICE,683867.82,25791.88,83172.15,12121.84,43705.15,264019.34,7316.41,49.9346918,15.708967
571881,STRÁŽIŠTĚ,111473.41,5382.06,13557.41,1512.39,7124.13,43036.29,141.03,50.5923508,14.9291948
571890,NABOČANY,96815.58,101.92,11774.74,1313.52,6187.36,37377.38,1735.75,49.9437707,15.8868711
571903,NAČEŠICE,523863.44,364.64,63712.39,9285.7,33479.46,202246.79,3421.91,49.9412915,15.6288442
571911,NASAVRKY,1477484.59,12101.25,179692.01,26189.03,94424.22,570409.2,21365.76,49.8443739,15.802422
571920,NOVÉ HRADY,270246.03,7350.8,32867.39,4790.22,17271.09,104333.29,3894.5,49.8520404,16.1436129
571938,PTÝROV,246596.43,48.5,29991.12,4371.02,15759.67,95202.94,1473.2,50.5048321,14.9471275
571946,BRANŽEŽ,219497.91,3015.89,26695.39,3890.68,14027.84,84741.08,2946.4,50.5075841,15.0578976
571954,SUDOVO HLAVNO,413991.31,27898.08,50349.71,7338.18,26457.68,159828.71,1578.22,50.2627485,14.6853156
571962,OREL,637184.48,25707.08,77494.52,11294.36,40721.67,245996.4,21788.77,49.9193093,15.8390302
571971,KOVÁŇ,108270.86,96493.51,13167.93,1468.94,6919.46,41799.89,1158.14,50.4233074,14.7777673
571989,DOBŠÍN,207673.12,8894.41,25257.25,3681.09,13272.13,80175.89,303.33,50.4834265,15.1167488
571997,NEVEKLOVICE,63558.32,7026.86,7729.97,862.32,4061.94,24537.82,201.48,50.5701376,14.9483722
572004,PERÁLEC,237481.47,2520.06,28882.55,4209.46,15177.14,91683.95,2998.92,49.826786,16.0798473
572012,KOVANEC,96446.05,2160.52,11729.79,1308.51,6163.75,37234.71,2001.22,50.4177061,14.7766316
572021,VRÁTNO,128348.39,,15609.76,2275.03,8202.59,49551.18,283.19,50.4320989,14.6937422
572039,PODHOŘANY U RONOVA,200898.48,0.41,24433.32,3561.01,12839.17,77560.43,221.62,49.9365379,15.5371423
572047,KYJE,63065.62,,7670.06,855.63,4030.45,24347.6,120.89,50.4942894,15.3779832
572063,POKŘIKOV,231322.72,1188.03,28133.53,4100.29,14783.55,89306.25,1945.78,49.7967703,15.9881589
572071,PRACHOVICE,1161663.79,12192.13,141281.82,20590.97,74240.5,448480.96,16260.62,49.8937949,15.6287163
572080,PROSEČ,1880390.14,363967.03,228693.47,33330.7,120173.42,725958.06,33154.29,49.8059194,16.1164891
572098,PROSETÍN,753338.54,52379.23,91621.2,13353.24,48144.94,290839.74,8737.09,49.8329624,15.957873
572101,PŘEDHRADÍ,325921.15,2788.93,39638.61,5777.09,20829.22,125827.65,3894.5,49.8316936,16.0391179
572110,PŘESTAVLKY,154215.15,8143.97,18755.68,2733.53,9855.69,59537.49,2421.3,49.9379747,15.9262357
572128,VRBICE,135862.07,684.0,16523.58,2408.21,8682.78,52451.97,1368.19,50.3690395,15.4287717
572136,KOZOJEDY,128225.22,5092.83,15594.78,2272.85,8194.71,49503.62,221.62,50.3164312,15.3747759
572144,SEKEŘICE,94228.91,1296.0,11460.14,1278.43,6022.05,36378.75,20.15,50.2862886,15.3809036
572152,RANÁ,291185.79,28335.22,35414.09,5161.39,18609.33,112417.45,10997.95,49.7964042,15.9641156
572161,RONOV NAD DOUBRAVOU,1491280.2,20617.03,181369.84,26433.57,95305.88,575735.24,25788.29,49.8882524,15.5314359
572179,ROSICE,1150824.39,48695.91,139963.52,20398.84,73547.77,444296.22,23209.46,49.9222389,15.9511535
572187,SLAVHOSTICE,109133.08,10477.26,13272.79,1480.64,6974.56,42132.76,60.44,50.308811,15.3493792
572195,ŽELIVSKO,38923.31,,4733.86,528.08,2487.54,15027.04,40.29,49.640911,16.5696613
572209,ŘEPNÍKY,358316.19,15270.63,43578.49,6351.3,22899.54,138334.34,3684.46,49.9014726,16.079602
572217,ŘESTOKY,358808.89,21752.57,43638.42,6360.04,22931.03,138524.56,2158.74,49.9224041,15.9165559
572225,SEČ,1564938.87,331638.89,190328.22,27739.2,100013.32,604172.48,29840.32,49.8473534,15.6571108
572233,ŘÍDKÝ,44712.54,42.5,5437.95,606.63,2857.53,17262.07,283.19,49.8941108,16.2431043
572241,SKUTEČ,4293389.17,211729.25,522162.96,76102.13,274385.21,1657539.25,87992.32,49.8434267,15.9961932
572250,BŘEZINKY,98909.56,4607.97,12029.4,1341.93,6321.19,38185.8,263.04,49.6626878,16.7869248
572268,SLATIŇANY,3552244.95,65051.26,432024.84,62965.02,227019.6,1371407.34,98990.26,49.9212452,15.8132542
572276,SOBĚTUCHY,684730.04,4176.77,83277.02,12137.13,43760.26,264352.21,3579.43,49.9314106,15.7633777
572284,HARTINKOV,58631.32,7013.96,7130.75,795.47,3747.06,22635.67,141.03,49.6790952,16.8139388
572292,VRÁŽNÉ,61218.0,13748.02,7445.34,830.56,3912.37,23634.3,303.33,49.6760334,16.7782332
572306,STRADOUŇ,155323.72,520.03,18890.51,2753.18,9926.56,59965.48,1420.69,49.9723618,16.0655524
572314,STŘEMOŠICE,133152.22,19.04,16194.0,2360.18,8509.6,51405.77,283.19,49.8915612,16.0720528
572322,STUDNICE,381349.92,,46379.86,6759.59,24371.6,147226.92,1053.12,49.7379577,15.9029153
572331,SVÍDNICE,307198.55,5359.27,37361.55,5445.23,19632.68,118599.45,1788.26,49.8899075,15.8136996
572349,SVRATOUCH,755062.99,10858.48,91830.93,13383.81,48255.14,291505.5,6315.79,49.72444,16.0341847
572357,DESNÁ,302764.25,4760.73,36822.26,5366.63,19349.28,116887.52,2053.73,49.8075422,16.2240471
572365,HORNÍ ÚJEZD,342796.13,,41690.94,6076.21,21907.68,132342.54,1788.26,49.803479,16.2329369
572373,POŘÍČÍ U LITOMYŠLE,379379.12,10705.87,46140.17,6724.65,24245.65,146466.05,3261.46,49.798344,16.1937962
572381,TISOVEC,260392.03,9107.74,31668.93,4615.56,16641.34,100528.97,3051.42,49.8243796,15.9145545
572390,TRHOVÁ KAMENICE,928739.8,11089.91,112953.54,16462.3,59354.62,358556.51,6630.86,49.7865619,15.8161376
572403,TROJOVICE,137832.87,14420.57,16763.26,2443.14,8808.73,53212.83,895.58,49.9328259,15.9195695
572411,TŘEMOŠNICE,2732884.6,10925.39,332374.04,48441.53,174655.29,1055078.69,123357.86,49.8693093,15.5803962
572420,TUNĚCHODY,492576.99,14298.36,59907.32,8731.14,31479.98,190168.1,13104.18,49.9788365,15.8410811
572438,NOVÁ VES U JAROŠOVA,54689.71,428.6,6651.37,741.99,3495.15,21113.94,120.89,49.8373751,16.1595823
572446,ÚHŘETICE,401057.93,1608.25,48776.76,7108.93,25631.12,154835.55,8632.07,49.9789272,15.8669273
572454,VÁPENNÝ PODOL,239205.92,983.42,29092.28,4240.02,15287.36,92349.7,20.15,49.889033,15.6667449
572462,VČELÁKOV,508097.04,6809.94,61794.87,9006.23,32471.86,196159.9,5682.75,49.8176818,15.8843573
572471,VEJVANOVICE,261500.6,42.49,31803.77,4635.21,16712.19,100956.96,1263.16,49.9709247,15.8801881
572489,VINARY,105068.31,530.29,12778.44,1425.49,6714.78,40563.49,241.77,49.959108,16.0602766
572497,VÍTANOV,350432.99,6802.42,42619.74,6211.57,22395.74,135290.88,1788.26,49.7490889,15.881725
572501,VOJTĚCHOV,296975.02,5474.62,36118.17,5264.0,18979.31,114652.49,1840.77,49.7885495,15.9735019
572519,BISKUPICE,388494.08,3377.18,47248.73,6886.22,24828.17,149985.05,2631.34,49.6474736,16.758042
572527,VORTOVÁ,210136.61,8442.0,25556.86,3724.76,13429.58,81126.98,2841.38,49.7130427,15.9362359
572535,VRBATŮV KOSTELEC,273325.41,4420.24,33241.9,4844.81,17467.89,105522.14,1473.2,49.8563439,15.94104
572543,VŠERADOV,116154.06,12671.46,14126.68,1575.89,7423.27,44843.34,221.62,49.7476987,15.8371941
572551,VYSOČINA,553425.45,5452.39,67307.73,9809.7,35368.74,213659.73,8209.08,49.7800227,15.8566737
572560,BANÍN,275542.57,2690.45,33511.55,4884.11,17609.59,106378.11,2106.23,49.6656125,16.4619246
572578,ZAJEČICE,835496.29,7537.57,101613.25,14809.51,53395.54,322558.2,6630.86,49.9099814,15.8841034
572586,BĚLÁ NAD SVITAVOU,403398.25,6874.0,49061.39,7150.4,25780.68,155739.07,3841.98,49.6401877,16.4826285
572594,KUKLE,72919.62,,8868.5,989.32,4660.19,28151.92,201.48,49.7931071,16.425604
572608,NOVÁ SÍDLA,187349.24,,22785.46,3320.84,11973.26,72329.5,60.44,49.8843334,16.2372116
572616,TRŽEK,109379.43,443.75,13302.76,1483.98,6990.31,42227.87,1630.73,49.8867242,16.2598642
572624,ÚTĚCHOV,278006.06,11039.63,33811.16,4927.78,17767.02,107329.19,1683.24,49.7284291,16.6444859
572632,BORUŠOV,163822.81,6219.77,19924.17,2903.83,10469.71,63246.7,895.58,49.7759733,16.7356974
572641,ŽUMBERK,204963.26,10840.19,24927.68,3633.06,13098.95,79129.72,2211.27,49.8727158,15.8580806
572659,JIČÍN,14105389.61,92717.33,1715500.67,250023.94,901458.08,5445636.51,668357.09,50.4370452,15.3516528
572667,BAŠNICE,171706.0,403.22,20882.92,3043.56,10973.52,66290.16,1840.77,50.3344768,15.6050227
572675,BĚCHARY,270985.09,8565.56,32957.27,4803.32,17318.32,104618.61,3421.91,50.3140303,15.2925104
572683,DĚTŘICHOV U MORAVSKÉ TŘEBOVÉ,172691.41,174.34,21002.77,3061.03,11036.5,66670.59,1735.75,49.7875206,16.7101952
572691,HRADEC NAD SVITAVOU,1423041.23,43901.79,173070.59,25224.0,90944.81,549390.37,15315.45,49.7113421,16.4805061
572705,BOHÁŇKA,223685.87,2749.4,27204.73,3964.93,14295.49,86357.91,1053.12,50.3657954,15.7083789
572713,JAVORNÍK,362134.61,2887.35,44042.89,6418.99,23143.58,139808.51,1893.28,49.783052,16.4269638
572721,OPATOVEC,589023.03,9798.5,71637.12,10440.68,37643.74,227402.82,6158.27,49.8052996,16.4801274
572730,CHMELÍK,181313.66,3215.82,22051.4,3213.86,11587.53,69999.37,2683.85,49.7733889,16.3327782
572748,KARLE,392066.15,15043.97,47683.17,6949.54,25056.46,151364.1,2578.83,49.7659901,16.3647282
572756,TETÍN,118617.56,,14426.29,1609.32,7580.7,45794.41,1210.65,50.4248376,15.632229
572764,CHRTNÍKY,78462.49,,9542.63,1064.52,5014.44,30291.84,1210.65,49.9817999,15.6048493
572772,BYSTŘICE,303133.77,19299.32,36867.19,5373.17,19372.9,117030.18,4367.08,50.3928833,15.2441117
572781,CEREKVICE NAD BYSTŘICÍ,733014.66,128731.13,89149.41,12992.99,46846.06,282993.34,8051.55,50.3332491,15.7235276
572799,ČASY,165300.91,4614.0,20103.93,2930.03,10564.18,63817.35,1053.12,50.0693739,15.8981092
572802,MALÉ VÝKLEKY,123175.04,1337.88,14980.57,2183.33,7871.97,47553.91,2053.73,50.1195241,15.5386342
572811,ČEŠOV,201144.84,54.0,24463.28,3565.38,12854.92,77655.54,181.32,50.3391045,15.3603228
572829,DĚTENICE,683621.47,26023.02,83142.2,12117.48,43689.41,263924.22,11420.94,50.3680722,15.1701828
572837,DOBRÁ VODA U HOŘIC,487034.1,3309.0,59233.2,8632.89,31125.75,188028.18,6735.88,50.3483591,15.6026678
572845,LÁNY U DAŠIC,130442.37,,15864.42,2312.14,8336.41,50359.59,263.04,50.043523,15.8890825
572853,PRAVY,95214.3,,11579.99,1291.8,6085.04,36759.17,30312.91,50.1319651,15.6247509
572861,KŘIČEŇ,216911.25,26455.14,26380.79,3844.85,13862.52,83742.45,3947.01,50.1095185,15.6515853
572870,NĚMČICE,597152.59,33.91,72625.83,10584.78,38163.28,230541.37,3316.88,50.0929302,15.8057629
572888,ÚJEZD U SEZEMIC,185008.91,,22500.83,3279.35,11823.69,71425.98,2001.22,50.1141431,15.8555749
572896,ČERNÁ U BOHDANČE,480629.0,5.26,58454.2,8519.34,30716.41,185555.37,2211.27,50.0560305,15.6718309
572900,HOLÍN,468188.32,2670.57,56941.17,8298.84,29921.34,180752.43,9472.24,50.450825,15.3222775
572918,HOLOVOUSY,461906.4,1919.79,56177.16,8187.48,29519.87,178327.18,10630.38,50.3752939,15.5773008
572926,HOŘICE,7182459.7,23935.08,873532.38,127312.12,459022.15,2772916.31,181142.28,50.3665337,15.6321735
572934,STÉBLOVÁ,284903.86,10000.0,34650.06,5050.04,18207.85,109992.21,2001.22,50.0920251,15.7461708
572942,PLCH,72057.4,,8763.64,977.62,4605.1,27819.04,100.74,50.1287707,15.7027348
572951,PODŮLŠANY,119849.32,14364.0,14576.09,1626.03,7659.42,46269.96,40.29,50.1288359,15.7382058
572969,CHOMUTICE,625236.51,4739.07,76041.4,11082.58,39958.09,241383.67,7208.47,50.3594664,15.4944753
572977,DUBANY,229228.75,420.0,27878.85,4063.18,14649.72,88497.84,2946.4,49.9930649,15.7249858
572985,TŘEBOSICE,185747.96,10279.0,22590.71,3292.47,11870.93,71711.3,2946.4,49.9972485,15.7348275
572993,JEŘICE,333558.01,2154.53,40567.4,5912.45,21317.28,128776.0,1788.26,50.3445551,15.6807702
573001,JIČÍNĚVES,607622.47,17662.37,73899.19,10770.36,38832.41,234583.46,4367.08,50.3730768,15.3372856
573019,HOLOTÍN,53211.61,9.82,6471.61,721.94,3400.68,20543.29,895.58,49.9458926,15.5802437
573027,SOVOLUSKY,105930.53,1.79,12883.29,1437.19,6769.89,40896.36,181.32,49.9692473,15.5371952
573035,MORAŠICE,82896.81,,10081.92,1124.68,5297.83,32003.78,221.62,50.001881,15.4860058
573043,KNĚŽNICE,230214.14,374.0,27998.7,4080.64,14712.71,88878.26,6893.4,50.4923464,15.3236418
573051,KONECCHLUMÍ,338977.71,24.34,41226.55,6008.53,21663.65,130868.37,2893.89,50.4022459,15.4802291
573060,KOPIDLNO,1856247.84,54182.86,225757.28,32902.76,118630.51,716637.49,19262.45,50.330851,15.2702931
573078,NERATOV,134753.48,1014.33,16388.75,2388.56,8611.93,52023.98,1840.77,50.0797689,15.6471701
573086,LÍSKOVICE,208042.64,,25302.2,3687.64,13295.75,80318.56,161.18,50.3362068,15.5546492
573094,LÁZNĚ BĚLOHRAD,3173974.41,11156.94,386019.48,56260.02,202844.8,1225369.27,114043.14,50.4290274,15.5827632
573108,LIBÁŇ,1595609.46,13486.41,194058.38,28282.85,101973.43,616013.41,45257.86,50.3750037,15.2162186
573116,LIBOŠOVICE,462645.44,17487.79,56267.04,8200.59,29567.1,178612.5,5525.23,50.4905687,15.1628051
573124,LIBUŇ,639647.98,8453.64,77794.13,11338.03,40879.12,246947.48,11841.03,50.4981552,15.2984957
573132,STARÝ BYDŽOV,345752.34,8839.84,42050.48,6128.61,22096.61,133483.84,3684.46,50.2584409,15.4523279
573141,LUKAVEC U HOŘIC,261254.25,2764.37,31773.8,4630.84,16696.43,100861.85,1263.16,50.3957204,15.616881
573159,LUŽANY,533101.57,15771.69,64835.93,9449.45,34069.87,205813.34,3947.01,50.4309366,15.470046
573167,MARKVARTICE,478165.5,15512.18,58154.59,8475.68,30558.97,184604.3,8366.6,50.4307678,15.1960674
573175,MILETÍN,861363.05,766.57,104759.17,15268.02,55048.65,332544.53,15788.03,50.4075203,15.676766
573183,ZELENECKÁ LHOTA,142636.7,,17347.51,2528.29,9115.74,55067.43,40.29,50.4016025,15.178754
573191,SADOVÁ,220729.67,622.02,26845.2,3912.53,14106.56,85216.61,7999.04,50.2976846,15.6975865
573205,MLADĚJOV,449096.2,4016.34,54619.19,7960.42,28701.18,173381.57,3474.42,50.4815956,15.2328028
573213,MLÁZOVICE,426678.33,79.69,51892.71,7563.05,27268.49,164726.76,6473.33,50.4118644,15.5216063
573221,ROHOZNICE,282933.07,4475.8,34410.38,5015.11,18081.9,109231.34,4685.06,50.3915835,15.6995523
573230,NEMYČEVES,281208.61,14711.75,34200.65,4984.55,17971.7,108565.59,1893.28,50.3844348,15.3700194
573248,NOVÁ PAKA,7355274.29,35100.26,894550.13,130375.32,470066.52,2839634.44,181086.86,50.4947616,15.5149801
573256,ŠÁROVCOVA LHOTA,176263.48,11500.65,21437.2,3124.35,11264.78,68049.65,221.62,50.4075102,15.5622799
573264,OSEK,173923.15,174232.6,21152.58,3082.86,11115.21,67146.13,5052.63,50.4638467,15.1595109
573272,OSTROMĚŘ,1193442.95,32156.75,145146.8,21154.28,76271.47,460749.88,27891.6,50.3725154,15.5491759
573281,OSTRUŽNO,110980.7,958.63,13497.51,1505.71,7092.64,42846.08,1158.14,50.4430695,15.2897603
573299,PECKA,1160185.69,24919.17,141102.04,20564.78,74146.04,447910.32,11473.46,50.480336,15.6082222
573302,SVATOJANSKÝ ÚJEZD,95214.3,,11579.99,1291.8,6085.04,36759.17,100.74,50.4261011,15.5421064
573311,PODHORNÍ ÚJEZD A VOJICE,501445.58,3273.5,60985.92,8888.33,32046.77,193591.99,4262.07,50.3891372,15.520881
573329,PODHRADÍ,377285.14,,45885.5,6687.54,24111.83,145657.65,4842.59,50.4182965,15.3102838
573337,DŘEVĚNICE,224917.62,4391.98,27354.53,3986.76,14374.21,86833.45,6788.39,50.4525124,15.4470919
573345,PODŮLŠÍ,173676.81,,21122.61,3078.49,11099.47,67051.02,1683.24,50.4692369,15.3404176
573353,BUKVICE,134753.48,500.0,16388.75,2388.56,8611.93,52023.98,1473.2,50.412486,15.2945298
573361,SOBĚRAZ,73042.8,4748.54,8883.47,990.99,4668.08,28199.47,3051.42,50.4633654,15.401987
573370,RADIM,411774.15,6920.96,50080.06,7298.87,26315.98,158972.74,7999.04,50.4578664,15.4285449
573388,LITOBOŘ,89055.55,7876.43,10830.95,1208.24,5691.43,34381.48,120.89,50.4498637,16.0152624
573400,LOUČKY,111103.88,,13512.48,1507.38,7100.51,42893.63,181.32,50.6175592,15.2184853
573418,MARTINICE V KRKONOŠÍCH,489990.31,,59592.73,8685.28,31314.67,189169.47,6788.39,50.5808469,15.5333055
573426,ANENSKÁ STUDÁNKA,162714.23,,19789.35,2884.18,10398.87,62818.71,4209.56,49.8492593,16.5399096
573434,LHOTA,672658.89,1667.5,81808.93,11923.16,42988.8,259691.93,6315.79,49.1691627,17.6024379
573442,SAMŠINA,206195.02,18656.62,25077.48,3654.9,13177.67,79605.25,241.77,50.4593319,15.2349131
573451,SBĚŘ,263225.05,2144.07,32013.5,4665.77,16822.39,101622.71,2946.4,50.3201255,15.4243734
573469,SLATINY,489990.31,20546.06,59592.73,8685.28,31314.67,189169.47,7631.47,50.3667694,15.3813958
573477,SOBČICE,221838.25,169.91,26980.02,3932.18,14177.4,85644.6,2053.73,50.3721876,15.5147033
573485,LESŮŇKY,70825.64,132.66,8613.83,960.91,4526.38,27343.51,4947.62,49.1070656,15.8423476
573493,SOBOTKA,2154454.62,45642.6,262025.25,38188.61,137688.54,831765.52,31208.49,50.4676307,15.1765887
573507,STARÁ PAKA,1787762.52,65692.43,217428.09,31688.84,114253.7,690197.51,52259.2,50.5103132,15.4944543
573515,KUNĚTICE,317914.78,9535.01,38664.87,5635.17,20317.54,122736.66,221.62,50.0706347,15.8269155
573523,STARÉ SMRKOVICE,196833.71,1063.92,23938.96,3488.96,12579.4,75991.15,1578.22,50.3365889,15.4945405
573531,PUCHLOVICE,86961.59,6873.12,10576.28,1179.84,5557.61,33573.06,201.48,50.1856943,15.6267643
573540,STŘEVAČ,241423.08,7714.39,29361.93,4279.32,15429.05,93205.68,141.03,50.4043584,15.2744798
573558,BOŇKOV,59370.38,801.27,7220.63,805.49,3794.29,22920.98,80.59,49.5470481,15.4474693
573566,BĚLÁ,166409.47,691.05,20238.75,2949.67,10635.03,64245.34,120.89,49.7522092,15.2372961
573574,CHŘENOVICE,126623.94,,15400.03,2244.46,8092.38,48885.43,1053.12,49.7166389,15.2162672
573582,VÍSKA,165547.26,,20133.9,2934.4,10579.92,63912.46,1263.16,49.7703116,15.6525626
573591,POHLEĎ,67499.92,1074.11,8209.36,915.79,4313.84,26059.55,20.15,49.6588802,15.4524104
573604,SLUŽÁTKY,119972.48,28.22,14591.09,1627.7,7667.3,46317.51,241.77,49.6848793,15.4313834
573612,TŘEBNOUŠEVES,234648.45,,28537.99,4159.24,14996.1,90590.21,2421.3,50.3392456,15.6516609
573621,HVOZDNICE,231938.59,,28208.43,4111.2,14822.91,89544.02,1210.65,50.1912751,15.7112402
573639,TŘTĚNICE,257312.65,15203.19,31294.42,4560.98,16444.53,99340.12,3947.01,50.3773939,15.4691251
573647,TUŘ,109748.96,,13347.69,1488.99,7013.92,42370.54,843.08,50.395118,15.4169146
573655,ÚBISLAVICE,375191.17,9021.58,45630.83,6650.42,23978.01,144849.22,1735.75,50.4729317,15.4703137
573663,ÚDRNICE,263348.24,8420.62,32028.47,4667.95,16830.26,101670.27,60.44,50.3744876,15.261505
573671,ÚHLEJOV,111473.41,5984.41,13557.41,1512.39,7124.13,43036.29,303.33,50.4271884,15.6873354
573680,ÚJEZD POD TROSKAMI,278129.23,7247.17,33826.15,4929.96,17774.9,107376.74,6683.36,50.5066839,15.262388
573698,ÚLIBICE,252016.13,3238.72,30650.26,4467.09,16106.04,97295.31,4419.6,50.4340955,15.4370103
573701,VALDICE,1023338.23,529.55,124458.63,18139.11,65400.28,395077.92,44732.75,50.4550136,15.3848824
573710,KOBYLICE,200775.31,640.0,24418.33,3558.82,12831.31,77512.89,263.04,50.2458288,15.5870972
573728,VELIŠ,176633.01,,21482.14,3130.9,11288.4,68192.31,2736.36,50.4083064,15.3168485
573736,VIDOCHOV,355975.87,1219.05,43293.86,6309.83,22749.98,137430.82,2736.36,50.5125401,15.5658
573744,ZDECHOVICE,136601.12,,16613.46,2421.31,8730.01,52737.29,221.62,50.224728,15.5616539
573752,VITINĚVES,244502.45,1552.85,29736.44,4333.91,15625.85,94394.52,2106.23,50.3935049,15.3781908
573761,VOLANICE,205209.61,,24957.64,3637.42,13114.69,79224.81,4157.05,50.3355355,15.3982746
573779,MÁSLOJEDY,168380.28,19698.85,20478.44,2984.61,10760.97,65006.2,1210.65,50.2970501,15.7587749
573787,KLEŠICE,312618.24,20059.24,38020.7,5541.29,19979.05,120691.84,3051.42,49.9636122,15.6812714
573795,VRŠCE,187841.93,,22845.38,3329.57,12004.74,72519.72,2368.78,50.3238519,15.3230483
573809,VYSOKÉ VESELÍ,767010.96,2573.0,93284.04,13595.59,49018.73,296118.23,8366.6,50.3306772,15.4356592
573817,SMRČEK,110980.7,8053.64,13497.51,1505.71,7092.64,42846.08,181.32,49.8684179,15.8932764
573825,ŽELEZNICE,1201818.86,24519.11,146165.48,21302.74,76806.76,463983.54,7578.96,50.4730968,15.3847325
573833,ŽERETICE,197326.41,3832.74,23998.88,3497.69,12610.89,76181.38,1000.61,50.3534507,15.4113715
573841,ŽIDOVICE,84128.55,4830.43,10231.73,1141.4,5376.55,32479.32,181.32,50.2953691,15.3205034
573850,ŽLUNICE,220360.14,70830.0,26800.24,3905.98,14082.94,85073.96,4842.59,50.302247,15.3823961
573868,NÁCHOD,16408270.13,198073.19,1995577.52,290843.47,1048632.33,6334704.49,705038.31,50.4167025,16.1622871
573876,ZDERAZ,213708.69,8389.3,25991.3,3788.08,13657.86,82506.04,4577.13,49.8285458,16.100087
573884,BEZDĚKOV NAD METUJÍ,474223.9,4922.38,57675.22,8405.81,30307.06,183082.58,3474.42,50.5096414,16.2290971
573892,BOHUSLAVICE,818990.83,1744.33,99605.85,14516.96,52340.7,316185.98,8737.09,50.3125838,16.0882609
573906,BOROVÁ,160989.78,246.38,19579.61,2853.61,10288.66,62152.96,1053.12,50.385994,16.2531818
573914,BOŽANOV,367800.67,119698.74,44732.0,6519.42,23505.69,141995.99,2578.83,50.5268853,16.3651408
573922,BROUMOV,5980517.67,156271.75,727351.91,106007.19,382207.51,2308885.21,173192.84,50.5853016,16.3324545
573931,BRZICE,206195.02,17776.09,25077.48,3654.9,13177.67,79605.25,1840.77,50.4444012,15.9583031
573949,BISKUPICE,61833.87,5948.0,7520.24,838.92,3951.72,23872.06,60.44,49.8727611,15.5128022
573957,ČERNČICE,403275.08,4916.23,49046.4,7148.22,25772.82,155691.52,2631.34,50.3358472,16.1025945
573965,ČERVENÝ KOSTELEC,6855799.5,61318.53,833803.89,121521.93,438145.7,2646803.32,201034.85,50.476505,16.0926214
573973,ČESKÁ ČERMNÁ,421504.99,3233.65,51263.53,7471.36,26937.87,162729.5,2736.36,50.400576,16.2297861
573981,ČESKÁ METUJE,243393.88,13560.64,29601.62,4314.26,15555.0,93966.53,1210.65,50.546374,16.1794999
573990,ČESKÁ SKALICE,4235620.07,55019.8,515137.07,75078.14,270693.26,1635236.46,139776.0,50.3946132,16.0435698
574007,KNĚŽICE,115168.66,18210.68,14006.84,1562.53,7360.29,44462.9,2788.86,49.8618049,15.52737
574015,DOLANY,603804.04,10104.58,73434.78,10702.67,38588.38,233109.29,7999.04,50.3800718,15.9610063
574023,DOLNÍ RADECHOVÁ,583480.16,0.03,70962.99,10342.42,37289.49,225262.89,5840.28,50.4383387,16.1512341
574031,HEJTMÁNKOVICE,465971.18,6188.21,56671.52,8259.53,29779.65,179896.46,4262.07,50.599255,16.2994386
574040,HEŘMANICE,354251.42,9852.21,43084.14,6279.26,22639.77,136765.06,3261.46,50.3790976,15.9190787
574058,HEŘMÁNKOVICE,422613.55,12751.52,51398.35,7491.0,27008.72,163157.48,4104.54,50.6198781,16.3238589
574066,HORNÍ RADECHOVÁ,395391.88,3725.56,48087.65,7008.49,25269.01,152648.06,2421.3,50.4673696,16.1449736
574074,HOŘIČKY,574857.91,29692.28,69914.35,10189.6,36738.46,221934.12,7999.04,50.4447586,15.9935284
574082,HRONOV,4988712.26,24943.57,606728.31,88427.01,318822.46,1925981.09,100200.91,50.4799692,16.1820196
574091,ŽLEBSKÉ CHVALOVICE,106300.06,,12928.24,1442.2,6793.5,41039.03,100.74,49.8927071,15.5667108
574104,OSTROV,143375.75,172.86,17437.39,2541.4,9162.97,55352.75,283.19,49.9726044,16.0303268
574112,CHVALKOVICE,759743.64,14250.39,92400.2,13466.77,48554.28,293312.54,25998.32,50.4140845,15.9783202
574121,JAROMĚŘ,10443888.39,210694.13,1270188.06,185122.3,667456.04,4032048.84,256240.45,50.3555139,15.9189129
574139,JASENNÁ,643589.58,15635.04,78273.51,11407.9,41131.01,248469.2,6788.39,50.318281,15.9909747
574147,JESTŘEBÍ,130565.54,124.31,15879.42,2314.33,8344.29,50407.14,221.62,50.3620865,16.182058
574155,JETŘICHOV,380980.4,11292.5,46334.92,6753.04,24347.98,147084.26,6683.36,50.6149738,16.2666573
574163,HYNČICE,134630.31,108.94,16373.77,2386.38,8604.06,51976.43,3208.96,50.6237676,16.2860612
574171,KŘINICE,371495.91,19094.43,45181.43,6584.92,23741.85,143422.61,3947.01,50.5716999,16.3059676
574180,LHOTA POD HOŘIČKAMI,210382.97,1945.89,25586.82,3729.13,13445.32,81222.09,3684.46,50.4226903,16.0030987
574198,SPOJIL,352403.79,33.0,42859.42,6246.51,22521.69,136051.75,5735.27,50.04205,15.8219158
574201,HORKA U STARÉ PAKY,168010.75,4490.32,20433.51,2978.05,10737.36,64863.54,19157.42,50.526084,15.5758746
574210,MACHOV,925783.58,20327.2,112594.0,16409.9,59165.69,357415.22,11578.48,50.4992657,16.2769027
574228,MARTÍNKOVICE,447864.43,,54469.38,7938.59,28622.47,172906.03,4524.62,50.5475287,16.341974
574236,MEZILEČÍ,116769.93,13.95,14201.58,1584.25,7462.62,45081.12,1525.71,50.4533661,15.9831861
574244,MEZILESÍ,178480.64,37.0,21706.86,3163.64,11406.47,68905.63,120.89,50.35611,16.2169903
574252,MEZIMĚSTÍ,1930645.56,23271.63,234805.54,34221.5,123385.18,745360.06,30312.91,50.6257349,16.2395252
574261,NAHOŘANY,515118.01,13791.63,62648.76,9130.68,32920.56,198870.46,10787.9,50.3519767,16.0827213
574279,NOVÉ MĚSTO NAD METUJÍ,7821861.34,28096.78,951296.54,138645.78,499885.52,3019768.67,230189.63,50.3442064,16.1512997
574287,NOVÝ HRÁDEK,860377.65,48829.65,104639.32,15250.55,54985.68,332164.1,14367.34,50.3572774,16.2443734
574295,NOVÝ PLES,276035.26,,33571.47,4892.84,17641.08,106568.32,6368.31,50.3209027,15.9490552
574309,BEZDĚČÍ U TRNÁVKY,154954.2,,18845.56,2746.63,9902.93,59822.83,1158.14,49.6924039,16.7634332
574317,OTOVICE,274680.34,1319.48,33406.68,4868.83,17554.48,106045.23,1525.71,50.5571475,16.3875801
574325,GRUNA,213585.51,1986.32,25976.32,3785.9,13649.99,82458.49,201.48,49.7628925,16.7427668
574333,RADKOV,108886.74,,13242.83,1477.3,6958.82,42037.66,221.62,49.7336074,16.7412997
574341,POLICE NAD METUJÍ,3501127.31,79961.93,425807.9,62058.95,223752.73,1351672.45,111936.91,50.5368703,16.2335044
574350,PROVODOV-ŠONOV,974068.21,29660.09,118466.4,17265.77,62251.5,376056.36,11420.94,50.3873448,16.1078356
574368,PŘIBYSLAV,152983.39,1491.83,18605.87,2711.7,9776.98,59061.96,1473.2,50.3736454,16.1685847
574376,RASOŠKY,585081.44,4101.02,71157.74,10370.81,37391.83,225881.09,6578.35,50.3219134,15.9116685
574384,ROŽNOV,281947.67,5091.5,34290.54,4997.64,18018.93,108850.91,2106.23,50.3386907,15.8607819
574392,SÁZAVA,427171.04,14459.5,51952.64,7571.78,27299.98,164916.98,16946.18,49.9081553,16.6408975
574406,RYCHNOVEK,601094.2,6545.39,73105.22,10654.66,38415.19,232063.1,13894.76,50.3573689,15.9703133
574422,SLATINA NAD ÚPOU,263471.41,114.5,32043.45,4670.14,16838.14,101717.83,1210.65,50.4542403,16.0383414
574431,SLAVĚTÍN NAD METUJÍ,196464.19,913.8,23894.02,3482.42,12555.78,75848.5,1263.16,50.3289025,16.0528764
574449,KOSOŘÍN,138448.74,7.41,16838.17,2454.07,8848.09,53450.6,1210.65,49.9790477,16.2338929
574457,SLAVOŇOV,258298.06,1336.39,31414.27,4578.44,16507.5,99720.56,6420.82,50.3437544,16.2039372
574465,STÁRKOV,569684.55,15879.04,69285.16,10097.89,36407.83,219936.85,5262.68,50.533924,16.1581733
574481,STUDNICE,902749.86,50437.34,109792.64,16001.61,57693.62,348522.64,4895.12,50.4212704,16.0898728
574490,SUCHÝ DŮL,389356.3,19878.7,47353.6,6901.5,24883.28,150317.93,2946.4,50.5400755,16.2653708
574511,ŠONOV,304981.39,10414.15,37091.9,5405.93,19490.98,117743.5,3421.91,50.5907818,16.4015645
574538,TEPLICE NAD METUJÍ,1605956.15,52699.25,195316.75,28466.25,102634.68,620007.94,25575.33,50.5939134,16.1707745
574546,KRAMOLNA,806426.98,690.54,98077.84,14294.26,51537.76,311335.47,3156.43,50.4208099,16.1350846
574554,VELICHOVKY,632873.35,16264.97,76970.2,11217.95,40446.16,244332.02,18681.93,50.3567708,15.8416841
574562,VELKÁ JESENICE,639771.16,,77809.11,11340.21,40886.98,246995.03,6368.31,50.3610774,16.0376308
574571,VELKÉ PETROVICE,306089.98,9159.73,37226.73,5425.58,19561.83,118171.49,3051.42,50.5175224,16.2062165
574589,VELKÝ TŘEBEŠOV,260145.69,,31638.99,4611.18,16625.58,100433.87,5367.7,50.3928159,16.0062213
574597,VILANTICE,163083.75,5694.81,19834.29,2890.73,10422.49,62961.39,161.18,50.3658343,15.7887717
574601,VLKOV,281208.61,9171.73,34200.65,4984.55,17971.7,108565.59,1473.2,50.3129455,15.8987826
574627,VRŠOVKA,102851.15,,12508.79,1395.41,6573.09,39707.52,100.74,50.3231892,16.1201563
574635,VYSOKÁ SRBSKÁ,233170.36,636.26,28358.23,4133.04,14901.64,90019.56,283.19,50.4877476,16.2278449
574643,VYSOKOV,386769.63,37440.17,47039.01,6855.65,24717.97,149319.3,24102.13,50.4038391,16.1161167
574651,ZÁBRODÍ,452421.92,4338.15,55023.65,8019.37,28913.73,174665.52,9314.7,50.4595194,16.1124854
574660,ZALOŇOV,343165.67,9949.24,41735.88,6082.76,21931.29,132485.21,2946.4,50.3738931,15.8879532
574686,ŽĎÁR NAD METUJÍ,528051.4,,64221.73,9359.93,33747.12,203863.63,5948.23,50.5387497,16.2132838
574694,ŽĎÁRKY,467941.97,3642.01,56911.21,8294.46,29905.6,180657.32,4577.13,50.4682252,16.2273375
574708,ŽERNOV,234155.75,17680.03,28478.08,4150.51,14964.61,90399.99,2841.38,50.4304028,16.0574449
574724,BARCHOV,244871.98,,29781.38,4340.46,15649.46,94537.19,2106.23,49.9993118,15.6808051
574741,BEZDĚKOV,253617.41,6569.12,30845.02,4495.47,16208.37,97913.5,1420.69,50.0087694,15.644663
574767,LÁZNĚ BOHDANEČ,2958171.75,41344.76,359773.52,52434.83,189053.11,1142054.81,83730.24,50.0764166,15.6798078
574783,BOREK,210998.84,16.0,25661.73,3740.04,13484.68,81459.86,1945.78,50.1270045,15.8567877
574791,BRLOH,174169.5,1343.33,21182.53,3087.22,11130.96,67241.23,263.04,50.0004432,15.5561855
574805,BŘEHY,918516.26,1478.0,111710.16,16281.09,58701.25,354609.54,3631.94,50.0518946,15.577477
574813,BUKOVINA NAD LABEM,181067.31,1123.0,22021.45,3209.49,11571.79,69904.26,181.32,50.1247848,15.8235178
574821,BUKOVINA U PŘELOUČE,64913.25,6674.49,7894.76,880.7,4148.53,25060.92,263.04,49.9481482,15.56261
574830,BUKOVKA,310154.75,22159.88,37721.09,5497.62,19821.6,119740.76,1158.14,50.101032,15.6253025
574848,BÝŠŤ,1533282.89,7108.18,186478.22,27178.08,97990.22,591951.13,18996.98,50.1324128,15.9109919
574856,ČEPERKA,965199.6,10558.27,117387.79,17108.57,61684.72,372632.47,20630.62,50.1330412,15.7747411
574864,ČEPÍ,346984.09,1071.01,42200.28,6150.44,22175.33,133959.37,10787.9,49.9851381,15.7175704
574899,DAŠICE,2243263.81,30142.66,272826.25,39762.79,143364.23,866051.89,43259.55,50.0284447,15.91244
574902,DOLANY,358685.71,47736.99,43623.43,6357.85,22923.16,138477.0,2893.89,50.1133753,15.6916018
574911,DOLNÍ ROVEŇ,1838264.28,72809.14,223570.12,32584.01,117481.21,709694.62,21841.27,50.0292743,15.9677393
574929,DOLNÍ ŘEDICE,844611.25,10738.0,102721.81,14971.08,53978.06,326077.18,18576.89,50.0778071,15.9239284
574953,DŘÍTEČ,575843.31,7296.0,70034.19,10207.06,36801.44,222314.55,6000.73,50.1051014,15.8090919
574961,HLAVEČNÍK,248567.23,933.7,30230.8,4405.96,15885.62,95963.8,6525.83,50.0754554,15.4265111
574988,HOLICE,5855618.19,39167.86,712161.61,103793.29,374225.34,2260665.53,155669.06,50.0662793,15.9858513
574996,HORNÍ JELENÍ,1851936.71,31074.1,225232.96,32826.36,118354.99,714973.1,18996.98,50.0490103,16.0839638
575011,HORNÍ ŘEDICE,833155.96,15120.41,101328.62,14768.04,53245.98,321654.68,4367.08,50.0765125,15.9587807
575046,HROBICE,208781.7,1393.85,25392.08,3700.74,13342.98,80603.88,4737.58,50.1034276,15.7887745
575054,CHOLTICE,1250965.7,5935.8,152142.73,22173.88,79947.68,482957.56,19735.04,49.9877225,15.6194098
575062,CHOTEČ,258298.06,,31414.27,4578.44,16507.5,99720.56,1683.24,50.0830293,15.8802357
575071,CHVALETICE,2336260.96,9673.42,284136.58,41411.21,149307.56,901955.09,60415.77,50.0348654,15.4184231
575089,CHVOJENEC,628192.7,3649.39,76400.93,11134.99,40147.03,242524.96,3894.5,50.1095954,15.9379055
575097,CHÝŠŤ,175401.25,,21332.33,3109.06,11209.68,67716.77,3999.51,50.1281596,15.541284
575101,JANKOVICE,268891.11,11353.73,32702.6,4766.21,17184.5,103810.19,895.58,50.0076356,15.5291542
575119,JAROSLAV,196217.84,796.0,23864.07,3478.05,12540.05,75753.39,1263.16,50.0122769,16.0778786
575127,JEDOUSOV,131674.12,7667.6,16014.23,2333.98,8415.13,50835.13,2106.23,49.9953514,15.6101897
575135,JENÍKOVICE,176509.83,1873.96,21467.16,3128.71,11280.53,68144.76,948.1,49.9814949,15.660513
575143,JEZBOŘICE,280962.27,63222.81,34170.7,4980.18,17955.95,108470.47,4262.07,49.980574,15.6946725
575151,KASALICE,168872.98,9086.54,20538.36,2993.35,10792.46,65196.42,1263.16,50.1180061,15.609663
575178,KLADRUBY NAD LABEM,600355.14,2481.12,73015.32,10641.54,38367.96,231777.78,14524.88,50.0577157,15.4870865
575194,KOJICE,355359.99,3739.29,43218.95,6298.9,22710.62,137193.05,2421.3,50.0429787,15.3865762
575232,KOSTĚNICE,433452.96,6433.0,52716.64,7683.13,27701.45,167342.23,18629.41,50.0095679,15.9036866
575259,LABSKÉ CHRČICE,230337.32,,28013.67,4082.83,14720.57,88925.83,1840.77,50.051419,15.4101738
575305,LIBIŠANY,473115.32,11560.98,57540.39,8386.17,30236.22,182654.59,3421.91,50.153288,15.7566332
575313,LIPOLTICE,360410.16,278.78,43833.17,6388.43,23033.38,139142.75,2998.92,49.9877698,15.5688836
575330,LITOŠICE,156555.48,1450.48,19040.32,2775.01,10005.27,60441.03,1368.19,49.9848323,15.5142287
575372,MIKULOVICE,1080121.91,11300.32,131364.67,19145.61,69029.27,417000.27,11683.49,49.9894265,15.7753824
575381,MOKOŠÍN,119356.61,4912.19,14516.18,1619.34,7627.93,46079.74,1578.22,50.014776,15.5715634
575399,MORAVANY,1537717.18,19774.26,187017.51,27256.69,98273.62,593663.06,25683.27,50.0009513,15.9407063
575429,OPATOVICE NAD LABEM,2447611.21,56408.5,297679.03,43384.94,156423.81,944943.83,113882.7,50.1454642,15.7904201
575437,OSTŘEŠANY,877375.81,105403.32,106706.64,15551.85,56072.0,338726.53,7683.98,49.9935211,15.8046626
575445,OSTŘETÍN,742868.66,15387.0,90347.86,13167.65,47475.82,286797.65,6945.92,50.0447221,16.0302943
575461,POBĚŽOVICE U HOLIC,270738.73,,32927.3,4798.96,17302.58,104523.5,3316.88,50.0975562,16.0006633
575470,POBĚŽOVICE U PŘELOUČE,90533.66,0.62,11010.73,1228.3,5785.89,34952.12,1053.12,49.9910024,15.5818856
575500,PŘELOUČ,8482572.25,170376.98,1031652.34,150357.15,542110.74,3274847.87,299392.07,50.039436,15.5606989
575518,PŘELOVICE,169488.85,872.1,20613.27,3004.26,10831.83,65434.18,1683.24,50.0733999,15.6146608
575526,PŘEPYCHY,66268.17,3076.92,8059.55,899.07,4235.11,25584.01,181.32,50.1063552,15.519886
575534,RÁBY,439734.89,431.12,53480.65,7794.48,28102.92,169767.47,7473.93,50.0730343,15.8026813
575542,RADHOŠŤ,128964.27,1059.51,15684.67,2285.94,8241.94,49788.95,1158.14,49.9875482,16.076016
575551,ROHOVLÁDOVA BĚLÁ,715400.62,2630.31,87007.19,12680.78,45720.38,276193.14,9052.16,50.1062119,15.6061597
575569,ROHOZNICE,194616.57,,23669.31,3449.65,12437.7,75135.18,4577.13,50.1272219,15.6642721
575577,ROKYTNO,764670.64,9186.95,92999.42,13554.11,48869.16,295214.71,4577.13,50.1046738,15.8893033
575593,RYBITVÍ,1217462.09,918.07,148068.01,21580.03,77806.5,470022.88,48207.18,50.0601475,15.7047216
575607,ŘEČANY NAD LABEM,1236184.69,7054.76,150345.07,21911.89,79003.04,477251.08,18629.41,50.03589,15.4773499
575615,SELMICE,115784.54,,14081.74,1570.88,7399.65,44700.68,1945.78,50.0501326,15.4408137
575623,SEMÍN,507850.69,15977.5,61764.91,9001.87,32456.11,196064.79,2368.78,50.0530885,15.5197259
575640,SEZEMICE,3726537.63,97799.49,453222.34,66054.45,238158.43,1438696.13,36418.65,50.0663195,15.8526363
575658,SLEPOTICE,373466.72,3492.0,45421.11,6619.86,23867.8,144183.46,5577.74,49.9920695,15.9613449
575666,SOPŘEČ,224178.58,218.0,27264.65,3973.66,14326.98,86548.12,2001.22,50.0936042,15.5567163
575682,SRCH,1323023.1,3776.17,160906.37,23451.14,84552.78,510776.6,13576.77,50.0849472,15.7634087
575704,STARÉ HRADIŠTĚ,1479578.57,17224.03,179946.68,26226.15,94558.05,571217.62,44575.22,50.0653985,15.7788463
575712,STARÉ JESENČANY,298699.47,1145.59,36327.9,5294.58,19089.51,115318.24,1578.22,50.0004813,15.754077
575721,STARÉ ŽDÁNICE,574488.38,6164.58,69869.41,10183.05,36714.85,221791.46,5630.25,50.1242122,15.7215075
575739,STARÝ MATEŘOV,684114.17,2506.0,83202.12,12126.21,43720.9,264114.44,12841.63,50.0016376,15.7151153
575755,STOJICE,166655.82,13561.54,20268.72,2954.05,10650.77,64340.45,303.33,49.9563455,15.6146824
575763,STRAŠOV,290446.74,18301.42,35324.2,5148.29,18562.09,112132.13,1473.2,50.0874644,15.5227006
575771,SVINČANY,423106.26,10894.67,51458.28,7499.74,27040.2,163347.69,3421.91,49.9765871,15.6395103
575780,SVOJŠICE,198558.16,883.1,24148.68,3519.52,12689.61,76656.91,2631.34,49.9653375,15.6009735
575810,TETOV,133398.57,,16223.96,2364.54,8525.33,51500.89,843.08,50.0804854,15.4456325
575828,TRUSNOV,198065.47,6074.98,24088.77,3510.79,12658.12,76466.69,1263.16,50.0001163,16.0439878
575844,TURKOVICE,258421.24,1.9,31429.25,4580.62,16515.39,99768.11,3103.93,49.9524509,15.5487512
575861,TÝNIŠŤKO,125638.54,,15280.18,2226.99,8029.41,48504.99,201.48,49.9988699,16.0971165
575879,UHERSKO,337745.96,30463.4,41076.75,5986.69,21584.93,130392.83,3579.43,49.9924684,16.0176719
575887,ÚHŘETICKÁ LHOTA,238343.7,,28987.41,4224.74,15232.25,92016.82,1263.16,49.9889358,15.8732948
575909,ÚJEZD U PŘELOUČE,173430.46,4725.44,21092.65,3074.13,11083.72,66955.91,263.04,50.1018883,15.494835
575917,URBANICE,58877.67,518.88,7160.71,798.81,3762.8,22730.78,5420.21,49.9739446,15.5670058
575925,VALY,385661.04,4427.0,46904.19,6836.0,24647.13,148891.31,3103.93,50.0297842,15.6171051
575933,VÁPNO,128717.92,7205.89,15654.7,2281.58,8226.21,49693.84,2053.73,50.1042202,15.5328982
575941,VELINY,364598.11,12352.0,44342.5,6462.65,23301.01,140759.59,2946.4,50.0711063,16.0537417
575968,VESELÍ,299561.69,5321.81,36432.76,5309.86,19144.62,115651.12,2631.34,50.0111434,15.6188213
575984,VLČÍ HABŘINA,236496.08,,28762.71,4191.98,15114.17,91303.52,2578.83,50.0858315,15.5959474
575992,VOLEČ,279607.34,5598.05,34005.9,4956.16,17869.36,107947.39,4737.58,50.1173494,15.5726989
576000,VYSOKÉ CHVOJNO,387755.02,751.02,47158.85,6873.12,24780.95,149699.72,5948.23,50.1089898,15.973488
576018,VYŠEHNĚVICE,192522.58,45369.28,23414.64,3412.55,12303.88,74326.77,4577.13,50.1018121,15.5833839
576026,ZDECHOVICE,569684.55,2.0,69285.16,10097.89,36407.83,219936.85,6420.82,50.0129061,15.4694746
576042,ŽÁRAVICE,90780.0,1153.5,11040.68,1231.64,5801.64,35047.24,6840.9,50.1057545,15.5571113
576051,ŽIVANICE,803101.25,4831.01,97673.36,14235.31,51325.21,310051.51,5787.78,50.0615699,15.6494372
576069,RYCHNOV NAD KNĚŽNOU,9641895.71,65433.83,1172649.53,170906.64,616201.67,3722425.31,525897.23,50.1632537,16.2748393
576077,ALBRECHTICE NAD ORLICÍ,793370.43,3262.02,96489.88,14062.83,50703.33,306294.76,11736.0,50.1399486,16.0644107
576085,BAČETÍN,325428.45,662.38,39578.68,5768.36,20797.72,125637.44,6210.78,50.3000781,16.2344639
576093,BARTOŠOVICE V ORLICKÝCH HORÁCH,276158.44,41940.46,33586.45,4895.03,17648.94,106615.88,11315.92,50.1639828,16.5477572
576107,BÍLÝ ÚJEZD,642481.0,5205.85,78138.69,11388.25,41060.17,248041.22,6735.88,50.2384439,16.2252655
576115,BOHDAŠÍN,160620.25,776.76,19534.67,2847.06,10265.04,62010.31,2841.38,50.338464,16.2250477
576123,BOLEHOŠŤ,520907.24,15009.07,63352.85,9233.3,33290.53,201105.51,4842.59,50.2138236,16.0769318
576131,BOROHRÁDEK,1769039.91,28915.29,215151.03,31356.98,113057.16,682969.32,31313.51,50.0978039,16.0932512
576140,BOROVNICE,298699.47,1153.5,36327.9,5294.58,19089.51,115318.24,1683.24,50.0629103,16.2453137
576166,BYSTRÉ,205086.44,1066.26,24942.66,3635.24,13106.82,79177.27,2211.27,50.3214583,16.2552276
576174,BYZHRADEC,163699.63,1640.79,19909.19,2901.65,10461.84,63199.15,1210.65,50.2158418,16.1901946
576182,ČASTOLOVICE,1451494.66,6109.64,176531.1,25728.35,92763.24,560375.33,34154.89,50.1290964,16.1812824
576191,ČERMNÁ NAD ORLICÍ,841655.04,5904.01,102362.27,14918.68,53789.14,324935.9,12736.61,50.0766361,16.1320512
576204,ČERNÍKOVICE,710473.62,9062.5,86407.96,12593.44,45405.5,274290.97,7578.96,50.1865901,16.2069574
576212,ČESKÉ MEZIŘÍČÍ,1809810.85,17323.18,220109.61,32079.66,115662.79,698709.67,30102.86,50.2868003,16.0442801
576221,ČESTICE,468311.5,594.78,56956.15,8301.03,29929.21,180799.99,6000.73,50.12782,16.1457274
576247,DEŠTNÉ V ORLICKÝCH HORÁCH,633366.05,63479.67,77030.12,11226.68,40477.65,244522.23,16578.6,50.3049142,16.3505997
576263,DOBRÉ,788320.26,1031.62,95875.69,13973.31,50380.58,304345.06,15315.45,50.2697571,16.2637615
576271,DOBRUŠKA,5527110.36,52813.23,672208.42,97970.36,353230.81,2133839.25,166089.4,50.2921062,16.1605457
576280,DOBŘANY,105807.36,,12868.32,1435.52,6762.02,40848.8,3631.94,50.3221237,16.2852925
576301,DOUDLEBY NAD ORLICÍ,1473666.17,32718.28,179227.61,26121.35,94180.19,568935.04,26313.39,50.1073719,16.2609892
576310,CHLENY,210259.79,,25571.84,3726.95,13437.44,81174.53,1735.75,50.0778786,16.243741
576328,JANOV,93243.5,343.05,11340.3,1265.06,5959.08,35998.31,2683.85,50.3323093,16.251775
576336,JAVORNICE,1012375.65,7329.0,123125.36,17944.78,64699.68,390845.62,5948.23,50.1713674,16.3492673
576352,JÍLOVICE,224301.75,158.0,27279.63,3975.84,14334.85,86595.67,1210.65,50.2506244,16.0126804
576361,KOSTELEC NAD ORLICÍ,5129870.86,64285.42,623896.04,90929.12,327843.72,1980477.87,144828.64,50.1228126,16.2121972
576387,KOSTELECKÉ HORKY,185132.08,0.02,22515.81,3281.54,11831.57,71473.53,1630.73,50.0516566,16.2068589
576395,KOUNOV,217650.29,12012.91,26470.68,3857.94,13909.76,84027.77,2736.36,50.2987738,16.2580498
576409,KRÁLOVA LHOTA,202376.58,4427.32,24613.08,3587.2,12933.64,78131.08,1105.63,50.2944985,15.9988876
576425,KVASINY,1173981.3,,142779.87,20809.31,75027.7,453236.37,484323.84,50.212565,16.2633941
576433,LEDCE,281701.31,1034.18,34260.58,4993.27,18003.19,108755.8,2526.32,50.2237585,16.0424591
576441,LHOTY U POTŠTEJNA,354005.07,10403.97,43054.17,6274.88,22624.03,136669.95,2001.22,50.0561272,16.2686514
576450,LIBERK,730181.63,9996.22,88804.86,12942.77,46665.01,281899.6,5052.63,50.1991907,16.3429245
576468,LIČNO,520291.37,562.0,63277.95,9222.39,33251.18,200867.73,10945.44,50.1779615,16.1718433
576476,LÍPA NAD ORLICÍ,500829.71,31.16,60911.02,8877.41,32007.41,193354.21,8999.64,50.1356163,16.0980067
576492,LUKAVICE,512900.87,12493.37,62379.12,9091.39,32778.87,198014.5,5787.78,50.2002266,16.2936423
576506,LUPENICE,199789.92,5317.04,24298.5,3541.37,12768.33,77132.45,6158.27,50.1328944,16.2737791
576522,MOKRÉ,145592.9,13325.29,17707.04,2580.7,9304.66,56208.73,843.08,50.2591994,16.0664243
576549,NOVÁ VES,202253.42,,24598.11,3585.02,12925.77,78083.53,2473.81,50.1306922,16.0501042
576557,OČELICE,183530.81,10402.13,22321.06,3253.16,11729.23,70855.33,221.62,50.2398877,16.0672867
576565,OHNIŠOV,443060.62,2985.0,53885.13,7853.43,28315.46,171051.42,5367.7,50.3225944,16.2138068
576573,OLEŠNICE V ORLICKÝCH HORÁCH,356468.56,11204.54,43353.78,6318.56,22781.47,137621.02,4632.56,50.3734011,16.3101121
576581,OLEŠNICE,382088.97,23980.5,46469.75,6772.68,24418.84,147512.24,1683.24,50.1442123,16.1485011
576590,OPOČNO,2606630.18,151787.76,317018.94,46203.61,166586.52,1006335.94,70203.06,50.2676907,16.1145157
576603,ORLICKÉ ZÁHOŘÍ,256204.08,30975.82,31159.6,4541.32,16373.68,98912.13,2893.89,50.2789316,16.474882
576611,OSEČNICE,235017.98,,28582.94,4165.79,15019.71,90732.87,1263.16,50.257169,16.3068956
576620,PĚČÍN,429757.71,2264.59,52267.23,7617.63,27465.29,165915.61,3631.94,50.1537644,16.4247203
576654,PODBŘEZÍ,491591.58,5665.95,59787.49,8713.66,31417.01,189787.67,5262.68,50.2598915,16.2147463
576662,POHOŘÍ,528790.44,20045.34,64311.61,9373.03,33794.34,204148.95,10945.44,50.292159,16.0989548
576671,POTŠTEJN,792138.67,16752.06,96340.08,14041.0,50624.6,305819.22,16841.15,50.0833001,16.3074122
576689,PŘEPYCHY,512777.69,65250.6,62364.13,9089.2,32770.99,197966.94,8737.09,50.2358608,16.1065286
576701,ROKYTNICE V ORLICKÝCH HORÁCH,1885440.32,10860.14,229307.68,33420.22,120496.16,727907.77,34945.45,50.1647335,16.4656749
576727,RYBNÁ NAD ZDOBNICÍ,350432.99,3107.0,42619.74,6211.57,22395.74,135290.88,4524.62,50.108729,16.3657913
576735,ŘÍČKY V ORLICKÝCH HORÁCH,121696.94,42365.86,14800.81,2157.13,7777.51,46983.27,7155.96,50.2109952,16.4590151
576743,SEDLOŇOV,230953.2,1194.19,28088.57,4093.75,14759.93,89163.59,3051.42,50.338304,16.3154831
576751,SEMECHNICE,325551.63,751.49,39593.66,5770.54,20805.61,125685.0,4472.11,50.2602447,16.1483899
576778,SKUHROV NAD BĚLOU,1096011.5,8083.71,133297.17,19427.26,70044.74,423134.73,8524.13,50.2294281,16.2923422
576786,SLATINA NAD ZDOBNICÍ,794232.65,4995.5,96594.75,14078.1,50758.43,306627.64,8471.63,50.1338097,16.3978773
576794,SNĚŽNÉ,119110.26,,14486.22,1616.0,7612.2,45984.64,2421.3,50.3399189,16.2772626
576808,SOLNICE,2048893.6,3738.76,249186.91,36317.5,130942.27,791011.81,51783.69,50.2030082,16.2383273
576816,SYNKOV-SLEMENO,384059.77,17680.5,46709.44,6807.63,24544.78,148273.1,2946.4,50.1482613,16.225441
576824,TRNOV,611317.72,8993.62,74348.6,10835.87,39068.56,236010.07,6788.39,50.2446776,16.1644124
576832,TŘEBEŠOV,224548.09,,27309.59,3980.21,14350.6,86690.79,8209.08,50.1683518,16.2041357
576841,TUTLEKY,250414.85,4206.49,30455.51,4438.71,16003.71,96677.11,1578.22,50.1339141,16.2414821
576859,TÝNIŠTĚ NAD ORLICÍ,5284825.06,139520.13,642741.62,93675.74,337746.66,2040300.69,128355.06,50.1513634,16.0776973
576875,VAL,253740.57,,30859.99,4497.66,16216.25,97961.06,2421.3,50.3110494,16.1810799
576883,VAMBERK,3772481.93,56709.99,458810.11,66868.82,241094.67,1456433.74,103094.8,50.1179339,16.2903737
576891,VODĚRADY,726979.08,14678.02,88415.35,12886.01,46460.34,280663.2,3789.48,50.2087057,16.1530575
576921,ZÁMĚL,519921.84,5610.01,63233.01,9215.84,33227.56,200725.07,5735.27,50.0965514,16.2988016
576930,ZDELOV,191290.84,216.53,23264.84,3390.7,12225.16,73851.24,1053.12,50.1006813,16.1421503
576948,ZDOBNICE,193261.63,3426.0,23504.53,3425.65,12351.12,74612.08,1105.63,50.2381063,16.407906
576956,ŽĎÁR NAD ORLICÍ,438133.62,4207.04,53285.9,7766.1,28000.58,169149.27,3684.46,50.1197572,16.0693408
576964,SEMILY,6825498.44,281341.5,830118.66,120984.82,436209.2,2635105.05,230609.7,50.602249,15.33526
576972,BĚLÁ,229967.8,1879.17,27968.74,4076.28,14696.95,88783.15,5472.71,50.5339147,15.4452704
576981,BENECKO,898069.21,178903.53,109223.38,15918.66,57394.5,346715.6,7736.48,50.6663343,15.5481647
576999,BENEŠOV U SEMIL,664898.86,1342.28,80865.14,11785.6,42492.87,256696.03,6315.79,50.6034651,15.3683661
577006,BOZKOV,473977.54,10422.0,57645.26,8401.45,30291.33,182987.46,6105.76,50.6400712,15.3370985
577014,BRADLECKÁ LHOTA,168010.75,,20433.51,2978.05,10737.36,64863.54,895.58,50.4885722,15.3962248
577031,BUKOVINA U ČISTÉ,158772.62,7365.0,19309.96,2814.32,10146.96,61296.99,948.1,50.5425949,15.5838332
577049,BYSTRÁ NAD JIZEROU,103959.73,819.5,12643.61,1410.46,6643.94,40135.51,283.19,50.6046896,15.4014503
577057,ČISTÁ U HOREK,582617.94,1997.0,70858.12,10327.15,37234.4,224930.01,13999.77,50.5316013,15.6075439
577073,HÁJE NAD JIZEROU,615752.02,2254.0,74887.9,10914.47,39351.95,237722.02,2526.32,50.6118786,15.4230514
577081,HARRACHOV,1247147.27,97029.5,151678.33,22106.21,79703.64,481483.37,44890.28,50.7720087,15.4315431
577111,HOLENICE,81665.04,,9932.12,1107.97,5219.12,31528.25,20.15,50.5203729,15.3004402
577120,HORNÍ BRANNÁ,1541658.79,16463.5,187496.9,27326.55,98525.52,595184.79,11683.49,50.6089217,15.5699724
577146,HRUBÁ SKÁLA,560323.25,7625.01,68146.64,9931.96,35809.57,216322.75,2368.78,50.5409167,15.1991927
577154,CHUCHELNA,789182.48,666.58,95980.55,13988.59,50435.69,304677.94,4947.62,50.6022869,15.3003417
577162,JABLONEC NAD JIZEROU,1357881.64,23319.33,165145.87,24069.03,86780.55,524234.35,16788.64,50.70344,15.4295952
577171,JESENNÝ,423722.14,2750.72,51533.18,7510.65,27079.56,163585.47,4895.12,50.6602996,15.3386678
577189,JESTŘABÍ V KRKONOŠÍCH,217403.94,8225.77,26440.72,3853.58,13894.01,83932.66,948.1,50.6805188,15.4917269
577197,JILEMNICE,4639018.32,144673.56,564198.45,82228.55,296473.95,1790975.53,211402.68,50.6091761,15.5064747
577201,KACANOVY,179096.5,,21781.76,3174.57,11445.84,69143.39,1420.69,50.5506684,15.1452724
577219,KARLOVICE,686331.31,115.0,83471.77,12165.51,43862.59,264970.42,9734.78,50.5630015,15.2097443
577227,KLOKOČÍ,146208.77,,17781.94,2591.62,9344.03,56446.5,201.48,50.5996614,15.2216081
577235,KOŠŤÁLOV,1313045.92,8150.98,159692.95,23274.29,83915.15,506924.73,17366.25,50.5716517,15.404028
577243,KRUH,379995.01,41640.01,46215.08,6735.57,24285.01,146703.83,2316.28,50.5656317,15.4803167
577294,LIBŠTÁT,845842.99,3202.87,102871.62,14992.92,54056.79,326552.73,18261.84,50.5594039,15.4159301
577308,LOMNICE NAD POPELKOU,4812325.6,95142.18,585276.12,85300.49,307549.8,1857883.88,128673.04,50.5310646,15.3728809
577316,MÍROVÁ POD KOZÁKOVEM,1401362.42,2285.77,170434.01,24839.74,89559.34,541020.89,20840.67,50.5918105,15.1941884
577324,MODŘIŠICE,314219.52,,38215.45,5569.67,20081.38,121310.03,221.62,50.5740755,15.1193291
577332,MŘÍČNÁ,477919.15,8483.32,58124.63,8471.32,30543.22,184509.19,3421.91,50.600714,15.4687893
577341,NOVÁ VES NAD POPELKOU,563033.11,4418.93,68476.21,9979.99,35982.75,217368.95,6315.79,50.5203107,15.411845
577359,OHRAZENICE,828105.79,2283.0,100714.41,14678.52,52923.22,319704.96,5840.28,50.5976484,15.1258688
577367,OLEŠNICE,192645.76,,23429.62,3414.73,12311.74,74374.32,1053.12,50.5450252,15.119417
577375,LEVÍNSKÁ OLEŠNICE,288599.12,8133.13,35099.49,5115.55,18444.01,111418.82,3103.93,50.5282084,15.5407071
577391,PEŘIMOV,220483.33,13087.01,26815.24,3908.16,14090.82,85121.5,1420.69,50.6194198,15.4432993
577405,PONIKLÁ,947831.92,16169.15,115275.52,16800.71,60574.77,365927.38,14629.89,50.6612187,15.4641885
577413,PŘEPEŘE,817389.56,,99411.1,14488.57,52238.35,315567.78,22523.91,50.5829315,15.112793
577421,PŘÍKRÝ,196217.84,,23864.07,3478.05,12540.05,75753.39,2421.3,50.624929,15.3645153
577430,RADOSTNÁ POD KOZÁKOVEM,324319.88,4525.0,39443.85,5748.7,20726.88,125209.46,1683.24,50.5776756,15.2456347
577448,RAKOUSY,72919.62,,8868.5,989.32,4660.19,28151.92,1263.16,50.6203245,15.1875385
577456,ROKYTNICE NAD JIZEROU,2158642.56,64842.0,262534.59,38262.84,137956.19,833382.34,32524.16,50.7279915,15.4633503
577464,ROPRACHTICE,251892.95,,30635.28,4464.91,16098.18,97247.75,2683.85,50.6475953,15.4158308
577472,ROVENSKO POD TROSKAMI,1204898.23,9234.32,146540.0,21357.33,77003.56,465172.39,9577.25,50.5351143,15.2598248
577481,ROZTOKY U SEMIL,90780.0,39.0,11040.68,1231.64,5801.64,35047.24,80.59,50.6584502,15.3715314
577499,ROZTOKY U JILEMNICE,952635.75,5211.73,115859.78,16885.87,60881.78,367781.97,12208.6,50.5637877,15.4997448
577529,SLANÁ,551701.0,193.49,67097.99,9779.13,35258.53,212993.98,16103.1,50.5808113,15.3296792
577545,STRUŽINEC,539137.15,8181.18,65569.98,9556.43,34455.59,208143.48,4790.08,50.5508499,15.3579786
577553,STUDENEC,1641307.4,2697.3,199616.18,29092.86,104893.94,633655.9,23892.09,50.5534442,15.5493635
577561,SVOJEK,148549.1,973.59,18066.58,2633.1,9493.59,57350.02,241.77,50.5534168,15.4555556
577570,SYŘENOV,184639.38,827.91,22455.88,3272.81,11800.08,71283.32,1315.66,50.4986558,15.4275471
577596,TATOBITY,491098.88,646.01,59727.56,8704.93,31385.52,189597.46,4367.08,50.5712436,15.273161
577600,TROSKOVICE,92873.98,2734.43,11295.35,1260.04,5935.46,35855.65,1735.75,50.5115869,15.2223125
577626,TURNOV,12674588.35,64881.4,1541486.29,224662.39,810017.32,4893250.24,529109.11,50.5874068,15.1574182
577642,VESELÁ,185501.61,12176.6,22560.74,3288.09,11855.18,71616.2,1105.63,50.5466147,15.3088593
577651,VÍCHOVÁ NAD JIZEROU,692859.6,5599.61,84265.74,12281.23,44279.8,267490.76,6053.24,50.6300813,15.4876716
577669,VÍTKOVICE,421012.28,31583.83,51203.6,7462.62,26906.38,162539.28,7578.96,50.6790154,15.5312007
577677,VŠEŇ,524602.5,1593.96,63802.27,9298.8,33526.7,202532.12,3736.97,50.5574523,15.105215
577685,VYSKEŘ,320378.28,6135.0,38964.48,5678.84,20474.98,123687.74,1420.69,50.5293054,15.1579423
577693,VYSOKÉ NAD JIZEROU,1190856.28,2331.0,144832.21,21108.43,76106.16,459751.25,26050.83,50.6857713,15.4014639
577707,ZÁHOŘÍ,409310.66,,49780.45,7255.2,26158.53,158021.66,3947.01,50.6115101,15.2740866
577723,ŽERNOV,190428.61,,23159.97,3375.43,12170.05,73518.36,6683.36,50.5567451,15.2696427
577731,SVITAVY,13576229.65,100970.32,1651144.12,240644.37,867640.11,5241344.89,573946.88,49.7562053,16.4688995
577774,BENÁTKY,309415.69,78113.48,37631.21,5484.52,19774.38,119455.43,1735.75,49.8541887,16.3267417
577812,BOHUŇOV,94844.78,,11535.04,1286.79,6061.42,36616.51,1000.61,49.5990987,16.4638495
577821,BOHUŇOVICE,93243.5,3242.4,11340.3,1265.06,5959.08,35998.31,201.48,49.9078836,16.2628593
577839,BOROVÁ,861978.93,5895.06,104834.07,15278.93,55088.02,332782.29,12261.1,49.7412198,16.1627198
577863,BRNĚNEC,1052038.02,34697.0,127949.1,18647.81,67234.45,406157.98,15683.02,49.6274044,16.5218286
577871,BŘEZINA,298083.59,6753.18,36253.0,5283.66,19050.16,115080.47,4157.05,49.651041,16.6144877
577898,BŘEZINY,124283.61,10.19,15115.41,2202.99,7942.81,47981.9,1315.66,49.6906259,16.1181286
577910,BUDISLAV,416331.64,0.59,50634.34,7379.65,26607.24,160732.24,4685.06,49.8014122,16.1746342
577928,BYSTRÉ,1407644.34,6338.43,171198.02,24951.08,89960.81,543446.13,30155.37,49.6282564,16.3469811
577936,CEREKVICE NAD LOUČNOU,855450.65,12914.84,104040.1,15163.22,54670.8,330261.94,22051.32,49.8989467,16.2153158
577944,ČISTÁ,883904.08,122059.71,107500.61,15667.57,56489.22,341246.89,9472.24,49.8272228,16.3286778
577961,DĚTŘICHOV,348215.84,,42350.08,6172.27,22254.04,134434.91,4104.54,49.7999719,16.5325958
577979,POUSTKA,146085.59,22784.25,17766.97,2589.42,9336.15,56398.94,2316.28,50.1394597,12.2978449
577987,DLOUHÁ LOUČKA,500952.88,99.04,60926.0,8879.59,32015.29,193401.77,1945.78,49.7008485,16.6412882
577995,DOLNÍ ÚJEZD,1739231.55,46358.87,211525.73,30828.61,111152.14,671461.27,26260.87,49.8256129,16.2546132
578002,VELKÝ LUH,137709.7,2126.36,16748.29,2440.96,8800.86,53165.27,1945.78,50.1991354,12.371967
578011,CHODOV,120957.89,2596.95,14710.92,2144.03,7730.28,46697.95,14104.79,50.0696359,12.8603301
578029,VYSOKÁ PEC,296605.49,5617.47,36073.22,5257.46,18955.69,114509.83,4472.11,50.3465991,12.6990859
578037,HARTMANICE,227381.13,,27654.14,4030.42,14531.64,87784.52,1630.73,49.625229,16.3729273
578045,KRÁSNÝ LES,340948.51,28132.07,41466.23,6043.45,21789.6,131629.24,2368.78,50.3448455,13.0027408
578053,HORKY,109995.31,39.56,13377.66,1492.33,7029.67,42465.64,221.62,49.920723,16.2433662
578061,OSTŘETICE,71072.0,,8643.79,964.25,4542.12,27438.61,141.03,49.4223298,13.3468976
578070,LOMEC,101619.41,,12358.98,1378.7,6494.37,39231.98,263.04,49.3713916,13.2675264
578088,BIŘKOV,118248.04,30241.51,14381.35,1604.31,7557.09,45651.76,6000.73,49.5180462,13.2301475
578096,CHORNICE,717617.78,286642.71,87276.83,12720.08,45862.07,277049.1,12313.61,49.6663992,16.7418437
578100,CHOTĚNOV,107531.81,,13078.05,1458.92,6872.23,41514.57,283.19,49.8232573,16.189867
578118,CHOTOVICE,119849.32,2249.0,14576.09,1626.03,7659.42,46269.96,4685.06,49.8508065,16.1713046
578126,CHRASTAVEC,177618.41,,21601.99,3148.36,11351.38,68572.75,283.19,49.617759,16.5031395
578134,JANOV,865427.82,37925.42,105253.53,15340.07,55308.43,334113.8,6735.88,49.8408543,16.3838337
578142,JANŮVKY,57030.05,110.48,6936.0,773.74,3644.72,22017.46,141.03,49.6715523,16.5920655
578151,JAROMĚŘICE,1059182.16,5337.06,128817.97,18774.45,67691.03,408916.11,12684.11,49.6255624,16.7518494
578169,JAROŠOV,169612.03,,20628.26,3006.45,10839.7,65481.73,1368.19,49.8247702,16.1639704
578177,KOVČÍN,79940.59,1547.95,9722.4,1084.57,5108.91,30862.5,201.48,49.4159001,13.6063122
578185,JEDLOVÁ,886860.28,817.78,107860.15,15719.97,56678.15,342388.19,7473.93,49.6610042,16.3060814
578193,JEVÍČKO,2415708.87,62041.59,293799.06,42819.45,154384.97,932627.37,97674.58,49.6324875,16.7118442
578207,KAMENEC U POLIČKY,464739.42,,56521.71,8237.7,29700.92,179420.93,26838.49,49.7094695,16.2365821
578215,KAMENNÁ HORKA,312864.6,,38050.67,5545.66,19994.79,120786.94,1368.19,49.7381763,16.5238801
578223,NEHODIV,68362.15,470.28,8314.22,927.49,4368.94,26392.43,1473.2,49.4107494,13.5563567
578231,KOCLÍŘOV,626098.73,,76146.27,11097.87,40013.2,241716.55,8419.12,49.7663833,16.5387069
578240,HAMRY,132043.64,5435.47,16059.18,2340.53,8438.74,50977.81,1473.2,49.2151642,13.1603235
578258,KOROUHEV,678078.6,52.12,82468.08,12019.23,43335.17,261784.31,3684.46,49.6713208,16.2457828
578266,KORUNA,113690.56,,13827.07,1542.47,7265.82,43892.26,303.33,49.846806,16.7148639
578274,KŘENOV,406970.34,350.51,49495.83,7213.72,26008.98,157118.14,3208.96,49.6798496,16.6287438
578282,KUNČINA,1223744.01,0.12,148832.03,21691.37,78207.98,472448.14,12684.11,49.7945531,16.6276322
578291,KVĚTNÁ,337745.96,0.28,41076.75,5986.69,21584.93,130392.83,9734.78,49.736161,16.346249
578304,LAVIČNÉ,104821.96,,12748.47,1422.15,6699.05,40468.39,241.77,49.6435791,16.4624692
578312,ZBOROVY,125638.54,4015.27,15280.18,2226.99,8029.41,48504.99,201.48,49.3809973,13.5158076
578321,ÚJEZD U PLÁNICE,105807.36,8346.83,12868.32,1435.52,6762.02,40848.8,241.77,49.4176623,13.45791
578339,LINHARTICE,472745.8,5376.02,57495.45,8379.61,30212.6,182511.92,3474.42,49.757517,16.693427
578347,LITOMYŠL,8967019.68,250678.62,1090570.96,158944.18,573071.17,3461877.41,450063.93,49.8725491,16.3101243
578355,LUBNÁ,889077.44,17757.86,108129.8,15759.27,56819.84,343244.15,5682.75,49.7740895,16.2236932
578363,MAKOV,278621.94,8107.54,33886.06,4938.69,17806.39,107566.95,3103.93,49.8550043,16.1911279
578371,MALÍKOV,86592.05,,10531.34,1174.81,5533.99,33430.4,263.04,49.7310139,16.695205
578380,MĚSTEČKO TRNÁVKA,1369090.55,47971.3,166509.1,24267.7,87496.89,528561.75,10472.84,49.7092677,16.7273236
578398,MIKULEČ,226272.54,,27519.31,4010.77,14460.8,87356.54,120.89,49.8058207,16.4224959
578401,MLADĚJOV NA MORAVĚ,374082.59,2417.02,45496.01,6630.77,23907.16,144421.24,3261.46,49.8226085,16.5910708
578410,MAŇOVICE,43480.79,5394.5,5288.14,589.92,2778.8,16786.54,303.33,49.3929568,13.6538365
578428,MORAŠICE,765532.87,20920.0,93104.28,13569.4,48924.26,295547.59,8209.08,49.8677369,16.2321909
578436,SLATINA,92011.76,4512.5,11190.49,1248.35,5880.35,35522.78,1525.71,49.387762,13.7441635
578444,MORAVSKÁ TŘEBOVÁ,8146550.75,350924.68,990785.34,144401.02,520636.02,3145120.78,322233.96,49.7581546,16.6641472
578452,NEDVĚZÍ,153106.57,,18620.86,2713.88,9784.85,59109.52,843.08,49.6305957,16.3008984
578461,MEZIHOŘÍ,51240.82,185.64,6231.92,695.2,3274.74,19782.43,20.15,49.4883959,13.2545635
578479,OLDŘIŠ,553671.8,,67337.69,9814.07,35384.48,213754.85,5262.68,49.7271275,16.193705
578487,OPATOV,1066203.14,13649.41,129671.86,18898.9,68139.73,411626.69,17103.69,49.8249281,16.5045751
578495,ČÍMICE,136601.12,1263.5,16613.46,2421.31,8730.01,52737.29,1788.26,49.2536376,13.6058871
578509,OSÍK,836974.39,17646.41,101793.01,14835.72,53490.0,323128.84,16736.13,49.8435464,16.2846656
578517,DOMORAZ,53581.15,3448.0,6516.56,726.95,3424.3,20685.95,201.48,49.2506228,13.6620036
578525,FRYMBURK,104329.26,1371.0,12688.54,1415.47,6667.56,40278.16,181.32,49.2495528,13.7072713
578533,NEZAMYSLICE,168257.1,2775.5,20463.46,2982.43,10753.1,64958.65,1630.73,49.2626003,13.6753649
578541,JAROV,169981.55,10288.29,20673.19,3013.0,10863.31,65624.41,1368.19,49.5210835,13.5075886
578550,POHLEDY,297837.24,12838.32,36223.03,5279.29,19034.41,114985.37,2578.83,49.6946958,16.5604377
578568,ČMELÍNY,109379.43,4215.09,13302.76,1483.98,6990.31,42227.87,283.19,49.4886063,13.6547582
578576,POLIČKA,7656437.26,260009.25,931177.62,135713.56,489313.46,2955903.77,314234.92,49.7149137,16.2653869
578584,POMEZÍ,1159200.29,,140982.21,20547.31,74083.06,447529.89,14052.28,49.7102622,16.3172913
578592,TŘEBČICE,97308.28,68820.03,11834.65,1320.21,6218.85,37567.59,1105.63,49.4833707,13.6120685
578606,LHŮTA,153845.62,,18710.74,2726.97,9832.08,59394.84,1210.65,49.7018217,13.5278153
578614,TOJICE,83143.16,3441.57,10111.88,1128.02,5313.58,32098.89,1945.78,49.492477,13.6265135
578622,PŘÍLUKA,154338.33,45.5,18770.67,2735.71,9863.57,59585.05,283.19,49.8648725,16.1565347
578631,PUSTÁ KAMENICE,314835.4,,38290.35,5580.58,20120.74,121547.8,1735.75,49.7561151,16.0857765
578649,PUSTÁ RYBNÁ,172568.24,,20987.79,3058.84,11028.62,66623.04,1053.12,49.7100314,16.1360503
578657,RADIMĚŘ,1078151.12,15892.6,131124.98,19110.69,68903.31,416239.41,13314.23,49.6996202,16.4312778
578665,DRAŽEŇ,144484.32,3119.14,17572.22,2561.04,9233.82,55780.74,843.08,49.9268445,13.2878667
578673,ROHOZNÁ,492946.51,32069.43,59952.27,8737.68,31503.6,190310.77,1840.77,49.6536421,16.407884
578681,ROZHRANÍ,226395.72,2468.33,27534.31,4012.97,14468.67,87404.09,2893.89,49.6010125,16.5330481
578690,ROZSTÁNÍ,202622.93,3416.66,24643.04,3591.59,12949.38,78226.18,181.32,49.7352504,16.7207349
578703,RUDNÁ,123544.57,,15025.52,2189.88,7895.59,47696.58,241.77,49.6593908,16.573224
578711,RYCHNOV NA MORAVĚ,536673.64,7658.5,65270.37,9512.77,34298.16,207192.4,3156.43,49.8294503,16.6398848
578720,SÁDEK,491098.88,2.61,59727.56,8704.93,31385.52,189597.46,4052.04,49.6925635,16.2256236
578738,SEBRANICE,766887.79,654.4,93269.07,13593.41,49010.85,296070.67,15840.54,49.7713951,16.2491737
578746,SEDLIŠTĚ,188580.99,1105.5,22935.27,3342.68,12051.97,72805.04,1840.77,49.8938784,16.2748132
578754,SKLENÉ,200282.62,5660.68,24358.42,3550.09,12799.82,77322.66,1158.14,49.7066616,16.529646
578762,SLATINA,127732.51,,15534.86,2264.12,8163.22,49313.41,2106.23,49.6296445,16.6078122
578771,KOČÍN,91642.23,,11145.55,1243.34,5856.73,35380.11,80.59,49.9303801,13.4761378
578789,STARÉ MĚSTO,900902.24,4924.88,109567.93,15968.87,57575.55,347809.33,9314.7,49.7941105,16.6749202
578797,ŠTICHOVICE,132782.69,294.0,16149.06,2353.63,8485.98,51263.12,3789.48,49.9778025,13.3028219
578801,STAŠOV,238343.7,245.87,28987.41,4224.74,15232.25,92016.82,1630.73,49.6748802,16.3689179
578819,STRAKOV,215556.32,660.77,26216.01,3820.82,13775.94,83219.35,1630.73,49.8665903,16.3661672
578827,ZAHRÁDKA,182299.05,3123.0,22171.26,3231.34,11650.51,70379.79,60.44,49.8807468,13.2116344
578835,SUCHÁ LHOTA,63188.79,,7685.04,857.3,4038.32,24395.16,1158.14,49.8773394,16.1733579
578843,SVOJANOV,318653.82,16199.62,38754.74,5648.28,20364.78,123021.98,5892.8,49.6246239,16.4102009
578851,ŠIROKÝ DŮL,332942.12,,40492.5,5901.54,21277.92,128538.23,14997.46,49.7460396,16.2207617
578860,ŠTUDLOV,82404.1,,10022.01,1118.0,5266.34,31813.57,1158.14,49.6025454,16.4983265
578878,TELECÍ,468434.67,,56971.13,8303.21,29937.09,180847.54,4472.11,49.6949033,16.1810897
578886,TRPÍN,374575.29,,45555.93,6639.51,23938.65,144611.45,2368.78,49.5952183,16.4016138
578894,TRSTĚNICE,622157.12,8537.0,75666.89,11028.0,39761.3,240194.82,4842.59,49.7941402,16.348747
578908,TŘEBAŘOV,869369.42,7046.0,105732.9,15409.93,55560.33,335635.52,8209.08,49.8296957,16.7025188
578916,ÚJEZDEC,98293.68,,11954.5,1333.58,6281.83,37948.02,181.32,49.8777636,16.2059299
578924,VELEČÍN,71195.17,,8658.77,965.93,4550.0,27486.16,161.18,50.0748456,13.4016468
578932,VENDOLÍ,831308.34,5979.37,101103.91,14735.29,53127.89,320941.36,7736.48,49.7397719,16.4131597
578941,VIDLATÁ SEČ,257682.18,4938.5,31339.36,4567.53,16468.15,99482.8,4314.58,49.836179,16.2057919
578959,VÍSKA U JEVÍČKA,138941.44,11855.91,16898.09,2462.8,8879.57,53640.81,80.59,49.6525416,16.7077293
578967,VÍTĚJEVES,419780.54,,51053.8,7440.79,26827.65,162063.75,6105.76,49.6157251,16.4653635
578975,VRANOVÁ LHOTA,392558.85,19.0,47743.09,6958.27,25087.95,151554.33,6000.73,49.7102246,16.824043
578983,TATINÁ,189566.38,4272.52,23055.1,3360.14,12114.95,73185.48,2683.85,49.8487525,13.2995805
578991,VYSOKÁ,39292.84,5660.53,4778.8,533.1,2511.16,15169.7,100.74,49.6636151,16.8100915
579009,MEDOVÝ ÚJEZD,250661.21,,30485.48,4443.08,16019.45,96772.22,201.48,49.7738249,13.7189037
579017,KAKEJCOV,75752.65,,9213.05,1027.75,4841.26,29245.66,1315.66,49.6666196,13.6239401
579025,TRUTNOV,24924961.87,171939.64,3031379.48,441805.4,1592923.6,9622724.79,1075318.99,50.5608851,15.9130498
579033,KORNATICE,213216.0,54.0,25931.37,3779.34,13626.37,82315.83,221.62,49.6588731,13.5921084
579041,BATŇOVICE,609346.92,18964.0,74108.91,10800.93,38942.61,235249.21,17208.73,50.5175945,16.0366349
579050,BERNARTICE,861732.57,17657.95,104804.11,15274.57,55072.26,332687.18,9472.24,50.6461167,15.9652162
579068,BÍLÁ TŘEMEŠNÁ,1213150.97,9821.97,147543.7,21503.61,77530.98,468358.51,20102.61,50.4446505,15.7410136
579076,BÍLÉ POLIČANY,132413.17,500.0,16104.12,2347.08,8462.36,51120.46,1683.24,50.3907958,15.731879
579084,MEŠNO,83389.49,,10141.85,1131.36,5329.32,32194.0,141.03,49.6560993,13.6220221
579092,BOROVNICE,314589.05,5584.75,38260.4,5576.22,20105.0,121452.7,7683.98,50.5091569,15.6171877
579106,ČERMNÁ,316929.37,2422.63,38545.02,5617.71,20254.57,122356.23,2316.28,50.549985,15.7696227
579114,ČERNÝ DŮL,643712.76,107660.86,78288.49,11410.08,41138.89,248516.76,12051.06,50.635115,15.7096227
579122,DOLNÍ BRANNÁ,833648.67,4571.03,101388.54,14776.77,53277.47,321844.89,14472.37,50.5931657,15.5938168
579131,PŘÍKOSICE,339224.06,102.0,41256.5,6012.89,21679.39,130963.49,1000.61,49.6682693,13.6634497
579149,DOLNÍ DVŮR,255465.03,9173.0,31069.71,4528.22,16326.46,98626.82,3684.46,50.6520957,15.6558321
579157,DOLNÍ KALNÁ,585450.96,5758.5,71202.67,10377.37,37415.45,226023.76,7103.45,50.538874,15.6391934
579165,DOLNÍ LÁNOV,670195.39,2545.76,81509.31,11879.5,42831.36,258740.85,6158.27,50.5869966,15.6643195
579173,DOLNÍ OLEŠNICE,339470.41,4320.58,41286.47,6017.26,21695.14,131058.59,4419.6,50.5242142,15.7121138
579181,DOUBRAVICE,287121.01,3443.32,34919.73,5089.34,18349.55,110848.18,2158.74,50.405206,15.7616379
579190,DUBENEC,691011.97,837.04,84041.03,12248.48,44161.72,266777.46,13104.18,50.3776214,15.7950715
579203,DVŮR KRÁLOVÉ NAD LABEM,12715112.94,312314.4,1546414.91,225380.71,812607.21,4908895.47,360913.47,50.4319898,15.8139714
579211,HAJNICE,974930.44,12813.57,118571.26,17281.05,62306.6,376389.24,13894.76,50.4879075,15.9105262
579220,HAVLOVICE,780067.52,8658.55,94871.99,13827.02,49853.16,301158.94,5420.21,50.4875271,16.0293223
579238,HORNÍ BRUSNICE,386523.27,25984.98,47009.05,6851.29,24702.23,149224.18,1840.77,50.4730634,15.6810342
579246,TROKAVEC,97431.46,,11849.64,1321.88,6226.73,37615.14,161.18,49.6469206,13.7022441
579254,HORNÍ KALNÁ,307321.72,,37376.54,5447.41,19640.56,118647.02,3103.93,50.5687251,15.6130028
579262,HORNÍ MARŠOV,865797.35,53317.67,105298.47,15346.62,55332.03,334256.47,15315.45,50.6586744,15.8199838
579271,HORNÍ OLEŠNICE,270738.73,3856.0,32927.3,4798.96,17302.58,104523.5,1578.22,50.532661,15.6773952
579289,VÍSKY,47176.04,,5737.56,640.05,3014.95,18213.15,20.15,49.650987,13.6841844
579297,HOSTINNÉ,3468239.57,24804.12,421808.08,61476.01,221650.91,1338975.57,94095.15,50.5409308,15.723285
579301,HŘIBOJEDY,183777.16,5668.0,22351.02,3257.53,11744.97,70950.44,2368.78,50.392065,15.8347252
579319,CHOTĚVICE,836851.22,15709.39,101778.04,14833.54,53482.13,323081.3,6840.9,50.5215595,15.766122
579327,CHOUSTNÍKOVO HRADIŠTĚ,512777.69,633.03,62364.13,9089.2,32770.99,197966.94,15472.97,50.4266565,15.87832
579335,CHVALEČ,534456.49,49541.89,65000.72,9473.47,34156.45,206336.43,2001.22,50.5959012,16.0393041
579343,ŠTÍTOV,45821.12,,5572.77,621.66,2928.37,17690.06,263.04,49.6657619,13.6775445
579351,JANSKÉ LÁZNĚ,570546.77,28293.91,69390.03,10113.19,36462.94,220269.73,47416.6,50.6305685,15.7806938
579360,TĚŠOVICE,176756.17,13525.74,21497.13,3133.08,11296.27,68239.87,241.77,50.1818822,12.6755602
579378,JÍVKA,568575.98,55648.85,69150.34,10078.25,36336.99,219508.86,6788.39,50.5580999,16.1073775
579386,KLÁŠTERSKÁ LHOTA,169365.69,11873.04,20598.29,3002.08,10823.95,65386.64,2263.77,50.559695,15.6635803
579394,KOCBEŘE,445893.65,,54229.68,7903.65,28496.51,172145.17,13156.69,50.4537411,15.858685
579408,KOHOUTOV,239205.92,11112.72,29092.28,4240.02,15287.36,92349.7,1788.26,50.4513129,15.904787
579416,KUKS,198434.99,2125.53,24133.71,3517.34,12681.74,76609.36,3051.42,50.4011836,15.8898865
579424,KUNČICE NAD LABEM,447864.43,3117.73,54469.38,7938.59,28622.47,172906.03,9262.2,50.5818627,15.6194291
579432,LÁNOV,1609281.88,11300.07,195721.22,28525.19,102847.22,621291.89,19735.04,50.6202744,15.6555337
579441,LANŽOV,198681.35,2654.52,24163.67,3521.71,12697.47,76704.47,1105.63,50.3868623,15.760499
579459,CTIBOŘ,255465.03,2938.86,31069.71,4528.22,16326.46,98626.82,221.62,49.8272531,12.6101227
579467,SKAPCE,116646.76,3483.0,14186.6,1582.58,7454.75,45033.57,241.77,49.6569632,12.9903438
579475,LIBŇATOV,322349.08,4019.51,39204.17,5713.77,20600.93,124448.59,2053.73,50.4813386,16.0021935
579483,LIBOTOV,149288.14,,18156.45,2646.2,9540.83,57635.34,948.1,50.3991243,15.8115353
579491,VRANOV,159388.5,1096.6,19384.86,2825.23,10186.33,61534.77,40.29,49.764229,13.0413199
579505,MALÁ ÚPA,179342.86,184504.53,21811.72,3178.93,11461.58,69238.5,4262.07,50.7240834,15.8137272
579513,MALÉ SVATOŇOVICE,1317233.87,9044.26,160202.28,23348.53,84182.79,508541.56,47521.62,50.5339466,16.0497807
579530,MARŠOV U ÚPICE,142020.81,780.5,17272.61,2517.38,9076.37,54829.67,303.33,50.4844558,15.9760374
579548,MLADÉ BUKY,1889012.41,27406.75,229742.11,33483.53,120724.45,729286.84,25945.82,50.6065856,15.8330828
579556,MOSTEK,992790.81,3689.65,120743.44,17597.64,63448.04,383284.55,7841.51,50.4861348,15.6962248
579564,NEMOJOV,647408.0,,78737.91,11475.58,41375.05,249943.38,5787.78,50.4662911,15.7547995
579581,PEC POD SNĚŽKOU,799775.52,145180.87,97268.88,14176.36,51112.67,308767.57,44785.27,50.6935744,15.7335607
579599,PILNÍKOV,1053762.46,,128158.83,18678.39,67344.66,406823.73,11736.0,50.5328029,15.8199431
579602,PROSEČNÉ,450204.77,15144.49,54754.01,7980.07,28772.03,173809.56,4577.13,50.5620262,15.6873318
579629,RADVANICE,817512.74,31047.22,99426.08,14490.75,52246.24,315615.33,6630.86,50.5673934,16.0617295
579637,RTYNĚ V PODKRKONOŠÍ,2343035.6,79307.42,284960.52,41531.29,149740.51,904570.56,33839.84,50.505532,16.0711662
579645,RUDNÍK,1736644.88,102690.0,211211.14,30782.76,110986.84,670462.64,42839.48,50.5784502,15.7373043
579661,STARÉ BUKY,532485.69,1.0,64761.03,9438.53,34030.5,205575.57,2578.83,50.5376642,15.8480779
579696,STRÁŽNÉ,234032.58,48995.93,28463.09,4148.33,14956.73,90352.44,3841.98,50.6646011,15.6139289
579726,SUCHOVRŠICE,310770.62,,37795.99,5508.54,19860.97,119978.53,3421.91,50.5234045,15.9982045
579734,SVOBODA NAD ÚPOU,1634409.6,11105.6,198777.26,28970.6,104453.1,630992.89,31208.49,50.6262304,15.8164318
579742,ŠPINDLERŮV MLÝN,1288041.39,223174.27,156651.88,22831.07,82317.13,497271.28,99147.79,50.7256448,15.6067567
579751,TROTINA,66391.35,,8074.53,900.75,4242.98,25631.56,283.19,50.4096379,15.7161752
579769,TŘEBIHOŠŤ,385168.35,8479.85,46844.27,6827.27,24615.64,148701.08,2263.77,50.4332882,15.7096892
579777,ÚPICE,4547622.45,63853.07,553082.87,80608.51,290632.95,1755690.51,78415.06,50.5125314,16.0154279
579785,VELKÉ SVATOŇOVICE,974560.92,793.5,118526.32,17274.49,62282.99,376246.56,8051.55,50.5317412,16.0283758
579793,VELKÝ VŘEŠŤOV,205948.67,4284.59,25047.52,3650.52,13161.93,79510.14,1210.65,50.3584212,15.7513978
579815,VÍTĚZNÁ,1208223.96,3375.44,146944.47,21416.28,77216.1,466456.35,9682.28,50.4878327,15.7999716
579823,VLČICE,519182.79,3450.97,63143.13,9202.74,33180.33,200439.76,4367.08,50.5626579,15.8217107
579831,VLČKOVICE V PODKRKONOŠÍ,299931.22,4670.02,36477.71,5316.41,19168.24,115793.78,2316.28,50.4129854,15.9111261
579858,VRCHLABÍ,10081876.95,222279.29,1226160.15,178705.49,644320.34,3892287.9,368439.91,50.6271452,15.6095779
579866,ZLATÁ OLEŠNICE,188211.46,4502.88,22890.32,3336.12,12028.36,72662.38,895.58,50.6179098,15.944775
579874,ŽACLÉŘ,2508582.84,61248.77,305094.41,44465.69,160320.43,968483.02,31681.09,50.6586423,15.9078109
579891,ÚSTÍ NAD ORLICÍ,11718257.35,23429.11,1425177.1,207711.02,748899.39,4524041.64,534634.33,49.9737603,16.3941695
579947,BRANDÝS NAD ORLICÍ,1092685.77,2812.49,132892.69,19368.31,69832.21,421850.77,27156.47,50.0019438,16.285279
579963,BUČINA,188827.34,21002.87,22965.23,3347.04,12067.73,72900.15,1420.69,49.8968735,16.1928366
579971,BYSTŘEC,955222.43,4642.22,116174.37,16931.72,61047.09,368780.61,25312.78,50.0116839,16.6190005
579980,COTKYTLE,380857.23,6120.0,46319.95,6750.86,24340.12,147036.71,4157.05,49.9361841,16.7240346
579998,ČENKOVICE,155446.9,83524.55,18905.49,2755.36,9934.42,60013.04,4367.08,50.0113838,16.6824045
580015,ČERVENÁ VODA,2621534.36,385833.48,318831.59,46467.8,167539.03,1012089.95,60520.78,50.0402721,16.7428976
580023,ČESKÁ RYBNÁ,301778.84,2047.91,36702.41,5349.16,19286.32,116507.09,2526.32,50.071825,16.3922403
580031,ČESKÁ TŘEBOVÁ,12400647.07,69589.29,1508169.49,219806.68,792510.07,4787490.33,416539.15,49.9021593,16.4472039
580040,ČESKÉ HEŘMANICE,498612.56,5656.5,60641.36,8838.11,31865.71,192498.24,4314.58,49.9314307,16.2530984
580058,ČESKÉ LIBCHAVY,540861.6,889.3,65779.71,9587.0,34565.8,208809.24,13947.26,50.0298295,16.3716987
580066,ČESKÉ PETROVICE,134753.48,3702.01,16388.75,2388.56,8611.93,52023.98,1945.78,50.1192764,16.6053693
580074,DAMNÍKOV,667116.01,1654.55,81134.79,11824.91,42634.56,257552.0,9157.18,49.870862,16.5609709
580091,DOBŘÍKOV,498366.2,,60611.41,8833.75,31849.98,192403.14,3261.46,50.0025062,16.1338163
580112,DOLNÍ ČERMNÁ,1204775.06,55694.06,146525.02,21355.15,76995.69,465124.84,18891.96,49.9795367,16.5647524
580121,DOLNÍ DOBROUČ,2174901.66,16325.87,264512.04,38551.04,138995.28,839659.46,38732.03,49.9927327,16.4976581
580147,LIBCHAVY,1573684.3,13638.51,191391.84,27894.21,100572.22,607548.81,57836.95,50.0034524,16.3896553
580163,DOLNÍ MORAVA,463507.67,304544.09,56371.91,8215.87,29622.21,178945.38,33997.36,50.122618,16.7995081
580210,DŽBÁNOV,283548.94,34877.0,34485.28,5026.02,18121.26,109469.11,2736.36,49.9163569,16.1594998
580228,HEJNICE,185747.96,4246.47,22590.71,3292.47,11870.93,71711.3,1210.65,50.0558831,16.3994139
580261,HNÁTNICE,646792.13,15975.57,78663.01,11464.66,41335.69,249705.6,16155.6,50.0203367,16.4385515
580279,HORNÍ ČERMNÁ,881563.76,3097.51,107215.99,15626.09,56339.66,340343.37,5630.25,49.9705301,16.607717
580295,HORNÍ HEŘMANICE,406231.28,3730.0,49405.93,7200.62,25961.74,156832.81,3051.42,49.9609971,16.7111908
580325,SLOUPNICE,1559272.83,63443.13,189639.11,27638.76,99651.2,601985.0,24840.19,49.9216472,16.3394356
580333,HORNÍ TŘEŠŇOVEC,514871.66,25924.84,62618.81,9126.31,32904.81,198775.37,2946.4,49.9392227,16.6025357
580341,HRUŠOVÁ,319146.53,12511.04,38814.67,5657.01,20396.26,123212.19,11788.52,49.9135116,16.1977274
580350,CHOCEŇ,7539790.5,102495.89,916991.01,133645.95,481858.72,2910870.21,245292.1,50.0018735,16.2229788
580376,JABLONNÉ NAD ORLICÍ,2608600.99,1716.5,317258.65,46238.55,166712.47,1007096.79,96096.37,50.0296516,16.6001654
580392,JAMNÉ NAD ORLICÍ,579415.39,1789.0,70468.63,10270.38,37029.72,223693.61,10420.33,50.0395878,16.6328996
580406,JAVORNÍK,188088.28,6406.61,22875.34,3333.94,12020.49,72614.83,181.32,49.8894671,16.1560131
580414,JEHNĚDÍ,312125.56,4949.31,37960.77,5532.56,19947.56,120501.62,2473.81,49.9713715,16.3098346
580422,KAMENIČNÁ,268767.93,2450.35,32687.61,4764.03,17176.62,103762.65,3051.42,50.1201803,16.4349062
580431,KLÁŠTEREC NAD ORLICÍ,838082.96,9033.5,101927.84,14855.37,53560.85,323556.83,13524.26,50.1116044,16.5544882
580465,KOLDÍN,311632.85,5395.03,37900.87,5523.82,19916.07,120311.4,2158.74,50.0368222,16.2516165
580481,KRÁLÍKY,3617035.02,57528.66,439904.61,64113.46,231160.25,1396420.69,76938.95,50.0842625,16.7603582
580490,KRASÍKOV,224548.09,175.51,27309.59,3980.21,14350.6,86690.79,1368.19,49.8555825,16.6956957
580503,KUNVALD,863087.5,17177.75,104968.89,15298.59,55158.86,333210.28,9682.28,50.1292058,16.4998735
580511,LANŠKROUN,8499077.7,52123.67,1033659.75,150649.71,543165.59,3281220.09,437960.35,49.9124356,16.6118541
580538,LETOHRAD,5514053.81,68720.42,670620.47,97738.91,352396.38,2128798.53,219874.31,50.0360932,16.4986002
580562,LIBECINA,159265.33,720.24,19369.88,2823.05,10178.45,61487.21,1315.66,49.8828818,16.1182266
580571,LICHKOV,394775.99,19834.5,48012.75,6997.58,25229.65,152410.29,2263.77,50.0978527,16.6660119
580589,LÍŠNICE,641372.43,66825.44,78003.86,11368.59,40989.32,247613.24,7894.01,50.0798234,16.5082129
580619,LUBNÍK,267536.19,7920.0,32537.81,4742.19,17097.91,103287.1,1945.78,49.8886866,16.6613556
580627,LUKAVICE,954113.85,73398.81,116039.55,16912.06,60976.24,368352.63,8051.55,50.0602888,16.4820721
580635,LUKOVÁ,619077.74,13825.34,75292.38,10973.41,39564.5,239005.97,6578.35,49.8759177,16.6029795
580643,MISTROVICE,512654.52,1204.5,62349.16,9087.02,32763.11,197919.39,6158.27,50.0236725,16.5715136
580651,MLADKOV,461167.34,145516.59,56087.28,8174.38,29472.63,178041.86,6420.82,50.0970072,16.6268908
580660,MOSTEK,203731.52,6490.03,24777.87,3611.22,13020.23,78654.17,3051.42,50.0093877,16.2650416
580678,NASAVRKY,100141.3,,12179.21,1358.64,6399.9,38661.34,120.89,50.0254848,16.25908
580686,NEKOŘ,809506.36,1875.04,98452.34,14348.84,51734.55,312524.33,19525.0,50.0557198,16.5511918
580694,NĚMČICE,847074.74,14001.6,103021.42,15014.76,54135.5,327028.28,4842.59,49.8905807,16.3432103
580708,SVATÝ JIŘÍ,215679.49,2612.86,26230.98,3823.01,13783.81,83266.9,4577.13,49.9721232,16.2705113
580716,ORLICKÉ PODHŮŘÍ,565866.13,12046.52,68820.76,10030.21,36163.81,218462.69,6368.31,49.9902318,16.3571757
580724,ORLIČKY,235633.85,20144.99,28657.85,4176.71,15059.07,90970.64,4632.56,50.0315282,16.6814699
580732,OSTROV,618215.52,2273.47,75187.52,10958.13,39509.39,238673.09,27471.52,49.9302468,16.540532
580741,OUCMANICE,186610.18,17923.73,22695.57,3307.74,11926.03,72044.18,3474.42,49.9893661,16.2817606
580759,PASTVINY,302394.72,37376.83,36777.32,5360.07,19325.68,116744.86,2316.28,50.095178,16.5650403
580767,PETROVICE,204963.26,2.0,24927.68,3633.06,13098.95,79129.72,1315.66,49.9881171,16.541522
580775,PÍSEČNÁ,514009.43,49591.86,62513.94,9111.03,32849.72,198442.49,5000.13,50.0456287,16.4521861
580783,PLCHOVICE,57153.22,349.5,6950.99,775.42,3652.59,22065.02,1263.16,50.0450823,16.1811934
580805,PODLESÍ,198927.69,7519.93,24193.63,3526.07,12713.23,76799.57,241.77,50.0172842,16.2812266
580821,PŘÍVRAT,278868.29,1901.34,33916.02,4943.05,17822.12,107662.07,1158.14,49.9246053,16.3969648
580830,PUSTINA,56290.99,1539.01,6846.12,763.72,3597.48,21732.15,161.18,49.8994783,16.1048981
580848,RUDOLTICE,1507908.84,2278.03,183392.22,26728.32,96368.6,582155.02,11210.91,49.8979179,16.5702377
580872,ŘETOVÁ,596783.07,300.83,72580.89,10578.23,38139.68,230398.71,6945.92,49.9457944,16.3812246
580881,ŘETŮVKA,206318.19,1383.71,25092.47,3657.08,13185.55,79652.8,263.04,49.9557718,16.3560196
580902,SEČ,115538.19,9568.61,14051.77,1567.54,7383.9,44605.58,1945.78,50.025514,16.2948024
580929,SKOŘENICE,367431.14,,44687.06,6512.87,23482.08,141853.32,8156.56,50.03126,16.221956
580945,SLATINA,334420.22,,40672.26,5927.74,21372.38,129108.87,3316.88,49.9785689,16.158974
580961,SOPOTNICE,833525.5,12378.32,101373.56,14774.59,53269.58,321797.34,6263.28,50.0593063,16.3452419
580970,SRUBY,496149.06,,60341.75,8794.45,31708.28,191547.17,3261.46,49.9968761,16.1742492
580988,STRÁŽNÁ,127362.99,1149.0,15489.92,2257.55,8139.61,49170.75,7736.48,49.9113999,16.7107615
580996,STUDENÉ,147440.52,53.77,17931.75,2613.44,9422.75,56922.04,895.58,50.0665603,16.5891889
581003,SUDISLAV NAD ORLICÍ,127362.99,3203.78,15489.92,2257.55,8139.61,49170.75,283.19,49.9892351,16.3133405
581011,SUDSLAVA,154707.85,2747.62,18815.6,2742.26,9887.18,59727.72,948.1,50.0405791,16.2864443
581038,ŠEDIVEC,154707.85,,18815.6,2742.26,9887.18,59727.72,2158.74,50.0476321,16.5354478
581046,TATENICE,882549.15,3455.0,107335.83,15643.56,56402.63,340723.79,5315.19,49.8709775,16.6972061
581054,TĚCHONÍN,530761.24,2589.03,64551.31,9407.97,33920.3,204909.81,8789.61,50.0649334,16.6179104
581062,TISOVÁ,515857.06,22146.27,62738.66,9143.79,32967.79,199155.8,8314.1,49.9363072,16.2222086
581071,TŘEBOVICE,657631.53,1293.29,79981.3,11656.8,42028.42,253890.35,7208.47,49.8592524,16.5020378
581089,ÚJEZD U CHOCNĚ,304981.39,1834.29,37091.9,5405.93,19490.98,117743.5,2263.77,50.026897,16.1645866
581101,VELKÁ SKROVNICE,241053.55,21753.72,29316.98,4272.78,15405.44,93063.01,2683.85,50.0303945,16.3169006
581119,VERMĚŘOVICE,625359.68,2138.28,76056.39,11084.77,39965.96,241431.22,8524.13,50.0054916,16.5625511
581127,VLČKOV,84621.26,,10291.66,1148.08,5408.04,32669.53,60.44,49.9075783,16.3499657
581143,VODĚRADY,259776.15,7439.5,31594.03,4604.64,16601.97,100291.2,1263.16,49.949597,16.2850606
581151,VRACLAV,659602.34,50534.0,80220.98,11691.73,42154.37,254651.21,8051.55,49.9680398,16.0899686
581178,VÝPRACHTICE,874173.26,5794.94,106317.15,15495.09,55867.34,337490.13,9839.8,49.9872042,16.6638134
581186,VYSOKÉ MÝTO,10557209.42,184702.34,1283970.19,187130.97,674698.25,4075798.45,569051.77,49.9534727,16.1616455
581194,ZÁDOLÍ,80556.48,1459.78,9797.3,1092.94,5148.27,31100.26,161.18,49.9031471,16.1270573
581208,ZÁCHLUMÍ,635952.73,55155.88,77344.72,11272.53,40642.96,245520.86,7631.47,50.0953496,16.3762436
581216,ZÁLŠÍ,240191.33,14071.44,29212.12,4257.5,15350.34,92730.13,11946.05,49.965265,16.2407265
581224,ZÁMRSK,581016.66,856.09,70663.38,10298.77,37132.05,224311.82,21313.26,49.9861773,16.1287426
581232,ZÁŘECKÁ LHOTA,152613.88,7522.5,18560.94,2705.15,9753.37,58919.3,1525.71,49.9931098,16.2461188
581259,ŽAMBERK,5062247.77,129193.53,615671.71,89730.46,323522.02,1954370.77,223296.21,50.0871434,16.4650893
581267,ŽAMPACH,222084.59,28304.75,27009.98,3936.54,14193.15,85739.71,8894.63,50.0379727,16.4272015
581275,ŽICHLÍNEK,788197.08,17746.9,95860.71,13971.13,50372.7,304297.5,18839.45,49.8840579,16.6357586
581283,BLANSKO,16853547.9,77939.43,2049732.29,298736.2,1077089.48,6506611.89,602258.57,49.3636494,16.6442394
581291,ADAMOV,3716437.29,719191.11,451994.02,65875.4,237513.02,1434796.67,50785.95,49.300901,16.6544811
581313,BEDŘICHOV,190551.79,0.04,23174.95,3377.61,12177.93,73565.91,895.58,49.4630918,16.4609483
581321,BĚLEČ,158156.75,0.16,19235.06,2803.39,10107.6,61059.23,221.62,49.4339359,16.3831302
581330,BENEŠOV,646792.13,3559.87,78663.01,11464.66,41335.69,249705.6,17313.74,49.5094712,16.7701962
581356,BOROTÍN,335036.11,5409.5,40747.17,5938.65,21411.74,129346.64,2631.34,49.5813049,16.6714605
581364,BOŘITOV,1014839.15,3023.57,123424.97,17988.45,64857.12,391796.7,13261.71,49.4265568,16.590423
581372,BOSKOVICE,10458053.53,71942.76,1271910.82,185373.38,668361.32,4037517.55,499478.83,49.4877983,16.66016
581381,BRŤOV-JENEČ,292787.07,37122.61,35608.83,5189.77,18711.66,113035.65,5210.16,49.4138231,16.5168673
581402,BRUMOV,213092.82,,25916.4,3777.16,13618.5,82268.27,2368.78,49.4623844,16.425751
581429,BŘEZINA,882302.81,6230.0,107305.87,15639.18,56386.88,340628.69,3369.4,49.2815982,16.7495168
581437,BUKOVICE,74644.07,15841.66,9078.23,1012.72,4770.41,28817.67,40.29,49.4067634,16.4893318
581445,BUKOVINA,371372.74,87.21,45166.43,6582.74,23733.97,143375.06,3631.94,49.2974402,16.7732698
581453,BUKOVINKA,507850.69,1404.92,61764.91,9001.87,32456.11,196064.79,2578.83,49.2941796,16.8049334
581461,BÝKOVICE,228736.04,25.24,27818.92,4054.44,14618.24,88307.62,2578.83,49.4302031,16.53828
581470,CETKOVICE,636814.95,18412.69,77449.58,11287.81,40698.06,245853.74,11263.41,49.5787852,16.7212454
581496,ČERNÁ HORA,1879404.75,40946.83,228573.62,33313.23,120110.43,725577.63,53151.87,49.413498,16.5804128
581500,ČERNOVICE,389233.12,3010.13,47338.63,6899.32,24875.41,150270.37,2421.3,49.4835306,16.4229125
581518,DEŠTNÁ,199913.09,,24313.47,3543.55,12776.2,77180.01,1105.63,49.6125536,16.5635535
581526,DLOUHÁ LHOTA,114552.78,3635.93,13931.94,1554.17,7320.93,44225.14,201.48,49.4286623,16.509833
581534,CHRUDICHROMY,161112.95,454.01,19594.59,2855.79,10296.53,62200.52,2683.85,49.5028969,16.6279926
581542,DOUBRAVICE NAD SVITAVOU,1090961.32,2379.41,132682.96,19337.74,69722.0,421185.02,12471.15,49.435856,16.6297712
581551,DRNOVICE,1115842.68,21765.34,135709.04,19778.78,71312.13,430790.91,10997.95,49.4680432,16.540633
581569,HABRŮVKA,327276.08,1325.02,39803.39,5801.1,20915.81,126350.75,3474.42,49.3028318,16.7236967
581577,HLUBOKÉ DVORY,85113.95,7546.83,10351.58,1154.76,5439.53,32859.76,141.03,49.3831412,16.5142039
581593,HODONÍN,150027.2,1765.79,18246.34,2659.29,9588.06,57920.67,4895.12,49.5011839,16.4102744
581615,HOLŠTEJN,136970.64,147.81,16658.4,2427.86,8753.63,52879.96,1315.66,49.4063213,16.7776603
581631,HORNÍ POŘÍČÍ,202869.29,,24673.01,3595.95,12965.13,78321.29,1000.61,49.5875968,16.4773314
581666,JABLOŇANY,319269.7,,38829.65,5659.19,20404.13,123259.75,1420.69,49.4653514,16.6071315
581682,JEDOVNICE,2558715.09,16818.74,311191.5,45354.3,163524.33,987837.46,37048.78,49.3445314,16.7559491
581721,KNĚŽEVES,138325.57,,16823.19,2451.88,8840.22,53403.05,241.77,49.5870281,16.424095
581739,KNÍNICE,944013.5,9190.03,114811.13,16733.03,60330.74,364453.19,8104.05,49.5396842,16.6949654
581755,KOŘENEC,302887.43,,36837.24,5368.81,19357.17,116935.07,2578.83,49.5299637,16.7538341
581763,KOTVRDOVICE,700126.93,,85149.6,12410.05,44744.25,270296.45,10367.83,49.3551061,16.7843532
581771,KOZÁROV,87331.1,,10621.24,1184.85,5581.23,33715.73,895.58,49.4438353,16.4586566
581780,KRASOVÁ,343412.0,537.62,41765.84,6087.13,21947.04,132580.32,948.1,49.3613761,16.7679289
581798,KRHOV,110488.02,12711.32,13437.58,1499.02,7061.16,42655.86,1210.65,49.4602599,16.5838181
581801,KŘETÍN,424461.18,3613.87,51623.06,7523.76,27126.79,163870.79,5315.19,49.5631047,16.5044008
581810,KŘTĚNOV,155077.37,240.54,18860.55,2748.81,9910.8,59870.37,60.44,49.5452601,16.4193902
581828,KŘTINY,877006.27,1527.0,106661.7,15545.31,56048.39,338583.87,17103.69,49.2968704,16.7433382
581836,KULÍŘOV,122928.69,,14950.62,2178.97,7856.21,47458.81,1158.14,49.3793222,16.8468083
581844,KUNČINA VES,65898.64,,8014.6,894.06,4211.49,25441.34,843.08,49.4469803,16.4752608
581852,KUNICE,145962.42,,17751.99,2587.24,9328.28,56351.38,895.58,49.4788539,16.4907003
581861,KUNIČKY,193754.34,6.46,23564.45,3434.38,12382.6,74802.31,843.08,49.4349265,16.6813622
581879,KUNŠTÁT,2482592.91,275869.78,301933.52,44005.0,158659.46,958449.15,50520.53,49.5072078,16.5184624
581887,LAZINOV,178973.33,114.66,21766.77,3172.38,11437.96,69095.83,1735.75,49.5638133,16.5233895
581909,LAŽANY,315451.28,5195.68,38365.26,5591.51,20160.1,121785.57,1158.14,49.354368,16.5500118
581917,LETOVICE,6202602.28,111568.23,754361.89,109943.73,396400.67,2394624.91,132672.56,49.5467115,16.5738843
581925,LHOTA RAPOTINA,305720.45,6813.77,37181.79,5419.03,19538.21,118028.81,5052.63,49.4660468,16.6248483
581933,LHOTA U LYSIC,108147.69,10.43,13152.95,1467.27,6911.58,41752.34,100.74,49.469979,16.4962596
581941,LHOTA U OLEŠNICE,40155.06,,4883.66,544.8,2566.26,15502.58,100.74,49.5448092,16.3907243
581950,LIPOVEC,1050436.73,20355.95,127754.35,18619.44,67132.12,405539.78,13209.2,49.3839404,16.8058321
581968,LIPŮVKA,1313045.92,19747.69,159692.95,23274.29,83915.15,506924.73,19367.47,49.3392318,16.5527421
581976,LOMNICE,1384980.14,8475.6,168441.59,24549.36,88512.37,534696.21,15788.03,49.404466,16.413603
581992,LUBĚ,85113.95,2314.14,10351.58,1154.76,5439.53,32859.76,181.32,49.3961739,16.5259625
582018,LYSICE,1879897.46,1990.32,228633.55,33321.97,120141.93,725767.84,30732.99,49.4517461,16.5365508
582026,MAKOV,40155.06,,4883.66,544.8,2566.26,15502.58,201.48,49.5191474,16.4836856
582034,MALÁ LHOTA,117139.46,22884.24,14246.53,1589.26,7486.24,45223.77,161.18,49.3918905,16.5495308
582042,MALÁ ROUDKA,159388.5,,19384.86,2825.23,10186.33,61534.77,1735.75,49.6017475,16.6446577
582069,MÍCHOV,128348.39,2756.34,15609.76,2275.03,8202.59,49551.18,1158.14,49.5240323,16.6157521
582077,MILONICE,126993.47,716.0,15444.97,2251.01,8115.99,49028.08,1000.61,49.3665612,16.5664077
582085,NĚMČICE,367677.49,116.04,44717.02,6517.24,23497.81,141948.44,3421.91,49.4499656,16.7179516
582107,NÝROV,208288.99,,25332.15,3692.01,13311.48,80413.67,1578.22,49.5252981,16.5426232
582115,OBORA,286874.67,14946.0,34889.77,5084.98,18333.81,110753.06,1473.2,49.4522117,16.6056205
582123,OCHOZ U TIŠNOVA,94475.26,,11490.11,1281.77,6037.8,36473.86,241.77,49.4255931,16.394233
582131,OKROUHLÁ,462275.93,50.0,56222.1,8194.04,29543.48,178469.84,1473.2,49.5075045,16.7319973
582158,OLEŠNICE,1453958.16,2082.36,176830.73,25772.02,92920.67,561326.4,32891.73,49.5577012,16.4223306
582166,OLOMUČANY,884889.49,10433.57,107620.45,15685.04,56552.19,341627.32,11368.43,49.3308697,16.6716851
582174,OSIKY,122682.34,,14920.65,2174.59,7840.48,47363.71,221.62,49.4561944,16.4215826
582182,OSTROV U MACOCHY,1011143.9,519.35,122975.54,17922.95,64620.96,390370.08,9052.16,49.3881529,16.7489318
582191,PAMĚTICE,198065.47,10755.0,24088.77,3510.79,12658.12,76466.69,2841.38,49.5497279,16.6446971
582204,PETROV,102851.15,,12508.79,1395.41,6573.09,39707.52,241.77,49.5336782,16.4893354
582212,PETROVICE,478781.38,47.97,58229.5,8486.6,30598.33,184842.06,4895.12,49.4128505,16.6998313
582221,PROSTŘEDNÍ POŘÍČÍ,213462.34,598.5,25961.34,3783.72,13642.12,82410.93,1158.14,49.5721687,16.4975474
582239,RÁJEC-JESTŘEBÍ,3140101.26,3596.98,381899.83,55659.61,200680.01,1212291.94,49942.92,49.409145,16.6270226
582247,RÁJEČKO,1040213.21,,126510.97,18438.22,66478.75,401592.81,29682.79,49.3939012,16.6438712
582255,RAŠOV,211737.89,4878.67,25751.62,3753.14,13531.9,81745.18,221.62,49.4155452,16.4537251
582263,ROHOZEC,183777.16,26540.33,22351.02,3257.53,11744.97,70950.44,1158.14,49.390315,16.4828464
582271,ROZSEČ NAD KUNŠTÁTEM,474470.25,10873.5,57705.18,8410.19,30322.81,183177.68,3684.46,49.5244186,16.4629625
582280,ROZSÍČKA,111719.76,,13587.38,1515.73,7139.87,43131.39,4685.06,49.552283,16.4669848
582298,RUDICE,754323.94,,91741.06,13370.72,48207.91,291220.17,5735.27,49.3372988,16.7256625
582310,SEBRANICE,537289.53,15190.5,65345.28,9523.69,34337.51,207430.17,60153.22,49.4983304,16.5727867
582328,SENETÁŘOV,483585.21,2423.74,58813.74,8571.75,30905.34,186696.67,5367.7,49.3547618,16.8040385
582336,SKALICE NAD SVITAVOU,505140.84,13791.66,61435.33,8953.83,32282.92,195018.6,33416.84,49.480837,16.6073215
582344,SKRCHOV,96569.23,5206.0,11744.77,1310.18,6171.62,37282.27,12471.15,49.5776115,16.5490652
582352,SLOUP,1083570.81,10370.36,131784.13,19206.74,69249.68,418331.78,18524.39,49.4148654,16.7396127
582379,STRHAŘE,122066.46,,14845.74,2163.68,7801.12,47125.93,303.33,49.4356144,16.4362959
582395,SUDICE,336267.85,1050.61,40896.97,5960.49,21490.46,129822.19,6053.24,49.5299009,16.6685228
582409,SUCHÝ,349201.23,1495.07,42469.94,6189.74,22317.02,134815.35,4842.59,49.4829363,16.7623219
582417,SULÍKOV,246103.73,,29931.19,4362.28,15728.18,95012.72,1630.73,49.5445918,16.4896109
582433,SVINOŠICE,323211.31,3416.36,39309.03,5729.06,20656.03,124781.47,3474.42,49.3346295,16.5774196
582441,SVITÁVKA,1534760.99,3305.33,186657.97,27204.29,98084.69,592521.77,15315.45,49.5017765,16.5979316
582450,SYNALOV,108147.69,1486.28,13152.95,1467.27,6911.58,41752.34,221.62,49.4324038,16.4138381
582468,ŠEBETOV,644821.33,0.62,78423.31,11429.72,41209.74,248944.75,15735.53,49.5486196,16.711622
582476,ŠEBROV-KATEŘINA,673644.29,197.62,81928.76,11940.63,43051.78,260072.36,5735.27,49.3296156,16.5986378
582484,ŠOŠŮVKA,501691.93,298.49,61015.89,8892.7,32062.51,193687.09,1683.24,49.4105331,16.7518791
582492,ŠTĚCHOV,138818.26,120.69,16883.11,2460.62,8871.71,53593.26,3103.93,49.4528909,16.5050738
582506,TASOVICE,65036.41,,7909.75,882.37,4156.4,25108.46,3526.93,49.4960259,16.4412634
582531,UHŘICE,232308.13,5082.34,28253.37,4117.76,14846.53,89686.68,2158.74,49.5950652,16.735005
582557,ÚJEZD U ČERNÉ HORY,224548.09,34391.79,27309.59,3980.21,14350.6,86690.79,3369.4,49.3687061,16.540111
582565,UNÍN,172445.05,1985.51,20972.8,3056.66,11020.75,66575.48,1105.63,49.3821766,16.4913509
582581,VALCHOV,343412.0,,41765.84,6087.13,21947.04,132580.32,1683.24,49.4702817,16.719709
582590,VANOVICE,480013.13,11113.91,58379.3,8508.43,30677.04,185317.6,3841.98,49.5673414,16.6660708
582603,VAVŘINEC,683744.64,4.88,83157.17,12119.66,43697.28,263971.78,10420.33,49.4025617,16.7198739
582611,VÁŽANY,186363.83,1883.99,22665.62,3303.38,11910.28,71949.07,1053.12,49.5311903,16.6886931
582620,STVOLOVÁ,129949.67,,15804.51,2303.41,8304.92,50169.38,1053.12,49.5892539,16.5402643
582646,VELKÉ OPATOVICE,2944992.01,18454.58,358170.59,52201.22,188210.81,1136966.54,65468.41,49.6126397,16.6794242
582654,VILÉMOVICE,255465.03,,31069.71,4528.22,16326.46,98626.82,181.32,49.363839,16.7465622
582662,VÍSKY,249675.8,1260.39,30365.63,4425.61,15956.47,96391.79,3369.4,49.5390503,16.6259509
582671,VODĚRADY,411158.28,29629.47,50005.16,7287.95,26276.61,158734.96,3841.98,49.4814985,16.5580747
582689,VRANOVÁ,292787.07,1676.29,35608.83,5189.77,18711.66,113035.65,201.48,49.5540416,16.5247523
582701,VYSOČANY,614273.93,8.14,74708.13,10888.26,39257.49,237151.38,4104.54,49.4300329,16.8039503
582727,ZBRASLAVEC,166902.18,4492.58,20298.68,2958.41,10666.5,64435.55,263.04,49.4838994,16.5283899
582735,ZHOŘ,59370.38,618.0,7220.63,805.49,3794.29,22920.98,100.74,49.4150307,16.4801582
582743,ŽĎÁR,311016.97,29.34,37825.95,5512.9,19876.71,120073.64,1315.66,49.4209288,16.6995482
582751,ŽĎÁRNÁ,737941.66,2256.62,89748.64,13080.33,47160.94,284895.5,5420.21,49.4686388,16.7585066
582760,ŽERNOVNÍK,193631.16,4543.01,23549.46,3432.2,12374.73,74754.76,3208.96,49.4071517,16.5455472
582778,ŽERŮTKY,68238.97,0.58,8299.24,925.82,4361.07,26344.88,100.74,49.4403841,16.5366784
582794,BABICE NAD SVITAVOU,1179277.82,1573.18,143424.04,20903.19,75366.19,455281.17,9734.78,49.2826362,16.6980974
582808,BABICE U ROSIC,566482.01,8984.88,68895.67,10041.12,36203.17,218700.45,2578.83,49.1729776,16.3581686
582824,BÍLOVICE NAD SVITAVOU,3246401.33,8384.98,394828.06,57543.83,207473.51,1253330.96,25683.27,49.2471499,16.6723637
582832,BISKOUPKY,152737.05,2943.67,18575.91,2707.33,9761.23,58966.85,303.33,49.0976886,16.2812818
582841,BLAŽOVICE,1014839.15,53889.71,123424.97,17988.45,64857.12,391796.7,19049.5,49.165706,16.7858382
582859,BLUČINA,1811288.95,27312.67,220289.37,32105.86,115757.24,699280.31,40995.78,49.0552106,16.6451368
582875,BRANÍŠKOV,159142.15,,19354.91,2820.87,10170.58,61439.66,1420.69,49.2943693,16.345657
582883,BRATČICE,540861.6,19946.76,65779.71,9587.0,34565.8,208809.24,5210.16,49.0651464,16.5230794
582891,BŘEZINA,260515.21,8579.0,31683.92,4617.75,16649.2,100576.53,6630.86,49.2815982,16.7495168
582913,ČEBÍN,1565308.39,6779.23,190373.17,27745.75,100036.93,604315.14,26943.51,49.3082989,16.479781
582921,ČESKÁ,706532.02,21052.84,85928.58,12523.58,45153.59,272769.25,14367.34,49.280078,16.5654048
582930,ČUČICE,358316.19,6267.97,43578.49,6351.3,22899.54,138334.34,1683.24,49.1382316,16.2763813
582948,DEBLÍN,1106358.21,2113.09,134555.53,19610.67,70705.99,427129.26,8471.63,49.3205381,16.3462457
582956,DOLNÍ KOUNICE,2254472.74,42104.04,274189.48,39961.47,144080.58,870379.29,18104.31,49.0702561,16.4649901
582964,DOMAŠOV,627207.3,,76281.1,11117.51,40084.05,242144.53,14577.38,49.2451957,16.343862
582972,DRÁSOV,1964149.18,89733.97,238880.26,34815.36,125526.35,758294.72,69205.37,49.3320138,16.4781153
582999,HAJANY,478535.03,4015.27,58199.55,8482.24,30582.59,184746.96,2526.32,49.1108159,16.5549847
583014,HEROLTICE,174785.38,5347.37,21257.43,3098.14,11170.31,67479.01,283.19,49.3114133,16.4127991
583022,HLÍNA,253001.53,137.55,30770.1,4484.56,16169.02,97675.74,1210.65,49.1136172,16.4261634
583031,HOLASICE,1074579.04,4889.56,130690.55,19047.36,68675.03,414860.36,11315.92,49.0758558,16.6075621
583057,HOSTĚNICE,688178.95,24212.19,83696.48,12198.26,43980.68,265683.72,2001.22,49.2365416,16.7765464
583065,HRADČANY,491837.93,37514.0,59817.44,8718.03,31432.76,189882.78,10735.4,49.3279317,16.4423375
583081,HRUŠOVANY U BRNA,2851378.98,23597.14,346785.35,50541.89,182228.12,1100825.56,39260.04,49.0388625,16.5944125
583090,HVOZDEC,256573.61,9158.99,31204.54,4547.87,16397.3,99054.81,1105.63,49.2471043,16.4256537
583111,CHUDČICE,760975.38,5337.62,92550.0,13488.61,48633.0,293788.09,4947.62,49.2884909,16.4587237
583120,IVANČICE,8503635.18,638959.62,1034214.03,150730.5,543456.85,3282979.59,208505.87,49.1015881,16.3776051
583154,JAVŮREK,294018.81,4678.52,35758.64,5211.6,18790.38,113511.19,1735.75,49.2555275,16.3621786
583171,JINAČOVICE,599616.09,2325.9,72925.44,10628.45,38320.72,231492.45,23629.54,49.2678029,16.5294859
583189,JIŘÍKOVICE,771075.74,12638.34,93778.41,13667.63,49278.5,297687.5,17523.78,49.1671269,16.7584954
583197,KANICE,995747.02,147720.48,121102.97,17650.03,63636.97,384425.85,10420.33,49.2637745,16.7142041
583201,KETKOVICE,529775.85,11009.0,64431.46,9390.5,33857.32,204529.38,2578.83,49.1589884,16.2631155
583219,KOBYLNICE,933666.8,29328.21,113552.77,16549.63,59669.49,360458.68,10840.41,49.1380337,16.7318245
583227,KOVALOVICE,523124.39,11186.06,63622.5,9272.61,33432.23,201961.48,2736.36,49.2046209,16.8190335
583235,KRATOCHVILKA,326413.86,6289.42,39698.53,5785.83,20860.71,126017.88,1420.69,49.1567587,16.3763444
583243,KUPAŘOVICE,275788.9,31032.97,33541.51,4888.47,17625.32,106473.21,1735.75,49.0432139,16.4907113
583251,KUŘIM,9534733.44,198621.81,1159616.43,169007.15,609353.06,3681053.41,446326.96,49.2987857,16.531396
583260,LAŽÁNKY,737079.44,13690.94,89643.76,13065.05,47105.84,284562.63,4367.08,49.2789457,16.3880626
583278,LEDCE,189935.91,7839.18,23100.05,3366.7,12138.57,73328.13,4209.56,49.0515031,16.5570155
583286,LELEKOVICE,1553976.29,32742.16,188994.95,27544.88,99312.71,599940.19,22418.89,49.2950898,16.5828498
583294,LESNÍ HLUBOKÉ,223809.05,,27219.7,3967.11,14303.36,86405.46,1578.22,49.2687764,16.3063419
583308,LITOSTROV,124037.26,977.0,15085.45,2198.6,7927.07,47886.79,843.08,49.2243773,16.3294174
583316,LOMNIČKA,454023.2,11848.07,55218.41,8047.74,29016.07,175283.73,7050.93,49.3670315,16.4305208
583324,LUKOVANY,514625.32,7141.28,62588.85,9121.95,32889.07,198680.26,4419.6,49.1624723,16.2978497
583332,MALEŠOVICE,639524.81,47505.59,77779.15,11335.85,40871.24,246899.92,6525.83,49.0234571,16.5014914
583341,MALHOSTOVICE,773046.55,12160.27,94018.09,13702.58,49404.45,298448.37,3474.42,49.3335986,16.5022167
583359,MARŠOV,392189.33,617.47,47698.16,6951.72,25064.34,151411.66,1263.16,49.28368,16.3597493
583367,MEDLOV,729196.23,31286.86,88685.01,12925.3,46602.04,281519.17,16155.6,49.0350896,16.5223776
583375,MĚLČANY,385414.7,19457.44,46874.22,6831.64,24631.38,148796.2,3684.46,49.0761421,16.4921954
583383,MĚNÍN,1630960.69,5403.61,198357.81,28909.46,104232.69,629661.39,26155.86,49.0823951,16.6942374
583391,MODŘICE,4574105.07,148760.43,556303.69,81077.93,292325.42,1765914.61,523108.36,49.1288791,16.6137074
583405,MOKRÁ-HORÁKOV,2438988.95,4706.59,296630.39,43232.1,155872.78,941615.06,26208.37,49.2232246,16.7514592
583413,MORAVANY,2666123.72,232923.9,324254.57,47258.16,170388.68,1029304.48,87254.25,49.1468868,16.5768919
583421,MORAVSKÉ BRÁNICE,754939.82,11507.68,91815.96,13381.63,48247.28,291457.94,8842.12,49.0832736,16.4362839
583430,MORAVSKÉ KNÍNICE,955715.13,18682.37,116234.29,16940.45,61078.57,368970.82,6000.73,49.288854,16.4924841
583448,MOUTNICE,907923.21,33770.81,110421.83,16093.32,58024.25,350519.9,8684.58,49.0492374,16.7374146
583456,NEBOVIDY,636322.26,8936.16,77389.65,11279.08,40666.57,245663.52,6893.4,49.1413315,16.5513708
583464,NELEPEČ-ŽERNŮVKA,66884.04,,8134.46,907.44,4274.48,25821.77,3051.42,49.3423127,16.3765579
583472,NĚMČIČKY,262362.83,22094.59,31908.63,4650.49,16767.28,101289.84,11473.46,49.0505843,16.5009083
583481,NESLOVICE,936746.18,21437.6,113927.29,16604.21,59866.29,361647.52,12736.61,49.1422123,16.3877784
583499,NESVAČILKA,235264.33,,28612.9,4170.16,15035.45,90827.98,4737.58,49.0640241,16.753999
583502,NOVÁ VES,696308.5,20432.28,84685.2,12342.36,44500.22,268822.28,11630.98,49.1081117,16.3108395
583511,NOVÉ BRÁNICE,700250.1,7753.49,85164.57,12412.23,44752.12,270343.99,13629.29,49.0711485,16.4417503
583529,ODROVICE,182791.76,16462.88,22231.17,3240.06,11682.0,70570.01,1210.65,49.010807,16.5090144
583537,OCHOZ U BRNA,1242712.97,12427.93,151139.04,22027.61,79420.26,479771.45,9262.2,49.254202,16.7372324
583545,OMICE,636814.95,7394.15,77449.58,11287.81,40698.06,245853.74,3631.94,49.169933,16.451729
583553,OPATOVICE,900163.18,14274.92,109478.05,15955.77,57528.31,347524.0,12208.6,49.0755159,16.6409492
583561,OŘECHOV,2584089.14,37889.64,314277.51,45804.06,165145.96,997633.57,28206.66,49.1111793,16.5232869
583588,OSLAVANY,4019694.23,39218.4,488876.12,71250.76,256893.7,1551874.44,67046.63,49.1236142,16.3364832
583596,OSTOPOVICE,1333246.63,13328.49,162149.76,23632.36,85206.15,514723.57,13999.77,49.1610664,16.5460487
583600,OSTROVAČICE,932188.7,55462.44,113373.0,16523.43,59575.03,359888.02,29469.83,49.2110757,16.4095786
583634,PODOLÍ,1122863.66,51342.99,136562.93,19903.23,71760.83,433501.48,32314.13,49.1904244,16.7208449
583651,POPOVICE,257066.31,5533.47,31264.46,4556.61,16428.79,99245.01,4419.6,49.1062167,16.6157441
583669,POPŮVKY,1343470.15,26387.48,163393.15,23813.57,85859.53,518670.55,55730.7,49.1773947,16.4877634
583677,POZOŘICE,2282310.3,28536.53,277575.09,40454.9,145859.64,881126.49,29364.8,49.2097639,16.7907416
583685,PRACE,760236.34,294986.07,92460.12,13475.5,48585.76,293502.76,7050.93,49.1413037,16.7652026
583693,PRAVLOV,496272.23,63816.74,60356.75,8796.63,31716.15,191594.72,4262.07,49.0556789,16.4876812
583707,PRŠTICE,758265.54,14779.45,92220.42,13440.58,48459.82,292741.89,4632.56,49.1150174,16.4707614
583715,PŘÍBRAM NA MORAVĚ,532362.52,3345.65,64746.04,9436.35,34022.63,205528.02,2053.73,49.1954826,16.299071
583723,PŘIBYSLAVICE,421381.81,5816.41,51248.55,7469.18,26929.99,162681.94,5787.78,49.2787763,16.2656176
583731,PŘÍSNOTICE,713429.83,16440.22,86767.49,12645.84,45594.43,275432.28,9052.16,49.003219,16.6132838
583740,RADOSTICE,605035.8,5065.43,73584.58,10724.52,38667.1,233584.83,3631.94,49.1336068,16.4770079
583758,RAJHRAD,3541159.2,63445.11,430676.58,62768.53,226311.12,1367127.48,217190.46,49.0890629,16.6030548
583766,RAJHRADICE,1265254.0,2213.31,153880.48,22427.16,80860.82,488473.81,22891.48,49.0918042,16.6323115
583774,REBEŠOVICE,797681.55,4891.78,97014.21,14139.23,50978.84,307959.15,4157.05,49.1043792,16.6364612
583782,ROSICE,5644373.0,107494.66,686469.92,100048.88,360724.92,2179110.58,144513.58,49.1825874,16.3878251
583791,ROZDROJOVICE,838206.14,4890.04,101942.82,14857.55,53568.72,323604.39,7050.93,49.2546441,16.5099282
583804,RUDKA,312002.38,4331.0,37945.8,5530.38,19939.69,120454.07,1735.75,49.2419852,16.3327955
583821,ŘÍCMANICE,583480.16,4423.37,70962.99,10342.42,37289.49,225262.89,3684.46,49.2574642,16.6939395
583839,ŘÍČANY,1677767.21,13305.16,204050.43,29739.13,107224.03,647731.86,25840.79,49.2151397,16.3933259
583847,SENTICE,530884.42,2506.79,64566.28,9410.15,33928.16,204957.37,4314.58,49.3106949,16.4464014
583855,SILŮVKY,649871.51,29818.92,79037.52,11519.25,41532.49,250894.46,4367.08,49.1059745,16.4679353
583863,SIVICE,878730.72,10426.49,106871.44,15575.87,56158.6,339249.62,12946.64,49.2037069,16.7825412
583880,SOBOTOVICE,475578.82,11177.39,57840.01,8429.83,30393.66,183605.67,4314.58,49.0600835,16.5567924
583898,SOKOLNICE,2029801.47,46809.24,246864.92,35979.07,129722.11,783640.96,42891.98,49.1136525,16.7210969
583901,STANOVIŠTĚ,300054.39,62.5,36492.68,5318.59,19176.1,115841.33,303.33,49.2390968,16.2534909
583910,STŘELICE,2790037.82,13513.95,339325.03,49454.6,178307.88,1077143.72,59782.73,49.1522119,16.5039853
583928,SVATOSLAV,367061.62,5696.59,44642.11,6506.32,23458.46,141710.67,948.1,49.3017701,16.3087914
583936,SYROVICE,1665819.23,13023.02,202597.32,29527.34,106460.45,643119.13,29312.29,49.0799072,16.5460683
583944,ŠERKOVICE,255095.51,644.96,31024.77,4521.67,16302.84,98484.16,1683.24,49.3855804,16.4299579
583952,ŠLAPANICE,6777213.83,87746.48,824246.27,120128.95,433123.38,2616463.93,136724.58,49.1688974,16.7272687
583961,ŠTĚPÁNOVICE,373220.36,0.39,45391.15,6615.49,23852.05,144088.36,1683.24,49.372952,16.3875784
583979,TELNICE,1298511.26,54186.08,157925.24,23016.66,82986.25,501313.37,26103.35,49.1019235,16.7177934
583987,TETČICE,873187.85,16012.06,106197.3,15477.62,55804.36,337109.71,15945.56,49.1702477,16.405632
583995,TĚŠANY,1192580.73,13112.46,145041.93,21138.99,76216.36,460417.0,16998.68,49.0393815,16.7701274
584002,TIŠNOV,8194096.31,91155.05,996567.85,145243.8,523674.6,3163476.59,218348.6,49.348838,16.4244906
584011,TRBOUŠANY,339347.23,25719.6,41271.48,6015.07,21687.26,131011.03,1473.2,49.0508088,16.4627267
584029,TROUBSKO,1834076.34,147085.79,223060.78,32509.77,117213.56,708077.78,40208.14,49.1695454,16.5106999
584037,TVAROŽNÁ,1054624.68,7299.25,128263.7,18693.67,67399.76,407156.61,27681.56,49.1917701,16.7714571
584045,ÚJEZD U BRNA,2870224.76,32078.9,349077.39,50875.94,183432.53,1108101.31,33787.32,49.1043477,16.7573682
584053,ÚJEZD U ROSIC,266550.78,4538.24,32417.96,4724.73,17034.93,102906.67,1473.2,49.2224116,16.2536442
584061,UNKOVICE,566112.48,276.71,68850.73,10034.58,36179.55,218557.78,2998.92,49.0192179,16.6040416
584070,ÚSUŠÍ,96692.4,,11759.75,1311.85,6179.49,37329.82,201.48,49.3347444,16.3559842
584096,VELATICE,559461.03,4743.22,68041.77,9916.68,35754.47,215989.88,3947.01,49.1973731,16.7535786
584100,VEVERSKÁ BÍTÝŠKA,2999804.9,34148.47,364836.96,53172.8,191713.84,1158128.03,79255.23,49.2756422,16.4370099
584118,VEVERSKÉ KNÍNICE,794232.65,3678.77,96594.75,14078.1,50758.43,306627.64,11315.92,49.2368966,16.4018268
584126,VINIČNÉ ŠUMICE,1064109.16,1892.69,129417.2,18861.79,68005.91,410818.27,14104.79,49.2135782,16.825406
584134,VOHANČICE,148425.93,29506.99,18051.59,2630.92,9485.72,57302.46,895.58,49.3215917,16.3938553
584142,VOJKOVICE,940195.08,17519.97,114346.74,16665.35,60086.71,362979.03,15840.54,49.05138,16.608203
584151,VRANOV,790044.71,4308.69,96085.42,14003.87,50490.78,305010.81,6053.24,49.3094064,16.6131768
584169,VŠECHOVICE,200282.62,34826.38,24358.42,3550.09,12799.82,77322.66,1210.65,49.3571148,16.4940772
584177,VYSOKÉ POPOVICE,567836.93,1749.76,69060.45,10065.15,36289.75,219223.55,3894.5,49.1830796,16.2849523
584185,ZAKŘANY,651226.43,2358.75,79202.3,11543.26,41619.08,251417.54,7578.96,49.1705404,16.3252561
584193,ZÁLESNÁ ZHOŘ,62942.45,4976.57,7655.07,853.95,4022.58,24300.05,3947.01,49.2501859,16.2897459
584207,ZASTÁVKA,2160613.36,128524.59,262774.29,38297.78,138082.13,834143.21,52154.18,49.1885443,16.365508
584215,ZBRASLAV,1123479.54,40820.68,136637.84,19914.15,71800.19,433739.25,12103.57,49.221003,16.2938559
584223,ZBÝŠOV,2973568.62,24295.39,361646.08,52707.74,190037.1,1147999.05,32944.24,49.1552431,16.3495114
584231,ŽABČICE,1302083.34,5931.91,158359.67,23079.97,83214.53,502692.43,21998.81,49.0115967,16.6025722
584240,ŽATČANY,761344.92,43789.0,92594.93,13495.16,48656.62,293930.75,11315.92,49.0878859,16.7337431
584266,ŽELEŠICE,1612853.96,8971.42,196155.66,28588.52,103075.51,622670.95,22944.0,49.1168862,16.5813739
584274,ŽELEZNÉ,426678.33,577.33,51892.71,7563.05,27268.49,164726.76,11368.43,49.3596176,16.4504447
584282,ŽIDLOCHOVICE,3495091.74,155036.99,425073.84,61951.97,223367.0,1349342.32,85623.52,49.0379775,16.6171639
584291,BŘECLAV,20625044.43,341997.64,2508422.55,365587.56,1318121.17,7962665.2,832973.29,48.7594008,16.8813137
584304,BAVORY,306829.01,25735.06,37316.61,5438.67,19609.07,118456.8,3526.93,48.8348416,16.622394
584321,BOLERADICE,759004.6,52046.31,92310.31,13453.68,48507.05,293027.22,6368.31,48.9666763,16.8139207
584339,BORKOVANY,688917.99,14624.97,83786.36,12211.36,44027.9,265969.05,5105.15,49.0281639,16.8101057
584347,BOŘETICE,1087019.72,9953.06,132203.59,19267.87,69470.09,419663.29,26470.92,48.9130249,16.8530627
584355,BROD NAD DYJÍ,456240.34,7691.08,55488.06,8087.05,29157.76,176139.7,3684.46,48.875209,16.5353783
584363,BRUMOVICE,815911.46,16886.1,99231.34,14462.38,52143.9,314997.12,38892.47,48.9609601,16.8962625
584371,BŘEZÍ,1503720.88,8009.36,182882.87,26654.09,96100.95,580538.18,10682.88,48.8200704,16.5654272
584380,BULHARY,572517.58,4871.69,69629.72,10148.11,36588.9,221030.6,6420.82,48.8314661,16.7487387
584401,DIVÁKY,384182.95,27619.25,46724.41,6809.81,24552.66,148320.67,1000.61,48.9884375,16.7911427
584410,DOBRÉ POLE,351295.21,23789.31,42724.6,6226.86,22450.85,135623.76,2158.74,48.8260464,16.5355581
584428,DOLNÍ DUNAJOVICE,1467630.6,24391.22,178493.57,26014.37,93794.47,566604.89,19577.51,48.85468,16.5922756
584436,DOLNÍ VĚSTONICE,386400.1,7591.39,46994.07,6849.1,24694.35,149176.63,4842.59,48.8881911,16.6445792
584444,DRNHOLEC,1760048.14,55707.74,214057.45,31197.59,112482.5,679497.89,17576.3,48.8572958,16.4858072
584452,HLOHOVEC,1018164.88,20978.62,123829.44,18047.4,65069.66,393080.65,16736.13,48.7739869,16.7623
584461,HORNÍ BOJANOVICE,498982.09,1000.66,60686.31,8844.67,31889.33,192640.9,3316.88,48.9497051,16.8001463
584479,HORNÍ VĚSTONICE,390341.7,10492.12,47473.45,6918.98,24946.25,150698.35,4524.62,48.8748042,16.6257661
584487,HRUŠKY,1320559.6,46478.86,160606.76,23407.48,84395.34,509825.51,32153.68,48.7927237,16.9740444
584495,HUSTOPEČE,5661987.02,301145.7,688612.14,100361.09,361850.62,2185910.79,293971.87,48.9399831,16.7369738
584517,IVAŇ,667731.88,5275.37,81209.7,11835.82,42673.92,257789.77,5262.68,48.9296273,16.5758117
584525,JEVIŠOVKA,554780.38,26164.34,67472.51,9833.72,35455.32,214182.84,3894.5,48.828692,16.4683693
584541,KLENTNICE,380487.69,4108.71,46275.0,6744.3,24316.5,146894.04,8894.63,48.8446701,16.6449405
584550,KLOBOUKY U BRNA,2374075.71,97984.1,288735.62,42081.49,151724.26,916554.15,42521.5,48.9951795,16.8597347
584568,KOBYLÍ,1720139.42,19659.03,209203.74,30490.19,109931.99,664090.42,24367.59,48.9328594,16.8915857
584576,KOSTICE,1372046.76,4914.51,166868.64,24320.11,87685.82,529703.05,10945.44,48.746851,16.9786886
584584,KRUMVÍŘ,1011267.07,40266.33,122990.53,17925.13,64628.83,390417.63,7473.93,48.9890059,16.9102728
584592,KŘEPICE,1017918.52,2208.32,123799.48,18043.03,65053.92,392985.55,6525.83,48.9997187,16.7213829
584622,LANŽHOT,3128769.17,41007.87,380521.61,55458.74,199955.78,1207916.98,31891.13,48.7245476,16.9667035
584631,LEDNICE,1993341.66,10417.28,242430.67,35332.82,127392.01,769565.0,61468.89,48.8001413,16.8039515
584649,MIKULOV,6528400.25,353387.33,793985.5,115718.63,417222.02,2520405.01,245187.09,48.8068577,16.6383914
584657,MILOVICE,360533.33,11919.89,43848.14,6390.61,23041.24,139190.31,13947.26,48.8524884,16.6981427
584665,MORAVSKÁ NOVÁ VES,2220230.08,92120.57,270024.88,39354.5,141892.17,857159.31,25735.77,48.8032919,17.013905
584673,MORAVSKÝ ŽIŽKOV,1232858.97,20092.17,149940.58,21852.94,78790.49,475967.12,7683.98,48.8328083,16.9313873
584681,MORKŮVKY,377901.02,6181.81,45960.41,6698.46,24151.19,145895.41,2998.92,48.9661279,16.8622133
584703,NĚMČIČKY,617846.0,8490.98,75142.57,10951.57,39485.77,238530.43,6315.79,48.9355904,16.8242587
584711,NIKOLČICE,769844.0,330.01,93628.61,13645.8,49199.78,297211.97,4947.62,48.9933232,16.753806
584720,NOSISLAV,1120646.51,11510.55,136293.27,19863.93,71619.14,432645.51,12418.63,49.0120481,16.6554908
584746,NOVOSEDLY,1110053.45,164972.23,135004.95,19676.16,70942.14,428555.88,35575.58,48.8369264,16.4934479
584754,NOVÝ PŘEROV,295127.39,10457.86,35893.46,5231.26,18861.23,113939.17,2263.77,48.8080976,16.4937281
584762,PASOHLÁVKY,648023.88,64225.0,78812.81,11486.5,41414.4,250181.14,35470.56,48.9029363,16.5433777
584771,PAVLOV,534456.49,37454.61,65000.72,9473.47,34156.45,206336.43,8419.12,48.8743696,16.6710217
584789,PERNÁ,607252.94,26190.17,73854.23,10763.8,38808.79,234440.8,3369.4,48.8522201,16.6244227
584797,PODIVÍN,2373706.18,46745.1,288690.69,42074.93,151700.64,916411.48,39680.12,48.8282341,16.8501418
584801,POHOŘELICE,5408492.8,119299.41,657782.11,95867.81,345650.11,2088044.82,212662.92,48.9816868,16.5242181
584819,POPICE,778466.25,17788.08,94677.23,13798.64,49750.82,300540.74,6420.82,48.9281893,16.6648811
584835,POUZDŘANY,656030.26,35339.61,79786.55,11628.42,41926.09,253272.15,3947.01,48.9344301,16.6249112
584843,PŘIBICE,834141.37,46606.01,101448.46,14785.51,53308.95,322035.11,2736.36,48.9616246,16.5733354
584851,PŘÍTLUKY,610085.97,16247.69,74198.8,10814.02,38989.84,235534.54,3051.42,48.8550478,16.7741087
584860,RAKVICE,1946781.49,176529.14,236768.0,34507.52,124416.41,751589.62,19104.92,48.858359,16.8127181
584878,SEDLEC,715277.45,50172.26,86992.21,12678.6,45712.5,276145.58,5472.71,48.7789364,16.6933293
584894,STAROVICE,724885.1,9756.94,88160.7,12848.9,46326.51,279854.78,10577.86,48.9535475,16.7047478
584908,STAROVIČKY,755802.04,18346.76,91920.81,13396.9,48302.38,291790.81,13314.23,48.9076626,16.7757423
584916,STRACHOTÍN,644328.62,44045.58,78363.4,11420.99,41178.25,248754.52,6945.92,48.9054423,16.6522419
584924,ŠAKVICE,1313292.27,7675.18,159722.9,23278.66,83930.88,507019.84,11210.91,48.8975177,16.716549
584932,ŠITBOŘICE,1775937.71,939.39,215989.95,31479.24,113497.99,685632.34,21365.76,49.0143272,16.779755
584941,TVRDONICE,1839619.22,9650.1,223734.9,32608.02,117567.8,710217.71,26575.94,48.7602075,16.9944292
584959,TÝNEC,842763.62,23172.11,102497.11,14938.34,53859.99,325363.89,5682.75,48.7794323,17.0132188
584967,UHERČICE,921349.29,6523.27,112054.71,16331.3,58882.29,355703.28,6998.43,48.9678025,16.6534414
584975,VALTICE,3057204.48,230643.7,371817.89,54190.23,195382.16,1180288.15,93254.99,48.7412949,16.755758
584983,VELKÉ BÍLOVICE,3228294.59,200409.42,392625.92,57222.87,206316.32,1246340.55,53469.84,48.8493878,16.892052
584991,VELKÉ HOSTĚRÁDKY,400442.05,120.53,48701.86,7098.01,25591.76,154597.77,3103.93,49.0331878,16.8701231
585009,VELKÉ NĚMČICE,1905517.86,9273.55,231749.51,33776.11,121779.29,735659.06,25312.78,48.9945743,16.6746562
585017,VELKÉ PAVLOVICE,2690389.21,51674.53,327205.74,47688.27,171939.46,1038672.6,54625.07,48.9044074,16.8164581
585025,VLASATICE,875897.71,137905.25,106526.87,15525.65,55977.54,338155.89,5367.7,48.9336642,16.4845317
585033,VRANOVICE,2101858.86,21123.43,255628.54,37256.33,134327.21,811459.99,24420.11,48.9659971,16.6066028
585041,VRBICE,847321.09,2400.52,103051.38,15019.12,54151.25,327123.38,7841.51,48.9150847,16.8977876
585050,ZAJEČÍ,1290504.88,108322.27,156951.49,22874.74,82474.58,498222.36,25998.32,48.8731686,16.7668189
585068,ZLÍN,65891009.14,2618658.48,8013679.36,1167945.78,4211013.16,25438395.87,2977563.73,49.226766,17.6667415
585076,BISKUPICE,538644.44,0.77,65510.05,9547.7,34424.11,207953.27,6683.36,49.0831083,17.7104173
585092,BOHUSLAVICE U ZLÍNA,589269.39,25.5,71667.08,10445.05,37659.48,227497.93,9524.75,49.163101,17.6367547
585106,BRATŘEJOV,629054.93,17929.51,76505.81,11150.26,40202.13,242857.83,2736.36,49.2223431,17.9134604
585114,BRUMOV-BYLNICE,4630642.43,54033.16,563179.78,82080.07,295938.65,1787741.85,97412.04,49.0914652,18.0226805
585131,BŘEZOVÁ,370387.34,108.52,45046.59,6565.27,23671.0,142994.62,42206.43,49.260158,17.7911393
585149,BŘEZŮVKY,604173.56,3113.39,73479.73,10709.22,38611.99,233251.95,10262.81,49.153328,17.699618
585157,DEŠNÁ,146455.12,92.22,17811.9,2595.98,9359.76,56541.61,843.08,49.2666598,17.8464297
585165,DOBRKOVICE,183900.34,,22366.0,3259.71,11752.84,70997.99,5210.16,49.0937915,17.66923
585173,DOLNÍ LHOTA,590501.14,3066.0,71816.88,10466.88,37738.2,227973.47,13842.25,49.1371713,17.8123529
585181,DOUBRAVY,451559.69,120.01,54918.8,8004.09,28858.62,174332.64,2421.3,49.1424475,17.6681012
585190,DRNOVICE,374575.29,,45555.93,6639.51,23938.65,144611.45,24735.17,49.1788758,17.9576093
585203,DRŽKOVÁ,365460.33,4602.99,44447.36,6477.94,23356.12,141092.47,1735.75,49.3191425,17.7855109
585211,FRYŠTÁK,3188755.41,61799.81,387817.16,56522.03,203789.43,1231075.73,71728.78,49.2852044,17.6834631
585220,HALENKOVICE,1671608.46,13804.18,203301.39,29629.96,106830.44,645354.18,13681.8,49.1710221,17.4715556
585238,HALUZICE,73042.8,,8883.47,990.99,4668.08,28199.47,303.33,49.1378731,17.8972952
585246,HORNÍ LHOTA,487157.28,1544.61,59248.17,8635.07,31133.63,188075.72,3261.46,49.1544953,17.803965
585254,HOSTIŠOVÁ,389725.82,,47398.53,6908.05,24906.9,150460.58,1263.16,49.2536656,17.591117
585262,HROBICE,371126.39,3978.99,45136.47,6578.37,23718.23,143279.94,6473.33,49.2774641,17.7880079
585271,HŘIVÍNŮV ÚJEZD,443553.32,5588.5,53945.05,7862.17,28346.95,171241.65,6788.39,49.1241638,17.6918728
585289,HVOZDNÁ,1003137.52,527.46,122001.82,17781.04,64109.28,387279.08,10367.83,49.248482,17.751632
585301,JASENNÁ,772061.14,14883.0,93898.25,13685.11,49341.48,298067.93,15210.42,49.2535828,17.89426
585319,JESTŘABÍ,223439.52,,27174.77,3960.56,14279.74,86262.8,2211.27,49.068036,17.9558694
585327,KAŇOVICE,224178.58,109.0,27264.65,3973.66,14326.98,86548.12,20473.1,49.109054,17.6987461
585343,KAŠAVA,920733.41,,111979.81,16320.38,58842.94,355465.51,8261.59,49.2955164,17.7856353
585432,LOUČKA,340948.51,2421.0,41466.23,6043.45,21789.6,131629.24,26418.41,49.169632,17.8767626
585441,LUDKOVICE,592718.29,406.98,72086.53,10506.18,37879.9,228829.44,4262.07,49.1147363,17.7266096
585459,LUHAČOVICE,4308046.99,80082.07,523945.65,76361.94,275321.97,1663198.15,205506.97,49.0997324,17.7577004
585467,LUKOV,1461102.31,19349.95,177699.6,25898.65,93377.25,564084.54,42363.97,49.2923297,17.7330974
585483,LUTONINA,312864.6,421.53,38050.67,5545.66,19994.79,120786.94,8579.56,49.2385386,17.8828051
585491,MACHOVÁ,507357.98,,61704.99,8993.14,32424.63,195874.58,3526.93,49.2543014,17.5449443
585505,MYSLOČOVICE,815418.76,511.0,99171.41,14453.65,52112.41,314806.92,6788.39,49.2559652,17.5658465
585513,NAPAJEDLA,5972141.77,256552.53,726333.23,105858.71,381672.22,2305651.54,210507.1,49.1715891,17.5113718
585521,NÁVOJNÁ,524109.79,564.96,63742.35,9290.06,33495.22,202341.91,4895.12,49.1083972,18.0531361
585530,NEDAŠOV,1239387.24,358.56,150734.55,21968.66,79207.71,478487.49,8842.12,49.1077847,18.0703558
585548,NEDAŠOVA LHOTA,517704.69,283.5,62963.37,9176.53,33085.87,199869.1,1945.78,49.1214018,18.0798652
585556,NEUBUZ,349078.06,20732.84,42454.95,6187.56,22309.15,134767.8,9839.8,49.2604166,17.8253443
585599,OTROKOVICE,14230535.46,405006.46,1730720.93,252242.2,909455.98,5493951.27,908651.99,49.2088284,17.5353865
585611,PODKOPNÁ LHOTA,234032.58,7648.42,28463.09,4148.33,14956.73,90352.44,1315.66,49.3056533,17.8313601
585661,PROVODOV,626837.77,1308.67,76236.15,11110.96,40060.43,242001.87,3421.91,49.160393,17.7366533
585670,RACKOVÁ,680418.91,378.77,82752.7,12060.71,43484.73,262687.83,4209.56,49.2773205,17.6250938
585726,SAZOVICE,693844.99,7063.28,84385.59,12298.7,44342.78,267871.2,24102.13,49.2410174,17.5688191
585734,SEHRADICE,552316.87,9534.0,67172.9,9790.04,35297.9,213231.76,5420.21,49.1442684,17.8241586
585751,SLAVIČÍN,5264131.65,26777.59,640224.88,93308.94,336424.16,2032311.64,172405.19,49.0889594,17.874808
585769,SLOPNÉ,460058.77,,55952.45,8154.73,29401.79,177613.87,10997.95,49.1567124,17.8470475
585777,SLUŠOVICE,2547629.34,7434.18,309843.26,45157.8,162815.85,983557.61,101674.11,49.2479338,17.8012424
585793,SPYTIHNĚV,1273014.03,3626.91,154824.26,22564.7,81356.76,491469.7,17999.29,49.1404849,17.4976903
585807,ŠANOV,383936.59,0.08,46694.46,6805.44,24536.91,148225.55,1735.75,49.0454648,17.8984023
585815,ŠAROVY,177125.7,2757.0,21542.07,3139.62,11319.89,68382.53,895.58,49.1485821,17.6068568
585831,ŠTÍTNÁ NAD VLÁŘÍ-POPOV,1816708.65,9726.48,220948.52,32201.92,116103.61,701372.69,16841.15,49.0697672,17.9752145
585858,TLUMAČOV,1959714.88,62536.44,238340.96,34736.77,125242.96,756582.77,52206.69,49.2537152,17.495883
585866,TRNAVA,1039350.98,4551.16,126406.1,18422.93,66423.64,401259.93,15893.05,49.2960327,17.8419071
585874,UBLO,235757.02,79.0,28672.82,4178.89,15066.94,91018.19,1420.69,49.2330566,17.9011208
585882,ÚJEZD,1097859.12,1281.5,133521.88,19460.01,70162.82,423848.03,9157.18,49.1687725,17.9064268
585891,VALAŠSKÉ KLOBOUKY,4152969.62,38322.19,505085.1,73613.13,265411.17,1603327.78,118935.34,49.1409048,18.0075634
585912,VELKÝ OŘECHOV,730304.81,,88819.83,12944.96,46672.88,281947.16,6525.83,49.1093647,17.6684345
585921,VESELÁ,632750.18,13124.29,76955.22,11215.77,40438.28,244284.45,6263.28,49.2374921,17.7754509
585939,VIZOVICE,4250401.08,16588.9,516934.74,75340.14,271637.9,1640942.92,156722.18,49.2231391,17.8545076
585955,VLACHOVICE,1301221.11,4139.15,158254.8,23064.68,83159.44,502359.55,14892.45,49.1236156,17.9401829
585963,VLČKOVÁ,329862.76,14723.08,40117.98,5846.96,21081.12,127349.39,2211.27,49.3106987,17.7627607
585971,VŠEMINA,904474.31,1007.85,110002.37,16032.19,57803.84,349188.39,15315.45,49.281097,17.8770217
585980,VYSOKÉ POLE,696801.2,634.0,84745.11,12351.1,44531.71,269012.5,2998.92,49.1775082,17.9374247
585998,ZÁDVEŘICE-RAKOVÁ,1245176.47,66919.52,151438.65,22071.28,79577.7,480722.52,22996.5,49.2162533,17.8035414
586005,ZÁVIST,101742.58,241.5,12373.96,1380.37,6502.24,39279.53,141.03,49.3775991,16.5725909
586013,ŽLUTAVA,918639.44,2974.93,111725.13,16283.27,58709.12,354657.09,7683.98,49.199816,17.4903339
586021,HODONÍN,19529156.11,359796.58,2375140.37,346162.48,1248084.3,7539578.01,860762.79,48.8563914,17.1234655
586030,ARCHLEBOV,791030.1,7721.25,96205.27,14021.34,50553.76,305391.24,9682.28,49.0435892,17.0048047
586048,BLATNICE POD SVATÝM ANTONÍNKEM,1576270.97,112346.81,191706.43,27940.06,100737.53,608547.44,35785.62,48.9467242,17.4659603
586056,BLATNIČKA,329246.88,4697.78,40043.07,5836.05,21041.76,127111.61,8737.09,48.9357354,17.5293963
586064,SVĚTLÁ,177125.7,,21542.07,3139.62,11319.89,68382.53,1525.71,49.5656665,16.7180937
586072,BUKOVANY,514255.78,739.98,62543.91,9115.4,32865.45,198537.58,3421.91,49.0421671,17.1008545
586081,BZENEC,3810789.36,33262.74,463469.06,67547.84,243542.85,1471223.01,174773.98,48.9736321,17.2668112
586099,ČEJČ,1027156.65,52645.69,124923.02,18206.78,65644.32,396552.1,34997.97,48.9465319,16.9651081
586102,ČEJKOVICE,2007629.97,21784.9,244168.41,35586.08,128305.16,775081.25,46153.45,48.9059197,16.9423033
586111,ČELOŽNICE,307198.55,7786.01,37361.55,5445.23,19632.68,118599.45,2158.74,49.0518642,17.1546527
586129,DAMBOŘICE,1349013.03,31533.81,164067.27,23911.82,86213.76,520810.47,10420.33,49.0382834,16.917572
586137,DOLNÍ BOJANOVICE,2575713.24,161636.05,313258.83,45655.6,164610.66,994399.91,28997.24,48.858608,17.0285852
586145,DOMANÍN,827982.61,2561.2,100699.43,14676.34,52915.35,319657.41,6105.76,49.001671,17.2847612
586153,DRAŽŮVKY,193261.63,13.27,23504.53,3425.65,12351.12,74612.08,1420.69,49.0305337,17.0189718
586161,DUBŇANY,5047466.76,65880.98,613874.04,89468.47,322577.37,1948664.31,59625.2,48.9175078,17.0955296
586170,HOVORANY,1869304.39,4930.55,227345.22,33134.21,119464.94,721678.21,18104.31,48.9549308,16.993456
586188,HROZNOVÁ LHOTA,1046248.79,35.42,127245.02,18545.19,66864.48,403922.95,11998.55,48.9078412,17.4169732
586196,HRUBÁ VRBKA,503909.09,2536.78,61285.53,8932.0,32204.21,194543.07,3369.4,48.8718783,17.4770104
586200,HÝSLY,308430.3,6036.1,37511.36,5467.06,19711.4,119075.01,2001.22,49.023288,17.1798268
586218,JAVORNÍK,620309.5,18367.63,75442.18,10995.25,39643.22,239481.52,8419.12,48.8620746,17.5333944
586226,JEŽOV,603064.99,62399.57,73344.9,10689.58,38541.14,232823.96,6630.86,49.0269774,17.2100078
586234,JOSEFOV,337006.9,7559.68,40986.85,5973.59,21537.69,130107.51,2106.23,48.8394301,17.0096402
586242,KARLÍN,136108.42,,16553.54,2412.58,8698.53,52547.08,1210.65,48.9757758,16.9772999
586251,KELČANY,174908.55,9618.6,21272.42,3100.32,11178.19,67526.56,6105.76,49.0052195,17.173794
586269,KNĚŽDUB,842270.92,2792.3,102437.18,14929.6,53828.49,325173.66,4842.59,48.8866619,17.3954635
586277,KOSTELEC,675491.91,2394.54,82153.47,11973.37,43169.86,260785.67,4895.12,49.0268308,17.1531989
586285,KOZOJÍDKY,404383.66,1554.51,49181.23,7167.88,25843.67,156119.51,4790.08,48.918645,17.3996248
586293,KUŽELOV,400318.88,48340.78,48686.86,7095.82,25583.89,154550.22,3208.96,48.859638,17.4888239
586307,KYJOV,9172352.47,115130.83,1115543.58,162583.79,586193.75,3541149.79,439643.59,49.0104456,17.1224867
586315,LABUTY,126993.47,,15444.97,2251.01,8115.99,49028.08,263.04,49.0466394,17.21448
586323,LIPOV,1199848.06,47691.99,145925.79,21267.81,76680.82,463222.67,13366.73,48.9049471,17.4617114
586331,LOUKA,734985.46,21865.44,89389.1,13027.92,46972.01,283754.21,10000.26,48.9151758,17.4888664
586340,LOVČICE,683867.82,909.57,83172.15,12121.84,43705.15,264019.34,8314.1,49.0635824,17.0542829
586358,LUŽICE,2259399.74,50557.24,274788.71,40048.81,144395.45,872281.45,59467.66,48.8409783,17.0710388
586366,MALÁ VRBKA,127855.69,595.61,15549.84,2266.3,8171.1,49360.96,1420.69,48.8694056,17.4591981
586374,MIKULČICE,1622461.61,21931.72,197324.14,28758.82,103689.52,626380.16,19892.58,48.8164595,17.0510244
586382,MILOTICE,1575162.4,9393.5,191571.61,27920.42,100666.69,608119.46,24259.66,48.9556412,17.1414569
586391,MORAVANY,586190.01,5545.45,71292.56,10390.46,37462.68,226309.08,5682.75,49.0401166,17.1690198
586404,MORAVSKÝ PÍSEK,1687990.73,1373.76,205293.81,29920.35,107877.41,651678.84,19577.51,48.9901643,17.3326865
586412,MUTĚNICE,3128892.35,61766.34,380536.6,55460.93,199963.65,1207964.54,32891.73,48.9043578,17.0293787
586421,NÁSEDLOVICE,680788.44,7957.91,82797.65,12067.27,43508.35,262830.48,5315.19,49.0125571,16.960431
586439,NECHVALÍN,277759.71,3757.24,33781.19,4923.41,17751.28,107234.08,3156.43,49.0545428,17.0805821
586447,NENKOVICE,484447.43,2836.01,58918.61,8587.03,30960.44,187029.55,1945.78,49.0030513,17.0109334
586455,NOVÁ LHOTA,569930.91,968.3,69315.12,10102.26,36423.58,220031.96,3789.48,48.8609484,17.5933083
586463,NOVÝ PODDVOROV,165793.59,3772.19,20163.85,2938.76,10595.66,64007.57,895.58,48.8683482,16.9610197
586471,OSTROVÁNKY,157417.69,4551.08,19145.17,2790.3,10060.38,60773.91,1053.12,49.0426933,17.080327
586480,PETROV,1031221.43,1178.83,125417.38,18278.84,65904.09,398121.37,10210.29,48.8818521,17.2771299
586498,PRUŠÁNKY,1814614.68,40184.81,220693.84,32164.81,115969.79,700564.27,17208.73,48.8286211,16.9805101
586501,RADĚJOV,747302.96,26366.31,90887.16,13246.26,47759.21,288509.6,5052.63,48.8593767,17.3446119
586510,RATÍŠKOVICE,3234083.82,12604.72,393330.0,57325.49,206686.32,1248575.58,45152.84,48.9197267,17.1657321
586528,ROHATEC,2737934.78,165464.68,332988.25,48531.03,174978.03,1057028.41,63782.25,48.8803982,17.1833008
586536,SKALKA,113690.56,9819.77,13827.07,1542.47,7265.82,43892.26,3631.94,49.0357778,17.2072249
586544,SKORONICE,377531.5,2490.36,45915.47,6691.91,24127.58,145752.74,3208.96,48.9813283,17.1534273
586552,SOBŮLKY,644821.33,4386.3,78423.31,11429.72,41209.74,248944.75,3156.43,49.0196402,17.0789339
586561,STARÝ PODDVOROV,740528.34,7993.26,90063.22,13126.18,47326.25,285894.14,4524.62,48.8745896,16.9883359
586579,STAVĚŠICE,270861.91,5824.18,32942.29,4801.14,17310.45,104571.06,1158.14,49.0016393,17.0304585
586587,STRÁŽNICE,4556367.87,75544.02,554146.48,80763.53,291191.86,1759066.85,142459.85,48.9018932,17.314434
586595,STRÁŽOVICE,478042.32,14839.05,58139.62,8473.5,30551.1,184556.74,2998.92,49.0092077,17.0474049
586609,SUDOMĚŘICE,977517.11,5045.1,118885.86,17326.9,62471.92,377387.87,18524.39,48.8670999,17.2566881
586617,SUCHOV,388740.43,393.67,47278.7,6890.59,24843.93,150080.15,1053.12,48.9074227,17.5634524
586625,SVATOBOŘICE-MISTŘÍN,2913828.73,62802.15,354380.51,51648.84,186219.21,1124935.4,33734.8,48.9777681,17.0915368
586633,SYROVÍN,264703.15,955.95,32193.25,4691.97,16916.85,102193.36,2946.4,49.025823,17.263931
586641,ŠARDICE,1716074.65,128513.51,208709.38,30418.14,109672.21,662521.14,23051.93,48.9640286,17.0281152
586650,TASOV,399949.35,8251.07,48641.93,7089.27,25560.28,154407.56,2946.4,48.9068653,17.4296588
586668,TĚMICE,682759.24,742.65,83037.34,12102.2,43634.3,263591.35,8471.63,49.0015506,17.2649181
586676,TEREZÍN,272586.36,6409.53,33152.02,4831.7,17420.66,105236.81,1945.78,48.9555362,16.9425533
586684,TVAROŽNÁ LHOTA,760359.51,40306.75,92475.1,13477.68,48593.64,293550.31,3526.93,48.8773874,17.3592928
586692,UHŘICE,621171.73,6857.42,75547.05,11010.52,39698.32,239814.4,10472.84,49.0503478,16.9475752
586706,VACENOVICE,1692055.51,6895.77,205788.17,29992.39,108137.18,653248.12,10315.32,48.9451042,17.1740388
586714,VELKÁ NAD VELIČKOU,2318646.94,57340.09,281994.37,41098.99,148181.87,895154.89,48574.75,48.8827446,17.5202893
586722,VESELÍ NAD MORAVOU,8295838.88,260133.27,1008941.8,147047.23,530176.84,3202756.13,231452.78,48.9540796,17.379034
586731,VĚTEŘOV,390095.35,1194.69,47443.48,6914.61,24930.51,150603.26,1788.26,49.0285251,17.0561411
586749,VLKOŠ,811230.81,12854.58,98662.08,14379.4,51844.76,313190.08,15315.45,48.9896015,17.163559
586757,VNOROVY,2382205.26,1482.33,289724.34,42225.59,152243.8,919692.7,16050.58,48.9309642,17.3505008
586765,VRACOV,3797240.11,6781.71,461821.2,67307.67,242676.94,1465992.07,50310.5,48.9738808,17.2120968
586773,VŘESOVICE,438872.66,907.57,53375.8,7779.21,28047.81,169434.6,5367.7,49.0590827,17.2150066
586781,ŽÁDOVICE,536550.47,61692.44,65255.4,9510.58,34290.27,207144.85,4314.58,49.0133631,17.1969241
586790,ŽAROŠICE,1058689.46,391.42,128758.06,18765.71,67659.53,408725.89,14104.79,49.0406479,16.9671322
586803,ŽDÁNICE,2133145.32,19734.71,259433.61,37810.9,136326.69,823538.69,45838.39,49.0672875,17.0275122
586811,ŽELETICE,378763.24,3375.0,46065.27,6713.73,24206.29,146228.29,2473.81,49.0151701,17.0093044
586820,ŽERAVICE,790783.75,2090.71,96175.3,14016.97,50538.02,305296.13,5787.78,49.0228844,17.2372628
586838,ŽERAVINY,133152.22,,16194.0,2360.18,8509.6,51405.77,283.19,48.9082292,17.3915161
586846,JIHLAVA,48037772.59,2320567.14,5842364.66,851489.65,3070034.79,18545836.34,2370620.1,49.396064,15.5903065
586854,ARNOLEC,188827.34,10634.0,22965.23,3347.04,12067.73,72900.15,1525.71,49.4361356,15.8220169
586862,BATELOV,2157780.34,47225.22,262429.74,38247.56,137901.09,833049.47,28734.68,49.3127529,15.3947165
586871,LIPOVÁ,297714.07,,36208.06,5277.1,19026.54,114937.8,5367.7,49.1218993,17.8796144
586889,BÍLÝ KÁMEN,224671.27,,27324.57,3982.4,14358.47,86738.34,2368.78,49.4362416,15.508833
586897,BÍTOVČICE,322964.96,,39279.07,5724.69,20640.29,124686.37,1945.78,49.367348,15.735
586901,BOHUSLAVICE,117878.51,1109.22,14336.41,1599.29,7533.47,45509.1,2316.28,49.1492223,15.5755587
586919,RUDIMOV,214078.22,9925.18,26036.24,3794.63,13681.48,82648.71,2473.81,49.0797962,17.8279788
586927,BORŠOV,124899.49,627.51,15190.31,2213.9,7982.17,48219.67,2893.89,49.4042028,15.4345286
586943,BRTNICE,3402217.76,100222.99,413778.49,60305.73,217431.55,1313486.67,36313.64,49.3068037,15.6766872
586951,BRZKOV,306336.33,,37256.69,5429.94,19577.59,118266.58,3947.01,49.525937,15.7266613
586960,KŘEKOV,146578.3,,17826.88,2598.16,9367.64,56589.16,1053.12,49.1295185,17.9677921
586978,CEJLE,449958.42,355.98,54724.04,7975.7,28756.28,173714.45,3421.91,49.3692983,15.4727745
586986,CEREKVIČKA-ROSICE,196956.89,3096.5,23953.94,3491.14,12587.27,76038.7,1420.69,49.3346353,15.5872418
586994,VLACHOVA LHOTA,160620.25,,19534.67,2847.06,10265.04,62010.31,221.62,49.1498683,17.9534454
587001,ČERNÍČ,118987.09,10938.0,14471.24,1614.33,7604.32,45937.09,1473.2,49.127821,15.4594178
587010,DLOUHÁ BRTNICE,340702.16,9099.82,41436.27,6039.09,21773.85,131534.13,3421.91,49.2360777,15.6051608
587028,DOBRONÍN,1633670.54,1783.32,198687.38,28957.5,104405.87,630707.56,20473.1,49.4779398,15.649054
587036,DOBROUTOV,254725.98,0.09,30979.83,4515.13,16279.22,98341.49,948.1,49.4622416,15.7364863
587044,DOLNÍ CEREKEV,1034916.68,5870.73,125866.8,18344.33,66140.25,399547.98,6893.4,49.3445822,15.4567996
587052,KARLOVICE,165670.43,,20148.88,2936.58,10587.79,63960.02,843.08,49.1763643,17.5859565
587061,DOLNÍ VILÍMEČ,90410.49,,10995.74,1226.63,5778.03,34904.57,1105.63,49.1356883,15.5203722
587079,DOUPĚ,92750.8,,11280.38,1258.37,5927.59,35808.1,221.62,49.2368351,15.4346188
587087,DUDÍN,170966.96,3578.18,20793.04,3030.46,10926.3,66004.83,843.08,49.451005,15.3976061
587095,DUŠEJOV,464246.73,6.5,56461.78,8228.96,29669.43,179230.7,9472.24,49.4087906,15.4332394
587109,DYJICE,155200.55,,18875.52,2751.0,9918.67,59917.93,283.19,49.174625,15.4938702
587117,ČÍŽOV,238097.36,1578.08,28957.46,4220.37,15216.51,91921.72,3474.42,49.3519238,15.5877962
587125,HLADOV,143991.61,3745.95,17512.29,2552.31,9202.33,55590.53,895.58,49.2143716,15.6118852
587141,HODICE,575104.26,1025.43,69944.31,10193.97,36754.21,222029.23,9314.7,49.2701869,15.479114
587150,HOJKOV,138202.4,48.0,16808.21,2449.7,8832.34,53355.49,303.33,49.3890352,15.4143577
587168,HORNÍ DUBENKY,445893.65,,54229.68,7903.65,28496.51,172145.17,11788.52,49.259578,15.3170025
587176,RANČÍŘOV,396746.79,3599.83,48252.43,7032.51,25355.6,153171.16,5472.71,49.3623555,15.5888176
587184,BOROVNÁ,79078.38,2244.38,9617.53,1072.88,5053.81,30529.62,141.03,49.1645958,15.3946099
587192,HOSTĚTICE,115291.83,,14021.82,1564.2,7368.16,44510.46,2473.81,49.1916613,15.4140546
587206,HORNÍ MYSLOVÁ,78339.32,5459.04,9527.65,1062.85,5006.57,30244.29,303.33,49.1652525,15.4223497
587214,OLŠÍ,67376.74,14.49,8194.37,914.12,4305.96,26012.0,60.44,49.1551063,15.3759456
587222,HUBENOV,109379.43,2.4,13302.76,1483.98,6990.31,42227.87,1000.61,49.3923588,15.4689713
587231,ZADNÍ VYDŘÍ,51610.34,5318.54,6276.86,700.21,3298.36,19925.09,181.32,49.1343417,15.4170971
587249,JAMNÉ,474470.25,5910.23,57705.18,8410.19,30322.81,183177.68,7946.53,49.4313382,15.7230191
587257,ZÁSTŘIZLY,128471.57,741.56,15624.74,2277.21,8210.46,49598.74,3051.42,49.1498443,17.2351023
587265,JERSÍN,168503.46,3684.47,20493.43,2986.79,10768.85,65053.76,2473.81,49.4212568,15.8306645
587273,JEZDOVICE,195971.48,,23834.1,3473.68,12524.3,75658.28,201.48,49.3233965,15.4834653
587281,JEŽENÁ,105068.31,4880.27,12778.44,1425.49,6714.78,40563.49,201.48,49.4162931,15.4655546
587290,JIHLÁVKA,173184.1,,21062.69,3069.76,11067.99,66860.8,1840.77,49.2611229,15.2924732
587303,JINDŘICHOVICE,77477.1,,9422.79,1051.16,4951.46,29911.41,141.03,49.1377087,15.6386849
587320,KALHOV,104945.14,0.05,12763.44,1423.82,6706.92,40515.93,241.77,49.4810254,15.4414261
587338,KALIŠTĚ,178111.11,1120.5,21661.91,3157.09,11382.86,68762.95,1263.16,49.2416496,15.3009721
587346,KAMENICE,1791211.42,13952.21,217847.53,31749.97,114474.12,691529.02,12684.11,49.3665866,15.7802296
587354,KAROLÍN,193877.51,299.8,23579.43,3436.56,12390.47,74849.87,283.19,49.2305941,17.434502
587362,KAMENNÁ,153845.62,16.22,18710.74,2726.97,9832.08,59394.84,120.89,49.5099485,15.6525712
587371,KLATOVEC,80310.13,,9767.34,1089.59,5132.52,31005.15,,49.2224153,15.2946905
587389,KNÍNICE,180081.91,,21901.59,3192.03,11508.82,69523.82,141.03,49.0940068,15.6038514
587397,PRASKLICE,190182.25,4300.5,23130.01,3371.07,12154.32,73423.25,2631.34,49.2687738,17.1868108
587401,KOSTELEC,715400.62,5572.0,87007.19,12680.78,45720.38,276193.14,55468.15,49.3612977,15.4906681
587419,KOSTELNÍ MYSLOVÁ,75259.95,20176.34,9153.13,1021.07,4809.77,29055.44,303.33,49.1478058,15.4288879
587427,KOZLOV,386892.8,3107.81,47053.99,6857.84,24725.85,149366.84,2368.78,49.4130416,15.7004635
587435,KRAHULČÍ,506495.75,1146.02,61600.13,8977.85,32369.52,195541.7,20102.61,49.1821059,15.4146365
587443,KRASONICE,200405.8,3620.95,24373.4,3552.28,12807.69,77370.22,2316.28,49.1145279,15.6153354
587451,LHOTKA,75629.48,428.57,9198.08,1026.08,4833.39,29198.11,60.44,49.2090921,15.3856487
587460,STROPEŠÍN,114799.14,11777.55,13961.9,1557.51,7336.67,44320.25,2421.3,49.1540427,16.0772483
587478,LUKA NAD JIHLAVOU,2600840.95,64120.97,316314.86,46101.0,166216.54,1004100.91,30207.88,49.3740306,15.7019359
587486,MALÝ BERANOV,437517.74,,53211.0,7755.19,27961.22,168911.51,2053.73,49.3963927,15.6378288
587494,MARKVARTICE,165670.43,9699.99,20148.88,2936.58,10587.79,63960.02,2368.78,49.1780324,15.6170051
587508,MĚŠÍN,214570.92,0.03,26096.17,3803.36,13712.97,82838.91,1735.75,49.4373043,15.6570296
587516,MEZIŘÍČKO,160497.07,,19519.69,2844.88,10257.18,61962.75,1525.71,49.4051264,15.8443384
587524,MILÍČOV,131181.41,1707.5,15954.32,2325.25,8383.64,50644.93,141.03,49.3955148,15.3920363
587532,MIROŠOV,129703.31,24.38,15774.54,2299.04,8289.18,50074.27,141.03,49.3894309,15.4634454
587541,MRÁKOTÍN,736217.21,0.67,89538.9,13049.76,47050.74,284229.75,6420.82,49.1895233,15.3761923
587559,MYSLETICE,101003.53,12523.28,12284.08,1370.35,6455.01,38994.21,1315.66,49.1426744,15.3889168
587567,MYSLIBOŘ,168996.15,1666.0,20553.36,2995.53,10800.34,65243.97,221.62,49.2107408,15.4806411
587575,NADĚJOV,149657.67,12.52,18201.4,2652.75,9564.44,57778.0,1840.77,49.4220825,15.7733236
587583,NEVCEHLE,201883.89,789.19,24553.17,3578.47,12902.16,77940.87,2053.73,49.2257341,15.5344244
587591,NOVÁ ŘÍŠE,813324.79,,98916.74,14416.52,51978.58,313998.49,7946.53,49.1395569,15.5630049
587605,LOMY,130565.54,,15879.42,2314.33,8344.29,50407.14,221.62,49.0655151,15.6010822
587613,OLŠANY,88562.85,,10771.03,1201.56,5659.94,34191.27,161.18,49.1861193,15.5659885
587621,OPATOV,166532.65,700.29,20253.74,2951.87,10642.89,64292.9,181.32,49.4290718,15.3933842
587630,OŘECHOV,60602.12,,7370.44,822.21,3873.0,23396.53,843.08,49.1999249,15.5319644
587648,OTÍN,91888.58,,11175.51,1246.68,5872.49,35475.23,283.19,49.2664986,15.569693
587656,PANENSKÁ ROZSÍČKA,184269.85,,22410.94,3266.26,11776.46,71140.66,241.77,49.2525593,15.5148986
587664,DOLNÍ LAŽANY,128717.92,144.8,15654.7,2281.58,8226.21,49693.84,303.33,49.0999324,15.822713
587672,PANSKÉ DUBENKY,106792.76,1.11,12988.15,1448.88,6824.99,41229.24,843.08,49.2197127,15.2659923
587681,PAVLOV,381103.57,12.5,46349.9,6755.22,24355.86,147131.81,4685.06,49.24279,15.5571077
587699,VALDÍKOV,105684.18,270.0,12853.34,1433.85,6754.15,40801.26,60.44,49.2470078,15.9852333
587702,PLANDRY,135492.54,,16478.64,2401.67,8659.16,52309.3,5420.21,49.4199884,15.5382665
587711,POLNÁ,4509438.19,42116.2,548438.89,79931.69,288192.64,1740948.8,104410.47,49.4873383,15.7188513
587729,NOVÝ ŠALDORF-SEDLEŠOVICE,1309720.2,31809.08,159288.47,23215.34,83702.6,505640.77,14524.88,48.8290199,16.0619757
587737,RODKOV,86961.59,,10576.28,1179.84,5557.61,33573.06,181.32,49.5038564,16.2275739
587745,PUKLICE,811969.86,25785.23,98751.95,14392.51,51892.0,313475.41,5735.27,49.3607313,15.6507327
587753,TŘI STUDNĚ,117016.28,1668.27,14231.55,1587.59,7478.37,45176.22,1578.22,49.6128414,16.0364939
587761,RADKOV,199174.03,2893.48,24223.6,3530.44,12728.96,76894.67,1315.66,49.1452413,15.4754213
587770,MILEŠÍN,61957.05,79.23,7535.24,840.59,3959.6,23919.62,843.08,49.3683573,16.2017079
587788,RANTÍŘOV,352034.26,1246.67,42814.49,6239.95,22498.08,135909.08,5262.68,49.408356,15.5147721
587796,ROHOZNÁ,332449.43,1301.3,40432.58,5892.81,21246.44,128348.02,303.33,49.3502139,15.3991662
587800,ROZSEČ,148549.1,,18066.58,2633.1,9493.59,57350.02,2211.27,49.1563831,15.6168841
587818,RŮŽENÁ,276774.32,6336.0,33661.36,4905.94,17688.31,106853.65,2368.78,49.2705404,15.4276809
587826,RYBNÉ,105314.65,,12808.39,1428.83,6730.54,40658.6,40.29,49.4231425,15.736294
587834,ŘÁSNÁ,244256.11,752.44,29706.48,4329.54,15610.11,94299.41,1840.77,49.2210235,15.3912796
587842,KŘÍDLA,310031.57,8020.0,37706.11,5495.44,19813.74,119693.2,1315.66,49.5272295,16.1223465
587851,ŘÍDELOV,86099.36,2717.78,10471.42,1168.13,5502.5,33240.19,241.77,49.2344952,15.4068192
587869,VLACHOVICE,104452.43,17096.0,12703.53,1417.14,6675.43,40325.72,1368.19,49.5970348,16.0411615
587877,SEDLATICE,52965.27,,6441.65,718.6,3384.95,20448.19,201.48,49.192223,15.6135269
587885,SEDLEJOV,260884.74,5136.64,31728.86,4624.3,16672.82,100719.19,3631.94,49.2275082,15.4956496
587893,VELKÉ TRESNÉ,80186.94,,9752.35,1087.92,5124.65,30957.61,2946.4,49.5751463,16.3804806
587907,KATOV,261131.08,0.03,31758.82,4628.66,16688.57,100814.31,1158.14,49.3326927,16.2787567
587915,STÁJ,154584.68,,18800.62,2740.08,9879.31,59680.17,303.33,49.4579841,15.8033978
587923,STARÁ ŘÍŠE,548621.62,5998.51,66723.48,9724.55,35061.73,211805.13,8366.6,49.17734,15.5952301
587931,STONAŘOV,984784.44,0.12,119769.7,17455.71,62936.36,380193.54,10682.88,49.2821754,15.5855626
587940,STRACHOŇOVICE,80926.0,120.52,9842.24,1097.95,5171.88,31242.92,303.33,49.1347301,15.4884459
587958,STŘÍTEŽ,367554.32,4561.0,44702.04,6515.05,23489.94,141900.87,62151.51,49.456302,15.6280175
587974,NOVÉ DVORY,258790.76,,31474.19,4587.18,16538.99,99910.78,1945.78,49.5643827,15.8088664
587982,SUCHÁ,222946.82,936.17,27114.85,3951.82,14248.25,86072.58,1630.73,49.3010065,15.5774375
587991,SVOJKOVICE,45944.29,,5587.76,623.33,2936.25,17737.61,40.29,49.1658355,15.6347254
588008,ŠIMANOV,181560.01,,22081.37,3218.22,11603.27,70094.46,1053.12,49.4580692,15.4500111
588016,CIKHÁJ,120465.18,,14651.0,2135.29,7698.79,46507.73,283.19,49.6448467,15.9673854
588024,TELČ,4606376.95,89011.81,560228.61,81649.96,294387.87,1778373.74,146406.87,49.1847652,15.4524773
588032,TŘEŠŤ,5000783.41,228568.42,608196.4,88640.98,319593.91,1930641.37,91253.78,49.2911919,15.4830063
588041,TŘEŠTICE,142267.16,7597.74,17302.57,2521.75,9092.13,54924.76,1473.2,49.2457818,15.4508988
588059,RAČÍN,132659.52,,16134.08,2351.45,8478.11,51215.57,1840.77,49.6174134,15.8669265
588067,URBANOV,115415.01,,14036.8,1565.87,7376.04,44558.01,1210.65,49.2143546,15.5140108
588075,ÚSTÍ,199543.57,40.51,24268.53,3537.0,12752.58,77037.35,1053.12,49.4733787,15.414416
588083,VANOV,75259.95,,9153.13,1021.07,4809.77,29055.44,1000.61,49.2076749,15.4136341
588091,VANŮVEK,35843.94,349.9,4359.36,486.31,2290.74,13838.19,181.32,49.2224873,15.4226269
588105,VÁPOVICE,30547.4,6258.36,3715.18,414.45,1457.06,11793.37,100.74,49.1550253,15.5799026
588113,VELKÝ BERANOV,1158830.77,19028.99,140937.25,20540.75,74059.45,447387.22,15788.03,49.4050896,15.6668169
588121,VĚTRNÝ JENÍKOV,670811.27,6371.29,81584.21,11890.41,42870.72,258978.62,7736.48,49.4754767,15.4793235
588130,VĚŽNICE,125269.02,3247.49,15235.25,2220.45,8005.79,48362.33,283.19,49.4068172,15.7588898
588148,VĚŽNIČKA,116769.93,,14201.58,1584.25,7462.62,45081.12,201.48,49.4600874,15.7051516
588156,VÍLANEC,276774.32,14838.81,33661.36,4905.94,17688.31,106853.65,1630.73,49.3345068,15.5767584
588164,VOLEVČICE,60602.12,,7370.44,822.21,3873.0,23396.53,161.18,49.2109799,15.4446246
588172,VYSKYTNÁ NAD JIHLAVOU,858283.67,3237.09,104384.66,15213.44,54851.85,331355.67,3841.98,49.4193528,15.5081395
588181,VYSOKÉ STUDNICE,336267.85,,40896.97,5960.49,21490.46,129822.19,2368.78,49.3940927,15.7300509
588199,VYSTRČENOVICE,95214.3,7652.59,11579.99,1291.8,6085.04,36759.17,948.1,49.151177,15.5296666
588202,ZÁBORNÁ,200775.31,21912.17,24418.33,3558.82,12831.31,77512.89,1105.63,49.4866496,15.7568251
588211,ZBILIDY,195109.25,365.59,23729.24,3458.39,12469.19,75325.4,948.1,49.4438241,15.4227847
588229,ZBINOHY,95953.36,2838.66,11669.86,1301.82,6132.26,37044.5,1735.75,49.4869382,15.4801196
588237,SAZOMÍN,214694.1,5257.0,26111.15,3805.54,13720.83,82886.47,895.58,49.5087708,15.9809713
588245,ZDEŇKOV,58508.15,,7115.78,793.79,3739.18,22588.1,181.32,49.1404942,15.6189391
588253,ZHOŘ,476194.7,,57914.91,8440.76,30433.02,183843.43,6893.4,49.4426236,15.7721764
588261,ZVOLENOVICE,73535.5,2123.28,8943.4,997.68,4699.57,28389.68,221.62,49.1634283,15.5055884
588270,ŽATEC,87331.1,,10621.24,1184.85,5581.23,33715.73,948.1,49.2063422,15.508903
588288,ŽDÍREC,370510.52,390.01,45061.57,6567.46,23678.87,143042.18,9314.7,49.4549685,15.6788248
588296,KROMĚŘÍŽ,23598366.7,158576.17,2870038.68,418290.95,1508142.54,9110569.13,1012484.84,49.2984191,17.3929804
588300,BAŘICE-VELKÉ TĚŠANY,349693.93,6831.69,42529.85,6198.48,22348.5,135005.56,1578.22,49.2448088,17.409684
588318,BĚLOV,225410.32,3739.68,27414.46,3995.49,14405.7,87023.66,1945.78,49.2159907,17.4847703
588326,BEZMĚROV,446879.04,6415.88,54349.53,7921.12,28559.49,172525.6,3208.96,49.3298197,17.3348198
588334,VYSOKÉ,163453.28,172.09,19879.22,2897.28,10446.1,63104.05,895.58,49.5818,15.9652101
588342,VÍCENICE,153599.27,,18680.78,2722.61,9816.34,59299.73,1105.63,49.0890287,15.8121356
588377,BRUSNÉ,295250.57,5055.54,35908.44,5233.44,18869.1,113986.73,2683.85,49.3634081,17.6603535
588385,BŘEST,873557.37,33387.93,106242.25,15484.18,55827.98,337252.36,16365.65,49.3508321,17.4413561
588393,BYSTŘICE POD HOSTÝNEM,6807145.36,210634.76,827886.55,120659.51,435036.28,2628019.53,170088.91,49.399451,17.6737912
588407,CETECHOVICE,168749.81,2825.68,20523.39,2991.17,10784.6,65148.86,2946.4,49.172541,17.2614116
588431,DŘÍNOV,337622.79,,41061.75,5984.5,21577.06,130345.27,2106.23,49.2929136,17.2332449
588458,HOLEŠOV,9936284.06,191330.05,1208453.1,176124.8,635015.67,3836079.16,311498.56,49.333718,17.5786751
588474,HORNÍ LAPAČ,183038.11,238.5,22261.13,3244.43,11697.73,70665.12,1368.19,49.3009238,17.6174133
588482,HOŠTICE,142267.16,42.0,17302.57,2521.75,9092.13,54924.76,201.48,49.2084441,17.2337718
588491,HULÍN,5313155.31,149689.83,646187.15,94177.91,339557.21,2051238.1,173615.84,49.3170041,17.4634978
588504,CHOMÝŽ,293772.47,,35728.67,5207.24,18774.64,113416.08,1420.69,49.3623734,17.6454044
588512,CHROPYNĚ,3808325.86,6745.36,463169.45,67504.17,243385.42,1470271.93,86676.64,49.3567094,17.3644698
588521,KOSTELANY,534456.49,3330.92,65000.72,9473.47,34156.45,206336.43,5210.16,49.2030212,17.3828309
588547,CHVALNOV-LÍSKY,200159.44,30.14,24343.43,3547.91,12791.94,77275.11,1053.12,49.1653873,17.2275797
588555,JANKOVICE,298822.65,,36342.88,5296.76,19097.39,115365.79,2578.83,49.3561413,17.6214196
588563,JAROHNĚVICE,235510.67,1813.31,28642.86,4174.53,15051.19,90923.09,1893.28,49.2670768,17.3775637
588598,KOMÁRNO,186610.18,,22695.57,3307.74,11926.03,72044.18,283.19,49.4345609,17.7802532
588601,KORYČANY,2328377.77,141414.23,283177.82,41271.47,148803.76,898911.64,33787.32,49.1063907,17.1643277
588610,KOSTELEC U HOLEŠOVA,932804.58,0.51,113447.9,16534.35,59614.39,360125.8,5210.16,49.3744458,17.5133973
588628,KUNKOVICE,83635.85,635.0,10171.81,1134.72,5345.07,32289.12,263.04,49.1827215,17.1742499
588636,KUROVICE,196956.89,62.39,23953.94,3491.14,12587.27,76038.7,2893.89,49.2891356,17.5155599
588644,KVASICE,1807470.52,26273.09,219824.97,32038.17,115513.21,697806.15,22523.91,49.2422372,17.4700571
588652,KYSELOVICE,382212.14,,46484.73,6774.87,24426.71,147559.8,2998.92,49.3767568,17.4018287
588661,LECHOTICE,346860.91,4817.71,42185.3,6148.26,22167.46,133911.83,4577.13,49.2738648,17.5875501
588695,LITENČICE,486664.58,5537.73,59188.26,8626.33,31102.14,187885.52,5735.27,49.2019736,17.2084956
588709,LOUKOV,763931.6,3737.51,92909.54,13541.01,48821.94,294929.37,12894.14,49.4216538,17.7209512
588717,LUBNÁ,365214.0,1854.62,44417.4,6473.57,23340.38,140997.35,1578.22,49.2207467,17.397947
588725,LUDSLAVICE,452668.27,1166.5,55053.62,8023.74,28929.47,174760.63,6105.76,49.2995473,17.5408186
588733,LUTOPECNY,450327.94,20352.99,54768.99,7982.25,28779.9,173857.11,6840.9,49.3013795,17.3443831
588741,MARTINICE,667362.37,28331.89,81164.76,11829.28,42650.3,257647.11,5367.7,49.3103083,17.6010794
588750,MÍŠKOVICE,521646.29,10134.9,63442.74,9246.4,33337.77,201390.83,8842.12,49.2766302,17.5488394
588768,MORKOVICE-SLÍŽANY,2512647.62,12015.05,305588.76,44537.73,160580.21,970052.29,29417.31,49.2484586,17.2079269
588784,NĚMČICE,278498.77,,33871.09,4936.51,17798.51,107519.4,4419.6,49.3644817,17.4985851
588806,NÍTKOVICE,200282.62,,24358.42,3550.09,12799.82,77322.66,1578.22,49.2036268,17.165897
588814,NOVÁ DĚDINA,341441.22,5291.45,41526.16,6052.18,21821.08,131819.45,1683.24,49.2101128,17.4537126
588822,OSÍČKO,357084.44,1300.6,43428.69,6329.47,22820.82,137858.81,3579.43,49.4300495,17.7512969
588831,PACETLUKY,174662.21,,21242.46,3095.96,11162.45,67431.45,843.08,49.3792781,17.5655073
588849,PAČLAVICE,689041.18,1784.72,83801.34,12213.54,44035.77,266016.6,10577.86,49.2596705,17.1689043
588865,POČENICE-TETĚTICE,564141.68,9239.19,68611.04,9999.65,36053.6,217796.94,3684.46,49.272306,17.2388779
588873,PODHRADNÍ LHOTA,352280.62,8123.62,42844.45,6244.31,22513.82,136004.2,4104.54,49.4209551,17.7949093
588890,PRAVČICE,528667.27,5696.47,64296.63,9370.84,33786.47,204101.4,8842.12,49.3244874,17.4954826
588903,PRUSINOVICE,956577.36,2950.42,116339.16,16955.74,61133.68,369303.7,6473.33,49.3786628,17.5874259
588920,RAJNOCHOVICE,658493.75,17759.93,80086.17,11672.07,42083.52,254223.23,6053.24,49.4129761,17.8125812
588938,RATAJE,897946.04,9183.59,109208.4,15916.47,57386.62,346668.03,5948.23,49.2713003,17.335548
588946,ROŠTĚNÍ,511422.76,,62199.35,9065.18,32684.41,197443.85,4367.08,49.3662228,17.5333828
588954,ROŠTÍN,605651.66,33074.26,73659.49,10735.43,38706.45,233822.6,3261.46,49.1887886,17.2860489
588962,RUSAVA,495533.18,110127.71,60266.85,8783.54,31668.91,191309.41,4419.6,49.3469875,17.6846484
588971,RYMICE,486787.76,8022.49,59203.23,8628.51,31110.01,187933.07,2526.32,49.3422707,17.5270518
588989,SKAŠTICE,300054.39,,36492.68,5318.59,19176.1,115841.33,7155.96,49.3324161,17.4173451
588997,SLAVKOV POD HOSTÝNEM,513270.39,61243.5,62424.06,9097.93,32802.48,198157.17,4262.07,49.3769521,17.6699939
589004,SOBĚSUKY,276527.96,15488.88,33631.39,4901.57,17672.56,106758.54,263.04,49.2335883,17.3594836
589039,STŘÍLKY,635583.2,6870.86,77299.78,11265.99,40619.34,245378.2,20578.12,49.1401232,17.2146073
589047,STŘÍŽOVICE,205209.61,4945.78,24957.64,3637.42,13114.69,79224.81,2578.83,49.2571018,17.4495516
589055,SULIMOV,108640.38,1021.78,13212.87,1473.95,6943.08,41942.55,283.19,49.2266828,17.4228734
589080,TROUBKY-ZDISLAVICE,333188.48,374.33,40522.46,5905.91,21293.67,128633.34,2001.22,49.2270865,17.2654406
589098,TŘEBĚTICE,214817.27,7913.62,26126.12,3807.72,13728.7,82934.02,4262.07,49.3194415,17.5192898
589110,UHŘICE,133768.09,,16268.9,2371.1,8548.95,51643.55,1000.61,49.2817742,17.2012431
589128,VĚŽKY,336760.56,7129.95,40956.9,5969.22,21521.95,130012.39,3841.98,49.2855534,17.2807331
589136,VÍTONICE,339470.41,627.0,41286.47,6017.26,21695.14,131058.59,2526.32,49.4486782,17.6903241
589152,ZAHNAŠOVICE,236742.43,,28792.67,4196.36,15129.92,91398.62,5682.75,49.3043556,17.5599109
589161,ZÁŘÍČÍ,554903.55,5147.46,67487.5,9835.9,35463.2,214230.39,4262.07,49.3822695,17.3526588
589187,ZBOROVICE,1187407.38,35610.54,144412.75,21047.3,75885.74,458419.74,23997.11,49.2488899,17.2846428
589195,ZDOUNKY,1798971.45,119460.59,218791.32,31887.52,114970.05,694524.93,26785.98,49.228119,17.3206694
589217,ZLOBICE,458457.5,1531.21,55757.71,8126.35,29299.46,176995.67,2998.92,49.3023556,17.3124574
589225,ŽALKOVICE,458827.01,4000.91,55802.64,8132.91,29323.08,177138.34,5315.19,49.3719051,17.4359339
589233,ŽERANOVICE,630902.55,13168.91,76730.51,11183.01,40320.2,243571.15,6105.76,49.2914745,17.6044187
589250,PROSTĚJOV,37533158.88,146052.84,4564791.24,665290.98,2398697.94,14490343.47,1553116.98,49.4721467,17.1117979
589268,BEDIHOŠŤ,1077904.77,26245.87,131095.02,19106.32,68887.57,416144.3,11210.91,49.448273,17.1663103
589276,BÍLOVICE-LUTOTÍN,402289.67,12217.5,48926.57,7130.75,25709.84,155311.08,2736.36,49.5112564,17.0400101
589284,BISKUPICE,239452.27,4734.39,29122.25,4244.39,15303.1,92444.81,1473.2,49.4596745,17.2365914
589292,BOHUSLAVICE,444538.71,9805.04,54064.9,7879.64,28409.92,171622.08,17156.21,49.6208534,16.9544488
589306,BOUSÍN,104821.96,,12748.47,1422.15,6699.05,40468.39,120.89,49.4551076,16.8897409
589314,BRODEK U KONICE,738803.89,8390.0,89853.5,13095.61,47216.05,285228.38,12526.57,49.5486922,16.8328645
589322,BRODEK U PROSTĚJOVA,1272890.86,124020.46,154809.27,22562.52,81348.88,491422.15,17946.77,49.3699652,17.0900567
589331,BŘEZSKO,153599.27,,18680.78,2722.61,9816.34,59299.73,1368.19,49.6085939,16.8924331
589349,BUDĚTSKO,310031.57,,37706.11,5495.44,19813.74,119693.2,4104.54,49.5870302,16.9268741
589357,BUKOVÁ,283918.46,,34530.23,5032.57,18144.88,109611.78,2106.23,49.5094845,16.829186
589365,ČEHOVICE,410542.41,971.7,49930.26,7277.04,26237.26,158497.2,2526.32,49.4322291,17.1753544
589381,ČECHY POD KOSÍŘEM,864688.78,5375.5,105163.64,15326.97,55261.19,333828.48,5420.21,49.5509618,17.0376686
589390,ČELČICE,384798.82,,46799.31,6820.72,24592.02,148558.43,6105.76,49.4123298,17.1936332
589403,ČELECHOVICE NA HANÉ,1086896.55,,132188.6,19265.69,69462.22,419615.74,5315.19,49.51627,17.093701
589420,DĚTKOVICE,387878.2,0.55,47173.83,6875.3,24788.82,149747.28,2736.36,49.4153582,17.0821791
589438,DOBROCHOV,253863.75,921.84,30874.96,4499.84,16224.12,98008.61,1473.2,49.385862,17.1055658
589446,DOBROMILICE,609593.27,291.5,74138.87,10805.3,38958.35,235344.32,4472.11,49.3573001,17.1385542
589454,DOLOPLAZY,389725.82,8546.0,47398.53,6908.05,24906.9,150460.58,8051.55,49.3502124,17.1599943
589462,DRAHANY,418671.96,,50918.98,7421.14,26756.81,161635.76,4685.06,49.43326,16.8973813
589489,DŘEVNOVICE,351295.21,13.1,42724.6,6226.86,22450.85,135623.76,1420.69,49.3280872,17.143257
589497,DZBEL,196217.84,5533.47,23864.07,3478.05,12540.05,75753.39,1893.28,49.612894,16.8508787
589501,HLUCHOV,269014.28,18460.0,32717.58,4768.39,17192.38,103857.74,3474.42,49.5413972,16.9966405
589519,HORNÍ ŠTĚPÁNOV,776125.92,2.88,94392.61,13757.15,49601.26,299637.22,7208.47,49.549007,16.7907763
589527,HRADČANY-KOBEŘICE,303256.94,20819.67,36882.18,5375.36,19380.77,117077.74,5000.13,49.3689288,17.1199551
589535,HRDIBOŘICE,159018.97,,19339.93,2818.68,10162.71,61392.1,1683.24,49.4784756,17.2204139
589543,HRUBČICE,674876.04,4521.39,82078.57,11962.46,43130.49,260547.89,8104.05,49.4500155,17.1930896
589560,HVOZD,550838.77,3134.43,66993.14,9763.85,35203.43,212661.1,3421.91,49.636204,16.9100754
589578,IVAŇ,366568.92,1830.46,44582.19,6497.59,23426.97,141520.45,1630.73,49.4245951,17.2513466
589586,JESENEC,222454.13,,27054.92,3943.09,14216.76,85882.37,3103.93,49.6084128,16.862078
589594,KLADKY,323827.18,,39383.93,5739.97,20695.4,125019.25,3526.93,49.6501563,16.8420507
589608,KLENOVICE NA HANÉ,778712.6,1800.26,94707.2,13803.01,49766.56,300635.85,15472.97,49.402918,17.2111296
589616,KLOPOTOVICE,214201.39,1680.12,26051.22,3796.81,13689.35,82696.26,201.48,49.4461184,17.2507639
589624,KONICE,2439112.13,7993.54,296645.36,43234.28,155880.66,941662.61,45575.83,49.5905186,16.8894268
589632,KOSTELEC NA HANÉ,2452538.21,110485.33,298278.25,43472.26,156738.7,946845.99,44207.65,49.5139792,17.0582398
589641,KOVÁLOVICE-OSÍČANY,195848.31,0.12,23819.11,3471.5,12516.43,75610.72,1105.63,49.280532,17.1734531
589659,KRALICE NA HANÉ,1342361.58,46438.7,163258.32,23793.92,85788.67,518242.56,98150.1,49.4629629,17.1804764
589667,KRUMSÍN,462522.27,899.0,56252.06,8198.4,29559.23,178564.95,2893.89,49.4459194,17.001452
589675,LAŠKOV,479520.43,18749.46,58319.38,8499.7,30645.55,185127.38,4895.12,49.5840141,17.0021292
589683,LEŠANY,283056.23,20071.23,34425.36,5017.29,18089.77,109278.9,8261.59,49.4996802,17.0240646
589691,LIPOVÁ,592841.46,1693.0,72101.52,10508.36,37887.77,228876.99,5948.23,49.525966,16.861785
589705,LUDMÍROV,419780.54,58.64,51053.8,7440.79,26827.65,162063.75,3369.4,49.6413188,16.8732137
589713,MALÉ HRADISKO,307444.9,,37391.51,5449.59,19648.43,118694.57,2211.27,49.4933143,16.8765835
589721,MOŘICE,412759.56,290.0,50199.91,7316.33,26378.95,159353.17,3316.88,49.3304749,17.1968882
589730,MOSTKOVICE,1227069.74,2632.57,149236.49,21750.32,78420.52,473732.09,24787.67,49.4721471,17.0521162
589748,MYSLEJOVICE,513393.56,1328.42,62439.04,9100.11,32810.35,198204.71,7736.48,49.4064478,17.027552
589756,NĚMČICE NAD HANOU,1761033.53,132685.3,214177.29,31215.06,112545.49,679878.31,34574.98,49.3420839,17.2056673
589764,NEZAMYSLICE,1402717.34,4173.54,170598.8,24863.75,89645.94,541543.98,20420.59,49.3254267,17.1732583
589772,NIVA,296235.97,5473.0,36028.29,5250.91,18932.08,114367.16,2683.85,49.4452152,16.8518052
589799,OBĚDKOVICE,193015.29,,23474.56,3421.28,12335.36,74516.99,283.19,49.3942484,17.2254871
589802,OHROZIM,370510.52,3599.18,45061.57,6567.46,23678.87,143042.18,4524.62,49.4863641,17.0205469
589811,OCHOZ,147317.35,40.0,17916.77,2611.26,9414.87,56874.48,161.18,49.600132,16.9150027
589829,OLŠANY U PROSTĚJOVA,1573437.95,5605.0,191361.87,27889.85,100556.49,607453.7,39837.65,49.5361314,17.1642087
589837,ONDRATICE,239698.62,1640.0,29152.2,4248.75,15318.85,92539.92,1945.78,49.3631598,17.0636849
589845,OTASLAVICE,1140354.51,84573.54,138690.18,20213.26,72878.65,440254.13,8104.05,49.3885952,17.0710377
589853,OTINOVES,249183.11,5162.0,30305.7,4416.87,15924.98,96201.57,5157.66,49.4211754,16.8716771
589870,PĚNČÍN,577075.06,1921.31,70184.0,10228.9,36880.16,222790.08,5787.78,49.567195,17.0131274
589888,PIVÍN,602202.76,2862.0,73240.03,10674.3,38486.03,232491.09,4209.56,49.3846861,17.1848259
589896,PLUMLOV,1949245.0,13491.75,237067.61,34551.19,124573.85,752540.69,37944.37,49.4661363,17.0150159
589918,PROSTĚJOVIČKY,249798.98,6226.8,30380.61,4427.79,15964.35,96439.34,2053.73,49.4259984,16.9964103
589926,PROTIVANOV,1020997.9,2000.0,124173.99,18097.62,65250.72,394174.39,19049.5,49.4835146,16.8359409
589934,PŘEMYSLOVICE,1010651.2,10.22,122915.63,17914.22,64589.47,390179.87,7316.41,49.5563734,16.9558083
589942,PTENÍ,1079013.35,1344.97,131229.84,19125.96,68958.42,416572.28,26575.94,49.5116296,16.9610991
589951,RAKOVÁ U KONICE,168503.46,2600.51,20493.43,2986.79,10768.85,65053.76,1053.12,49.6072486,16.9508247
589969,RAKŮVKA,83389.49,988.51,10141.85,1131.36,5329.32,32194.0,263.04,49.6096568,16.9375871
589977,ROZSTÁNÍ,530638.07,,64536.33,9405.78,33912.43,204862.26,4314.58,49.3976954,16.8403497
589993,SKALKA,189566.38,,23055.1,3360.14,12114.95,73185.48,1525.71,49.4030863,17.1698079
590002,SKŘÍPOV,296235.97,2545.0,36028.29,5250.91,18932.08,114367.16,7946.53,49.5835321,16.8202238
590011,SLATINKY,451559.69,5101.82,54918.8,8004.09,28858.62,174332.64,3316.88,49.5486881,17.0939818
590029,SMRŽICE,1264761.3,76304.88,153820.56,22418.43,80829.34,488283.59,26785.98,49.505709,17.106857
590045,SRBCE,58261.79,,7085.81,790.45,3723.44,22493.0,283.19,49.302311,17.229025
590053,STAŘECHOVICE,419287.83,454.17,50993.88,7432.05,26796.17,161873.52,4737.58,49.5328858,17.0537187
590061,STÍNAVA,129580.14,135.03,15759.57,2296.86,8281.32,50026.71,948.1,49.495209,16.9345046
590070,STRAŽISKO,325428.45,1104.08,39578.68,5768.36,20797.72,125637.44,1945.78,49.5434112,16.9300843
590088,SUCHDOL,443799.67,786.92,53975.02,7866.53,28362.69,171336.75,2053.73,49.54717,16.8966666
590096,ŠUBÍŘOV,200036.26,,24328.46,3545.73,12784.07,77227.55,1630.73,49.6021654,16.8133382
590100,TIŠTÍN,379871.82,38596.56,46200.1,6733.39,24277.13,146656.28,8632.07,49.3068883,17.1653976
590118,TVOROVICE,206441.36,,25107.44,3659.26,13193.41,79700.36,303.33,49.3741729,17.2213867
590126,URČICE,1319697.37,5082.98,160501.89,23392.19,84340.23,509492.64,11788.52,49.4304515,17.0729086
590134,VÍCEMĚŘICE,419534.19,2765.0,51023.84,7436.41,26811.92,161968.63,14209.81,49.344057,17.1718017
590142,VÍCOV,423598.96,,51518.2,7508.47,27071.69,163537.91,3316.88,49.4884739,16.9595566
590151,VITČICE,144114.8,5978.0,17527.27,2554.49,9210.2,55638.08,201.48,49.3118392,17.2408532
590177,VRANOVICE-KELČICE,461660.05,2.43,56147.2,8183.12,29504.12,178232.07,10525.35,49.4027113,17.1081966
590185,VRBÁTKY,1509633.29,13983.41,183601.94,26758.88,96478.8,582820.77,20525.61,49.5080474,17.1999444
590193,VRCHOSLAVICE,479027.72,2963.35,58259.46,8490.97,30614.07,184937.18,5157.66,49.3330077,17.2183348
590207,VŘESOVICE,515241.2,,62663.76,9132.87,32928.42,198918.02,4419.6,49.4018207,17.1389629
590215,VÝŠOVICE,422983.09,14659.96,51443.3,7497.55,27032.33,163300.14,2998.92,49.4165412,17.1390851
590223,ZDĚTÍN,283548.94,4186.61,34485.28,5026.02,18121.26,109469.11,2001.22,49.5058514,16.9887797
590240,ŽELEČ,453530.49,9561.0,55158.48,8039.01,28984.58,175093.51,1735.75,49.3459658,17.0977895
590266,TŘEBÍČ,29694792.1,315525.43,3611487.31,526352.64,1897757.57,11464202.57,956646.19,49.2151907,15.8816091
590274,BABICE,184885.73,11663.42,22485.84,3277.17,11815.82,71378.42,1053.12,49.1242328,15.7688528
590282,BAČICE,157664.05,7911.92,19175.13,2794.66,10076.11,60869.01,1420.69,49.0838774,16.0274847
590304,BENETICE,161605.65,,19654.52,2864.52,10328.02,62390.74,1840.77,49.2976369,15.8673327
590312,BISKUPICE-PULKOV,226026.2,5076.92,27489.36,4006.41,14445.06,87261.44,843.08,49.0379337,16.0109772
590321,BLATNICE,321117.33,2206.84,39054.36,5691.93,20522.22,123973.05,1525.71,49.0701335,15.8713286
590347,BOCHOVICE,125884.89,8318.75,15310.15,2231.37,8045.14,48600.1,843.08,49.320823,15.89632
590363,BRANSOUZE,167025.36,,20313.65,2960.6,10674.39,64483.1,1158.14,49.3025529,15.7519503
590371,BRTNIČKA,76368.52,,9287.96,1036.11,4880.61,29483.43,80.59,49.2376416,15.6224547
590380,BŘEZNÍK,699511.05,2759.36,85074.69,12399.12,44704.89,270058.68,5105.15,49.1719531,16.1946403
590401,BUDIŠOV,1144911.99,2269.43,139244.45,20294.04,73169.92,442013.63,16208.11,49.2712324,16.0037319
590410,BUDKOV,407463.03,,49555.74,7222.46,26040.46,157308.34,6630.86,49.0544328,15.6581313
590428,CIDLINA,106176.88,,12913.25,1440.53,6785.63,40991.48,263.04,49.128193,15.7355359
590436,ČÁSLAVICE,562540.41,8525.91,68416.28,9971.26,35951.27,217178.73,6788.39,49.1522142,15.7724036
590444,ČECHOČOVICE,245241.5,1043.52,29826.33,4347.01,15673.08,94679.84,221.62,49.2015594,15.7975323
590452,ČECHTÍN,251646.61,378.84,30605.31,4460.54,16082.42,97152.65,3631.94,49.2930479,15.8198712
590461,ČERVENÁ LHOTA,155570.07,,18920.46,2757.55,9942.29,60060.59,1578.22,49.2844622,15.8061939
590479,ČÍHALÍN,187472.41,,22800.44,3323.03,11981.13,72377.05,895.58,49.2684438,15.8120593
590487,ČÍCHOV,199666.74,14821.67,24283.51,3539.18,12760.46,77084.9,241.77,49.2836536,15.761649
590495,ČIKOV,178603.81,10432.09,21721.84,3165.82,11414.35,68953.18,3051.42,49.2695042,16.1409075
590509,ČÍMĚŘ,171829.18,,20897.9,3045.74,10981.39,66337.71,120.89,49.2008298,15.9975699
590517,DALEŠICE,463754.02,225.58,56401.87,8220.24,29637.94,179040.49,9839.8,49.129026,16.0816581
590525,DĚDICE,108517.21,69.16,13197.89,1472.28,6935.2,41895.0,120.89,49.0295832,15.7290069
590533,DEŠOV,462522.27,3756.68,56252.06,8198.4,29559.23,178564.95,4895.12,48.9856084,15.7008992
590550,DOLNÍ VILÉMOVICE,371249.56,3599.67,45151.46,6580.55,23726.11,143327.5,2473.81,49.1535606,15.9771884
590568,DOMAMIL,379502.3,7416.13,46155.15,6726.83,24253.52,146513.61,1840.77,49.0832344,15.6955734
590576,DUKOVANY,757033.8,9480.96,92070.62,13418.73,48381.1,292266.36,185614.39,49.0809441,16.1915279
590584,HARTVÍKOVICE,448603.49,,54559.26,7951.69,28669.69,173191.36,3208.96,49.1715259,16.090192
590592,HERALTICE,330232.28,929.26,40162.92,5853.5,21104.73,127492.04,2053.73,49.2308314,15.7305449
590614,HLUBOKÉ,162098.35,6.75,19714.44,2873.27,10359.5,62580.95,2316.28,49.225883,16.2273479
590622,HODOV,272955.89,,33196.96,4838.26,17444.27,105379.48,1315.66,49.2937515,15.9864995
590631,HORNÍ HEŘMANICE,116154.06,,14126.68,1575.89,7423.27,44843.34,843.08,49.3293533,15.9203854
590649,HORNÍ ÚJEZD,206195.02,1609.0,25077.48,3654.9,13177.67,79605.25,1053.12,49.142792,15.8421536
590657,HORNÍ VILÉMOVICE,88193.33,,10726.09,1196.54,5636.34,34048.6,181.32,49.2915593,15.8808057
590665,HORNICE,57645.93,3435.03,7010.91,782.1,3684.07,22255.23,161.18,48.9951859,15.6803627
590673,HROTOVICE,1529957.17,43718.66,186073.74,27119.13,97777.67,590667.16,43312.07,49.1076992,16.0606741
590681,HRUTOV,78462.49,,9542.63,1064.52,5014.44,30291.84,20.15,49.2553009,15.6801096
590690,HVĚZDOŇOVICE,83389.49,958.34,10141.85,1131.36,5329.32,32194.0,221.62,49.21991,15.7622147
590703,CHLÍSTOV,219497.91,,26695.39,3890.68,14027.84,84741.08,1000.61,49.202056,15.743674
590711,CHLUM,132536.35,81.0,16119.1,2349.27,8470.23,51168.01,60.44,49.3135503,15.7669974
590746,JAKUBOV U MORAVSKÝCH BUDĚJOVIC,574734.73,13443.54,69899.37,10187.42,36730.59,221886.56,3474.42,49.0810272,15.7611969
590754,JAROMĚŘICE NAD ROKYTNOU,3477477.7,65487.22,422931.63,61639.75,222241.32,1342542.1,59415.16,49.0943503,15.8932579
590762,JASENICE,151135.77,4137.0,18381.16,2678.94,9658.9,58348.66,1158.14,49.2581397,16.1635942
590789,JEMNICE,3441264.24,36032.57,418527.33,60997.85,219926.96,1328561.26,110358.69,49.0192524,15.5698865
590797,JINOŠOV,211122.02,35406.13,25676.71,3742.23,13492.55,81507.4,5948.23,49.2313764,16.1934501
590801,KAMENNÁ,182299.05,0.01,22171.26,3231.34,11650.51,70379.79,2211.27,49.2724284,16.0603844
590819,KDOUSOV,88439.68,126.04,10756.05,1199.89,5652.07,34143.71,843.08,48.9860986,15.6474675
590827,KLADERUBY NAD OSLAVOU,188704.16,2850.0,22950.24,3344.86,12059.85,72852.59,948.1,49.1446022,16.1717416
590835,KLUČOV,149657.67,37773.59,18201.4,2652.75,9564.44,57778.0,2473.81,49.1669922,15.9350782
590843,KNĚŽICE,1229533.24,6498.26,149536.1,21794.0,78577.96,474683.18,10052.76,49.2704373,15.6726995
590851,KOJATICE,200898.48,7354.39,24433.32,3561.01,12839.17,77560.43,4157.05,48.9988458,15.7031214
590860,KOJETICE,489743.96,,59562.77,8680.92,31298.94,189074.36,8471.63,49.1578234,15.8180395
590878,KOMÁROVICE,95214.3,,11579.99,1291.8,6085.04,36759.17,100.74,49.070155,15.7012067
590886,KONĚŠÍN,442321.56,11062.19,53795.25,7840.34,28268.23,170766.11,4737.58,49.1906108,16.0411062
590894,KOSTNÍKY,190921.31,464.73,23219.89,3384.16,12201.54,73708.56,221.62,48.9747054,15.6398072
590908,KOUTY,351911.09,,42799.51,6237.77,22490.2,135861.53,4367.08,49.3147335,15.7926915
590916,KOZLANY,106053.7,,12898.28,1438.86,6777.77,40943.92,161.18,49.1797312,16.0611895
590941,KRALICE NAD OSLAVOU,812462.56,49228.7,98811.88,14401.25,51923.48,313665.61,5052.63,49.1985797,16.2031234
590959,KRAMOLÍN,110857.53,6810.99,13482.51,1504.04,7084.78,42798.52,6105.76,49.1342356,16.1318438
590967,KRHOV,149041.8,702.4,18126.49,2641.83,9525.07,57540.24,1420.69,49.1003362,16.0194096
590975,KROKOČÍN,160250.72,0.42,19489.74,2840.52,10241.42,61867.64,1420.69,49.2443292,16.2329812
590983,LESNÁ,71318.35,,8673.76,967.6,4557.87,27533.71,201.48,49.1728982,15.6788324
590991,LESNÍ JAKUBOV,87577.45,2759.5,10651.19,1188.19,5596.96,33810.83,31838.61,49.2057777,16.2433608
591009,LESONICE,418918.31,4572.25,50948.94,7425.5,26772.55,161730.87,8632.07,49.1081707,15.7566173
591025,LHÁNICE,140296.36,8571.35,17062.87,2486.81,8966.17,54163.92,181.32,49.1090913,16.2234038
591041,LIPNÍK,339100.89,11386.09,41241.53,6010.71,21671.52,130915.92,4367.08,49.1442557,15.95062
591068,LITOVANY,115661.37,43.27,14066.76,1569.21,7391.78,44653.13,283.19,49.0549551,16.0439207
591092,LOUKOVICE,103097.51,2626.13,12538.74,1398.75,6588.84,39802.63,161.18,49.1372258,15.7933621
591114,MARKVARTICE,228120.17,,27744.02,4043.53,14578.88,88069.85,4157.05,49.2008563,15.7673191
591122,MASTNÍK,166286.3,4576.84,20223.78,2947.49,10627.15,64197.78,303.33,49.1801917,15.8278301
591149,MEZIŘÍČKO,78585.68,30366.0,9557.61,1066.19,5022.31,30339.39,221.62,49.1093206,15.6602312
591157,MIKULOVICE,160250.72,408.93,19489.74,2840.52,10241.42,61867.64,263.04,49.1616635,15.8465898
591165,MLADOŇOVICE,352403.79,,42859.42,6246.51,22521.69,136051.75,7155.96,49.0100291,15.6443687
591173,MOHELNO,1234952.95,5446.73,150195.26,21890.06,78924.32,476775.55,21260.74,49.1141217,16.1902193
591181,MORAVSKÉ BUDĚJOVICE,6099012.07,53878.54,741763.22,108107.55,389780.35,2354632.07,186509.98,49.0525768,15.8092797
591190,MYSLIBOŘICE,698895.17,607.53,84999.79,12388.21,44665.53,269820.91,11736.0,49.1028908,15.9845571
591211,NÁMĚŠŤ NAD OSLAVOU,4130674.94,151390.38,502373.61,73217.94,263986.35,1594720.52,82887.17,49.2073771,16.1577984
591220,NÁRAMEČ,288106.42,39.0,35039.57,5106.81,18412.52,111228.6,2526.32,49.2644122,15.9747212
591238,NIMPŠOV,40524.59,,4928.61,549.81,2589.87,15645.23,60.44,49.0226242,15.7474491
591246,NOVÁ VES,194000.69,5089.49,23594.41,3438.74,12398.35,74897.42,69993.03,49.2485164,15.8038483
591254,NOVÉ SYROVICE,797435.21,5800.6,96984.25,14134.87,50963.1,307864.05,11525.96,49.0176287,15.7734531
591262,NOVÝ TELEČKOV,80433.3,44.5,9782.31,1091.26,5140.39,31052.7,1420.69,49.3210245,15.9379106
591289,ODUNEC,91519.05,14.0,11130.57,1241.67,5848.87,35332.55,263.04,49.1202141,16.014269
591297,OKAREC,90287.31,2.04,10980.77,1224.96,5770.15,34857.02,303.33,49.2059565,16.0879295
591301,OKŘÍŠKY,1685404.06,72150.93,204979.23,29874.49,107712.1,650680.21,105411.08,49.2455475,15.7692189
591319,OPATOV,659848.69,8297.5,80250.95,11696.1,42170.12,254746.32,8314.1,49.2243334,15.6616655
591327,OPONEŠICE,142143.99,5321.0,17287.58,2519.57,9084.24,54877.22,1053.12,49.0377373,15.652046
591335,OSTAŠOV,134260.8,7498.67,16328.83,2379.83,8580.44,51833.76,1630.73,49.1555466,15.9179895
591360,PETROVICE,330232.28,16316.06,40162.92,5853.5,21104.73,127492.04,3316.88,49.2411819,15.7875872
591378,PETRŮVKY,101496.24,1109.67,12343.99,1377.03,6486.5,39184.42,843.08,49.1592101,15.9023133
591394,POLICE,293772.47,,35728.67,5207.24,18774.64,113416.08,4737.58,48.9656205,15.6303894
591408,POPŮVKY,71564.7,0.98,8703.72,970.94,4573.61,27628.82,181.32,49.1590702,16.1273895
591416,POZĎATÍN,132043.64,,16059.18,2340.53,8438.74,50977.81,1578.22,49.2357537,16.0378479
591424,PŘECKOV,70825.64,2769.64,8613.83,960.91,4526.38,27343.51,895.58,49.2758376,15.9162969
591432,PŘEDÍN,654428.98,14875.88,79591.81,11600.03,41823.75,252653.95,5525.23,49.198286,15.673724
591441,PŘEŠOVICE,118863.92,20.09,14456.26,1612.66,7596.44,45889.52,141.03,49.0501044,16.0613424
591459,PŘIBYSLAVICE,667239.19,107.46,81149.78,11827.1,42642.43,257599.55,21313.26,49.2606367,15.7783316
591491,PUCOV,129456.96,,15744.59,2294.68,8273.43,49979.16,1473.2,49.2470469,16.1740707
591505,PYŠEL,406847.16,8835.0,49480.83,7211.54,26001.1,157070.58,3631.94,49.2505086,16.0664352
591521,RAČICE,76738.04,14.19,9332.9,1041.13,4904.23,29626.09,201.48,49.1078875,16.0244877
591548,RADKOVICE U HROTOVIC,321733.2,10396.29,39129.27,5702.86,20561.57,124210.83,3789.48,49.0705384,16.00734
591556,RADONÍN,76491.7,,9302.94,1037.78,4888.49,29530.99,40.29,49.2796973,15.7241373
591564,RADOŠOV,136724.29,,16628.44,2423.49,8737.88,52784.84,1788.26,49.3350394,15.7864423
591581,RAPOTICE,436901.86,1881.56,53136.1,7744.26,27921.85,168673.74,4632.56,49.1919651,16.2532705
591602,ROHY,105684.18,,12853.34,1433.85,6754.15,40801.26,1210.65,49.305538,16.0055995
591611,ROKYTNICE NAD ROKYTNOU,670811.27,0.62,81584.21,11890.41,42870.72,258978.62,6578.35,49.184355,15.7728667
591629,ROUCHOVANY,1045386.56,6432.04,127140.15,18529.92,66809.37,403590.07,8209.08,49.07043,16.1072363
591637,RUDÍKOV,750382.34,6523.67,91261.67,13300.84,47956.01,289698.44,9419.72,49.2894334,15.9488741
591645,ŘÍMOV,341810.73,,41571.1,6058.74,21844.7,131962.12,2053.73,49.1699809,15.7576928
591661,SENORADY,302148.37,3493.61,36747.36,5355.71,19309.93,116649.75,303.33,49.1241714,16.2457885
591688,SLAVĚTICE,194616.57,2360.76,23669.31,3449.65,12437.7,75135.18,3421.91,49.1035875,16.108855
591700,SLAVIČKY,240930.37,1.44,29302.01,4270.59,15397.56,93015.46,1368.19,49.1747593,15.9678957
591726,SMRK,224671.27,14978.0,27324.57,3982.4,14358.47,86738.34,1420.69,49.2255793,16.001871
591742,STAŘEČ,1321544.99,6249.77,160726.6,23424.93,84458.31,510205.95,13576.77,49.1972445,15.826524
591769,STUDENEC,534086.97,24072.42,64955.78,9466.92,34132.85,206193.77,15525.48,49.2003129,16.0647906
591777,STUDNICE,101003.53,,12284.08,1370.35,6455.01,38994.21,843.08,49.2909875,16.0289446
591785,SUDICE,290323.57,1969.85,35309.22,5146.11,18554.23,112084.57,1945.78,49.1818719,16.237772
591793,SVATOSLAV,289584.52,,35219.33,5133.0,18506.98,111799.26,1525.71,49.3191084,15.8484955
591807,ŠEBKOVICE,416577.99,3.37,50664.31,7384.01,26622.99,160827.33,6735.88,49.1209273,15.8182028
591815,ŠTĚMĚCHY,250661.21,2289.86,30485.48,4443.08,16019.45,96772.22,161.18,49.1932918,15.7146656
591823,ŠTĚPKOV,93736.21,202.65,11400.21,1271.75,5990.57,36188.53,141.03,49.0836693,15.6502159
591831,TASOV,662312.18,880.2,80550.56,11739.77,42327.55,255697.39,6893.4,49.2882177,16.0939534
591840,TRNAVA,649748.33,,79022.54,11517.07,41524.62,250846.9,3789.48,49.2546831,15.9241436
591858,TŘEBELOVICE,379132.77,5015.46,46110.22,6720.29,24229.91,146370.95,4262.07,49.0218328,15.6666071
591866,TŘEBENICE,375807.05,2018.5,45705.73,6661.33,24017.36,145086.98,2211.27,49.1629373,16.0161696
591874,VALEČ,778835.77,155271.12,94722.19,13805.19,49774.44,300683.4,13842.25,49.1443034,16.035687
591904,VLADISLAV,1044770.69,8676.71,127065.25,18519.0,66770.01,403352.31,10892.93,49.2108282,15.990582
591912,VLČATÍN,118001.7,,14351.38,1600.96,7541.35,45556.65,60.44,49.305717,15.9493362
591939,VÝČAPY,732645.13,2428.38,89104.47,12986.44,46822.45,282850.68,18944.46,49.1448069,15.877617
591947,ZAHRÁDKA,127486.16,,15504.89,2259.75,8147.48,49218.31,843.08,49.2440791,16.0978881
591955,ZÁRUBICE,105437.83,4040.28,12823.37,1430.5,6738.4,40706.15,895.58,49.1242261,15.981433
591963,ZAŠOVICE,107408.63,888.34,13063.06,1457.25,6864.36,41467.02,241.77,49.2582357,15.7256774
591980,ZVĚRKOVICE,187102.89,18261.0,22755.49,3316.48,11957.51,72234.4,1210.65,49.0255288,15.8631663
591998,ŽELETAVA,1301467.46,20205.58,158284.76,23069.06,83175.18,502454.66,29682.79,49.1418717,15.6729986
592005,UHERSKÉ HRADIŠTĚ,20810792.4,213357.95,2531013.26,368880.02,1329992.1,8034376.5,1026481.69,49.0681018,17.4663899
592013,BABICE,1498547.53,34184.64,182253.69,26562.39,95770.33,578540.92,53522.37,49.1216616,17.4767566
592021,BÁNOV,1864500.56,12686.23,226760.97,33049.06,119157.93,719823.61,23156.94,48.9877423,17.7155659
592030,BÍLOVICE,1688360.26,3572.0,205338.75,29926.89,107901.03,651821.5,28472.14,49.0996498,17.549607
592048,BOJKOVICE,3762012.05,50311.71,457536.75,66683.24,240425.55,1452391.65,118305.22,49.0389132,17.8148347
592056,BORŠICE U BLATNICE,659355.98,1995.82,80191.02,11687.37,42138.63,254556.11,7736.48,48.9321908,17.5757858
592064,BORŠICE,1803898.45,15383.27,219390.54,31974.86,115284.93,696427.08,29154.76,49.0625776,17.3510075
592072,BŘESTEK,681897.02,3247.68,82932.47,12086.91,43579.2,263258.47,4104.54,49.0948851,17.3559152
592081,BŘEZOLUPY,1448784.81,1244.6,176201.54,25680.32,92590.05,559329.14,12684.11,49.1213841,17.5803418
592099,BŘEZOVÁ,1469355.05,,178703.29,26044.94,93904.67,567270.64,7263.9,48.9254222,17.7397171
592102,BUCHLOVICE,1992233.08,28541.04,242295.84,35313.16,127321.17,769137.01,60415.77,49.0862718,17.3385196
592111,BYSTŘICE POD LOPENÍKEM,719834.93,975.27,87546.48,12759.37,46003.76,277905.07,4790.08,48.9748217,17.7640486
592137,ČÁSTKOV,286258.8,,34814.86,5074.06,18294.44,110515.3,2946.4,49.104126,17.6195553
592145,DOLNÍ NĚMČÍ,2378140.48,3795.69,289229.98,42153.54,151984.03,918123.43,30575.45,48.9684218,17.5853622
592153,DRSLAVICE,384306.12,200.54,46739.4,6811.99,24560.53,148368.21,7263.9,49.0471585,17.6000453
592170,HLUK,3518987.7,16344.01,427980.08,62375.53,224894.17,1358567.77,114148.18,48.988328,17.5268918
592188,HORNÍ NĚMČÍ,701974.55,5856.1,85374.3,12442.79,44862.33,271009.75,5367.7,48.9332935,17.6238886
592196,HOSTĚJOV,30054.72,243.97,3655.26,407.76,1433.57,11603.16,843.08,49.0401539,17.2573583
592200,HRADČOVICE,804702.53,793.6,97868.11,14263.69,51427.54,310669.72,14419.84,49.0497686,17.5820914
592218,HUŠTĚNOVICE,791030.1,2420.16,96205.27,14021.34,50553.76,305391.24,19314.96,49.106629,17.4656561
592226,JALUBÍ,1383994.74,21204.42,168321.75,24531.89,88449.4,534315.78,8261.59,49.1162598,17.4278761
592234,JANKOVICE,374698.46,2015.5,45570.91,6641.69,23946.52,144659.01,1158.14,49.1542503,17.3884055
592251,KELNÍKY,124283.61,2632.0,15115.41,2202.99,7942.81,47981.9,1893.28,49.1108994,17.6446009
592269,KNĚŽPOLE,817882.26,1714.85,99471.02,14497.3,52269.84,315757.99,15367.95,49.0985474,17.5167082
592277,KOMŇA,476317.87,14064.21,57929.89,8442.94,30440.89,183890.98,4104.54,48.9937945,17.800724
592285,KORYTNÁ,745701.69,,90692.41,13217.87,47656.88,287891.4,5735.27,48.9410629,17.6652769
592293,KOSTELANY NAD MORAVOU,652950.88,26823.6,79412.03,11573.83,41729.29,252083.3,8209.08,49.0454802,17.4068755
592307,KOŠÍKY,343781.53,8346.05,41810.79,6093.67,21970.66,132722.97,2158.74,49.1574776,17.416751
592323,KUDLOVICE,761098.56,524.37,92564.98,13490.8,48640.87,293835.64,6840.9,49.1306856,17.4559677
592340,LOPENÍK,218635.69,1052.5,26590.52,3875.41,13972.74,84408.21,1735.75,48.94543,17.7914119
592366,MEDLOVICE,350432.99,,42619.74,6211.57,22395.74,135290.88,3369.4,49.049601,17.270804
592382,MISTŘICE,938963.32,7475.91,114196.93,16643.52,60007.99,362503.48,4314.58,49.0861838,17.5358687
592391,MODRÁ,488635.38,779.6,59427.95,8661.28,31228.09,188646.38,5210.16,49.1120214,17.4033993
592404,NEDACHLEBICE,601710.07,2636.44,73180.12,10665.57,38454.55,232300.86,4367.08,49.0992136,17.5888008
592412,NEDAKONICE,1232612.62,21092.5,149910.62,21848.58,78774.76,475872.02,15893.05,49.0315949,17.3814113
592421,NEZDENICE,569684.55,,69285.16,10097.89,36407.83,219936.85,10472.84,49.0168036,17.7522917
592439,NIVNICE,2831178.28,4226.52,344328.54,50183.82,180937.11,1093026.71,68362.29,48.9762719,17.6449068
592447,OŘECHOV,591732.89,14931.3,71966.68,10488.72,37816.92,228449.0,4790.08,49.0307241,17.3005801
592455,OSTROŽSKÁ LHOTA,1192457.55,90.0,145026.96,21136.81,76208.49,460369.44,14682.4,48.9769843,17.4685218
592463,OSTROŽSKÁ NOVÁ VES,2839431.0,9448.15,345332.24,50330.1,181464.53,1096212.83,47416.6,49.0043387,17.4363185
592471,OSVĚTIMANY,846828.39,5774.17,102991.46,15010.39,54119.76,326933.16,8999.64,49.0562306,17.2504462
592480,PAŠOVICE,512900.87,,62379.12,9091.39,32778.87,198014.5,2211.27,49.079531,17.644336
592498,PITÍN,845596.64,1414.13,102841.66,14988.55,54041.04,326457.62,5892.8,49.0382904,17.8503708
592501,PODOLÍ,682882.41,12552.0,83052.31,12104.38,43642.17,263638.9,19419.97,49.041325,17.5283825
592510,POLEŠOVICE,1768177.7,7448.69,215046.18,31341.69,113002.06,682636.45,18629.41,49.0338994,17.3406375
592528,POPOVICE,788689.77,5438.0,95920.63,13979.86,50404.19,304487.71,5472.71,49.0525519,17.5271232
592536,PRAKŠICE,883534.56,950.0,107455.67,15661.02,56465.6,341104.23,6473.33,49.0689034,17.6330348
592552,RUDICE,356714.91,,43383.75,6322.92,22797.2,137716.13,2893.89,49.056303,17.7374264
592561,SALAŠ,368170.19,0.83,44776.94,6525.97,23529.31,142138.65,1788.26,49.1403932,17.3429877
592579,SLAVKOV,546773.99,1339.29,66498.78,9691.8,34943.66,211091.83,44260.17,48.9468388,17.6116635
592587,STARÉ HUTĚ,122312.82,4753.99,14875.71,2168.04,7816.86,47221.03,2263.77,49.1294687,17.2773045
592609,STARÝ HROZENKOV,696678.03,70.21,84730.14,12348.92,44523.83,268964.94,7946.53,48.965861,17.8627599
592617,STRÁNÍ,2815535.05,8564.83,342426.01,49906.54,179937.37,1086987.38,32314.13,48.902045,17.7064961
592625,STŘÍBRNICE,328754.18,5072.61,39983.16,5827.31,21010.27,126921.4,1158.14,49.057496,17.3088025
592633,STUPAVA,142020.81,8559.01,17272.61,2517.38,9076.37,54829.67,1788.26,49.1171666,17.2486589
592641,SUCHÁ LOZ,959656.73,6632.73,116713.66,17010.32,61330.48,370492.55,6578.35,48.9700308,17.7139761
592650,SUŠICE,478535.03,2711.6,58199.55,8482.24,30582.59,184746.96,2001.22,49.1222462,17.4522222
592668,SVÁROV,155323.72,9352.0,18890.51,2753.18,9926.56,59965.48,5052.63,49.1164391,17.6245302
592676,ŠUMICE,1397297.64,891.75,169939.65,24767.68,89299.57,539451.61,11050.45,49.0285829,17.7220503
592692,TOPOLNÁ,1228547.84,5938.53,149416.27,21776.53,78514.99,474302.74,18944.46,49.1218671,17.5443354
592706,TRAPLICE,1016933.13,4226.0,123679.63,18025.57,64990.95,392605.12,8894.63,49.1309532,17.4361903
592714,TUČAPY,180205.09,1266.75,21916.58,3194.21,11516.69,69571.38,948.1,49.0481134,17.3314176
592722,TUPESY,1008926.75,2883.07,122705.9,17883.64,64479.27,389514.11,19209.94,49.0842692,17.3698271
592731,UHERSKÝ BROD,13650996.89,71489.94,1660237.32,241969.65,872418.39,5270210.12,535582.42,49.0253139,17.6464437
592749,UHERSKÝ OSTROH,3475753.25,11372.31,422721.9,61609.18,222131.11,1341876.35,90676.17,48.985558,17.3898443
592757,ÚJEZDEC,187472.41,6351.63,22800.44,3323.03,11981.13,72377.05,1630.73,49.0361356,17.2721745
592773,VÁPENICE,177002.53,1676.65,21527.09,3137.44,11312.01,68334.98,1053.12,48.9680799,17.8413902
592781,VÁŽANY,314219.52,1560.27,38215.45,5569.67,20081.38,121310.03,2788.86,49.0344522,17.3119273
592790,VELEHRAD,1087512.42,326.09,132263.51,19276.61,69501.58,419853.51,17103.69,49.1054277,17.3942636
592803,VELETINY,395884.57,1536.37,48147.57,7017.21,25300.49,152838.28,2946.4,49.0371091,17.5625449
592820,VLČNOV,2440713.4,111126.47,296840.12,43262.67,155982.99,942280.82,22418.89,49.0099715,17.5819505
592838,VYŠKOVEC,181806.37,7.91,22111.33,3222.59,11619.02,70189.58,948.1,48.9404588,17.8524836
592846,ZÁHOROVICE,836112.16,29511.51,101688.15,14820.44,53434.9,322795.96,5210.16,49.0227015,17.7797947
592854,ZLÁMANEC,285889.26,1332.99,34769.92,5067.51,18270.83,110372.63,241.77,49.1298546,17.6281993
592862,ZLECHOV,1222019.56,3463.5,148622.3,21660.81,78097.77,471782.38,9577.25,49.0739594,17.3793824
592871,ŽÍTKOVÁ,146701.48,2285.17,17841.87,2600.35,9375.51,56636.71,201.48,48.9801017,17.880373
592889,VYŠKOV,17683254.97,362782.56,2150641.46,313443.1,1130115.04,6826935.06,847288.12,49.2778194,16.9994446
592897,BOHATÉ MÁLKOVICE,186856.54,828.98,22725.53,3312.12,11941.77,72139.29,1945.78,49.1888531,17.0164237
592901,BOHDALICE-PAVLOVICE,855943.35,12845.94,104100.02,15171.95,54702.29,330452.15,12418.63,49.2161981,17.0651588
592919,BOŠOVICE,1008926.75,8314.68,122705.9,17883.64,64479.27,389514.11,5892.8,49.0535094,16.8367623
592927,BRANKOVICE,938470.63,169.0,114137.01,16634.79,59976.5,362313.28,20683.14,49.1559818,17.1348042
592943,BUČOVICE,5982858.0,48871.83,727636.55,106048.66,382357.08,2309788.73,182297.51,49.1492236,17.001864
592978,DĚTKOVICE,205086.44,8755.96,24942.66,3635.24,13106.82,79177.27,1158.14,49.2726832,17.1442091
592986,DOBROČKOVICE,181806.37,9870.21,22111.33,3222.59,11619.02,70189.58,241.77,49.1629358,17.1089924
592994,DRAŽOVICE,749150.59,889.92,91111.87,13279.01,47877.29,289222.91,3369.4,49.1947426,16.9433776
593001,DRNOVICE,2044951.99,21604.08,248707.52,36247.63,130690.37,789490.08,17103.69,49.2762951,16.951463
593010,DRYSICE,480013.13,1615.06,58379.3,8508.43,30677.04,185317.6,5105.15,49.3345421,17.0577393
593028,HABROVANY,742868.66,4537.76,90347.86,13167.65,47475.82,286797.65,7631.47,49.2328343,16.8782868
593036,HLUBOČANY,451190.17,4179.65,54873.84,7997.54,28835.0,174189.99,2316.28,49.2304194,17.000362
593044,HODĚJICE,878607.55,9667.19,106856.45,15573.69,56150.73,339202.07,25683.27,49.1414949,16.9136861
593052,HOSTĚRÁDKY-REŠOV,608361.52,174.93,73989.07,10783.46,38879.64,234868.79,5315.19,49.1176511,16.7843002
593061,HOŠTICE-HEROLTICE,498489.39,24481.05,60626.39,8835.93,31857.84,192450.69,5105.15,49.2874356,17.066488
593079,HRUŠKY,590377.97,52888.0,71801.91,10464.7,37730.33,227925.92,4947.62,49.1292013,16.833477
593087,HVĚZDLICE,465108.95,883.63,56566.65,8244.26,29724.54,179563.58,5367.7,49.2002368,17.0816385
593095,CHVALKOVICE,229351.92,3884.15,27893.83,4065.36,14657.6,88545.39,2788.86,49.1870257,17.110105
593117,IVANOVICE NA HANÉ,2476187.81,141675.93,301154.52,43891.46,158250.11,955976.34,113620.15,49.305449,17.0936032
593125,JEŽKOVICE,323580.82,,39353.98,5735.61,20679.65,124924.13,948.1,49.2979738,16.8925277
593141,KOBEŘICE U BRNA,614520.27,4267.21,74738.09,10892.63,39273.23,237246.47,1578.22,49.0921841,16.8858128
593150,KOJÁTKY,276404.79,4346.33,33616.41,4899.39,17664.69,106710.98,1525.71,49.1718034,17.0261307
593168,KOMOŘANY,626468.25,,76191.2,11104.41,40036.81,241859.2,30943.02,49.2163459,16.9067818
593184,KOŽUŠICE,106053.7,467.04,12898.28,1438.86,6777.77,40943.92,2211.27,49.1550907,17.1847831
593192,KRÁSENSKO,331217.67,531.7,40282.78,5870.97,21167.72,127872.48,3999.51,49.3645346,16.8298713
593214,KŘENOVICE,1720262.6,18022.04,209218.73,30492.37,109939.86,664137.96,14052.28,49.1421614,16.8293197
593222,KŘIŽANOVICE,669825.86,330242.5,81464.37,11872.94,42807.74,258598.19,3051.42,49.1423281,16.9390482
593231,KŘIŽANOVICE U VYŠKOVA,107654.98,,13093.02,1460.59,6880.09,41562.12,1210.65,49.2876583,17.0401978
593249,KUČEROV,393913.78,2994.32,47907.89,6982.29,25174.55,152077.42,2158.74,49.218586,17.0053254
593257,LETONICE,1075810.79,16571.36,130840.36,19069.2,68753.74,415335.89,5262.68,49.1772603,16.9591311
593265,LOVČIČKY,546650.83,5797.0,66483.8,9689.62,34935.77,211044.27,3579.43,49.0679094,16.8502032
593273,LULEČ,745824.86,3440.3,90707.38,13220.06,47664.75,287938.95,10420.33,49.2534925,16.9286484
593281,LYSOVICE,244256.11,707.0,29706.48,4329.54,15610.11,94299.41,1263.16,49.2177143,16.970744
593290,MALÍNKY,112828.33,7.71,13722.21,1530.77,7210.71,43559.38,241.77,49.1592766,17.1603848
593320,MILEŠOVICE,555888.95,14514.15,67607.34,9853.37,35526.18,214610.82,2001.22,49.0827458,16.854249
593338,MILONICE,288968.64,1919.0,35144.42,5122.09,18467.63,111561.48,1210.65,49.1593709,17.0711187
593346,MORAVSKÉ MÁLKOVICE,443306.97,11620.0,53915.09,7857.8,28331.2,171146.53,1473.2,49.2569514,17.0904647
593354,MOUCHNICE,288845.46,457.66,35129.45,5119.91,18459.75,111513.93,9209.68,49.1119728,17.1357798
593371,NĚMČANY,660957.26,6131.5,80385.78,11715.74,42240.97,255174.3,3894.5,49.1644571,16.9195383
593389,NEMOCHOVICE,305843.62,992.0,37196.77,5421.21,19546.09,118076.37,1893.28,49.1804404,17.1349486
593397,NEMOJANY,658986.46,150.37,80146.08,11680.82,42115.01,254413.45,5000.13,49.2467125,16.9135111
593401,NEMOTICE,310647.45,,37781.01,5506.36,19853.09,119930.97,1735.75,49.1293272,17.1250326
593419,NESOVICE,901394.93,9911.23,109627.86,15977.61,57607.04,347999.55,12526.57,49.1511058,17.0809468
593427,NEVOJICE,353019.66,3775.79,42934.33,6257.43,22561.05,136289.51,1788.26,49.1353165,17.0496451
593435,NÍŽKOVICE,638908.93,34480.95,77704.26,11324.93,40831.88,246662.16,9209.68,49.1095369,16.9016869
593443,NOVÉ SADY,77230.75,178.5,9392.82,1047.81,4935.72,29816.3,60.44,49.4087897,16.9018408
593460,ORLOVICE,283548.94,1304.34,34485.28,5026.02,18121.26,109469.11,4472.11,49.2392192,17.0936678
593478,OTNICE,1432525.71,5319.28,174224.1,25392.12,91550.95,553052.02,18891.96,49.086417,16.8144276
593486,PODIVICE,126377.59,,15370.07,2240.1,8076.63,48790.32,161.18,49.3657427,17.0102889
593494,PRUSY-BOŠKŮVKY,552809.57,34001.94,67232.83,9798.78,35329.39,213421.97,2578.83,49.2530533,17.0588095
593508,PUSTIMĚŘ,1729131.2,77814.3,210297.33,30649.57,110506.64,667561.85,23261.97,49.3225148,17.0279229
593516,RAČICE-PÍSTOVICE,1024323.63,6987.31,124578.47,18156.56,65463.26,395458.35,5630.25,49.2815959,16.8833145
593524,RADSLAVICE,338485.0,691.55,41166.62,5999.79,21632.15,130678.15,1525.71,49.3229135,17.0038252
593532,RAŠOVICE,574242.03,4270.37,69839.44,10178.68,36699.1,221696.35,4367.08,49.1209646,16.9482222
593559,ROUSÍNOV,4997580.86,233801.26,607806.92,88584.22,319389.24,1929404.96,105411.08,49.2015498,16.8821032
593567,RUPRECHTOV,496764.94,10722.11,60416.66,8805.37,31747.64,191784.94,3156.43,49.3286502,16.8513877
593583,SLAVKOV U BRNA,6285622.25,59076.47,764458.8,111415.29,401706.37,2426676.25,213295.96,49.1535759,16.8763606
593591,SNOVÍDKY,289338.17,2174.12,35189.38,5128.64,18491.25,111704.14,2368.78,49.1325405,17.1065438
593605,STUDNICE,385537.87,,46889.2,6833.82,24639.24,148843.76,1630.73,49.3756017,16.8809215
593613,ŠARATICE,1023461.4,3603.51,124473.6,18141.29,65408.17,395125.48,10420.33,49.1174637,16.8035069
593621,ŠVÁBENICE,895605.71,21557.0,108923.77,15874.99,57237.05,345764.51,7736.48,49.2785458,17.12371
593630,TOPOLANY,273818.11,,33301.83,4853.53,17499.38,105712.35,161.18,49.2773514,17.0403041
593648,TUČAPY,520291.37,6066.28,63277.95,9222.39,33251.18,200867.73,5948.23,49.2333461,16.9183681
593656,VÁŽANY,347476.78,1173.0,42260.2,6159.17,22206.81,134149.6,1053.12,49.245387,17.0519353
593664,VÁŽANY NAD LITAVOU,575966.49,4365.0,70049.18,10209.24,36809.31,222362.11,6210.78,49.1288189,16.8570718
593681,VELEŠOVICE,972590.11,7221.97,118286.62,17239.57,62157.04,375485.71,6053.24,49.1791611,16.8491355
593699,ZBÝŠOV,546527.65,5471.0,66468.81,9687.44,34927.9,210996.72,1263.16,49.1312609,16.8061681
593702,ZELENÁ HORA,232431.3,,28268.35,4119.94,14854.4,89734.23,141.03,49.3289834,17.0137138
593711,ZNOJMO,29554249.36,1372658.96,3594394.47,523861.46,1888775.66,11409943.55,964120.13,48.8554341,16.0489457
593729,BANTICE,212107.42,,25796.55,3759.69,13555.52,81887.84,8999.64,48.8830865,16.1823913
593737,BĚHAŘOVICE,322718.6,11271.02,39249.1,5720.32,20624.55,124591.26,7841.51,49.0039623,16.0788482
593745,BEZKOV,198927.69,0.42,24193.63,3526.07,12713.23,76799.57,1000.61,48.8712205,15.9512512
593753,BÍTOV,118987.09,7153.99,14471.24,1614.33,7604.32,45937.09,3369.4,48.9365145,15.7290268
593761,BLANNÉ,65282.77,,7939.7,885.71,4172.14,25203.57,948.1,48.9919354,15.8832438
593770,BLÍŽKOVICE,1101308.03,25138.44,133941.33,19521.15,70383.24,425179.54,14839.94,49.0000208,15.8352074
593788,BOHUTICE,547636.22,10185.02,66603.64,9707.08,34998.76,211424.71,4157.05,48.99129,16.3572487
593796,BOJANOVICE,173553.63,25904.36,21107.62,3076.31,11091.61,67003.47,10367.83,48.9681586,15.9890574
593800,BOROTICE,339470.41,8599.53,41286.47,6017.26,21695.14,131058.59,4947.62,48.8572905,16.2426085
593818,BOSKOVŠTEJN,162591.05,13861.91,19774.36,2882.0,10390.99,62771.17,3684.46,48.9826957,15.929552
593826,BOŽICE,1473050.29,8066.23,179152.71,26110.43,94140.83,568697.25,17628.8,48.8368673,16.2887534
593834,BRANIŠOVICE,494917.31,29877.88,60191.95,8772.62,31629.56,191071.63,11630.98,48.9628106,16.431847
593842,BŘEŽANY,714538.4,7025.4,86902.32,12665.49,45665.27,275860.27,11155.48,48.8699232,16.3417497
593851,CITONICE,504155.43,52.07,61315.5,8936.37,32219.95,194638.17,8419.12,48.8839544,15.9644657
593869,CTIDRUŽICE,246226.91,8424.04,29946.17,4364.48,15736.07,95060.27,1158.14,48.9825144,15.8599883
593877,ČEJKOVICE,200528.97,8902.45,24388.38,3554.46,12815.56,77417.77,3369.4,48.8777011,16.2873252
593885,ČERMÁKOVICE,91026.35,2.54,11070.64,1234.98,5817.38,35142.35,7263.9,49.0320528,16.1949693
593893,ČERNÍN,150273.55,18689.53,18276.3,2663.66,9603.8,58015.78,221.62,48.9829525,16.0209103
593907,DAMNICE,310893.79,175507.88,37810.97,5510.72,19868.84,120026.08,1420.69,48.920312,16.3741
593923,DOBELICE,195109.25,23856.13,23729.24,3458.39,12469.19,75325.4,2158.74,49.0169007,16.2780738
593931,DOBŘÍNSKO,311509.68,11265.41,37885.87,5521.64,19908.2,120263.85,1840.77,49.0522114,16.2616661
593958,DOLENICE,108517.21,57966.24,13197.89,1472.28,6935.2,41895.0,283.19,48.9093279,16.3649551
593966,DOLNÍ DUBŇANY,422490.38,12349.91,51383.38,7488.82,27000.84,163109.93,6893.4,49.0557654,16.2267335
593974,DYJÁKOVICE,888092.04,14807.73,108009.96,15741.8,56756.87,342863.72,12526.57,48.7720718,16.3012013
593982,DYJÁKOVIČKY,461044.17,7815.59,56072.29,8172.2,29464.77,177994.3,6105.76,48.7823,16.0956268
593991,DYJE,356714.91,3478.22,43383.75,6322.92,22797.2,137716.13,5948.23,48.8470392,16.1167758
594008,DŽBÁNICE,115045.48,2498.53,13991.86,1560.86,7352.42,44415.36,263.04,49.0012607,16.2109348
594016,GREŠLOVÉ MÝTO,149904.03,,18231.36,2657.11,9580.18,57873.11,843.08,48.980753,15.8861673
594024,HAVRANÍKY,248320.88,4.99,30200.84,4401.59,15869.88,95868.7,5840.28,48.8113029,16.0084476
594032,HEVLÍN,1255769.52,15843.41,152726.98,22259.04,80254.68,484812.16,20102.61,48.7520911,16.3813119
594041,HLUBOKÉ MAŠŮVKY,674383.34,13062.36,82018.65,11953.72,43099.01,260357.69,4524.62,48.9236568,16.0255486
594059,HNANICE,290816.26,895.74,35369.13,5154.84,18585.71,112274.8,9367.21,48.7984864,15.9866795
594067,HODONICE,1325609.77,51595.37,161220.96,23496.99,84718.09,511775.23,61678.93,48.8368228,16.1634429
594075,HORNÍ BŘEČKOV,275296.22,0.15,33481.58,4879.74,17593.84,106283.0,2841.38,48.8899544,15.8984582
594083,HORNÍ DUBŇANY,223070.0,138403.45,27129.82,3954.02,14256.13,86120.13,1420.69,49.0640263,16.2016362
594091,HORNÍ DUNAJOVICE,514502.14,8997.29,62573.86,9119.76,32881.2,198632.7,3631.94,48.9502433,16.1615243
594105,HORNÍ KOUNICE,254849.15,17.59,30994.82,4517.31,16287.1,98389.05,1525.71,49.0259933,16.1522635
594113,HOSTĚRADICE,1369952.78,20600.69,166613.97,24282.98,87552.0,528894.64,10105.28,48.9500554,16.2593131
594121,HOSTIM,376915.62,25734.8,45840.56,6680.99,24088.21,145514.97,11788.52,49.0185896,15.8948929
594130,HRABĚTICE,729812.1,33450.42,88759.92,12936.22,46641.39,281756.94,6893.4,48.7967174,16.3954754
594148,HRÁDEK,809260.01,10574.38,98422.38,14344.48,51718.81,312429.22,7894.01,48.7731024,16.2717745
594156,HRUŠOVANY NAD JEVIŠOVKOU,2908285.85,30295.41,353706.38,51550.58,185864.96,1122795.47,81518.99,48.8299011,16.4022403
594164,CHVALATICE,121696.94,8237.41,14800.81,2157.13,7777.51,46983.27,948.1,48.9480243,15.7505244
594172,CHVALOVICE,503662.74,10580.0,61255.58,8927.63,32188.46,194447.95,78307.12,48.7865769,16.0823483
594181,JAMOLICE,381473.1,4232.07,46394.85,6761.77,24379.47,147274.47,1893.28,49.0725293,16.2529835
594199,JAROSLAVICE,1080984.14,2859.85,131469.54,19160.91,69084.36,417333.15,10157.78,48.7567077,16.2302825
594202,JEVIŠOVICE,1045509.73,34780.5,127155.13,18532.1,66817.23,403637.62,24735.17,48.9874765,15.9896915
594211,JEZEŘANY-MARŠOVICE,642111.48,56160.28,78093.75,11381.7,41036.55,247898.55,4262.07,49.0291682,16.4376641
594229,JIŘICE U MIROSLAVI,402043.33,73884.53,48896.6,7126.38,25694.09,155215.98,6105.76,48.9206172,16.3917784
594237,KADOV,126870.29,,15429.99,2248.82,8108.12,48980.53,1000.61,48.9824374,16.2873462
594253,KOROLUPY,173676.81,5552.48,21122.61,3078.49,11099.47,67051.02,2053.73,48.9302046,15.6458973
594261,KRAVSKO,688302.12,840.41,83711.46,12200.44,43988.54,265731.27,4737.58,48.9214957,15.986323
594270,KRHOVICE,472622.63,18033.38,57480.47,8377.43,30204.73,182464.36,1630.73,48.8156498,16.1734773
594288,KŘEPICE,107039.11,1277.16,13018.12,1452.22,6840.74,41324.35,283.19,48.9873895,16.0974029
594296,KUBŠICE,133275.39,1005.57,16208.99,2362.36,8517.47,51453.34,80.59,49.0006644,16.4130603
594300,KUCHAŘOVICE,732891.49,178.82,89134.42,12990.81,46838.19,282945.79,11420.94,48.8759568,16.0769696
594318,KYJOVICE,127732.51,1228.69,15534.86,2264.12,8163.22,49313.41,1263.16,48.9137172,16.1665148
594326,LANČOV,212600.12,9034.97,25856.47,3768.42,13587.01,82078.06,1210.65,48.9070583,15.7678004
594334,LECHOVICE,409310.66,447.81,49780.45,7255.2,26158.53,158021.66,4577.13,48.8728526,16.221819
594342,LESNÁ,200036.26,5438.96,24328.46,3545.73,12784.07,77227.55,1893.28,48.907176,15.8687233
594351,LESONICE,220113.8,5298.4,26770.29,3901.61,14067.21,84978.85,1683.24,49.0033567,16.3103769
594369,LITOBRATŘICE,443306.97,24165.19,53915.09,7857.8,28331.2,171146.53,3369.4,48.8870493,16.4025004
594377,LODĚNICE,634351.45,2383.94,77149.97,11244.14,40540.62,244902.66,4524.62,49.0115976,16.463072
594385,LUBNICE,157664.05,274.05,19175.13,2794.66,10076.11,60869.01,1263.16,48.9388693,15.6138082
594393,LUKOV,241176.72,0.8,29331.96,4274.96,15413.31,93110.57,1578.22,48.8615841,15.9106927
594407,MACKOVICE,316067.14,8237.57,38440.16,5602.42,20199.46,122023.35,1158.14,48.8836115,16.3093423
594415,MAŠOVICE,460674.65,3.43,56027.35,8165.65,29441.15,177851.64,5105.15,48.857214,15.9732187
594423,MEDLICE,144853.85,3022.17,17617.16,2567.6,9257.44,55923.4,1105.63,49.0029805,16.1213008
594431,MIKULOVICE,658124.24,4501.49,80041.21,11665.52,42059.91,254080.56,7263.9,48.9567778,16.0946777
594440,MILÍČOVICE,166163.13,226.62,20208.8,2945.31,10619.28,64150.22,2946.4,48.8917754,15.9312525
594458,MIROSLAV,2746310.67,39220.86,334006.92,48679.51,175513.33,1060262.08,64047.71,48.9473112,16.3134526
594466,MIROSLAVSKÉ KNÍNICE,275912.09,6145.67,33556.48,4890.66,17633.2,106520.77,4419.6,48.9774765,16.3220498
594474,MORAŠICE,172445.05,4811.03,20972.8,3056.66,11020.75,66575.48,263.04,48.9575274,16.2085879
594482,MORAVSKÝ KRUMLOV,4976025.23,155987.48,605185.31,88202.14,318011.64,1921083.03,118777.81,49.0492698,16.3115273
594512,NAŠIMĚŘICE,164438.68,19649.13,19999.07,2914.74,10509.08,63484.47,161.18,48.9685313,16.3727557
594521,NĚMČIČKY,79201.55,30.75,9632.51,1074.55,5061.68,30577.17,283.19,48.9422448,16.0884062
594555,OLBRAMKOSTEL,428525.96,15982.19,52117.42,7595.8,27386.57,165440.06,4419.6,48.9217141,15.9496026
594563,OLBRAMOVICE,1067804.42,9533.77,129866.61,18927.28,68242.06,412244.89,9157.18,48.9848041,16.4023938
594571,OLEKSOVICE,576212.83,16368.69,70079.13,10213.62,36825.05,222457.22,4052.04,48.902058,16.2484019
594580,ONŠOV,76122.17,,9258.0,1032.77,4864.88,29388.31,201.48,48.9052838,15.8342265
594598,OSLNOVICE,73289.15,2471.83,8913.44,994.34,4683.81,28294.58,1263.16,48.9320871,15.6873987
594601,PAVLICE,454515.89,30504.19,55278.32,8056.49,29047.55,175473.95,6683.36,48.9714933,15.898675
594610,PETROVICE,295743.27,977.5,35968.36,5242.17,18900.59,114176.95,2946.4,49.0067628,16.2920121
594628,PLAVEČ,379625.47,232.17,46170.13,6729.03,24261.4,146561.17,5315.19,48.9289835,16.0798402
594636,PODHRADÍ NAD DYJÍ,60478.94,13650.61,7355.46,820.54,3865.14,23348.97,1578.22,48.900244,15.686416
594644,PODMOLÍ,172445.05,0.82,20972.8,3056.66,11020.75,66575.48,1473.2,48.8506375,15.9400667
594652,PODMYČE,102727.98,39.0,12493.8,1393.74,6565.22,39659.97,1525.71,48.8875997,15.7822405
594679,PRÁČE,647284.84,6870.85,78722.94,11473.39,41367.18,249895.82,3841.98,48.8770372,16.2011771
594687,PRAVICE,309908.4,2811.24,37691.13,5493.25,19805.87,119645.65,1525.71,48.8433565,16.3610503
594695,PROKOPOV,77230.75,1985.59,9392.82,1047.81,4935.72,29816.3,1525.71,48.9983371,15.8959827
594709,PROSIMĚŘICE,956700.53,18602.02,116354.13,16957.92,61141.55,369351.25,7368.91,48.9027025,16.191965
594725,REŠICE,267536.19,87779.78,32537.81,4742.19,17097.91,103287.1,1158.14,49.053365,16.1714684
594733,ROZKOŠ,176017.14,,21407.24,3119.98,11249.04,67954.55,221.62,49.0285949,15.9776566
594741,RUDLICE,85853.0,,10441.46,1164.79,5486.76,33145.08,843.08,48.9484872,16.0656968
594750,RYBNÍKY,405984.92,18512.13,49375.98,7196.25,25945.99,156737.7,2316.28,49.0262648,16.2793668
594768,SKALICE,438626.31,17415.31,53345.83,7774.84,28032.07,169339.5,7155.96,48.9644284,16.2247985
594776,SLATINA,194986.09,1.98,23714.25,3456.21,12461.32,75277.85,1525.71,49.0196479,16.0183486
594784,SLUP,454639.07,36958.37,55293.31,8058.67,29055.42,175521.5,3999.51,48.7815036,16.1991859
594792,STÁLKY,127486.16,,15504.89,2259.75,8147.48,49218.31,1000.61,48.8701253,15.6846802
594806,STARÝ PETŘÍN,257435.83,8316.44,31309.41,4563.17,16452.41,99387.68,3261.46,48.890036,15.7340877
594814,STOŠÍKOVICE NA LOUCE,239821.8,4335.74,29167.18,4250.93,15326.72,92587.48,1630.73,48.8965883,16.2148722
594822,STRACHOTICE,865181.48,20781.07,105223.57,15335.7,55292.68,334018.69,4419.6,48.7962155,16.1722533
594831,STŘELICE,172445.05,,20972.8,3056.66,11020.75,66575.48,283.19,48.9940796,15.983165
594849,SUCHOHRDLY U MIROSLAVI,439981.24,35251.94,53510.61,7798.84,28118.66,169862.59,8579.56,48.9430563,16.3631986
594865,ŠAFOV,147194.17,13987.58,17901.79,2609.07,9406.99,56826.93,1263.16,48.8668045,15.7346554
594873,ŠANOV,1453095.94,16202.4,176725.85,25756.74,92865.57,560993.52,17999.29,48.8007285,16.3778238
594881,ŠATOV,1008434.04,13932.27,122645.98,17874.91,64447.78,389323.9,8261.59,48.7931741,16.0099232
594890,ŠTÍTARY,627700.0,33127.47,76341.02,11126.25,40115.54,242334.75,3526.93,48.9351007,15.8442861
594903,ŠUMICE,249552.63,9913.43,30350.65,4423.43,15948.6,96344.23,1683.24,48.9918961,16.4372143
594911,ŠUMNÁ,668101.41,18638.42,81254.65,11842.37,42697.54,257932.43,9787.3,48.922426,15.8709526
594920,TASOVICE,1410231.02,95368.71,171512.62,24996.93,90126.12,544444.76,10945.44,48.8360958,16.1555848
594938,TAVÍKOVICE,452175.56,27896.98,54993.7,8015.0,28897.99,174570.42,10262.81,49.033745,16.1031618
594946,TĚŠETICE,470651.82,26298.17,57240.78,8342.5,30078.78,181703.51,7316.41,48.8888441,16.1582019
594954,TRNOVÉ POLE,100264.48,40514.57,12194.18,1360.31,6407.78,38708.89,241.77,48.9449402,16.4094741
594962,TROSKOTOVICE,627330.47,315094.67,76296.07,11119.69,40091.92,242192.08,4632.56,48.9190187,16.43754
594971,TRSTĚNICE,445400.94,11153.9,54169.77,7894.92,28465.03,171954.96,2893.89,48.9867611,16.1954191
594989,TULEŠICE,167764.4,40216.71,20403.54,2973.69,10721.61,64768.43,2001.22,49.0385451,16.2071313
594997,TVOŘIHRÁZ,367554.32,6337.07,44702.04,6515.05,23489.94,141900.87,2578.83,48.9175487,16.1357753
595004,UHERČICE,332079.9,3116.95,40387.63,5886.26,21222.83,128205.36,1630.73,48.9132346,15.6303763
595012,ÚJEZD,84990.78,3231.09,10336.6,1153.09,5431.65,32812.2,161.18,49.0235463,16.053258
595021,ÚNANOV,1008434.04,9104.41,122645.98,17874.91,64447.78,389323.9,6000.73,48.9008228,16.0635066
595039,VALTROVICE,337130.08,10.58,41001.84,5975.78,21545.57,130155.07,1420.69,48.7936504,16.2210549
595047,VEDROVICE,742622.31,44624.85,90317.9,13163.29,47460.08,286702.55,3999.51,49.0202855,16.3770785
595055,VÉMYSLICE,672412.54,4006.55,81778.97,11918.8,42973.05,259596.82,6840.9,49.0219707,16.2572537
595063,VEVČICE,73042.8,4875.86,8883.47,990.99,4668.08,28199.47,201.48,48.9622044,16.0444311
595071,VIŠŇOVÉ,967663.11,9808.15,117687.4,17152.23,61842.15,373583.55,17208.73,48.9824147,16.1502546
595080,VÍTONICE,241423.08,19965.3,29361.93,4279.32,15429.05,93205.68,1578.22,48.919367,16.1988822
595098,VRANOV NAD DYJÍ,755802.04,15179.61,91920.81,13396.9,48302.38,291790.81,11893.53,48.8946664,15.8124841
595101,VRANOVSKÁ VES,215186.8,,26171.07,3814.28,13752.32,83076.69,3631.94,48.9514911,15.9184842
595110,VRATĚNÍN,258174.88,25987.76,31399.28,4576.26,16499.64,99673.0,1525.71,48.9040845,15.5951776
595128,VRBOVEC,1269934.65,14110.27,154449.75,22510.12,81159.97,490280.86,9734.78,48.799778,16.1006148
595136,VÝROVICE,140296.36,67069.39,17062.87,2486.81,8966.17,54163.92,1368.19,48.9282554,16.1202887
595144,VYSOČANY,91026.35,44256.59,11070.64,1234.98,5817.38,35142.35,221.62,48.940724,15.6893967
595152,ZÁLESÍ,140419.54,1974.57,17077.86,2488.99,8974.04,54211.47,303.33,48.9541306,15.7820543
595161,ZBLOVICE,44712.54,3137.88,5437.95,606.63,2857.53,17262.07,221.62,48.9577366,15.7052088
595179,ŽELETICE,350063.46,2487.78,42574.79,6205.02,22372.12,135148.23,2631.34,48.9363277,16.1828107
595187,ŽEROTICE,263348.24,3665.62,32028.47,4667.95,16830.26,101670.27,1683.24,48.92671,16.1687444
595195,ŽERŮTKY,196464.19,2615.51,23894.02,3482.42,12555.78,75848.5,5157.66,48.9059037,15.9630924
595209,ŽĎÁR NAD SÁZAVOU,17182794.8,108520.41,2089775.37,304572.24,1098131.25,6633723.5,802607.88,49.5629014,15.9391924
595217,BALINY,107778.15,2271.62,13108.0,1462.26,6887.97,41609.67,2368.78,49.3354674,15.9566253
595241,BLAŽKOV,218266.17,,26545.59,3868.86,13949.12,84265.53,263.04,49.4730733,16.1851629
595250,BLÍZKOV,293033.42,,35638.79,5194.13,18727.4,113130.77,3526.93,49.4004829,15.9087064
595268,BOBROVÁ,911495.28,,110856.26,16156.64,58252.54,351898.97,9839.8,49.4755967,16.1184781
595276,BOBRŮVKA,203977.87,2736.0,24807.84,3615.59,13035.97,78749.28,221.62,49.4483692,16.0959424
595284,BOHDALEC,258051.7,6426.5,31384.31,4574.08,16491.77,99625.45,2998.92,49.4742834,16.0599261
595292,BOHDALOV,1054747.86,219.0,128278.67,18695.85,67407.63,407204.17,17733.82,49.4792115,15.8758191
595306,BOHUŇOV,222700.46,8301.01,27084.88,3947.45,14232.51,85977.48,1210.65,49.5604081,16.202442
595314,BORAČ,278991.46,2025.59,33931.0,4945.24,17830.0,107709.61,1893.28,49.4008152,16.3611119
595322,BOROVNICE,161605.65,,19654.52,2864.52,10328.02,62390.74,1893.28,49.6672289,16.2025492
595331,BOROVNÍK,85976.17,659.45,10456.44,1166.46,5494.62,33192.64,1788.26,49.3555554,16.2293512
595349,BŘEZEJC,126870.29,8720.5,15429.99,2248.82,8108.12,48980.53,5420.21,49.3462981,16.0914576
595357,BŘEZÍ,177248.88,99.54,21557.04,3141.81,11327.76,68430.08,2158.74,49.3436168,16.2151847
595365,BŘEZÍ NAD OSLAVOU,218266.17,558.49,26545.59,3868.86,13949.12,84265.53,1210.65,49.5028921,15.935593
595381,BŘEZSKÉ,155323.72,1287.37,18890.51,2753.18,9926.56,59965.48,201.48,49.3301264,16.2378587
595390,BUDEČ,143868.44,9238.33,17497.31,2550.13,9194.45,55542.98,1473.2,49.5363699,15.9123172
595403,BUKOV,156309.13,,19010.35,2770.65,9989.53,60345.92,1315.66,49.4543033,16.223561
595411,BYSTŘICE NAD PERNŠTEJNEM,6743587.05,238752.49,820156.58,119532.91,430974.34,2603481.7,213400.98,49.5229885,16.2610589
595420,BÝŠOVEC,146578.3,13.0,17826.88,2598.16,9367.64,56589.16,221.62,49.4761233,16.2874298
595438,ČERNÁ,257682.18,3115.0,31339.36,4567.53,16468.15,99482.8,2526.32,49.4260953,15.8634995
595446,ČERNVÍR,105684.18,,12853.34,1433.85,6754.15,40801.26,283.19,49.4453126,16.346181
595454,DALEČÍN,571162.65,1.0,69464.93,10124.1,36502.3,220507.49,5682.75,49.5915559,16.2404292
595462,DAŇKOVICE,144484.32,,17572.22,2561.04,9233.82,55780.74,2683.85,49.6539822,16.1486064
595471,DLOUHÉ,211737.89,,25751.62,3753.14,13531.9,81745.18,303.33,49.5089805,16.1230431
595489,DOBRÁ VODA,339963.11,12078.5,41346.39,6025.99,21726.62,131248.81,4790.08,49.3945559,16.0638001
595501,DOLNÍ HEŘMANICE,488881.73,,59457.91,8665.64,31243.83,188741.48,3051.42,49.3047506,16.060104
595519,DOLNÍ LIBOCHOVÁ,125392.19,,15250.23,2222.63,8013.66,48409.88,1053.12,49.4082864,16.1846015
595527,DOLNÍ LOUČKY,1243698.37,10307.57,151258.87,22045.08,79483.23,480151.88,11578.48,49.3609921,16.3587072
595535,DOLNÍ ROŽÍNKA,538398.09,17868.22,65480.11,9543.33,34408.36,207858.16,30838.01,49.4746071,16.2100968
595551,DOUBRAVNÍK,744100.41,36663.94,90497.66,13189.5,47554.54,287273.2,6893.4,49.4245996,16.3520722
595560,DRAHONÍN,101003.53,686.5,12284.08,1370.35,6455.01,38994.21,60.44,49.4140613,16.2769004
595578,FRYŠAVA POD ŽÁKOVOU HOROU,301778.84,,36702.41,5349.16,19286.32,116507.09,3261.46,49.6304118,16.0443294
595586,HAMRY NAD SÁZAVOU,1202311.55,,146225.4,21311.47,76838.25,464173.76,9734.78,49.5660235,15.9016868
595594,HERÁLEC,1167083.5,,141940.96,20687.05,74586.86,450573.34,14997.46,49.6891826,15.9942663
595608,HEŘMANOV,173430.46,7736.19,21092.65,3074.13,11083.72,66955.91,1420.69,49.3791271,16.1815892
595624,HODÍŠKOV,131181.41,89.0,15954.32,2325.25,8383.64,50644.93,1210.65,49.5034918,16.0380452
595641,BORY,790414.22,1112.0,96130.35,14010.43,50514.4,305153.47,6263.28,49.4254572,16.024663
595659,HORNÍ LIBOCHOVÁ,153476.1,,18665.8,2720.43,9808.46,59252.18,2211.27,49.4074679,16.1491106
595667,HORNÍ LOUČKY,229598.27,809.28,27923.79,4069.72,14673.34,88640.5,1263.16,49.3668061,16.3413943
595675,HORNÍ RADSLAVICE,87946.98,3256.39,10696.13,1193.2,5620.58,33953.49,241.77,49.3382384,15.9022599
595683,HORNÍ ROŽÍNKA,60355.77,,7340.49,818.87,3857.27,23301.42,60.44,49.5000001,16.1928952
595705,CHLUM-KOROUHVICE,42495.39,,5168.3,576.54,2715.83,16406.1,181.32,49.5761996,16.3207917
595713,CHLUMEK,138202.4,,16808.21,2449.7,8832.34,53355.49,895.58,49.3744836,15.8547568
595721,CHLUMĚTÍN,180820.95,22.0,21991.49,3205.13,11556.04,69809.15,181.32,49.7274861,16.0030738
595730,JABLOŇOV,270122.87,11839.1,32852.4,4788.04,17263.22,104285.73,2158.74,49.3238493,16.0894351
595748,JAVOREK,83512.67,709.6,10156.83,1133.04,5337.19,32241.56,100.74,49.6501893,16.1738354
595756,JÁMY,541231.12,842.97,65824.65,9593.55,34589.42,208951.9,1210.65,49.5303208,16.006126
595772,JIMRAMOV,1076057.13,5697.67,130870.31,19073.56,68769.49,415431.0,24420.11,49.6370219,16.2258757
595802,JÍVOVÍ,230953.2,11980.5,28088.57,4093.75,14759.93,89163.59,3474.42,49.4053693,16.0907396
595811,KADOLEC,135738.9,,16508.6,2406.03,8674.91,52404.42,1315.66,49.3747008,16.141351
595829,KADOV,132413.17,0.01,16104.12,2347.08,8462.36,51120.46,1893.28,49.632566,16.0792173
595837,KALY,230214.14,,27998.7,4080.64,14712.71,88878.26,2053.73,49.3793217,16.351601
595845,KARLOV,91519.05,0.02,11130.57,1241.67,5848.87,35332.55,2316.28,49.6467411,15.915287
595853,KNĚŽEVES,144237.97,8821.5,17542.26,2556.67,9218.07,55685.63,221.62,49.4564784,15.9808196
595861,KOROUŽNÉ,199913.09,,24313.47,3543.55,12776.2,77180.01,1420.69,49.5274738,16.3476321
595870,KOTLASY,94721.6,,11520.06,1285.12,6053.55,36568.96,120.89,49.4927111,15.9460966
595888,KOZLOV,145592.9,38.5,17707.04,2580.7,9304.66,56208.73,3474.42,49.3791447,16.0786689
595896,KRÁSNÉ,119233.44,0.03,14501.19,1617.67,7620.06,46032.2,283.19,49.677852,16.1450028
595900,KRÁSNĚVES,209890.26,266.0,25526.91,3720.39,13413.83,81031.87,1000.61,49.4444092,15.9811577
595918,KŘIŽÁNKY,340209.45,7946.06,41376.36,6030.36,21742.37,131343.9,2526.32,49.6866369,16.0649243
595926,KŘIŽANOV,1603492.66,3344.0,195017.14,28422.58,102477.24,619056.85,25575.33,49.3883815,16.1110351
595934,KŘIŽÍNKOV,164192.33,0.34,19969.1,2910.38,10493.33,63389.37,161.18,49.3257991,16.2701335
595951,KŘOVÍ,521646.29,12950.03,63442.74,9246.4,33337.77,201390.83,7526.44,49.3060831,16.2643042
595969,KUKLÍK,167887.58,0.03,20418.53,2975.87,10729.49,64815.98,1683.24,49.6299224,16.1131425
595977,KUNDRATICE,136108.42,,16553.54,2412.58,8698.53,52547.08,1420.69,49.4024944,16.1347056
595985,KUŘIMSKÁ NOVÁ VES,119233.44,,14501.19,1617.67,7620.06,46032.2,303.33,49.3457648,16.2969704
595993,KUŘIMSKÉ JESTŘABÍ,145223.37,13824.88,17662.09,2574.15,9281.06,56066.07,948.1,49.3465754,16.313927
596001,KYJOV,40894.12,,4973.55,554.82,2613.49,15787.91,303.33,49.4434434,15.8815526
596019,LAVIČKY,547513.05,2668.58,66588.66,9704.9,34990.88,211377.14,4895.12,49.3804964,15.96834
596035,LHOTKA,181067.31,325.11,22021.45,3209.49,11571.79,69904.26,283.19,49.5821811,16.0028734
596051,LÍSEK,363489.55,0.59,44207.68,6443.01,23230.17,140331.6,3156.43,49.5787979,16.1875119
596060,LÍŠNÁ,54812.89,357.4,6666.36,743.66,3503.03,21161.48,1053.12,49.6401717,16.1510504
596078,LUBNÉ,45697.93,,5557.79,619.99,2920.49,17642.5,60.44,49.3541679,16.2752098
596086,MALÁ LOSENICE,230830.02,,28073.6,4091.56,14752.06,89116.03,241.77,49.5999272,15.7965995
596094,MARTINICE,338115.48,90.0,41121.68,5993.23,21608.54,130535.5,1473.2,49.3720874,16.0387658
596108,MATĚJOV,178726.98,,21736.81,3168.0,11422.22,69000.73,843.08,49.5285967,15.8630038
596116,MĚŘÍN,1873492.34,27229.07,227854.55,33208.43,119732.59,723295.04,31366.02,49.393211,15.883812
596132,MIROŠOV,117262.64,,14261.51,1590.93,7494.11,45271.33,1578.22,49.465322,16.1560924
596141,MORAVEC,574734.73,5277.64,69899.37,10187.42,36730.59,221886.56,6945.92,49.4400114,16.1430828
596159,MORAVECKÉ PAVLOVICE,54443.37,209.51,6621.41,738.65,3479.41,21018.83,100.74,49.4254343,16.2563206
596175,NEDVĚDICE,1101184.85,13072.95,133926.36,19518.95,70375.36,425131.99,16208.11,49.4570501,16.3337065
596183,NETÍN,302394.72,18271.93,36777.32,5360.07,19325.68,116744.86,7526.44,49.4129102,15.9506487
596191,NÍHOV,207303.59,1621.43,25212.3,3674.55,13248.51,80033.24,1945.78,49.3416912,16.2575411
596205,NÍŽKOV,893265.38,9624.01,108639.13,15833.5,57087.5,344860.99,9839.8,49.5325638,15.8058415
596213,NOVÁ VES,123175.04,15.9,14980.57,2183.33,7871.97,47553.91,241.77,49.391808,16.1966668
596221,NOVÁ VES U NOVÉHO MĚSTA NA MORAVĚ,544310.5,,66199.17,9648.13,34786.21,210140.75,3156.43,49.5399288,16.0841002
596230,NOVÉ MĚSTO NA MORAVĚ,8442047.65,3838.58,1026723.74,149638.83,539520.87,3259202.63,266710.39,49.5616916,16.0744185
596248,NOVÉ SADY,184023.51,,22380.98,3261.9,11760.72,71045.54,1263.16,49.2937224,16.1936282
596256,NOVÉ VESELÍ,1269072.42,101172.6,154344.87,22494.84,81104.86,489947.98,28839.71,49.5198752,15.9084979
596264,NOVÝ JIMRAMOV,59000.84,,7175.7,800.48,3770.68,22778.33,241.77,49.6346223,16.18721
596272,NYKLOVICE,131920.47,,16044.2,2338.34,8430.87,50930.24,2211.27,49.6038769,16.3449396
596281,OBYČTOV,348339.01,,42365.07,6174.45,22261.92,134482.47,1788.26,49.4998588,16.0015804
596302,OLŠÍ,328877.35,8730.5,39998.14,5829.49,21018.14,126968.96,1735.75,49.4212179,16.2902978
596329,OŘECHOV,284164.81,,34560.19,5036.94,18160.63,109706.88,1525.71,49.350315,16.1388322
596337,OSLAVICE,617599.64,7104.5,75112.61,10947.21,39470.03,238435.33,7368.91,49.3407713,15.9907027
596345,OSOVÁ BÍTÝŠKA,994268.91,13597.88,120923.21,17623.83,63542.51,383855.2,10420.33,49.3250983,16.1681302
596353,OSOVÉ,79694.25,,9692.44,1081.23,5093.16,30767.38,120.89,49.3252223,16.015424
596361,OSTROV NAD OSLAVOU,795710.76,90.12,96774.52,14104.31,50852.9,307198.29,8894.63,49.4873065,15.9898348
596370,OTÍN,248936.75,3992.09,30275.74,4412.5,15909.24,96106.46,4104.54,49.3628644,15.9066017
596388,PAVLÍNOV,229105.58,,27863.88,4060.99,14641.86,88450.28,2106.23,49.3481149,15.8784604
596396,PAVLOV,303749.65,3842.41,36942.1,5384.08,19412.27,117267.95,2788.86,49.450746,15.913841
596400,PERNŠTEJNSKÉ JESTŘABÍ,175031.72,7596.3,21287.4,3102.51,11186.07,67574.11,303.33,49.4063169,16.3256049
596418,PETRÁVEČ,221099.19,,26890.14,3919.07,14130.18,85359.28,1420.69,49.3276462,16.0411316
596434,PÍSEČNÉ,200036.26,,24328.46,3545.73,12784.07,77227.55,1840.77,49.5679071,16.2366554
596442,POČÍTKY,184639.38,34.45,22455.88,3272.81,11800.08,71283.32,1105.63,49.5886786,15.9718706
596451,PODĚŠÍN,224301.75,1269.49,27279.63,3975.84,14334.85,86595.67,303.33,49.5076674,15.8008888
596469,PODOLÍ,74151.38,,9018.3,1006.03,4738.92,28627.46,201.48,49.4842597,16.0804482
596477,POKOJOV,110241.66,,13407.61,1495.68,7045.4,42560.75,201.48,49.4818195,15.9065535
596485,POLNIČKA,784748.17,0.02,95441.25,13910.0,50152.29,302965.99,20155.11,49.6074951,15.9163345
596493,PROSETÍN,352157.44,3313.0,42829.47,6242.13,22505.95,135956.63,2473.81,49.526421,16.3953324
596507,RAČICE,42125.86,,5123.36,571.53,2692.21,16263.44,181.32,49.4972735,16.1392493
596515,RADENICE,144977.03,940.5,17632.14,2569.79,9265.3,55970.95,948.1,49.4272172,16.0645712
596523,RADEŠÍN,101619.41,,12358.98,1378.7,6494.37,39231.98,2683.85,49.4704264,16.0878897
596531,RADEŠÍNSKÁ SVRATKA,495533.18,0.02,60266.85,8783.54,31668.91,191309.41,6368.31,49.5084458,16.0850382
596540,RADŇOVES,79324.72,4.06,9647.49,1076.22,5069.54,30624.72,201.48,49.3886167,16.2139695
596558,RADŇOVICE,287121.01,,34919.73,5089.34,18349.55,110848.18,1578.22,49.5640066,16.0349919
596566,RADOSTÍN,153229.74,615.9,18635.84,2716.06,9792.72,59157.07,283.19,49.652715,15.8757634
596574,RADOSTÍN NAD OSLAVOU,970003.43,6511.5,117972.04,17193.72,61991.73,374487.07,10472.84,49.4619289,15.9651086
596582,ROJETÍN,74644.07,1908.12,9078.23,1012.72,4770.41,28817.67,1683.24,49.366646,16.2573735
596604,ROUSMĚROV,99771.79,3026.24,12134.27,1353.63,6376.29,38518.67,283.19,49.4565391,16.0332099
596612,ROVEČNÉ,523001.21,289.66,63607.53,9270.42,33424.37,201913.92,4842.59,49.5776229,16.3625677
596639,ROZSEČ,68485.33,,8329.21,929.16,4376.81,26439.97,201.48,49.3601373,16.2193572
596647,ROZSOCHY,575104.26,7452.1,69944.31,10193.97,36754.21,222029.23,6053.24,49.5202165,16.2000968
596655,ROŽNÁ,679187.17,306.18,82602.9,12038.88,43406.02,262212.28,6998.43,49.4772678,16.2384849
596663,RUDA,376176.57,3956.19,45750.69,6667.89,24040.98,145229.66,2211.27,49.3224834,16.1226923
596671,RUDOLEC,200036.26,,24328.46,3545.73,12784.07,77227.55,843.08,49.4768195,15.8302002
596680,ŘEČICE,397116.33,,48297.38,7039.06,25379.21,153313.81,3579.43,49.5129928,16.0638545
596698,ŘIKONÍN,48284.62,3827.99,5872.39,655.09,3085.82,18641.14,1315.66,49.3644062,16.3056963
596701,SÁZAVA,527435.52,,64146.82,9349.01,33707.75,203625.87,10682.88,49.559801,15.8573798
596710,SEJŘEK,151382.12,11.89,18411.13,2683.31,9674.65,58443.76,1315.66,49.4360952,16.3092568
596728,SIRÁKOV,212846.47,12525.56,25886.44,3772.8,13602.75,82173.16,2421.3,49.504806,15.8182087
596736,SKLENÉ,106792.76,,12988.15,1448.88,6824.99,41229.24,221.62,49.6093955,16.0068656
596744,SKLENÉ NAD OSLAVOU,198311.81,,24118.72,3515.16,12673.86,76561.8,2421.3,49.4389717,16.056413
596752,SKOROTICE,117139.46,1222.01,14246.53,1589.26,7486.24,45223.77,120.89,49.45735,16.3591725
596761,SKŘINÁŘOV,143006.22,,17392.45,2534.84,9139.35,55210.1,241.77,49.3470462,16.1719953
596787,SNĚŽNÉ,756417.92,16478.69,91995.71,13407.82,48341.74,292028.59,12156.09,49.6456645,16.1214343
596795,SPĚLKOV,33380.44,0.01,4059.74,452.88,2133.3,12887.11,141.03,49.6747617,16.1609434
596809,STRACHUJOV,96199.71,750.26,11699.83,1305.17,6148.0,37139.61,263.04,49.6131339,16.2264971
596817,STRÁNECKÁ ZHOŘ,488142.67,18588.52,59368.03,8652.53,31196.6,188456.16,23051.93,49.3801173,15.9270795
596825,STRÁŽEK,807535.56,5380.5,98212.65,14313.91,51608.61,311763.46,11210.91,49.4398347,16.1956198
596833,SULKOVEC,146331.94,,17796.92,2593.8,9351.9,56494.06,3999.51,49.6093122,16.3094041
596841,SVĚTNOV,387015.98,,47068.98,6860.03,24733.71,149414.4,3474.42,49.6205305,15.9552132
596850,SVINY,94105.73,,11445.16,1276.76,6014.18,36331.18,161.18,49.3641882,16.0850078
596868,SVRATKA,1240742.18,9455.41,150899.34,21992.67,79294.31,479010.58,34102.38,49.7111798,16.0315815
596876,ŠKRDLOVICE,544680.03,,66244.11,9654.68,34809.82,210283.41,5840.28,49.6346722,15.9259334
596884,ŠTĚPÁNOV NAD SVRATKOU,689903.4,,83906.21,12228.83,44090.87,266349.48,12051.06,49.5045836,16.3389986
596892,TIŠNOVSKÁ NOVÁ VES,87946.98,1682.03,10696.13,1193.2,5620.58,33953.49,843.08,49.3838764,16.293239
596906,UHŘÍNOV,323827.18,,39383.93,5739.97,20695.4,125019.25,6473.33,49.3498298,15.937953
596914,UJČOV,374205.78,0.07,45510.98,6632.95,23915.03,144468.79,5630.25,49.4883588,16.3310828
596922,ÚJEZD,227011.59,45443.0,27609.21,4023.88,14508.02,87641.87,1000.61,49.5094912,15.8702651
596931,UNČÍN,177372.05,98.4,21572.04,3143.99,11335.62,68477.64,3103.93,49.6076627,16.2456811
596949,VATÍN,259406.63,13616.84,31549.09,4598.09,16578.36,100148.55,3421.91,49.5248213,15.9668138
596957,VĚCOV,585943.66,19345.5,71262.6,10386.1,37446.94,226213.97,4632.56,49.6161411,16.1699427
596965,VĚCHNOV,273202.24,3.0,33226.92,4842.62,17460.01,105474.58,1683.24,49.4995348,16.2791482
596973,VELKÁ BÍTEŠ,5010760.59,16150.81,609409.83,88817.83,320231.54,1934493.24,250029.68,49.2883646,16.2271255
596981,VELKÁ LOSENICE,1083570.81,7214.89,131784.13,19206.74,69249.68,418331.78,12841.63,49.5808517,15.8362896
596990,VELKÉ JANOVICE,109625.79,,13332.71,1487.32,7006.05,42322.99,181.32,49.587842,16.2200476
597007,VELKÉ MEZIŘÍČÍ,9928031.33,68517.58,1207449.41,175978.52,634488.25,3832893.05,435696.57,49.3554996,16.0121507
597015,VEPŘOVÁ,373343.55,,45406.12,6617.68,23859.92,144135.91,1473.2,49.612445,15.827376
597031,VĚSTÍN,155939.6,222.0,18965.41,2764.1,9965.91,60203.25,1788.26,49.5668773,16.339911
597040,VĚŽNÁ,195355.61,13.04,23759.2,3462.76,12484.94,75420.51,1368.19,49.4601671,16.268545
597058,VÍDEŇ,361518.75,3142.0,43967.99,6408.07,23104.22,139570.73,3051.42,49.3921258,16.0316259
597066,VIDONÍN,161852.01,,19684.47,2868.9,10343.76,62485.84,2788.86,49.3797412,16.2224415
597074,VÍR,551208.3,311.2,67038.08,9770.4,35227.04,212803.77,5315.19,49.5575662,16.3235683
597082,VLKOV,217403.94,11400.13,26440.72,3853.58,13894.01,83932.66,3369.4,49.3243789,16.2002886
597091,VOJNŮV MĚSTEC,662065.83,1764.12,80520.6,11735.39,42311.82,255602.28,5630.25,49.6794545,15.8782847
597104,VRATISLÁVKA,76245.35,9364.69,9272.98,1034.44,4872.75,29435.87,161.18,49.3864129,16.2440322
597112,ZÁBLATÍ,209274.39,,25452.01,3709.47,13374.47,80794.11,4472.11,49.3207488,16.1663342
597121,ZADNÍ ZHOŘEC,129087.45,,15699.64,2288.13,8249.82,49836.5,80.59,49.4310739,15.9392046
597139,ZNĚTÍNEK,162837.4,,19804.32,2886.36,10406.73,62866.28,221.62,49.4695534,15.9265398
597147,ZUBŘÍ,449465.72,,54664.12,7966.97,28724.8,173524.24,4104.54,49.5711085,16.1236867
597155,ZVOLE,576828.71,72336.19,70154.04,10224.53,36864.41,222694.98,5948.23,49.4944447,16.1748438
597163,ŽDÁNICE,178234.28,0.02,21676.9,3159.27,11390.73,68810.52,3526.93,49.54746,16.262086
597171,ŽĎÁREC,411650.98,14253.15,50065.09,7296.68,26308.1,158925.18,3156.43,49.3797667,16.2664578
597180,BRUNTÁL,12893470.41,1611169.76,1568106.78,228542.17,824005.8,4977753.54,450221.45,49.9885113,17.4652901
597198,BÍLČICE,254479.63,5725.85,30949.87,4510.76,16263.48,98246.38,6525.83,49.8698249,17.5659095
597201,BOHUŠOV,354128.24,112819.95,43069.16,6277.08,22631.89,136717.5,4157.05,50.2432927,17.713858
597210,BRANTICE,1150578.04,171209.28,139933.56,20394.48,73532.03,444201.11,14104.79,50.0635625,17.6290411
597228,BŘIDLIČNÁ,2422483.49,140974.58,294622.99,42939.54,154817.94,935242.84,54362.52,49.9116692,17.3710729
597252,DĚTŘICHOV NAD BYSTŘICÍ,436286.0,,53061.2,7733.35,27882.5,168435.97,2736.36,49.8322331,17.4014392
597287,DOLNÍ MORAVICE,383320.72,,46619.56,6794.52,24497.55,147987.79,4685.06,49.977876,17.3231489
597317,DVORCE,1106974.08,40555.68,134630.43,19621.58,70745.35,427367.03,21680.83,49.8333181,17.5476189
597325,HEŘMANOVICE,395268.7,20539.64,48072.67,7006.3,25261.14,152600.52,4419.6,50.1932956,17.3977667
597341,HOLČOVICE,751244.57,140705.74,91366.53,13316.13,48011.12,290031.32,7155.96,50.157076,17.485502
597350,HORNÍ BENEŠOV,1877926.65,95656.31,228393.86,33287.04,120015.97,725006.98,51101.06,49.9668211,17.6026237
597368,HORNÍ MĚSTO,782407.85,27531.27,95156.62,13868.51,50002.72,302062.47,5682.75,49.9084482,17.2111153
597392,HOŠŤÁLKOVY,606144.37,13100.52,73719.41,10744.17,38737.94,234012.81,2211.27,50.1116045,17.5995213
597414,HUZOVÁ,586190.01,64.0,71292.56,10390.46,37462.68,226309.08,3789.48,49.8202358,17.2984381
597431,JANOV,228859.23,14793.51,27833.92,4056.62,14626.11,88355.17,738.06,50.2448527,17.4811891
597449,JINDŘICHOV,1097366.43,280420.86,133461.95,19451.28,70131.33,423657.83,11736.0,50.251836,17.5190264
597457,JIŘÍKOV,387139.15,13095.28,47083.95,6862.21,24741.59,149461.95,1368.19,49.8542782,17.2783377
597473,KARLOVA STUDÁNKA,164192.33,,19969.1,2910.38,10493.33,63389.37,14262.33,50.0730874,17.3066265
597481,KARLOVICE,915929.59,51055.44,111395.56,16235.24,58535.94,353610.91,9052.16,50.1056397,17.4456327
597511,KRASOV,365953.04,156736.99,44507.29,6486.67,23387.61,141282.68,843.08,50.091772,17.5461012
597520,KRNOV,18593888.04,860297.82,2261392.85,329584.47,1188312.47,7178501.15,527475.46,50.089894,17.7040842
597538,KŘIŠŤANOVICE,235017.98,,28582.94,4165.79,15019.71,90732.87,2631.34,49.8508136,17.5110339
597546,LESKOVEC NAD MORAVICÍ,370756.88,7133.55,45091.53,6571.82,23694.62,143137.28,3789.48,49.9058569,17.5745459
597554,LICHNOV,984414.91,52997.47,119724.76,17449.17,62912.74,380050.89,7683.98,50.0078615,17.626404
597571,LIPTAŇ,404630.0,129258.06,49211.19,7172.24,25859.4,156214.62,2368.78,50.2222708,17.6054159
597589,LOMNICE,497011.29,201856.65,60446.63,8809.73,31763.37,191880.05,6473.33,49.8708882,17.414482
597601,MALÁ MORÁVKA,776495.45,46632.87,94437.55,13763.71,49624.87,299779.88,28892.21,50.0215781,17.3118481
597635,MĚSTO ALBRECHTICE,3036634.24,67788.71,369316.15,53825.62,194067.55,1172346.65,55783.22,50.1631183,17.5750385
597678,MORAVSKÝ BEROUN,2480868.46,52554.46,301723.78,43974.44,158549.25,957783.4,43312.07,49.7939027,17.4427357
597686,NORBERČANY,269999.69,199.52,32837.42,4785.86,17255.35,104238.18,263.04,49.7539506,17.5062373
597716,OSOBLAHA,922334.69,48646.27,112174.55,16348.77,58945.27,356083.71,12946.64,50.2751715,17.7152325
597724,RAZOVÁ,550346.07,35501.49,66933.21,9755.12,35171.94,212470.89,2788.86,49.9313036,17.531996
597741,ROUDNO,240560.85,10707.98,29257.06,4264.05,15373.94,92872.8,1368.19,49.8961266,17.5137564
597775,RUSÍN,160866.6,140465.49,19564.64,2851.43,10280.79,62105.42,1000.61,50.2097878,17.7342179
597783,RÝMAŘOV,6594668.42,832371.59,802045.06,116893.27,421457.14,2545989.02,141829.74,49.9320352,17.2714574
597791,RYŽOVIŠTĚ,522015.82,68512.32,63487.68,9252.95,33361.39,201533.49,4157.05,49.875477,17.358565
597813,SLEZSKÉ RUDOLTICE,482353.45,219651.45,58663.94,8549.92,30826.62,186221.12,3421.91,50.2047485,17.689208
597821,SOSNOVÁ,330724.98,10344.51,40222.85,5862.24,21136.23,127682.26,2368.78,49.9985228,17.6624799
597872,SVĚTLÁ HORA,1160062.52,86128.62,141087.06,20562.6,74138.16,447862.77,9734.78,50.0455667,17.4008804
597881,SVOBODNÉ HEŘMANICE,446755.87,110968.96,54334.55,7918.93,28551.62,172478.04,3841.98,49.9460497,17.6742589
597899,ŠIROKÁ NIVA,570793.13,64048.08,69419.99,10117.55,36478.68,220364.84,3261.46,50.0674752,17.485208
597911,TŘEMEŠNÁ,803224.43,111071.59,97688.33,14237.49,51333.08,310099.07,4577.13,50.2052342,17.5749245
597937,ÚVALNO,787211.67,50624.75,95740.86,13953.66,50309.73,303917.07,19104.92,50.0471497,17.7450967
597945,VÁCLAVOV U BRUNTÁLU,451066.99,108746.5,54858.87,7995.35,28827.13,174142.44,2893.89,49.9749044,17.3762377
597961,VRBNO POD PRADĚDEM,4027577.43,105753.39,489834.88,71390.49,257397.51,1554917.9,100726.0,50.1209513,17.3831569
597970,VYSOKÁ,301286.14,10361.24,36642.49,5340.42,19254.83,116316.87,4314.58,50.2613934,17.5902392
597988,ZÁTOR,1126312.56,137489.35,136982.39,19964.37,71981.25,434832.99,18786.95,50.0304049,17.5861238
597996,ZLATÉ HORY,3333486.09,44899.31,405419.32,59087.43,213038.99,1286951.59,79150.19,50.2637622,17.3953643
598003,FRÝDEK-MÍSTEK,46771902.69,897898.74,5688409.35,829051.58,2989134.67,18057124.81,1393553.44,49.685635,18.3483416
598011,BAŠKA,3245169.59,136144.46,394678.26,57521.99,207394.79,1252855.43,27681.56,49.6458449,18.3723334
598020,BÍLÁ,346491.39,30305.06,42140.36,6141.71,22143.84,133769.16,13471.75,49.4420083,18.4531685
598038,BRUŠPERK,3589197.46,49004.92,436519.0,63620.03,229381.19,1385673.52,34890.03,49.7003751,18.2216061
598046,BRUZOVICE,792631.38,43008.51,96400.0,14049.72,50656.09,306009.45,8104.05,49.7175887,18.4098489
598062,BYSTŘICE,4547868.8,67710.1,553112.83,80612.88,290648.69,1755785.63,76938.95,49.6363495,18.7204916
598071,ČELADNÁ,2540115.66,654084.17,308929.44,45024.61,162335.67,980656.83,51993.74,49.5487297,18.3375869
598089,DOBRÁ,2981451.83,203457.86,362604.84,52847.48,190540.9,1151042.49,54838.03,49.6738284,18.4139273
598101,DOLNÍ DOMASLAVICE,1238894.55,,150674.64,21959.93,79176.22,478297.26,7683.98,49.7098311,18.4773505
598135,FRYČOVICE,1950107.21,41830.21,237172.48,34566.46,124628.95,752873.57,58362.03,49.6667685,18.2232057
598143,FRÝDLANT NAD OSTRAVICÍ,8444511.16,2113204.34,1027023.35,149682.5,539678.3,3260153.71,231557.79,49.5930718,18.3596301
598160,HNOJNÍK,1650545.53,15952.91,200739.73,29256.61,105484.33,637222.45,46944.02,49.6822843,18.5412827
598178,HORNÍ BLUDOVICE,1891229.55,30795.63,230011.76,33522.84,120866.16,730142.8,6683.36,49.7496509,18.4367722
598232,HRČAVA,178973.33,,21766.77,3172.38,11437.96,69095.83,1420.69,49.5201686,18.8332414
598241,PĚTIKOZLY,74767.25,107.63,9093.21,1014.39,4778.29,28865.22,948.1,50.4114104,14.811844
598259,JABLUNKOV,4604406.14,214188.98,559988.91,81615.02,294261.92,1777612.87,133883.21,49.5767408,18.7645761
598267,MODLETICE,517335.17,35527.58,62918.42,9169.98,33062.25,199726.44,184823.82,49.9705146,14.5909458
598275,KAŇOVICE,254849.15,6884.48,30994.82,4517.31,16287.1,98389.05,2421.3,49.7445125,18.3959001
598283,SEDLEC,373220.36,19810.19,45391.15,6615.49,23852.05,144088.36,2421.3,50.18676,14.4581593
598291,ČAKOVIČKY,538151.75,71595.79,65450.14,9538.96,34392.62,207763.05,8737.09,50.2315987,14.531379
598305,SVÉMYSLICE,420889.1,,51188.63,7460.44,26898.5,162491.73,5367.7,50.145903,14.6481065
598313,TRNOVÁ,427047.87,9029.82,51937.67,7569.6,27292.11,164869.42,4790.08,49.9161851,14.3541892
598321,KOZLOVICE,2666862.78,33100.26,324344.46,47271.26,170435.92,1029589.81,13947.26,49.5905254,18.2562756
598330,TUŠOVICE,81541.87,7604.5,9917.15,1106.3,5211.23,31480.69,40.29,49.5756071,14.0305321
598348,KRMELÍN,1754012.56,32240.88,213323.41,31090.61,112096.78,677167.75,17051.19,49.7292599,18.235441
598356,KUNČICE POD ONDŘEJNÍKEM,2044951.99,53938.91,248707.52,36247.63,130690.37,789490.08,15893.05,49.5432079,18.2747022
598364,LHOTKA,453776.84,,55188.45,8043.38,29000.32,175188.62,2683.85,49.5972489,18.2982364
598372,OSTROV,119972.48,,14591.09,1627.7,7667.3,46317.51,2106.23,49.6111687,14.0146436
598381,DUBENEC,257805.35,2883.77,31354.35,4569.71,16476.02,99530.34,3947.01,49.695416,14.0795342
598399,LUČINA,1224236.72,22781.9,148891.94,21700.11,78239.46,472638.35,10105.28,49.7164003,18.4496165
598402,HÁJE,416331.64,32962.33,50634.34,7379.65,26607.24,160732.24,8209.08,49.6727564,14.047294
598411,LHOTA U PŘÍBRAMĚ,383443.9,485.51,46634.53,6796.7,24505.43,148035.33,8366.6,49.7136204,13.9807363
598429,TRHOVÉ DUŠNÍKY,492946.51,11.0,59952.27,8737.68,31503.6,190310.77,1683.24,49.7137917,14.01226
598437,VŠEVILY,120465.18,1430.0,14651.0,2135.29,7698.79,46507.73,948.1,49.56517,13.8825417
598445,MORÁVKA,1524660.63,46317.94,185429.57,27025.25,97439.19,588622.36,9895.23,49.5960703,18.5247134
598453,MOSTY U JABLUNKOVA,3107706.24,8765.49,377959.94,55085.4,198609.67,1199785.26,28314.6,49.5275936,18.7541357
598461,KŇOVICE,269630.16,13470.96,32792.48,4779.3,17231.73,104095.53,120.89,49.6882987,14.4003063
598470,OSEČANY,219374.74,18438.45,26680.41,3888.5,14019.97,84693.52,2158.74,49.6977211,14.4376239
598488,RADÍČ,212476.94,4702.56,25841.49,3766.24,13579.14,82030.5,1000.61,49.7146593,14.4173916
598496,ŠÍPY,159758.03,46516.32,19429.81,2831.78,10209.94,61677.43,1420.69,50.0143177,13.6164532
598500,KRTY,117878.51,,14336.41,1599.29,7533.47,45509.1,221.62,50.0920416,13.4319014
598518,ŽĎÁR,124653.14,34655.83,15160.35,2209.54,7966.43,48124.56,843.08,50.0584464,13.4596126
598526,ROZTOKY,888338.38,219746.21,108039.92,15746.17,56772.61,342958.83,15525.48,50.0267139,13.8678666
598542,OSTRAVICE,2090034.07,332503.39,254190.41,37046.73,133571.5,806894.82,40260.65,49.5381161,18.3931771
598551,PALKOVICE,2930703.71,261999.16,356432.85,51947.96,187297.66,1131450.29,18156.82,49.6346717,18.3150758
598569,PASKOV,3173358.53,735843.27,385944.58,56249.11,202805.43,1225131.49,140038.56,49.7317867,18.2903689
598577,PŘERUBENICE,66760.88,,8119.47,905.77,4266.6,25774.21,1473.2,50.2171653,13.8410216
598585,NEZABUDICE,98663.2,17868.84,11999.44,1338.59,6305.44,38090.68,221.62,50.0130738,13.8223724
598593,HEŘMAŇ,145223.37,2771.47,17662.09,2574.15,9281.06,56066.07,1578.22,48.9112141,14.5036138
598607,HLINCOVÁ HORA,371619.1,10967.73,45196.4,6587.11,23749.72,143470.16,2421.3,48.9836205,14.5644603
598615,MODRÁ HŮRKA,86468.88,1214.95,10516.37,1173.14,5526.12,33382.85,141.03,49.1801479,14.5259105
598623,MOJNÉ,240930.37,30191.75,29302.01,4270.59,15397.56,93015.46,1630.73,48.8347139,14.4072751
598631,KAMENNÝ MALÍKOV,70086.6,3030.0,8523.94,950.89,4479.15,27058.17,80.59,49.2118953,15.1222673
598640,VLČETÍNEC,57030.05,26900.87,6936.0,773.74,3644.72,22017.46,60.44,49.2644892,15.0545226
598658,HORNÍ MEZIŘÍČKO,93366.68,1001.73,11355.28,1266.73,5966.95,36045.87,241.77,49.1568939,15.2446075
598666,ZLÁTENKA,40031.89,1.46,4868.69,543.13,2558.39,15455.03,241.77,49.4234508,15.058555
598674,SEDLIŠTĚ,1460240.09,37361.43,177594.73,25883.37,93322.14,563751.65,13261.71,49.7183621,18.3686875
598691,HUKVALDY,1855631.97,79471.48,225682.38,32891.85,118591.15,716399.72,17576.3,49.6238084,18.2218883
598704,ČÍŽKOV,112335.64,586.0,13662.29,1524.09,7179.23,43369.17,1735.75,49.4404492,15.1184529
598712,KOJČICE,287367.36,9.19,34949.69,5093.7,18365.29,110943.29,4632.56,49.4760853,15.2557627
598721,LIBKOVA VODA,218143.0,24.51,26530.6,3866.68,13941.25,84217.98,1788.26,49.3764921,15.1910091
598739,STARÁ VES NAD ONDŘEJNICÍ,2429874.0,101257.89,295521.83,43070.53,155290.25,938096.07,22208.85,49.7280282,18.1885913
598747,STARÉ HAMRY,657262.01,89578.96,79936.36,11650.24,42004.81,253747.68,5630.25,49.4726546,18.4463082
598755,PUTIMOV,203977.87,268.3,24807.84,3615.59,13035.97,78749.28,2316.28,49.4138226,15.2681826
598763,SVÉPRAVICE,101742.58,14320.5,12373.96,1380.37,6502.24,39279.53,263.04,49.4955919,15.2326888
598771,SYROV,61833.87,495.0,7520.24,838.92,3951.72,23872.06,60.44,49.577919,15.1776975
598780,BOROVANY,168133.92,6702.43,20448.49,2980.24,10745.23,64911.09,303.33,49.3429938,14.3924637
598798,ŠENOV,5524646.85,234057.04,671908.8,97926.68,353073.37,2132888.17,91886.81,49.7931698,18.3756285
598801,KVĚTOV,149411.32,4212.07,18171.44,2648.38,9548.69,57682.9,263.04,49.4254365,14.2757778
598810,TŘINEC,28696212.05,266973.48,3490039.78,508652.39,1833939.55,11078682.98,1287669.77,49.6779212,18.6711993
598828,OSEK,115784.54,20.18,14081.74,1570.88,7399.65,44700.68,263.04,49.4433438,14.3000842
598836,VÁCLAVOVICE,1636257.23,39049.23,199001.97,29003.35,104571.18,631706.19,12366.13,49.7553053,18.3722027
598844,VLASTEC,187718.76,10225.71,22830.4,3327.39,11996.88,72472.17,2421.3,49.3657297,14.2114138
598852,VLKSICE,137463.35,,16718.32,2436.59,8785.11,53070.17,,49.4809073,14.4411871
598861,ŽĎÁR,245241.5,,29826.33,4347.01,15673.08,94679.84,1735.75,49.2331991,14.2280842
598879,VRATIMOV,6071544.03,325714.13,738422.56,107620.66,388024.89,2344027.55,125041.09,49.7697532,18.3102044
598887,PIVKOVICE,75999.01,698.12,9243.01,1031.1,4857.0,29340.77,283.19,49.1777394,14.0688825
598895,BEZDĚDOVICE,287860.07,412.72,35009.6,5102.44,18396.78,111133.5,2473.81,49.444226,13.8800984
598909,SKÁLY,75752.65,3769.46,9213.05,1027.75,4841.26,29245.66,,49.1833759,13.9928571
598917,KARVINÁ,42637162.99,1398966.72,5185541.37,755761.59,2724888.54,16460835.02,1140524.85,49.8542719,18.5416556
598925,ALBRECHTICE,2989211.85,77378.93,363548.63,52985.03,191036.84,1154038.39,30365.41,49.7863609,18.5246402
598933,ČESKÝ TĚŠÍN,19332938.28,480314.15,2351276.3,342684.43,1235544.26,7463824.62,571735.62,49.7464018,18.6260976
598941,DĚTMAROVICE,3450502.37,145754.04,419650.88,61161.6,220517.36,1332127.81,75518.25,49.8942584,18.4605013
598950,LAŽÁNKY,82650.45,,10051.97,1121.34,5282.09,31908.68,2158.74,49.3913974,13.8367319
598968,DOLNÍ LUTYNĚ,4419397.23,34644.59,537488.09,78335.67,282438.23,1706186.89,37786.84,49.8988168,18.4281743
598976,ČENKOV U BECHYNĚ,45697.93,3057.09,5557.79,619.99,2920.49,17642.5,241.77,49.2334332,14.5008409
598992,HODĚTÍN,107778.15,,13108.0,1462.26,6887.97,41609.67,1105.63,49.2521689,14.5486308
599000,ZÁHOŘÍ,55921.47,9224.66,6801.17,758.7,3573.87,21589.47,2788.86,49.2395906,14.5134868
599026,SLAPSKO,132166.81,81.5,16074.15,2342.72,8446.63,51025.35,241.77,49.5746658,14.7626969
599034,ZHOŘ U MLADÉ VOŽICE,86099.36,198.0,10471.42,1168.13,5502.5,33240.19,80.59,49.5434967,14.764874
599042,SLAPY,458580.67,13995.68,55772.68,8128.53,29307.32,177043.22,15157.91,49.3870231,14.6167542
599051,BOHUMÍN,16586504.42,945241.76,2017254.41,294002.75,1060023.06,6403514.99,543263.5,49.9041537,18.3574288
599069,ORLOVÁ,22516643.5,535790.04,2738479.25,399116.95,1439010.94,8692950.65,274289.33,49.8459427,18.4309274
599077,PETROVICE U KARVINÉ,3965866.73,139326.84,482329.61,70296.65,253453.66,1531093.38,71571.25,49.8958672,18.5477896
599085,PETŘVALD,5964874.44,153327.91,725449.37,105729.9,381207.77,2302845.85,108515.01,49.8310682,18.3898338
599107,RYCHVALD,6326885.89,145499.77,769477.29,112146.7,404343.49,2442606.81,81886.55,49.8663296,18.376392
599115,ŘÍPEC,268028.89,130858.82,32597.73,4750.92,17129.4,103477.31,2946.4,49.2142222,14.7362504
599123,ÚSTRAŠICE,308923.0,,37571.29,5475.8,19742.9,119265.22,6000.73,49.3402761,14.6844771
599131,NOVÁ VES,124899.49,,15190.31,2213.9,7982.17,48219.67,80.59,49.3664383,13.0387601
599140,STONAVA,1475021.1,419621.83,179392.4,26145.37,94266.79,569458.12,179456.12,49.8169885,18.5250675
599158,TĚRLICKO,3970424.21,286046.5,482883.89,70377.43,253744.92,1532852.88,39312.55,49.7520345,18.4828608
599166,NĚMČICE,134014.45,3780.5,16298.86,2375.46,8564.7,51738.65,2158.74,49.4250717,13.077501
599174,MOČERADY,79324.72,22975.48,9647.49,1076.22,5069.54,30624.72,1630.73,49.5174097,13.0742802
599182,PAŘEZOV,151874.82,880.38,18471.06,2692.05,9706.14,58633.97,241.77,49.4699906,12.837572
599191,NOVÝ JIČÍN,19113563.53,801020.01,2324595.91,338795.92,1221524.29,7379131.11,768665.93,49.594881,18.0102584
599204,KORKYNĚ,155816.43,10742.33,18950.42,2761.92,9958.04,60155.71,1315.66,49.7798426,14.351153
599212,BARTOŠOVICE,1473666.17,18418.82,179227.61,26121.35,94180.19,568935.04,13471.75,49.6688413,18.0546068
599221,POPOVIČKY,340825.34,571.47,41451.26,6041.27,21781.73,131581.69,9629.76,49.9625413,14.5977971
599239,VOKOV,148179.57,4872.0,18021.63,2626.55,9469.97,57207.36,1158.14,49.3955286,15.2197835
599247,BÍLOVEC,6343268.16,129665.45,771469.7,112437.09,405390.46,2448931.48,134040.74,49.7567664,18.01623
599255,MEZNÁ,101373.06,,12329.01,1375.36,6478.63,39136.88,241.77,49.258267,14.8005418
599263,SEDLEČKO U SOBĚSLAVĚ,161359.3,1620.56,19624.56,2860.16,10312.28,62295.62,2631.34,49.2825203,14.7426325
599271,ZLUKOV,237481.47,875.0,28882.55,4209.46,15177.14,91683.95,948.1,49.1930022,14.7447608
599280,KOMÁROV,125761.71,5673.09,15295.16,2229.18,8037.28,48552.55,201.48,49.2500624,14.5940214
599298,DRAHENICE,133398.57,4531.31,16223.96,2364.54,8525.33,51500.89,1473.2,49.5208419,13.958404
599301,ČERNÍKY,132536.35,9764.89,16119.1,2349.27,8470.23,51168.01,1315.66,50.1020166,14.8199971
599344,FRENŠTÁT POD RADHOŠTĚM,8868233.3,131810.63,1078556.54,157193.15,566757.87,3423739.18,390596.25,49.5474224,18.2117067
599352,FULNEK,4774141.34,202982.33,580632.14,84623.65,305109.49,1843142.17,107146.82,49.7126449,17.9031553
599361,STROJETICE,119849.32,7159.11,14576.09,1626.03,7659.42,46269.96,161.18,49.6515354,15.0660215
599379,STRANNÝ,106792.76,64.5,12988.15,1448.88,6824.99,41229.24,2368.78,49.7538047,14.4932437
599387,SOUTICE,232184.95,6642.5,28238.38,4115.58,14838.65,89639.13,2998.92,49.7260805,15.0526171
599395,OSTROV,62080.22,,7550.21,842.26,3967.48,23967.17,263.04,49.6655348,14.8523175
599409,HODSLAVICE,1420577.73,18037.09,172770.98,25180.34,90787.38,548439.29,9419.72,49.5385617,18.0236738
599417,ŽELEZNÁ,251277.08,9355.42,30560.38,4454.0,16058.81,97009.98,1053.12,50.009698,14.0909348
599425,ŽELENICE,164685.03,,20029.03,2919.1,10524.81,63579.58,161.18,50.2103833,14.1645092
599433,SVÁROV,646299.43,4889.39,78603.08,11455.93,41304.2,249515.39,4632.56,50.0623513,14.1503813
599441,STRADONICE,104698.79,481.08,12733.49,1420.48,6691.16,40420.83,948.1,50.2913566,14.0469256
599450,GRUNTA,61218.0,792.13,7445.34,830.56,3912.37,23634.3,141.03,49.9741134,15.2549835
599468,JESENÍK NAD ODROU,1522073.96,191648.96,185114.98,26979.4,97273.88,587623.73,14419.84,49.6119412,17.9052561
599476,CÍRKVICE,134383.97,54413.94,16343.81,2382.01,8588.32,51881.33,1158.14,49.9093543,15.0157125
599484,KRYCHNOV,85976.17,12639.91,10456.44,1166.46,5494.62,33192.64,1368.19,50.0061235,15.057724
599492,ÚJEZDEC,106423.24,36162.79,12943.22,1443.87,6801.38,41086.59,895.58,50.2833477,14.420881
599506,JISTEBNÍK,1435728.26,50238.62,174613.6,25448.88,91755.62,554288.42,14314.83,49.7539958,18.1306303
599514,BŘEZOVICE,312248.73,37295.9,37975.77,5534.74,19955.43,120549.17,2736.36,50.4707159,14.7336023
599522,HUSÍ LHOTA,121081.06,4598.51,14725.91,2146.21,7738.14,46745.49,221.62,50.4355449,15.0047124
599531,HORNÍ SLIVNO,263101.88,13288.38,31998.51,4663.59,16814.51,101575.16,2106.23,50.3040299,14.7048762
599549,KLIMKOVICE,3785908.01,52164.19,460442.99,67106.81,241952.71,1461617.11,56836.33,49.7884424,18.1254099
599557,KORYTA,86222.53,194.89,10486.41,1169.8,5510.38,33287.74,843.08,50.5719545,15.0117155
599565,KOPŘIVNICE,17683624.5,318326.99,2150686.39,313449.65,1130138.66,6827077.71,751562.24,49.598913,18.1452134
599573,SEZEMICE,110241.66,8547.01,13407.61,1495.68,7045.4,42560.75,1158.14,50.5855488,15.0050906
599581,JIŘICE,257189.48,57590.99,31279.45,4558.8,16436.66,99292.57,30260.39,50.2524308,14.8368518
599590,PODMOKY,178234.28,17627.73,21676.9,3159.27,11390.73,68810.52,1473.2,50.1913364,15.232355
599603,LICHNOV,1325363.41,6624.21,161190.99,23492.62,84702.34,511680.12,6000.73,49.5642288,18.1689759
599611,VRBICE,150150.37,14046.27,18261.33,2661.48,9595.92,57968.22,201.48,50.1808159,15.2301357
599620,CHLEBY,347107.25,83226.13,42215.26,6152.62,22183.19,134006.93,5262.68,50.2231089,15.0894204
599638,HRUBÝ JESENÍK,512777.69,15556.64,62364.13,9089.2,32770.99,197966.94,2473.81,50.251146,15.0940447
599646,LUBOMĚŘ,303996.0,,36972.07,5388.45,19428.01,117363.06,1788.26,49.6886562,17.706476
599654,NOVÝ DVŮR,55182.42,3101.0,6711.3,748.67,3526.64,21304.16,241.77,50.2321447,15.1108651
599662,OSEČEK,134014.45,7218.48,16298.86,2375.46,8564.7,51738.65,2893.89,50.1013118,15.146537
599671,ČILEC,175770.78,,21377.29,3115.61,11233.3,67859.43,263.04,50.2194235,14.9815669
599689,MOŘKOV,1961316.15,17766.79,238535.71,34765.15,125345.31,757200.99,17261.23,49.5369703,18.0597045
599697,ZBOŽÍČKO,193015.29,910.39,23474.56,3421.28,12335.36,74516.99,1525.71,50.2257134,14.9396209
599701,ODRY,6334276.38,116941.13,770376.11,112277.71,404815.8,2445460.04,165036.28,49.6622193,17.8303013
599719,TEHOVEC,475332.47,8997.33,57810.04,8425.47,30377.91,183510.56,16683.62,49.9814941,14.7302926
599727,KARLÍK,334912.93,3464.68,40732.19,5936.47,21403.87,129299.1,4262.07,49.9354016,14.2595089
599735,BŘEZOVÁ-OLEŠKO,1031344.6,1262.02,125432.37,18281.02,65911.96,398168.93,4737.58,49.9145554,14.4162408
599743,PETŘVALD,1501380.55,17520.85,182598.25,26612.6,95951.38,579634.66,15683.02,49.7087171,18.1571921
599751,MODŘOVICE,82773.63,4059.5,10066.95,1123.01,5289.96,31956.24,283.19,49.6173554,13.9563783
599760,RAČICE,159265.33,,19369.88,2823.05,10178.45,61487.21,1263.16,50.0247272,13.9229306
599778,ZÁVRATY,49885.89,4378.59,6067.13,676.82,3188.15,19259.33,60.44,48.9383571,14.3815516
599808,PŘÍBOR,6949289.36,117413.28,845174.14,123179.07,444120.52,2682896.74,128407.58,49.6401091,18.1438062
599832,SEDLNICE,1492019.25,60723.36,181459.72,26446.66,95353.11,576020.56,21788.77,49.657775,18.0875698
599867,SPÁLOV,920610.24,5141.79,111964.82,16318.2,58835.06,355417.96,7155.96,49.7041054,17.7224064
599905,STARÝ JIČÍN,2638655.68,51543.58,320913.9,46771.28,168633.24,1018699.96,24892.69,49.5770392,17.9601825
599921,STUDÉNKA,7748449.01,173733.44,942368.12,137344.51,495193.83,2991426.54,145353.74,49.7137494,18.0610845
599930,SUCHDOL NAD ODROU,2449458.83,130183.7,297903.74,43417.68,156541.9,945657.14,89570.53,49.6557221,17.928155
599948,ŠTRAMBERK,2815411.88,46742.7,342411.02,49904.36,179929.51,1086939.82,34522.46,49.591233,18.1170378
599956,TICHÁ,1530819.39,25174.46,186178.6,27134.42,97832.78,591000.04,11683.49,49.5699873,18.2214789
599964,TÍSEK,785856.75,14388.18,95576.08,13929.64,50223.14,303393.98,3947.01,49.7927259,18.0142788
599999,TROJANOVICE,2274180.74,29316.11,276586.37,40310.81,145340.09,877987.92,21523.3,49.5203949,18.2380031
554782,PRAHA,3608629560.24,27173433.189999998,438882340.7,63964471.78,230623068.88,1393175616.43,60920915.15,50.0874654,14.4212535
554804,ÚSTÍ NAD LABEM,82111560.47,2872971.17,9986426.49,1455461.77,5247648.65,31700628.19,2685065.18,50.6603327,14.0381357
555134,PARDUBICE,84183610.93,1789889.47,10238429.81,1492189.78,5380070.89,32500580.18,3874637.31,50.0385812,15.7791356
554791,PLZEŇ,290927124.99,1194681.2700000003,35382622.52,5156805.26,18592794.09,112317590.35,7553397.53,49.7477415,13.3775249
554821,OSTRAVA,444464072.29,6917983.929999999,54055820.66,7878311.97,28405151.21,171593259.33,11593018.73,49.8349139,18.2820084
582786,BRNO,627789794.17,4600821.97,76351936.29,11127837.31,40121272.2,242369414.43,18806500.92,49.1922443,16.6113382
505927,OPAVA,48980431.15,2256406.45,5957011.08,868198.67,3130279.0,18909766.49,2079542.25,49.9389004,17.9024174
563889,LIBEREC,97802582.36,2057604.09,11894772.12,1733591.8,6250442.56,37758426.21,3768330.72,50.7702648,15.0583947
