key,Cislo_obce,Nazev_obce,Country,Kraj,Okres,Lat,Lon
554782.0,554782.0,Praha,Czechia,Praha,CZ0100,50.0874654,14.4212535
529303.0,529303.0,Benešov,Czechia,Střední Čechy,CZ0201,49.7818921,14.6869121
532568.0,532568.0,Bernartice,Czechia,Střední Čechy,CZ0201,49.675344,15.1271697
530743.0,530743.0,Bílkovice,Czechia,Střední Čechy,CZ0201,49.7598354,14.8607783
532380.0,532380.0,Blažejovice,Czechia,Střední Čechy,CZ0201,49.6200181,15.1999021
532096.0,532096.0,Borovnice,Czechia,Střední Čechy,CZ0201,49.6487323,15.0183336
532924.0,532924.0,Bukovany,Czechia,Střední Čechy,CZ0201,49.8227943,14.6242824
529451.0,529451.0,Bystřice,Czechia,Střední Čechy,CZ0201,49.7321319,14.667401
532690.0,532690.0,Ctiboř,Czechia,Střední Čechy,CZ0201,49.7366645,14.9041967
529478.0,529478.0,Čakov,Czechia,Střední Čechy,CZ0201,49.8255936,14.8363302
529486.0,529486.0,Čechtice,Czechia,Střední Čechy,CZ0201,49.6233316,15.0486116
529516.0,529516.0,Čerčany,Czechia,Střední Čechy,CZ0201,49.8529293,14.7029875
529532.0,529532.0,Červený Újezd,Czechia,Střední Čechy,CZ0201,49.5554167,14.6039224
529541.0,529541.0,Český Šternberk,Czechia,Střední Čechy,CZ0201,49.8108883,14.9281503
529567.0,529567.0,Čtyřkoly,Czechia,Střední Čechy,CZ0201,49.8685104,14.7196361
532746.0,532746.0,Děkanovice,Czechia,Střední Čechy,CZ0201,49.6185704,15.1481777
529621.0,529621.0,Divišov,Czechia,Střední Čechy,CZ0201,49.7885743,14.8756851
529648.0,529648.0,Dolní Kralovice,Czechia,Střední Čechy,CZ0201,49.6721559,15.157366
532151.0,532151.0,Drahňovice,Czechia,Střední Čechy,CZ0201,49.8224724,14.9016448
532843.0,532843.0,Dunice,Czechia,Střední Čechy,CZ0201,49.6028968,15.1532087
529702.0,529702.0,Heřmaničky,Czechia,Střední Čechy,CZ0201,49.6053065,14.5824867
532932.0,532932.0,Hradiště,Czechia,Střední Čechy,CZ0201,49.6841676,14.8487001
529737.0,529737.0,Hulice,Czechia,Střední Čechy,CZ0201,49.7096004,15.0875886
529745.0,529745.0,Hvězdonice,Czechia,Střední Čechy,CZ0201,49.872818,14.7772732
532886.0,532886.0,Chářovice,Czechia,Střední Čechy,CZ0201,49.82025,14.577861
532878.0,532878.0,Chleby,Czechia,Střední Čechy,CZ0201,49.827002,14.5568797
532045.0,532045.0,Chlístov,Czechia,Střední Čechy,CZ0201,49.8015212,14.6547167
529770.0,529770.0,Chlum,Czechia,Střední Čechy,CZ0201,49.693002,14.9957558
529788.0,529788.0,Chmelná,Czechia,Střední Čechy,CZ0201,49.6481022,14.9883521
529796.0,529796.0,Chocerady,Czechia,Střední Čechy,CZ0201,49.8729023,14.8020685
532606.0,532606.0,Choratice,Czechia,Střední Čechy,CZ0201,49.8393272,14.8746852
529818.0,529818.0,Chotýšany,Czechia,Střední Čechy,CZ0201,49.7440999,14.8145778
532037.0,532037.0,Chrášťany,Czechia,Střední Čechy,CZ0201,49.7920513,14.5819263
529842.0,529842.0,Jankov,Czechia,Střední Čechy,CZ0201,49.6531018,14.7309825
529851.0,529851.0,Javorník,Czechia,Střední Čechy,CZ0201,49.6864955,15.0265313
532134.0,532134.0,Ješetice,Czechia,Střední Čechy,CZ0201,49.5811589,14.6101231
531031.0,531031.0,Kamberk,Czechia,Střední Čechy,CZ0201,49.5969451,14.8402851
529907.0,529907.0,Keblov,Czechia,Střední Čechy,CZ0201,49.6776469,15.0718875
533084.0,533084.0,Kladruby,Czechia,Střední Čechy,CZ0201,49.7231666,14.9500494
529931.0,529931.0,Kondrac,Czechia,Střední Čechy,CZ0201,49.6668953,14.8840411
529940.0,529940.0,Kozmice,Czechia,Střední Čechy,CZ0201,49.82478,14.7960773
529958.0,529958.0,Krhanice,Czechia,Střední Čechy,CZ0201,49.8560083,14.557357
529974.0,529974.0,Krňany,Czechia,Střední Čechy,CZ0201,49.8449099,14.4765408
529991.0,529991.0,Křečovice,Czechia,Střední Čechy,CZ0201,49.7213131,14.4755313
530000.0,530000.0,Křivsoudov,Czechia,Střední Čechy,CZ0201,49.6329749,15.087361
530026.0,530026.0,Kuňovice,Czechia,Střední Čechy,CZ0201,49.658598,14.9989113
530051.0,530051.0,Lešany,Czechia,Střední Čechy,CZ0201,49.8444734,14.5247767
530069.0,530069.0,Libež,Czechia,Střední Čechy,CZ0201,49.7574191,14.9167679
532258.0,532258.0,Litichovice,Czechia,Střední Čechy,CZ0201,49.782931,14.8505725
530093.0,530093.0,Loket,Czechia,Střední Čechy,CZ0201,49.6554898,15.1168908
530107.0,530107.0,Louňovice pod Blaníkem,Czechia,Střední Čechy,CZ0201,49.6371536,14.8470198
532193.0,532193.0,Lštění,Czechia,Střední Čechy,CZ0201,49.864282,14.7142648
530115.0,530115.0,Maršovice,Czechia,Střední Čechy,CZ0201,49.7135659,14.5645097
530158.0,530158.0,Mezno,Czechia,Střední Čechy,CZ0201,49.5345175,14.644936
530166.0,530166.0,Miličín,Czechia,Střední Čechy,CZ0201,49.570689,14.6614051
530174.0,530174.0,Miřetice,Czechia,Střední Čechy,CZ0201,49.6589345,14.9767461
530191.0,530191.0,Mnichovice,Czechia,Střední Čechy,CZ0201,49.668605,15.0395834
530204.0,530204.0,Mrač,Czechia,Střední Čechy,CZ0201,49.8296504,14.6905103
530212.0,530212.0,Načeradec,Czechia,Střední Čechy,CZ0201,49.6103317,14.9060072
530263.0,530263.0,Nespeky,Czechia,Střední Čechy,CZ0201,49.8593079,14.6593577
530298.0,530298.0,Netvořice,Czechia,Střední Čechy,CZ0201,49.8158249,14.5182129
530301.0,530301.0,Neustupov,Czechia,Střední Čechy,CZ0201,49.6150018,14.6985996
530310.0,530310.0,Neveklov,Czechia,Střední Čechy,CZ0201,49.7535324,14.5334154
530344.0,530344.0,Olbramovice,Czechia,Střední Čechy,CZ0201,49.67269,14.6384494
599395.0,599395.0,Ostrov,Czechia,Střední Čechy,CZ0201,49.6655348,14.8523175
530352.0,530352.0,Ostředek,Czechia,Střední Čechy,CZ0201,49.8347901,14.8322943
533076.0,533076.0,Pavlovice,Czechia,Střední Čechy,CZ0201,49.7151133,14.9331113
530409.0,530409.0,Petroupim,Czechia,Střední Čechy,CZ0201,49.8082535,14.7525921
532649.0,532649.0,Popovice,Czechia,Střední Čechy,CZ0201,49.6952037,14.752409
530441.0,530441.0,Poříčí nad Sázavou,Czechia,Střední Čechy,CZ0201,49.8389544,14.6744579
530450.0,530450.0,Postupice,Czechia,Střední Čechy,CZ0201,49.7277997,14.7781051
530476.0,530476.0,Pravonín,Czechia,Střední Čechy,CZ0201,49.6355844,14.9433724
530492.0,530492.0,Přestavlky u Čerčan,Czechia,Střední Čechy,CZ0201,49.8529968,14.7441241
530514.0,530514.0,Psáře,Czechia,Střední Čechy,CZ0201,49.755633,14.9618845
538680.0,538680.0,Pyšely,Czechia,Střední Čechy,CZ0201,49.8767807,14.6770252
530522.0,530522.0,Rabyně,Czechia,Střední Čechy,CZ0201,49.8141864,14.4360955
530531.0,530531.0,Radošovice,Czechia,Střední Čechy,CZ0201,49.7409294,14.8673226
530549.0,530549.0,Rataje,Czechia,Střední Čechy,CZ0201,49.7037532,14.9704485
532550.0,532550.0,Ratměřice,Czechia,Střední Čechy,CZ0201,49.643252,14.7561718
538710.0,538710.0,Řehenice,Czechia,Střední Čechy,CZ0201,49.869746,14.6502253
532941.0,532941.0,Řimovice,Czechia,Střední Čechy,CZ0201,49.695753,14.9430141
534382.0,534382.0,Sázava,Czechia,Střední Čechy,CZ0201,49.8717573,14.896712
532231.0,532231.0,Slověnice,Czechia,Střední Čechy,CZ0201,49.7572859,14.8850889
530611.0,530611.0,Smilkov,Czechia,Střední Čechy,CZ0201,49.6024943,14.6174032
532436.0,532436.0,Snět,Czechia,Střední Čechy,CZ0201,49.6264482,15.2272446
530638.0,530638.0,Soběhrdy,Czechia,Střední Čechy,CZ0201,49.8210188,14.7342067
599387.0,599387.0,Soutice,Czechia,Střední Čechy,CZ0201,49.7260805,15.0526171
599379.0,599379.0,Stranný,Czechia,Střední Čechy,CZ0201,49.7538047,14.4932437
599361.0,599361.0,Strojetice,Czechia,Střední Čechy,CZ0201,49.6515354,15.0660215
530689.0,530689.0,Struhařov,Czechia,Střední Čechy,CZ0201,49.7655327,14.7622115
530701.0,530701.0,Střezimíř,Czechia,Střední Čechy,CZ0201,49.5320047,14.6113296
530719.0,530719.0,Studený,Czechia,Střední Čechy,CZ0201,49.6072855,15.1285738
532509.0,532509.0,Šetějovice,Czechia,Střední Čechy,CZ0201,49.6448458,15.2224379
530751.0,530751.0,Tehov,Czechia,Střední Čechy,CZ0201,49.7354392,14.9667327
530760.0,530760.0,Teplýšovice,Czechia,Střední Čechy,CZ0201,49.8061048,14.8015831
530778.0,530778.0,Tichonice,Czechia,Střední Čechy,CZ0201,49.7770615,14.9922767
532592.0,532592.0,Tisem,Czechia,Střední Čechy,CZ0201,49.7556327,14.6079559
532541.0,532541.0,Tomice,Czechia,Střední Čechy,CZ0201,49.6450404,15.1570928
530816.0,530816.0,Trhový Štěpánov,Czechia,Střední Čechy,CZ0201,49.7116864,15.0135299
532304.0,532304.0,Třebešice,Czechia,Střední Čechy,CZ0201,49.7752456,14.8318434
530841.0,530841.0,Týnec nad Sázavou,Czechia,Střední Čechy,CZ0201,49.8334756,14.5899539
532061.0,532061.0,Václavice,Czechia,Střední Čechy,CZ0201,49.7883672,14.6151975
530867.0,530867.0,Veliš,Czechia,Střední Čechy,CZ0201,49.6685528,14.8232891
530883.0,530883.0,Vlašim,Czechia,Střední Čechy,CZ0201,49.7065924,14.8987513
532614.0,532614.0,Vodslivy,Czechia,Střední Čechy,CZ0201,49.8495472,14.837192
530891.0,530891.0,Vojkov,Czechia,Střední Čechy,CZ0201,49.6522163,14.5198005
530905.0,530905.0,Votice,Czechia,Střední Čechy,CZ0201,49.6403939,14.6380296
530913.0,530913.0,Vracovice,Czechia,Střední Čechy,CZ0201,49.6624733,14.9321376
530921.0,530921.0,Vranov,Czechia,Střední Čechy,CZ0201,49.8533131,14.7769157
530948.0,530948.0,Vrchotovy Janovice,Czechia,Střední Čechy,CZ0201,49.6668152,14.5778042
532266.0,532266.0,Všechlapy,Czechia,Střední Čechy,CZ0201,49.7790229,14.9142358
513482.0,513482.0,Vysoký Újezd,Czechia,Střední Čechy,CZ0201,49.8132812,14.4763164
571415.0,571415.0,Xaverov,Czechia,Střední Čechy,CZ0201,49.8428699,14.8849169
531022.0,531022.0,Zdislavice,Czechia,Střední Čechy,CZ0201,49.6864849,14.9744889
531049.0,531049.0,Zvěstov,Czechia,Střední Čechy,CZ0201,49.6326652,14.7921231
534421.0,534421.0,Bavoryně,Czechia,Střední Čechy,CZ0202,49.8951386,13.9599257
531057.0,531057.0,Beroun,Czechia,Střední Čechy,CZ0202,49.9640292,14.0733907
531073.0,531073.0,Běštín,Czechia,Střední Čechy,CZ0202,49.8073,14.0162323
531081.0,531081.0,Broumy,Czechia,Střední Čechy,CZ0202,49.9550652,13.8522593
531090.0,531090.0,Březová,Czechia,Střední Čechy,CZ0202,49.9040777,13.8830074
531103.0,531103.0,Bubovice,Czechia,Střední Čechy,CZ0202,49.9701104,14.1667377
534145.0,534145.0,Bykoš,Czechia,Střední Čechy,CZ0202,49.8829951,14.0635601
531120.0,531120.0,Bzová,Czechia,Střední Čechy,CZ0202,49.897912,13.8622711
531138.0,531138.0,Cerhovice,Czechia,Střední Čechy,CZ0202,49.8494302,13.8342561
531154.0,531154.0,Drozdov,Czechia,Střední Čechy,CZ0202,49.8631347,13.8405766
531162.0,531162.0,Felbabka,Czechia,Střední Čechy,CZ0202,49.8134328,13.9417482
531171.0,531171.0,Hlásná Třebaň,Czechia,Střední Čechy,CZ0202,49.9222389,14.1986542
531189.0,531189.0,Hořovice,Czechia,Střední Čechy,CZ0202,49.8363239,13.902867
531201.0,531201.0,Hostomice,Czechia,Střední Čechy,CZ0202,49.8252575,14.0456045
531219.0,531219.0,Hředle,Czechia,Střední Čechy,CZ0202,49.9037933,13.9206002
531227.0,531227.0,Hudlice,Czechia,Střední Čechy,CZ0202,49.9609632,13.9706338
531235.0,531235.0,Hvozdec,Czechia,Střední Čechy,CZ0202,49.8070453,13.8802986
531243.0,531243.0,Hýskov,Czechia,Střední Čechy,CZ0202,49.9907559,14.0502805
531251.0,531251.0,Chaloupky,Czechia,Střední Čechy,CZ0202,49.7912296,13.871552
534455.0,534455.0,Chlustina,Czechia,Střední Čechy,CZ0202,49.8779979,13.9196631
534447.0,534447.0,Chodouň,Czechia,Střední Čechy,CZ0202,49.8981819,13.9865601
533670.0,533670.0,Chrustenice,Czechia,Střední Čechy,CZ0202,50.0060405,14.1522167
531294.0,531294.0,Chyňava,Czechia,Střední Čechy,CZ0202,50.0274775,14.0736772
531308.0,531308.0,Jivina,Czechia,Střední Čechy,CZ0202,49.7934488,13.8376446
531316.0,531316.0,Karlštejn,Czechia,Střední Čechy,CZ0202,49.933809,14.1832917
531324.0,531324.0,Komárov,Czechia,Střední Čechy,CZ0202,49.8065687,13.8565466
531332.0,531332.0,Koněprusy,Czechia,Střední Čechy,CZ0202,49.9208904,14.0657511
533793.0,533793.0,Korno,Czechia,Střední Čechy,CZ0202,49.9204792,14.1368603
534072.0,534072.0,Kotopeky,Czechia,Střední Čechy,CZ0202,49.8567312,13.9250699
533203.0,533203.0,Králův Dvůr,Czechia,Střední Čechy,CZ0202,49.9475208,14.0395357
531375.0,531375.0,Kublov,Czechia,Střední Čechy,CZ0202,49.9436966,13.8766708
533939.0,533939.0,Lážovice,Czechia,Střední Čechy,CZ0202,49.8582047,14.0712753
533335.0,533335.0,Lhotka,Czechia,Střední Čechy,CZ0202,49.8322143,13.9962272
531448.0,531448.0,Libomyšl,Czechia,Střední Čechy,CZ0202,49.87228,13.9982066
531456.0,531456.0,Liteň,Czechia,Střední Čechy,CZ0202,49.903706,14.1489845
531464.0,531464.0,Loděnice,Czechia,Střední Čechy,CZ0202,49.9948577,14.1578509
531472.0,531472.0,Lochovice,Czechia,Střední Čechy,CZ0202,49.8422832,13.9665265
534404.0,534404.0,Lužce,Czechia,Střední Čechy,CZ0202,49.9841153,14.1967188
533319.0,533319.0,Malá Víska,Czechia,Střední Čechy,CZ0202,49.7760143,13.875517
534218.0,534218.0,Málkov,Czechia,Střední Čechy,CZ0202,49.8881846,14.0234165
531529.0,531529.0,Měňany,Czechia,Střední Čechy,CZ0202,49.9100487,14.1176675
531537.0,531537.0,Mezouň,Czechia,Střední Čechy,CZ0202,50.0042735,14.214169
531545.0,531545.0,Mořina,Czechia,Střední Čechy,CZ0202,49.9528273,14.2085792
533912.0,533912.0,Mořinka,Czechia,Střední Čechy,CZ0202,49.9389761,14.2371693
533602.0,533602.0,Nenačovice,Czechia,Střední Čechy,CZ0202,50.0225034,14.1455251
534269.0,534269.0,Nesvačily,Czechia,Střední Čechy,CZ0202,49.8812584,14.1243535
531588.0,531588.0,Neumětely,Czechia,Střední Čechy,CZ0202,49.8524823,14.0364903
531596.0,531596.0,Nižbor,Czechia,Střední Čechy,CZ0202,50.0000434,14.0026852
531600.0,531600.0,Nový Jáchymov,Czechia,Střední Čechy,CZ0202,49.9807618,13.9431872
531626.0,531626.0,Olešná,Czechia,Střední Čechy,CZ0202,49.7803552,13.8100111
531634.0,531634.0,Osek,Czechia,Střední Čechy,CZ0202,49.819637,13.8585193
531642.0,531642.0,Osov,Czechia,Střední Čechy,CZ0202,49.8443729,14.0839129
534111.0,534111.0,Otmíče,Czechia,Střední Čechy,CZ0202,49.8702447,13.954288
531669.0,531669.0,Otročiněves,Czechia,Střední Čechy,CZ0202,49.9804925,13.978761
534285.0,534285.0,Podbrdy,Czechia,Střední Čechy,CZ0202,49.8629737,14.1265903
531685.0,531685.0,Podluhy,Czechia,Střední Čechy,CZ0202,49.8158149,13.9137584
531693.0,531693.0,Praskolesy,Czechia,Střední Čechy,CZ0202,49.8658803,13.9334288
531715.0,531715.0,Rpety,Czechia,Střední Čechy,CZ0202,49.8282698,13.9384878
533963.0,533963.0,Skřipel,Czechia,Střední Čechy,CZ0202,49.8419587,14.0669707
531740.0,531740.0,Skuhrov,Czechia,Střední Čechy,CZ0202,49.8733147,14.1467218
531758.0,531758.0,Srbsko,Czechia,Střední Čechy,CZ0202,49.9368623,14.1346366
531766.0,531766.0,Stašov,Czechia,Střední Čechy,CZ0202,49.8833403,13.9575226
531782.0,531782.0,Suchomasty,Czechia,Střední Čechy,CZ0202,49.8953539,14.0566059
531791.0,531791.0,Svatá,Czechia,Střední Čechy,CZ0202,49.9390997,13.9615031
531804.0,531804.0,Svatý Jan pod Skalou,Czechia,Střední Čechy,CZ0202,49.9691482,14.1337753
531812.0,531812.0,Svinaře,Czechia,Střední Čechy,CZ0202,49.8919673,14.184231
531839.0,531839.0,Tetín,Czechia,Střední Čechy,CZ0202,49.9493155,14.1022489
531847.0,531847.0,Tlustice,Czechia,Střední Čechy,CZ0202,49.8500272,13.8856114
531855.0,531855.0,Tmaň,Czechia,Střední Čechy,CZ0202,49.9070682,14.0338246
534463.0,534463.0,Točník,Czechia,Střední Čechy,CZ0202,49.8870041,13.8762398
533106.0,533106.0,Trubín,Czechia,Střední Čechy,CZ0202,49.9436745,14.0021858
531880.0,531880.0,Trubská,Czechia,Střední Čechy,CZ0202,49.9548742,13.993447
531901.0,531901.0,Újezd,Czechia,Střední Čechy,CZ0202,49.8312839,13.8375697
531910.0,531910.0,Velký Chlumec,Czechia,Střední Čechy,CZ0202,49.8276844,14.08702
534234.0,534234.0,Vinařice,Czechia,Střední Čechy,CZ0202,49.8925442,14.0980655
534048.0,534048.0,Vižina,Czechia,Střední Čechy,CZ0202,49.8571916,14.1046231
531944.0,531944.0,Vráž,Czechia,Střední Čechy,CZ0202,49.9833385,14.1289119
531952.0,531952.0,Všeradice,Czechia,Střední Čechy,CZ0202,49.8734038,14.1057309
531961.0,531961.0,Vysoký Újezd,Czechia,Střední Čechy,CZ0202,49.9923879,14.2065594
531979.0,531979.0,Zadní Třebaň,Czechia,Střední Čechy,CZ0202,49.9190252,14.2092745
531995.0,531995.0,Zaječov,Czechia,Střední Čechy,CZ0202,49.7743483,13.8407172
532002.0,532002.0,Záluží,Czechia,Střední Čechy,CZ0202,49.8426915,13.8604913
532011.0,532011.0,Zdice,Czechia,Střední Čechy,CZ0202,49.9119542,13.9779864
532029.0,532029.0,Žebrák,Czechia,Střední Čechy,CZ0202,49.8757493,13.8966867
599417.0,599417.0,Železná,Czechia,Střední Čechy,CZ0202,50.009698,14.0909348
535010.0,535010.0,Běleč,Czechia,Střední Čechy,CZ0203,50.0561642,13.9929735
532070.0,532070.0,Běloky,Czechia,Střední Čechy,CZ0203,50.1316515,14.2209459
532088.0,532088.0,Beřovice,Czechia,Střední Čechy,CZ0203,50.2690147,14.1235503
535125.0,535125.0,Bílichov,Czechia,Střední Čechy,CZ0203,50.262046,13.9163489
532100.0,532100.0,Blevice,Czechia,Střední Čechy,CZ0203,50.2097216,14.2361585
532118.0,532118.0,Brandýsek,Czechia,Střední Čechy,CZ0203,50.1892254,14.161989
532126.0,532126.0,Braškov,Czechia,Střední Čechy,CZ0203,50.1020899,14.1006793
532142.0,532142.0,Bratronice,Czechia,Střední Čechy,CZ0203,50.0677101,14.0139897
532169.0,532169.0,Buštěhrad,Czechia,Střední Čechy,CZ0203,50.1558258,14.188817
532185.0,532185.0,Cvrčovice,Czechia,Střední Čechy,CZ0203,50.1797919,14.1547864
532207.0,532207.0,Černuc,Czechia,Střední Čechy,CZ0203,50.3011407,14.2024937
532223.0,532223.0,Doksy,Czechia,Střední Čechy,CZ0203,50.1183818,14.0467382
513130.0,513130.0,Dolany,Czechia,Střední Čechy,CZ0203,50.1154665,14.1496822
512991.0,512991.0,Drnek,Czechia,Střední Čechy,CZ0203,50.1956797,13.9715511
532274.0,532274.0,Družec,Czechia,Střední Čechy,CZ0203,50.1029559,14.0456678
532282.0,532282.0,Dřetovice,Czechia,Střední Čechy,CZ0203,50.1826849,14.2102595
532291.0,532291.0,Dřínov,Czechia,Střední Čechy,CZ0203,50.2756115,14.0695289
513075.0,513075.0,Hobšovice,Czechia,Střední Čechy,CZ0203,50.2705433,14.1621589
532312.0,532312.0,Horní Bezděkov,Czechia,Střední Čechy,CZ0203,50.0822476,14.0674878
532321.0,532321.0,Hořešovice,Czechia,Střední Čechy,CZ0203,50.2715851,13.9667954
535150.0,535150.0,Hořešovičky,Czechia,Střední Čechy,CZ0203,50.2748839,13.9557793
532339.0,532339.0,Hospozín,Czechia,Střední Čechy,CZ0203,50.3068768,14.1717605
532347.0,532347.0,Hostouň,Czechia,Střední Čechy,CZ0203,50.1143862,14.2012762
532355.0,532355.0,Hradečno,Czechia,Střední Čechy,CZ0203,50.1883297,13.9912577
532363.0,532363.0,Hrdlív,Czechia,Střední Čechy,CZ0203,50.1993853,14.072602
532371.0,532371.0,Hřebeč,Czechia,Střední Čechy,CZ0203,50.1359496,14.1644629
532398.0,532398.0,Chržín,Czechia,Střední Čechy,CZ0203,50.2953391,14.2700755
532401.0,532401.0,Jarpice,Czechia,Střední Čechy,CZ0203,50.3216043,14.08522
532410.0,532410.0,Jedomělice,Czechia,Střední Čechy,CZ0203,50.2329523,13.9722987
532428.0,532428.0,Jemníky,Czechia,Střední Čechy,CZ0203,50.2075395,14.1189667
532444.0,532444.0,Kačice,Czechia,Střední Čechy,CZ0203,50.1625633,13.9879859
532452.0,532452.0,Kamenné Žehrovice,Czechia,Střední Čechy,CZ0203,50.1288318,14.0203013
513032.0,513032.0,Kamenný Most,Czechia,Střední Čechy,CZ0203,50.2414012,14.2057361
532053.0,532053.0,Kladno,Czechia,Střední Čechy,CZ0203,50.1478497,14.1025379
532461.0,532461.0,Klobuky,Czechia,Střední Čechy,CZ0203,50.2939913,13.9873504
532479.0,532479.0,Kmetiněves,Czechia,Střední Čechy,CZ0203,50.309352,14.1570451
532487.0,532487.0,Knovíz,Czechia,Střední Čechy,CZ0203,50.2125605,14.1369471
532495.0,532495.0,Koleč,Czechia,Střední Čechy,CZ0203,50.1987683,14.2234016
535109.0,535109.0,Královice,Czechia,Střední Čechy,CZ0203,50.2631516,14.0557116
571512.0,571512.0,Kutrovice,Czechia,Střední Čechy,CZ0203,50.2615494,14.0188645
532517.0,532517.0,Kvílice,Czechia,Střední Čechy,CZ0203,50.2580504,14.0023188
532525.0,532525.0,Kyšice,Czechia,Střední Čechy,CZ0203,50.0911863,14.106234
541991.0,541991.0,Lány,Czechia,Střední Čechy,CZ0203,50.1246235,13.948307
532533.0,532533.0,Ledce,Czechia,Střední Čechy,CZ0203,50.1964236,14.0049849
513041.0,513041.0,Lhota,Czechia,Střední Čechy,CZ0203,50.0886387,14.0118084
564150.0,564150.0,Libochovičky,Czechia,Střední Čechy,CZ0203,50.172572,14.2395992
571601.0,571601.0,Libovice,Czechia,Střední Čechy,CZ0203,50.2355963,14.0163423
532576.0,532576.0,Libušín,Czechia,Střední Čechy,CZ0203,50.1681884,14.054581
532584.0,532584.0,Lidice,Czechia,Střední Čechy,CZ0203,50.1435834,14.1905224
571555.0,571555.0,Líský,Czechia,Střední Čechy,CZ0203,50.2505562,13.9289262
535095.0,535095.0,Loucká,Czechia,Střední Čechy,CZ0203,50.3274738,14.2390165
532622.0,532622.0,Makotřasy,Czechia,Střední Čechy,CZ0203,50.1446165,14.2148009
532631.0,532631.0,Malé Kyšice,Czechia,Střední Čechy,CZ0203,50.0603289,14.0914129
513113.0,513113.0,Malé Přítočno,Czechia,Střední Čechy,CZ0203,50.1076937,14.1356045
532657.0,532657.0,Malíkovice,Czechia,Střední Čechy,CZ0203,50.2114252,13.9831699
571521.0,571521.0,Neprobylice,Czechia,Střední Čechy,CZ0203,50.2639497,14.0276092
532665.0,532665.0,Neuměřice,Czechia,Střední Čechy,CZ0203,50.2416771,14.2199885
532681.0,532681.0,Otvovice,Czechia,Střední Čechy,CZ0203,50.2115599,14.2729214
564192.0,564192.0,Páleč,Czechia,Střední Čechy,CZ0203,50.3119239,14.049575
532711.0,532711.0,Pavlov,Czechia,Střední Čechy,CZ0203,50.0963764,14.1670457
532720.0,532720.0,Pchery,Czechia,Střední Čechy,CZ0203,50.1937774,14.1178179
532738.0,532738.0,Pletený Újezd,Czechia,Střední Čechy,CZ0203,50.1093287,14.1160692
564125.0,564125.0,Plchov,Czechia,Střední Čechy,CZ0203,50.2551712,13.9866137
532754.0,532754.0,Podlešín,Czechia,Střední Čechy,CZ0203,50.2210215,14.160259
564087.0,564087.0,Poštovice,Czechia,Střední Čechy,CZ0203,50.3126889,14.1378391
532762.0,532762.0,Pozdeň,Czechia,Střední Čechy,CZ0203,50.2420522,13.9435457
532771.0,532771.0,Přelíc,Czechia,Střední Čechy,CZ0203,50.2057248,14.0458807
532797.0,532797.0,Řisuty,Czechia,Střední Čechy,CZ0203,50.2159987,14.0055173
532801.0,532801.0,Sazená,Czechia,Střední Čechy,CZ0203,50.3051735,14.2872537
532819.0,532819.0,Slaný,Czechia,Střední Čechy,CZ0203,50.2306933,14.0868501
532827.0,532827.0,Slatina,Czechia,Střední Čechy,CZ0203,50.2241583,14.2207359
532835.0,532835.0,Smečno,Czechia,Střední Čechy,CZ0203,50.1884375,14.0403651
532851.0,532851.0,Stehelčeves,Czechia,Střední Čechy,CZ0203,50.1716437,14.1908475
532860.0,532860.0,Stochov,Czechia,Střední Čechy,CZ0203,50.1481264,13.9629115
599441.0,599441.0,Stradonice,Czechia,Střední Čechy,CZ0203,50.2913566,14.0469256
551457.0,551457.0,Studeněves,Czechia,Střední Čechy,CZ0203,50.2240245,14.0443678
599433.0,599433.0,Svárov,Czechia,Střední Čechy,CZ0203,50.0623513,14.1503813
532908.0,532908.0,Svinařov,Czechia,Střední Čechy,CZ0203,50.1813073,14.0502673
532916.0,532916.0,Šlapanice,Czechia,Střední Čechy,CZ0203,50.3146685,14.1112094
532959.0,532959.0,Třebichovice,Czechia,Střední Čechy,CZ0203,50.1903599,14.0790372
532967.0,532967.0,Třebíz,Czechia,Střední Čechy,CZ0203,50.2693553,13.990304
532975.0,532975.0,Třebusice,Czechia,Střední Čechy,CZ0203,50.2008247,14.1804917
532983.0,532983.0,Tuchlovice,Czechia,Střední Čechy,CZ0203,50.138134,13.9910741
532177.0,532177.0,Tuřany,Czechia,Střední Čechy,CZ0203,50.2321669,14.0293475
533009.0,533009.0,Uhy,Czechia,Střední Čechy,CZ0203,50.2842321,14.2738602
533017.0,533017.0,Unhošť,Czechia,Střední Čechy,CZ0203,50.08499,14.1318613
533025.0,533025.0,Velká Dobrá,Czechia,Střední Čechy,CZ0203,50.1096411,14.0697951
533033.0,533033.0,Velké Přítočno,Czechia,Střední Čechy,CZ0203,50.116467,14.1282367
533041.0,533041.0,Velvary,Czechia,Střední Čechy,CZ0203,50.2819312,14.2361619
533050.0,533050.0,Vinařice,Czechia,Střední Čechy,CZ0203,50.1758468,14.0910623
533068.0,533068.0,Vraný,Czechia,Střední Čechy,CZ0203,50.3270844,14.0171407
571431.0,571431.0,Vrbičany,Czechia,Střední Čechy,CZ0203,50.3080868,13.9957872
571598.0,571598.0,Zájezd,Czechia,Střední Čechy,CZ0203,50.1660477,14.2207438
533092.0,533092.0,Zákolany,Czechia,Střední Čechy,CZ0203,50.1969164,14.2489388
571423.0,571423.0,Zichovec,Czechia,Střední Čechy,CZ0203,50.271054,13.9260255
533114.0,533114.0,Zlonice,Czechia,Střední Čechy,CZ0203,50.2874986,14.0921369
533122.0,533122.0,Zvoleněves,Czechia,Střední Čechy,CZ0203,50.2311516,14.1822066
599425.0,599425.0,Želenice,Czechia,Střední Čechy,CZ0203,50.2103833,14.1645092
533149.0,533149.0,Žilina,Czechia,Střední Čechy,CZ0203,50.0998701,14.0057496
533157.0,533157.0,Žižice,Czechia,Střední Čechy,CZ0203,50.2462777,14.153892
533173.0,533173.0,Barchovice,Czechia,Střední Čechy,CZ0204,49.9443131,14.9684414
533181.0,533181.0,Bečváry,Czechia,Střední Čechy,CZ0204,49.9567079,15.0798106
533190.0,533190.0,Bělušice,Czechia,Střední Čechy,CZ0204,50.0690717,15.3218959
533211.0,533211.0,Břežany I,Czechia,Střední Čechy,CZ0204,50.0348602,15.0787944
533220.0,533220.0,Břežany II,Czechia,Střední Čechy,CZ0204,50.0937663,14.8047188
533238.0,533238.0,Býchory,Czechia,Střední Čechy,CZ0204,50.0676584,15.2727938
533246.0,533246.0,Cerhenice,Czechia,Střední Čechy,CZ0204,50.0712747,15.0720338
599476.0,599476.0,Církvice,Czechia,Střední Čechy,CZ0204,49.9093543,15.0157125
599301.0,599301.0,Černíky,Czechia,Střední Čechy,CZ0204,50.1020166,14.8199971
533262.0,533262.0,Červené Pečky,Czechia,Střední Čechy,CZ0204,49.9782126,15.2084004
533271.0,533271.0,Český Brod,Czechia,Střední Čechy,CZ0204,50.0740536,14.8606115
533289.0,533289.0,Dobřichov,Czechia,Střední Čechy,CZ0204,50.0794861,15.0322383
533297.0,533297.0,Dolní Chvatliny,Czechia,Střední Čechy,CZ0204,49.980501,15.0692848
513181.0,513181.0,Dománovice,Czechia,Střední Čechy,CZ0204,50.111855,15.3225154
533301.0,533301.0,Doubravčice,Czechia,Střední Čechy,CZ0204,50.0220507,14.7930751
564681.0,564681.0,Drahobudice,Czechia,Střední Čechy,CZ0204,49.9374776,15.0662554
599450.0,599450.0,Grunta,Czechia,Střední Čechy,CZ0204,49.9741134,15.2549835
533327.0,533327.0,Horní Kruty,Czechia,Střední Čechy,CZ0204,49.9194441,14.9597072
564800.0,564800.0,Hradešín,Czechia,Střední Čechy,CZ0204,50.0388448,14.7566645
534994.0,534994.0,Choťovice,Czechia,Střední Čechy,CZ0204,50.1319028,15.3334305
533343.0,533343.0,Chotutice,Czechia,Střední Čechy,CZ0204,50.0699754,14.9898791
533351.0,533351.0,Chrášťany,Czechia,Střední Čechy,CZ0204,50.065532,14.92981
533360.0,533360.0,Jestřabí Lhota,Czechia,Střední Čechy,CZ0204,50.089891,15.2611492
513415.0,513415.0,Kbel,Czechia,Střední Čechy,CZ0204,49.9882217,15.1435395
571687.0,571687.0,Klášterní Skalice,Czechia,Střední Čechy,CZ0204,50.0236377,14.9856373
533386.0,533386.0,Klučov,Czechia,Střední Čechy,CZ0204,50.0949298,14.9092419
533165.0,533165.0,Kolín,Czechia,Střední Čechy,CZ0204,50.0288894,15.2011571
533394.0,533394.0,Konárovice,Czechia,Střední Čechy,CZ0204,50.0414572,15.2842165
533408.0,533408.0,Kořenice,Czechia,Střední Čechy,CZ0204,49.9771148,15.1408634
533424.0,533424.0,Kouřim,Czechia,Střední Čechy,CZ0204,50.0034291,14.976954
533441.0,533441.0,Krakovany,Czechia,Střední Čechy,CZ0204,50.0660663,15.3688644
533459.0,533459.0,Krupá,Czechia,Střední Čechy,CZ0204,50.0173593,14.871299
599484.0,599484.0,Krychnov,Czechia,Střední Čechy,CZ0204,50.0061235,15.057724
533467.0,533467.0,Křečhoř,Czechia,Střední Čechy,CZ0204,50.0254818,15.1267844
571717.0,571717.0,Kšely,Czechia,Střední Čechy,CZ0204,50.0434185,14.901928
533475.0,533475.0,Libenice,Czechia,Střední Čechy,CZ0204,49.984474,15.2579015
533483.0,533483.0,Libodřice,Czechia,Střední Čechy,CZ0204,50.0045305,15.088218
513270.0,513270.0,Lipec,Czechia,Střední Čechy,CZ0204,50.0849838,15.3645628
533505.0,533505.0,Lošany,Czechia,Střední Čechy,CZ0204,49.9976391,15.1259856
533513.0,533513.0,Malotice,Czechia,Střední Čechy,CZ0204,49.9651973,14.9776226
564702.0,564702.0,Masojedy,Czechia,Střední Čechy,CZ0204,50.0259762,14.7778788
513288.0,513288.0,Mrzky,Czechia,Střední Čechy,CZ0204,50.0446196,14.8100202
533521.0,533521.0,Nebovidy,Czechia,Střední Čechy,CZ0204,49.9915264,15.2194783
571636.0,571636.0,Němčice,Czechia,Střední Čechy,CZ0204,50.084382,15.2940416
533530.0,533530.0,Nová Ves I,Czechia,Střední Čechy,CZ0204,50.0521456,15.1444498
533556.0,533556.0,Ohaře,Czechia,Střední Čechy,CZ0204,50.0977815,15.295014
533572.0,533572.0,Ovčáry,Czechia,Střední Čechy,CZ0204,50.0627815,15.2395015
513423.0,513423.0,Pašinka,Czechia,Střední Čechy,CZ0204,49.9963508,15.1861915
537641.0,537641.0,Pečky,Czechia,Střední Čechy,CZ0204,50.0898509,15.0291945
533581.0,533581.0,Plaňany,Czechia,Střední Čechy,CZ0204,50.0497234,15.0296817
537675.0,537675.0,Pňov-Předhradí,Czechia,Střední Čechy,CZ0204,50.0889534,15.1470629
533599.0,533599.0,Polepy,Czechia,Střední Čechy,CZ0204,50.0046699,15.2059806
513237.0,513237.0,Polní Chrčice,Czechia,Střední Čechy,CZ0204,50.1100058,15.2966958
513148.0,513148.0,Polní Voděrady,Czechia,Střední Čechy,CZ0204,49.9924687,15.0954407
537705.0,537705.0,Poříčany,Czechia,Střední Čechy,CZ0204,50.1080638,14.9181785
513369.0,513369.0,Přehvozdí,Czechia,Střední Čechy,CZ0204,50.0280902,14.8396119
513393.0,513393.0,Přistoupim,Czechia,Střední Čechy,CZ0204,50.0541139,14.8785815
533611.0,533611.0,Přišimasy,Czechia,Střední Čechy,CZ0204,50.0505894,14.7625476
533629.0,533629.0,Radim,Czechia,Střední Čechy,CZ0204,50.0700642,15.0124415
533637.0,533637.0,Radovesnice I,Czechia,Střední Čechy,CZ0204,50.0103919,15.1509013
533645.0,533645.0,Radovesnice II,Czechia,Střední Čechy,CZ0204,50.1040654,15.3677204
533653.0,533653.0,Ratboř,Czechia,Střední Čechy,CZ0204,49.9776237,15.1593828
537748.0,537748.0,Ratenice,Czechia,Střední Čechy,CZ0204,50.0916094,15.0592553
533661.0,533661.0,Rostoklaty,Czechia,Střední Čechy,CZ0204,50.0733877,14.8025764
533696.0,533696.0,Skvrňov,Czechia,Střední Čechy,CZ0204,49.8971024,15.0018177
533700.0,533700.0,Starý Kolín,Czechia,Střední Čechy,CZ0204,50.0097714,15.2938802
533726.0,533726.0,Svojšice,Czechia,Střední Čechy,CZ0204,50.0027495,15.0417413
537888.0,537888.0,Tatce,Czechia,Střední Čechy,CZ0204,50.0911225,14.9772384
533734.0,533734.0,Tismice,Czechia,Střední Čechy,CZ0204,50.0561707,14.8210568
533742.0,533742.0,Toušice,Czechia,Střední Čechy,CZ0204,49.9878867,15.0064727
533751.0,533751.0,Třebovle,Czechia,Střední Čechy,CZ0204,50.027346,14.962765
533769.0,533769.0,Tři Dvory,Czechia,Střední Čechy,CZ0204,50.0319554,15.2564873
533777.0,533777.0,Tuchoraz,Czechia,Střední Čechy,CZ0204,50.0486224,14.8491973
533785.0,533785.0,Tuklaty,Czechia,Střední Čechy,CZ0204,50.0847775,14.7694956
533807.0,533807.0,Týnec nad Labem,Czechia,Střední Čechy,CZ0204,50.0418987,15.3580835
533815.0,533815.0,Uhlířská Lhota,Czechia,Střední Čechy,CZ0204,50.0789446,15.3910495
533823.0,533823.0,Veletov,Czechia,Střední Čechy,CZ0204,50.0281778,15.30511
533831.0,533831.0,Velim,Czechia,Střední Čechy,CZ0204,50.0596547,15.1071108
533840.0,533840.0,Velký Osek,Czechia,Střední Čechy,CZ0204,50.0992707,15.1861068
533858.0,533858.0,Veltruby,Czechia,Střední Čechy,CZ0204,50.0707136,15.1862579
533866.0,533866.0,Vitice,Czechia,Střední Čechy,CZ0204,50.0306389,14.914654
533882.0,533882.0,Volárna,Czechia,Střední Čechy,CZ0204,50.0917775,15.2404487
564826.0,564826.0,Vrátkov,Czechia,Střední Čechy,CZ0204,50.0469535,14.8347793
533891.0,533891.0,Vrbčany,Czechia,Střední Čechy,CZ0204,50.0500056,14.9922034
513202.0,513202.0,Zalešany,Czechia,Střední Čechy,CZ0204,50.0356413,15.0080827
533921.0,533921.0,Zásmuky,Czechia,Střední Čechy,CZ0204,49.9544644,15.0302421
513261.0,513261.0,Žabonosy,Czechia,Střední Čechy,CZ0204,50.0354655,15.0271404
513164.0,513164.0,Ždánice,Czechia,Střední Čechy,CZ0204,49.9694154,14.9590731
538035.0,538035.0,Žehuň,Czechia,Střední Čechy,CZ0204,50.1356294,15.29057
533947.0,533947.0,Žiželice,Czechia,Střední Čechy,CZ0204,50.1319305,15.3930156
531367.0,531367.0,Adamov,Czechia,Střední Čechy,CZ0205,49.8578162,15.4089129
531111.0,531111.0,Bernardov,Czechia,Střední Čechy,CZ0205,50.0140618,15.3987352
533971.0,533971.0,Bílé Podolí,Czechia,Střední Čechy,CZ0205,49.9564856,15.4910222
530964.0,530964.0,Bludov,Czechia,Střední Čechy,CZ0205,49.8074908,15.2551815
533980.0,533980.0,Bohdaneč,Czechia,Střední Čechy,CZ0205,49.7785374,15.2226288
530832.0,530832.0,Brambory,Czechia,Střední Čechy,CZ0205,49.978134,15.4697561
531286.0,531286.0,Bratčice,Czechia,Střední Čechy,CZ0205,49.8552162,15.4303774
533998.0,533998.0,Církvice,Czechia,Střední Čechy,CZ0205,49.9456022,15.3350478
534005.0,534005.0,Čáslav,Czechia,Střední Čechy,CZ0205,49.9109171,15.3913205
529524.0,529524.0,Čejkovice,Czechia,Střední Čechy,CZ0205,49.7918223,15.3496623
534013.0,534013.0,Černíny,Czechia,Střední Čechy,CZ0205,49.8400151,15.2188257
534021.0,534021.0,Červené Janovice,Czechia,Střední Čechy,CZ0205,49.8346103,15.2533327
534030.0,534030.0,Čestín,Czechia,Střední Čechy,CZ0205,49.8076111,15.104398
529559.0,529559.0,Dobrovítov,Czechia,Střední Čechy,CZ0205,49.7875329,15.3287123
531260.0,531260.0,Dolní Pohleď,Czechia,Střední Čechy,CZ0205,49.7434169,15.1335206
531341.0,531341.0,Drobovice,Czechia,Střední Čechy,CZ0205,49.8895271,15.4134178
531197.0,531197.0,Hlízov,Czechia,Střední Čechy,CZ0205,49.9849952,15.2951012
531430.0,531430.0,Horka I,Czechia,Střední Čechy,CZ0205,49.9826944,15.4399348
534056.0,534056.0,Horka II,Czechia,Střední Čechy,CZ0205,49.732077,15.1337452
531359.0,531359.0,Horky,Czechia,Střední Čechy,CZ0205,49.8687631,15.4397928
531481.0,531481.0,Horušice,Czechia,Střední Čechy,CZ0205,49.9965494,15.4290275
534064.0,534064.0,Hostovlice,Czechia,Střední Čechy,CZ0205,49.8600984,15.4658424
531413.0,531413.0,Hraběšín,Czechia,Střední Čechy,CZ0205,49.8525222,15.331814
534081.0,534081.0,Chabeřice,Czechia,Střední Čechy,CZ0205,49.7501437,15.0737928
534099.0,534099.0,Chlístovice,Czechia,Střední Čechy,CZ0205,49.8857154,15.2024928
534102.0,534102.0,Chotusice,Czechia,Střední Čechy,CZ0205,49.9493549,15.3944503
534129.0,534129.0,Kácov,Czechia,Střední Čechy,CZ0205,49.7776073,15.0285333
534137.0,534137.0,Kluky,Czechia,Střední Čechy,CZ0205,49.9080412,15.3241742
531405.0,531405.0,Kobylnice,Czechia,Střední Čechy,CZ0205,50.0062979,15.3756965
551465.0,551465.0,Košice,Czechia,Střední Čechy,CZ0205,49.8957955,15.1508394
534153.0,534153.0,Krchleby,Czechia,Střední Čechy,CZ0205,49.8888956,15.3503023
534161.0,534161.0,Křesetice,Czechia,Střední Čechy,CZ0205,49.9072397,15.2627076
533955.0,533955.0,Kutná Hora,Czechia,Střední Čechy,CZ0205,49.9486561,15.2681123
534170.0,534170.0,Ledečko,Czechia,Střední Čechy,CZ0205,49.8499496,14.9492679
534188.0,534188.0,Malešov,Czechia,Střední Čechy,CZ0205,49.9110162,15.2243375
534200.0,534200.0,Miskovice,Czechia,Střední Čechy,CZ0205,49.9461494,15.2048469
530999.0,530999.0,Močovice,Czechia,Střední Čechy,CZ0205,49.9063135,15.3481934
534226.0,534226.0,Nepoměřice,Czechia,Střední Čechy,CZ0205,49.8807616,15.1488028
534242.0,534242.0,Nové Dvory,Czechia,Střední Čechy,CZ0205,49.9685881,15.3277097
534251.0,534251.0,Okřesaneč,Czechia,Střední Čechy,CZ0205,49.8524275,15.4757376
534277.0,534277.0,Onomyšl,Czechia,Střední Čechy,CZ0205,49.8992284,15.1242549
530956.0,530956.0,Opatovice I,Czechia,Střední Čechy,CZ0205,49.8551492,15.2484784
531278.0,531278.0,Paběnice,Czechia,Střední Čechy,CZ0205,49.8416386,15.3023241
534307.0,534307.0,Pertoltice,Czechia,Střední Čechy,CZ0205,49.7548086,15.1816116
534315.0,534315.0,Petrovice I,Czechia,Střední Čechy,CZ0205,49.810962,15.2971901
534323.0,534323.0,Petrovice II,Czechia,Střední Čechy,CZ0205,49.8099378,15.0634088
528196.0,528196.0,Podveky,Czechia,Střední Čechy,CZ0205,49.8250442,14.9939976
534331.0,534331.0,Potěhy,Czechia,Střední Čechy,CZ0205,49.8693597,15.4200956
534340.0,534340.0,Rašovice,Czechia,Střední Čechy,CZ0205,49.8825406,15.1023803
534358.0,534358.0,Rataje nad Sázavou,Czechia,Střední Čechy,CZ0205,49.8419691,14.9560259
526622.0,526622.0,Rohozec,Czechia,Střední Čechy,CZ0205,49.9760197,15.3846406
534366.0,534366.0,Řendějov,Czechia,Střední Čechy,CZ0205,49.7678444,15.0803659
534374.0,534374.0,Samopše,Czechia,Střední Čechy,CZ0205,49.8613615,14.9297353
530859.0,530859.0,Semtěš,Czechia,Střední Čechy,CZ0205,49.9597389,15.5133748
531383.0,531383.0,Schořov,Czechia,Střední Čechy,CZ0205,49.858128,15.3798971
534391.0,534391.0,Slavošov,Czechia,Střední Čechy,CZ0205,49.7621769,15.1519673
534293.0,534293.0,Soběšín,Czechia,Střední Čechy,CZ0205,49.7910593,14.9558681
531065.0,531065.0,Souňov,Czechia,Střední Čechy,CZ0205,49.8800216,15.3155589
534412.0,534412.0,Staňkovice,Czechia,Střední Čechy,CZ0205,49.8754702,15.0151507
530875.0,530875.0,Starkoč,Czechia,Střední Čechy,CZ0205,49.9372526,15.5075617
531391.0,531391.0,Sudějov,Czechia,Střední Čechy,CZ0205,49.8606969,15.1038432
534439.0,534439.0,Suchdol,Czechia,Střední Čechy,CZ0205,49.9524692,15.1665102
534196.0,534196.0,Svatý Mikuláš,Czechia,Střední Čechy,CZ0205,49.9909138,15.350492
531421.0,531421.0,Šebestěnice,Czechia,Střední Čechy,CZ0205,49.8294417,15.3653085
530930.0,530930.0,Štipoklasy,Czechia,Střední Čechy,CZ0205,49.82444,15.2130919
530981.0,530981.0,Třebešice,Czechia,Střední Čechy,CZ0205,49.9278469,15.3378041
530972.0,530972.0,Třebětín,Czechia,Střední Čechy,CZ0205,49.7705839,15.2692711
571741.0,571741.0,Třebonín,Czechia,Střední Čechy,CZ0205,49.8697036,15.3129213
534480.0,534480.0,Tupadly,Czechia,Střední Čechy,CZ0205,49.8690025,15.4034546
534498.0,534498.0,Uhlířské Janovice,Czechia,Střední Čechy,CZ0205,49.8807582,15.064492
534501.0,534501.0,Úmonín,Czechia,Střední Čechy,CZ0205,49.8886751,15.2713915
534510.0,534510.0,Úžice,Czechia,Střední Čechy,CZ0205,49.8722049,14.9725561
534528.0,534528.0,Vavřinec,Czechia,Střední Čechy,CZ0205,49.9136402,15.0331472
534536.0,534536.0,Vidice,Czechia,Střední Čechy,CZ0205,49.9166092,15.1654914
534544.0,534544.0,Vinaře,Czechia,Střední Čechy,CZ0205,49.9090978,15.5012905
534552.0,534552.0,Vlačice,Czechia,Střední Čechy,CZ0205,49.9430433,15.4374897
534561.0,534561.0,Vlastějovice,Czechia,Střední Čechy,CZ0205,49.7313038,15.1747888
534579.0,534579.0,Vlkaneč,Czechia,Střední Čechy,CZ0205,49.8063841,15.403119
531014.0,531014.0,Vodranty,Czechia,Střední Čechy,CZ0205,49.8903645,15.3363007
534587.0,534587.0,Vrdy,Czechia,Střední Čechy,CZ0205,49.9215328,15.4724303
534595.0,534595.0,Záboří nad Labem,Czechia,Střední Čechy,CZ0205,50.0251352,15.3504309
534609.0,534609.0,Zbizuby,Czechia,Střední Čechy,CZ0205,49.8228522,15.0216956
534617.0,534617.0,Zbraslavice,Czechia,Střední Čechy,CZ0205,49.8119306,15.1836362
534625.0,534625.0,Zbýšov,Czechia,Střední Čechy,CZ0205,49.8115558,15.3531032
534633.0,534633.0,Zruč nad Sázavou,Czechia,Střední Čechy,CZ0205,49.740296,15.106074
534641.0,534641.0,Žáky,Czechia,Střední Čechy,CZ0205,49.8852732,15.3682948
534650.0,534650.0,Žehušice,Czechia,Střední Čechy,CZ0205,49.9699132,15.4067461
534668.0,534668.0,Žleby,Czechia,Střední Čechy,CZ0205,49.8895845,15.4885289
534714.0,534714.0,Býkev,Czechia,Střední Čechy,CZ0206,50.347168,14.4180206
534722.0,534722.0,Byšice,Czechia,Střední Čechy,CZ0206,50.3102226,14.6115734
534731.0,534731.0,Cítov,Czechia,Střední Čechy,CZ0206,50.3722514,14.3981336
598291.0,598291.0,Čakovičky,Czechia,Střední Čechy,CZ0206,50.2315987,14.531379
534749.0,534749.0,Čečelice,Czechia,Střední Čechy,CZ0206,50.2941245,14.618397
531570.0,531570.0,Dobřeň,Czechia,Střední Čechy,CZ0206,50.4794028,14.5567022
539201.0,539201.0,Dolany nad Vltavou,Czechia,Střední Čechy,CZ0206,50.222037,14.3495201
534765.0,534765.0,Dolní Beřkovice,Czechia,Střední Čechy,CZ0206,50.3930719,14.4508695
531987.0,531987.0,Dolní Zimoř,Czechia,Střední Čechy,CZ0206,50.4266145,14.5013635
534773.0,534773.0,Dřínov,Czechia,Střední Čechy,CZ0206,50.273651,14.3975011
534790.0,534790.0,Horní Počaply,Czechia,Střední Čechy,CZ0206,50.4242442,14.3898838
534803.0,534803.0,Hořín,Czechia,Střední Čechy,CZ0206,50.3448171,14.4641763
531499.0,531499.0,Hostín,Czechia,Střední Čechy,CZ0206,50.3404229,14.58889
531928.0,531928.0,Hostín u Vojkovic,Czechia,Střední Čechy,CZ0206,50.2973263,14.396987
534820.0,534820.0,Chlumín,Czechia,Střední Čechy,CZ0206,50.2883092,14.4505841
534838.0,534838.0,Chorušice,Czechia,Střední Čechy,CZ0206,50.3902517,14.670513
534846.0,534846.0,Chvatěruby,Czechia,Střední Čechy,CZ0206,50.2327384,14.3426797
531871.0,531871.0,Jeviněves,Czechia,Střední Čechy,CZ0206,50.344886,14.3379101
531774.0,531774.0,Kadlín,Czechia,Střední Čechy,CZ0206,50.3994657,14.699737
531651.0,531651.0,Kanina,Czechia,Střední Čechy,CZ0206,50.4247069,14.599937
534897.0,534897.0,Kly,Czechia,Střední Čechy,CZ0206,50.3087917,14.5014843
538345.0,538345.0,Kojetice,Czechia,Střední Čechy,CZ0206,50.2380248,14.5039787
534901.0,534901.0,Kokořín,Czechia,Střední Čechy,CZ0206,50.4297789,14.5667899
534935.0,534935.0,Kostelec nad Labem,Czechia,Střední Čechy,CZ0206,50.226532,14.5855201
571792.0,571792.0,Kozomín,Czechia,Střední Čechy,CZ0206,50.2369256,14.3710115
534951.0,534951.0,Kralupy nad Vltavou,Czechia,Střední Čechy,CZ0206,50.2421243,14.3118883
534978.0,534978.0,Ledčice,Czechia,Střední Čechy,CZ0206,50.3409474,14.2944669
531898.0,531898.0,Lhotka,Czechia,Střední Čechy,CZ0206,50.3713655,14.548779
535001.0,535001.0,Liběchov,Czechia,Střední Čechy,CZ0206,50.4078364,14.4467459
571784.0,571784.0,Libiš,Czechia,Střední Čechy,CZ0206,50.27444,14.502345
531502.0,531502.0,Liblice,Czechia,Střední Čechy,CZ0206,50.3125502,14.5898928
531677.0,531677.0,Lobeč,Czechia,Střední Čechy,CZ0206,50.4603007,14.6671422
535028.0,535028.0,Lužec nad Vltavou,Czechia,Střední Čechy,CZ0206,50.3216242,14.400748
535036.0,535036.0,Malý Újezd,Czechia,Střední Čechy,CZ0206,50.3324672,14.5295783
529575.0,529575.0,Medonosy,Czechia,Střední Čechy,CZ0206,50.4941538,14.4869393
535044.0,535044.0,Mělnické Vtelno,Czechia,Střední Čechy,CZ0206,50.3523109,14.69511
534676.0,534676.0,Mělník,Czechia,Střední Čechy,CZ0206,50.3520785,14.4748281
535052.0,535052.0,Mšeno,Czechia,Střední Čechy,CZ0206,50.4381922,14.6326066
535061.0,535061.0,Nebužely,Czechia,Střední Čechy,CZ0206,50.3903042,14.5907918
531863.0,531863.0,Nedomice,Czechia,Střední Čechy,CZ0206,50.259663,14.6159566
535079.0,535079.0,Nelahozeves,Czechia,Střední Čechy,CZ0206,50.2614798,14.2988105
535087.0,535087.0,Neratovice,Czechia,Střední Čechy,CZ0206,50.2598479,14.5175086
531707.0,531707.0,Nosálov,Czechia,Střední Čechy,CZ0206,50.4743186,14.6679206
535117.0,535117.0,Nová Ves,Czechia,Střední Čechy,CZ0206,50.3127949,14.3081764
535133.0,535133.0,Obříství,Czechia,Střední Čechy,CZ0206,50.2959875,14.4778461
532673.0,532673.0,Olovnice,Czechia,Střední Čechy,CZ0206,50.2345952,14.2403777
535141.0,535141.0,Ovčáry,Czechia,Střední Čechy,CZ0206,50.2530488,14.6138538
538647.0,538647.0,Postřižín,Czechia,Střední Čechy,CZ0206,50.2330353,14.3864736
535168.0,535168.0,Řepín,Czechia,Střední Čechy,CZ0206,50.3670146,14.6328681
535192.0,535192.0,Spomyšl,Czechia,Střední Čechy,CZ0206,50.3354269,14.3605215
531731.0,531731.0,Stránka,Czechia,Střední Čechy,CZ0206,50.4229807,14.6611334
535214.0,535214.0,Střemy,Czechia,Střední Čechy,CZ0206,50.384222,14.5652256
535222.0,535222.0,Tišice,Czechia,Střední Čechy,CZ0206,50.2696451,14.5557159
531561.0,531561.0,Tuhaň,Czechia,Střední Čechy,CZ0206,50.2953808,14.5172748
529583.0,529583.0,Tupadly,Czechia,Střední Čechy,CZ0206,50.4432752,14.4755682
599492.0,599492.0,Újezdec,Czechia,Střední Čechy,CZ0206,50.2833477,14.420881
535257.0,535257.0,Úžice,Czechia,Střední Čechy,CZ0206,50.2527081,14.3797234
535265.0,535265.0,Velký Borek,Czechia,Střední Čechy,CZ0206,50.3452824,14.5152534
535273.0,535273.0,Veltrusy,Czechia,Střední Čechy,CZ0206,50.2710734,14.3277379
531936.0,531936.0,Vidim,Czechia,Střední Čechy,CZ0206,50.4678504,14.5258244
535290.0,535290.0,Vojkovice,Czechia,Střední Čechy,CZ0206,50.2961306,14.3752194
535303.0,535303.0,Vraňany,Czechia,Střední Čechy,CZ0206,50.3171687,14.3619966
535311.0,535311.0,Všestudy,Czechia,Střední Čechy,CZ0206,50.2916897,14.3419422
535320.0,535320.0,Všetaty,Czechia,Střední Čechy,CZ0206,50.2818688,14.5929727
535338.0,535338.0,Vysoká,Czechia,Střední Čechy,CZ0206,50.4125524,14.5381762
535354.0,535354.0,Zálezlice,Czechia,Střední Čechy,CZ0206,50.3079227,14.4380423
531511.0,531511.0,Zlončice,Czechia,Střední Čechy,CZ0206,50.2287795,14.3575719
535389.0,535389.0,Zlosyň,Czechia,Střední Čechy,CZ0206,50.2785426,14.3713718
535397.0,535397.0,Želízy,Czechia,Střední Čechy,CZ0206,50.4237459,14.464708
535427.0,535427.0,Bakov nad Jizerou,Czechia,Střední Čechy,CZ0207,50.4801187,14.9388306
535443.0,535443.0,Bělá pod Bezdězem,Czechia,Střední Čechy,CZ0207,50.5014795,14.8041263
535451.0,535451.0,Benátky nad Jizerou,Czechia,Střední Čechy,CZ0207,50.291767,14.8260014
535478.0,535478.0,Bezno,Czechia,Střední Čechy,CZ0207,50.3673382,14.7957203
565750.0,565750.0,Bílá Hlína,Czechia,Střední Čechy,CZ0207,50.5325899,14.9251606
535486.0,535486.0,Bítouchov,Czechia,Střední Čechy,CZ0207,50.4757804,14.8894149
535508.0,535508.0,Boreč,Czechia,Střední Čechy,CZ0207,50.4073509,14.73239
535516.0,535516.0,Boseň,Czechia,Střední Čechy,CZ0207,50.5041839,15.0229724
570788.0,570788.0,Bradlec,Czechia,Střední Čechy,CZ0207,50.451351,14.9101847
571946.0,571946.0,Branžež,Czechia,Střední Čechy,CZ0207,50.5075841,15.0578976
535559.0,535559.0,Brodce,Czechia,Střední Čechy,CZ0207,50.3306667,14.8687456
535567.0,535567.0,Březina,Czechia,Střední Čechy,CZ0207,50.5484809,15.0329465
535583.0,535583.0,Březno,Czechia,Střední Čechy,CZ0207,50.4061911,15.0054763
599514.0,599514.0,Březovice,Czechia,Střední Čechy,CZ0207,50.4707159,14.7336023
535605.0,535605.0,Bukovno,Czechia,Střední Čechy,CZ0207,50.4467617,14.8405787
570991.0,570991.0,Ctiměřice,Czechia,Střední Čechy,CZ0207,50.3777899,14.9933579
535621.0,535621.0,Čachovice,Czechia,Střední Čechy,CZ0207,50.2752981,14.9461661
535630.0,535630.0,Čistá,Czechia,Střední Čechy,CZ0207,50.4727228,14.8447762
570818.0,570818.0,Dalovice,Czechia,Střední Čechy,CZ0207,50.425687,14.8799331
535656.0,535656.0,Dlouhá Lhota,Czechia,Střední Čechy,CZ0207,50.4201004,15.0541154
535672.0,535672.0,Dobrovice,Czechia,Střední Čechy,CZ0207,50.369326,14.9623322
571989.0,571989.0,Dobšín,Czechia,Střední Čechy,CZ0207,50.4834265,15.1167488
535702.0,535702.0,Dolní Bousov,Czechia,Střední Čechy,CZ0207,50.4384383,15.1276531
535711.0,535711.0,Dolní Krupá,Czechia,Střední Čechy,CZ0207,50.5463175,14.8671619
535729.0,535729.0,Dolní Slivno,Czechia,Střední Čechy,CZ0207,50.3084673,14.733144
570940.0,570940.0,Dolní Stakory,Czechia,Střední Čechy,CZ0207,50.4372949,14.972476
535745.0,535745.0,Domousnice,Czechia,Střední Čechy,CZ0207,50.3940748,15.1027324
571067.0,571067.0,Doubravička,Czechia,Střední Čechy,CZ0207,50.3951064,14.7761042
535818.0,535818.0,Horky nad Jizerou,Czechia,Střední Čechy,CZ0207,50.3270624,14.8560615
535834.0,535834.0,Horní Bukovina,Czechia,Střední Čechy,CZ0207,50.543156,14.9261225
599531.0,599531.0,Horní Slivno,Czechia,Střední Čechy,CZ0207,50.3040299,14.7048762
535869.0,535869.0,Hrdlořezy,Czechia,Střední Čechy,CZ0207,50.4513933,14.8753972
565733.0,565733.0,Hrušov,Czechia,Střední Čechy,CZ0207,50.3448714,14.846374
599522.0,599522.0,Husí Lhota,Czechia,Střední Čechy,CZ0207,50.4355449,15.0047124
565784.0,565784.0,Charvatce,Czechia,Střední Čechy,CZ0207,50.3226259,14.9986108
535923.0,535923.0,Chocnějovice,Czechia,Střední Čechy,CZ0207,50.5769059,14.9713881
535931.0,535931.0,Chotětov,Czechia,Střední Čechy,CZ0207,50.3374329,14.8015158
571849.0,571849.0,Chudíř,Czechia,Střední Čechy,CZ0207,50.3087925,15.0138003
535966.0,535966.0,Jabkenice,Czechia,Střední Čechy,CZ0207,50.3239792,15.0147975
535974.0,535974.0,Jivina,Czechia,Střední Čechy,CZ0207,50.5546577,14.9473002
566039.0,566039.0,Jizerní Vtelno,Czechia,Střední Čechy,CZ0207,50.3693946,14.8531869
529613.0,529613.0,Josefův Důl,Czechia,Střední Čechy,CZ0207,50.4534058,14.8936729
536008.0,536008.0,Katusice,Czechia,Střední Čechy,CZ0207,50.4451017,14.7773554
536024.0,536024.0,Klášter Hradiště nad Jizerou,Czechia,Střední Čechy,CZ0207,50.5234762,14.9450096
571075.0,571075.0,Kluky,Czechia,Střední Čechy,CZ0207,50.440214,14.7251865
536041.0,536041.0,Kněžmost,Czechia,Střední Čechy,CZ0207,50.4891734,15.0382881
571172.0,571172.0,Kobylnice,Czechia,Střední Čechy,CZ0207,50.3716373,15.0538553
536067.0,536067.0,Kochánky,Czechia,Střední Čechy,CZ0207,50.2770296,14.7802312
570974.0,570974.0,Kolomuty,Czechia,Střední Čechy,CZ0207,50.4020984,14.9789879
599557.0,599557.0,Koryta,Czechia,Střední Čechy,CZ0207,50.5719545,15.0117155
570826.0,570826.0,Kosmonosy,Czechia,Střední Čechy,CZ0207,50.4389828,14.9305091
536121.0,536121.0,Kosořice,Czechia,Střední Čechy,CZ0207,50.3333791,14.9696326
566047.0,566047.0,Košátky,Czechia,Střední Čechy,CZ0207,50.317794,14.6687701
571971.0,571971.0,Kováň,Czechia,Střední Čechy,CZ0207,50.4233074,14.7777673
572012.0,572012.0,Kovanec,Czechia,Střední Čechy,CZ0207,50.4177061,14.7766316
536164.0,536164.0,Krásná Ves,Czechia,Střední Čechy,CZ0207,50.4246789,14.7921327
536172.0,536172.0,Krnsko,Czechia,Střední Čechy,CZ0207,50.3726774,14.8629889
536181.0,536181.0,Kropáčova Vrutice,Czechia,Střední Čechy,CZ0207,50.3305334,14.7173774
536202.0,536202.0,Ledce,Czechia,Střední Čechy,CZ0207,50.355936,15.0820004
536211.0,536211.0,Lhotky,Czechia,Střední Čechy,CZ0207,50.3960487,15.0550229
565563.0,565563.0,Lipník,Czechia,Střední Čechy,CZ0207,50.2725454,14.9124253
570770.0,570770.0,Loukov,Czechia,Střední Čechy,CZ0207,50.5612802,15.0356307
536261.0,536261.0,Loukovec,Czechia,Střední Čechy,CZ0207,50.5624653,15.0168588
536270.0,536270.0,Luštěnice,Czechia,Střední Čechy,CZ0207,50.3229494,14.9361771
565644.0,565644.0,Mečeříž,Czechia,Střední Čechy,CZ0207,50.2903786,14.7367924
535419.0,535419.0,Mladá Boleslav,Czechia,Střední Čechy,CZ0207,50.4116187,14.9031301
536326.0,536326.0,Mnichovo Hradiště,Czechia,Střední Čechy,CZ0207,50.5229864,14.9741022
565822.0,565822.0,Mohelnice nad Jizerou,Czechia,Střední Čechy,CZ0207,50.5597905,14.9775165
571865.0,571865.0,Mukařov,Czechia,Střední Čechy,CZ0207,50.5691486,14.9256846
536334.0,536334.0,Němčice,Czechia,Střední Čechy,CZ0207,50.3467649,14.926557
571156.0,571156.0,Nemyslovice,Czechia,Střední Čechy,CZ0207,50.3585126,14.7636641
536351.0,536351.0,Nepřevázka,Czechia,Střední Čechy,CZ0207,50.3783137,14.9163216
571997.0,571997.0,Neveklovice,Czechia,Střední Čechy,CZ0207,50.5701376,14.9483722
571121.0,571121.0,Niměřice,Czechia,Střední Čechy,CZ0207,50.3957784,14.8084395
536377.0,536377.0,Nová Telib,Czechia,Střední Čechy,CZ0207,50.3911695,15.0328559
571806.0,571806.0,Nová Ves u Bakova,Czechia,Střední Čechy,CZ0207,50.490675,14.926388
570893.0,570893.0,Obrubce,Czechia,Střední Čechy,CZ0207,50.4478582,15.0636124
536407.0,536407.0,Obruby,Czechia,Střední Čechy,CZ0207,50.4601267,15.082307
571032.0,571032.0,Pěčice,Czechia,Střední Čechy,CZ0207,50.3494206,15.0043828
598241.0,598241.0,Pětikozly,Czechia,Střední Čechy,CZ0207,50.4114104,14.811844
536431.0,536431.0,Petkovy,Czechia,Střední Čechy,CZ0207,50.4131858,15.0768179
536440.0,536440.0,Písková Lhota,Czechia,Střední Čechy,CZ0207,50.3660612,14.8732779
536458.0,536458.0,Plazy,Czechia,Střední Čechy,CZ0207,50.4140353,14.9750268
565580.0,565580.0,Plužná,Czechia,Střední Čechy,CZ0207,50.4737058,14.8041609
570753.0,570753.0,Prodašice,Czechia,Střední Čechy,CZ0207,50.3499638,15.116661
536491.0,536491.0,Předměřice nad Jizerou,Czechia,Střední Čechy,CZ0207,50.2558202,14.7814946
570923.0,570923.0,Přepeře,Czechia,Střední Čechy,CZ0207,50.4676237,15.1018849
571938.0,571938.0,Ptýrov,Czechia,Střední Čechy,CZ0207,50.5048321,14.9471275
565652.0,565652.0,Rabakov,Czechia,Střední Čechy,CZ0207,50.3856497,15.1015413
565636.0,565636.0,Rohatsko,Czechia,Střední Čechy,CZ0207,50.4402858,15.1047391
529605.0,529605.0,Rokytá,Czechia,Střední Čechy,CZ0207,50.5502068,14.8781994
571148.0,571148.0,Rokytovec,Czechia,Střední Čechy,CZ0207,50.4065261,14.8306774
536580.0,536580.0,Řepov,Czechia,Střední Čechy,CZ0207,50.4023359,14.9569957
565661.0,565661.0,Řitonice,Czechia,Střední Čechy,CZ0207,50.4082092,15.1079455
529591.0,529591.0,Sedlec,Czechia,Střední Čechy,CZ0207,50.3007379,14.7957224
536610.0,536610.0,Semčice,Czechia,Střední Čechy,CZ0207,50.3684014,15.0067462
599573.0,599573.0,Sezemice,Czechia,Střední Čechy,CZ0207,50.5855488,15.0050906
536636.0,536636.0,Skalsko,Czechia,Střední Čechy,CZ0207,50.4271222,14.7590293
557030.0,557030.0,Skorkov,Czechia,Střední Čechy,CZ0207,50.2316993,14.7492705
536652.0,536652.0,Smilovice,Czechia,Střední Čechy,CZ0207,50.3065251,14.9610465
536661.0,536661.0,Sojovice,Czechia,Střední Čechy,CZ0207,50.2223322,14.7630974
565539.0,565539.0,Sovínky,Czechia,Střední Čechy,CZ0207,50.373074,14.7870738
536709.0,536709.0,Strašnov,Czechia,Střední Čechy,CZ0207,50.3515118,14.8891811
571881.0,571881.0,Strážiště,Czechia,Střední Čechy,CZ0207,50.5923508,14.9291948
536717.0,536717.0,Strenice,Czechia,Střední Čechy,CZ0207,50.3925519,14.823052
565920.0,565920.0,Sudoměř,Czechia,Střední Čechy,CZ0207,50.4449866,14.7393726
536768.0,536768.0,Sukorady,Czechia,Střední Čechy,CZ0207,50.4262401,15.0289938
570982.0,570982.0,Tuřice,Czechia,Střední Čechy,CZ0207,50.249096,14.7717456
570761.0,570761.0,Ujkovice,Czechia,Střední Čechy,CZ0207,50.3667758,15.099632
536857.0,536857.0,Velké Všelisy,Czechia,Střední Čechy,CZ0207,50.3790352,14.7450611
565725.0,565725.0,Veselice,Czechia,Střední Čechy,CZ0207,50.3960479,15.1271171
565628.0,565628.0,Vinařice,Czechia,Střední Čechy,CZ0207,50.3738098,14.9522751
570842.0,570842.0,Vinec,Czechia,Střední Čechy,CZ0207,50.3946133,14.8697931
565571.0,565571.0,Vlkava,Czechia,Střední Čechy,CZ0207,50.271334,14.961324
572021.0,572021.0,Vrátno,Czechia,Střední Čechy,CZ0207,50.4320989,14.6937422
536938.0,536938.0,Všejany,Czechia,Střední Čechy,CZ0207,50.2547688,14.9535038
571814.0,571814.0,Zdětín,Czechia,Střední Čechy,CZ0207,50.3126008,14.8124153
536971.0,536971.0,Žďár,Czechia,Střední Čechy,CZ0207,50.5437074,15.0802147
536989.0,536989.0,Žerčice,Czechia,Střední Čechy,CZ0207,50.3741622,15.0359114
536997.0,536997.0,Židněves,Czechia,Střední Čechy,CZ0207,50.411603,14.9947151
537021.0,537021.0,Běrunice,Czechia,Střední Čechy,CZ0208,50.1857426,15.333588
537039.0,537039.0,Bobnice,Czechia,Střední Čechy,CZ0208,50.2195805,15.0535158
537047.0,537047.0,Bříství,Czechia,Střední Čechy,CZ0208,50.1337974,14.8414717
537055.0,537055.0,Budiměřice,Czechia,Střední Čechy,CZ0208,50.1953257,15.0987626
599671.0,599671.0,Čilec,Czechia,Střední Čechy,CZ0208,50.2194235,14.9815669
537080.0,537080.0,Činěves,Czechia,Střední Čechy,CZ0208,50.2285266,15.2150725
537098.0,537098.0,Dlouhopolsko,Czechia,Střední Čechy,CZ0208,50.1752128,15.3061248
537101.0,537101.0,Dobšice,Czechia,Střední Čechy,CZ0208,50.1324347,15.2686105
537110.0,537110.0,Dvory,Czechia,Střední Čechy,CZ0208,50.2116956,14.9951313
537128.0,537128.0,Dymokury,Czechia,Střední Čechy,CZ0208,50.2476259,15.204077
534854.0,534854.0,Hořany,Czechia,Střední Čechy,CZ0208,50.0976085,14.9457911
537152.0,537152.0,Hořátev,Czechia,Střední Čechy,CZ0208,50.1496656,15.039817
537161.0,537161.0,Hradčany,Czechia,Střední Čechy,CZ0208,50.157982,15.2698585
537179.0,537179.0,Hradištko,Czechia,Střední Čechy,CZ0208,50.1654913,14.9350508
599638.0,599638.0,Hrubý Jeseník,Czechia,Střední Čechy,CZ0208,50.251146,15.0940447
599620.0,599620.0,Chleby,Czechia,Střední Čechy,CZ0208,50.2231089,15.0894204
537217.0,537217.0,Choťánky,Czechia,Střední Čechy,CZ0208,50.1381622,15.1624344
537225.0,537225.0,Chotěšice,Czechia,Střední Čechy,CZ0208,50.2785628,15.2730575
537233.0,537233.0,Chrást,Czechia,Střední Čechy,CZ0208,50.1189158,14.8981297
534706.0,534706.0,Chroustov,Czechia,Střední Čechy,CZ0208,50.2865901,15.3471673
537250.0,537250.0,Jíkev,Czechia,Střední Čechy,CZ0208,50.2643648,15.0600158
599581.0,599581.0,Jiřice,Czechia,Střední Čechy,CZ0208,50.2524308,14.8368518
537268.0,537268.0,Jizbice,Czechia,Střední Čechy,CZ0208,50.2576809,14.9938526
537276.0,537276.0,Kamenné Zboží,Czechia,Střední Čechy,CZ0208,50.1929141,14.9994231
537292.0,537292.0,Kněžice,Czechia,Střední Čechy,CZ0208,50.2572113,15.3353585
551481.0,551481.0,Kněžičky,Czechia,Střední Čechy,CZ0208,50.1741379,15.3448939
537306.0,537306.0,Kolaje,Czechia,Střední Čechy,CZ0208,50.1583223,15.2410934
537314.0,537314.0,Kostelní Lhota,Czechia,Střední Čechy,CZ0208,50.1292662,15.0242015
529630.0,529630.0,Kostomlátky,Czechia,Střední Čechy,CZ0208,50.1710315,14.9840249
537331.0,537331.0,Kostomlaty nad Labem,Czechia,Střední Čechy,CZ0208,50.1844864,14.9539782
537349.0,537349.0,Košík,Czechia,Střední Čechy,CZ0208,50.3182518,15.1340498
537357.0,537357.0,Kounice,Czechia,Střední Čechy,CZ0208,50.1091982,14.8549955
534943.0,534943.0,Kouty,Czechia,Střední Čechy,CZ0208,50.1931175,15.1487488
537373.0,537373.0,Kovanice,Czechia,Střední Čechy,CZ0208,50.1694659,15.0707945
537390.0,537390.0,Krchleby,Czechia,Střední Čechy,CZ0208,50.2391642,15.0227057
537403.0,537403.0,Křečkov,Czechia,Střední Čechy,CZ0208,50.1799608,15.114271
537411.0,537411.0,Křinec,Czechia,Střední Čechy,CZ0208,50.2659076,15.1394413
537438.0,537438.0,Libice nad Cidlinou,Czechia,Střední Čechy,CZ0208,50.1303289,15.1804993
537446.0,537446.0,Loučeň,Czechia,Střední Čechy,CZ0208,50.2853689,15.0204889
537454.0,537454.0,Lysá nad Labem,Czechia,Střední Čechy,CZ0208,50.2016983,14.832757
537462.0,537462.0,Mcely,Czechia,Střední Čechy,CZ0208,50.2944266,15.0756365
537489.0,537489.0,Městec Králové,Czechia,Střední Čechy,CZ0208,50.2071808,15.2975813
537497.0,537497.0,Milčice,Czechia,Střední Čechy,CZ0208,50.1062111,14.9923535
537501.0,537501.0,Milovice,Czechia,Střední Čechy,CZ0208,50.2259601,14.8886322
534919.0,534919.0,Netřebice,Czechia,Střední Čechy,CZ0208,50.2142136,15.1431114
599654.0,599654.0,Nový Dvůr,Czechia,Střední Čechy,CZ0208,50.2321447,15.1108651
537004.0,537004.0,Nymburk,Czechia,Střední Čechy,CZ0208,50.186331,15.0417306
537551.0,537551.0,Odřepsy,Czechia,Střední Čechy,CZ0208,50.1448072,15.1889474
537560.0,537560.0,Okřínek,Czechia,Střední Čechy,CZ0208,50.1642905,15.1923229
537578.0,537578.0,Opočnice,Czechia,Střední Čechy,CZ0208,50.1724812,15.2576712
537586.0,537586.0,Opolany,Czechia,Střední Čechy,CZ0208,50.1307132,15.2169967
599662.0,599662.0,Oseček,Czechia,Střední Čechy,CZ0208,50.1013118,15.146537
537616.0,537616.0,Oskořínek,Czechia,Střední Čechy,CZ0208,50.2400568,15.0839978
537624.0,537624.0,Ostrá,Czechia,Střední Čechy,CZ0208,50.1805192,14.8928473
537632.0,537632.0,Pátek,Czechia,Střední Čechy,CZ0208,50.1654058,15.158538
537659.0,537659.0,Písková Lhota,Czechia,Střední Čechy,CZ0208,50.1313199,15.065759
537667.0,537667.0,Písty,Czechia,Střední Čechy,CZ0208,50.1645448,15.0012581
537683.0,537683.0,Poděbrady,Czechia,Střední Čechy,CZ0208,50.1430072,15.1191453
599590.0,599590.0,Podmoky,Czechia,Střední Čechy,CZ0208,50.1913364,15.232355
537721.0,537721.0,Přerov nad Labem,Czechia,Střední Čechy,CZ0208,50.1601277,14.8245331
537756.0,537756.0,Rožďalovice,Czechia,Střední Čechy,CZ0208,50.3034933,15.1699546
537764.0,537764.0,Sadská,Czechia,Střední Čechy,CZ0208,50.1361194,14.9859741
537772.0,537772.0,Sány,Czechia,Střední Čechy,CZ0208,50.1245203,15.2480043
534757.0,534757.0,Seletice,Czechia,Střední Čechy,CZ0208,50.3203412,15.0969944
537781.0,537781.0,Semice,Czechia,Střední Čechy,CZ0208,50.1643049,14.8748605
537799.0,537799.0,Senice,Czechia,Střední Čechy,CZ0208,50.1842315,15.2075706
537802.0,537802.0,Sloveč,Czechia,Střední Čechy,CZ0208,50.2298257,15.3268632
537811.0,537811.0,Sokoleč,Czechia,Střední Čechy,CZ0208,50.0985301,15.1072624
537837.0,537837.0,Stará Lysá,Czechia,Střední Čechy,CZ0208,50.2246471,14.7991402
534889.0,534889.0,Starý Vestec,Czechia,Střední Čechy,CZ0208,50.1447548,14.8461566
537853.0,537853.0,Straky,Czechia,Střední Čechy,CZ0208,50.2335787,14.9592384
537861.0,537861.0,Stratov,Czechia,Střední Čechy,CZ0208,50.1929486,14.9098029
537896.0,537896.0,Třebestovice,Czechia,Střední Čechy,CZ0208,50.1245099,14.9594863
537900.0,537900.0,Úmyslovice,Czechia,Střední Čechy,CZ0208,50.2029368,15.1764005
536083.0,536083.0,Velenice,Czechia,Střední Čechy,CZ0208,50.2139482,15.2261463
534871.0,534871.0,Velenka,Czechia,Střední Čechy,CZ0208,50.1397225,14.8956058
537942.0,537942.0,Vestec,Czechia,Střední Čechy,CZ0208,50.2379869,15.1456498
537951.0,537951.0,Vlkov pod Oškobrhem,Czechia,Střední Čechy,CZ0208,50.1559629,15.2203623
599611.0,599611.0,Vrbice,Czechia,Střední Čechy,CZ0208,50.1808159,15.2301357
537977.0,537977.0,Vrbová Lhota,Czechia,Střední Čechy,CZ0208,50.112204,15.0626967
537985.0,537985.0,Všechlapy,Czechia,Střední Čechy,CZ0208,50.2211238,15.0286505
537993.0,537993.0,Vykáň,Czechia,Střední Čechy,CZ0208,50.1198641,14.8166803
534471.0,534471.0,Záhornice,Czechia,Střední Čechy,CZ0208,50.2476372,15.2909217
599697.0,599697.0,Zbožíčko,Czechia,Střední Čechy,CZ0208,50.2257134,14.9396209
534862.0,534862.0,Zvěřínek,Czechia,Střední Čechy,CZ0208,50.1531865,15.0057386
503410.0,503410.0,Žitovlice,Czechia,Střední Čechy,CZ0208,50.2939753,15.1369874
538043.0,538043.0,Babice,Czechia,Střední Čechy,CZ0209,50.0079016,14.7156746
538051.0,538051.0,Bašť,Czechia,Střední Čechy,CZ0209,50.2049402,14.4771151
534684.0,534684.0,Borek,Czechia,Střední Čechy,CZ0209,50.2225822,14.6474133
538086.0,538086.0,Bořanovice,Czechia,Střední Čechy,CZ0209,50.1785974,14.480305
538094.0,538094.0,Brandýs nad Labem-Stará Boleslav,Czechia,Střední Čechy,CZ0209,50.1912412,14.6649786
538108.0,538108.0,Brázdim,Czechia,Střední Čechy,CZ0209,50.1831332,14.5873213
564869.0,564869.0,Březí,Czechia,Střední Čechy,CZ0209,50.0146634,14.6992825
538132.0,538132.0,Čelákovice,Czechia,Střední Čechy,CZ0209,50.1607829,14.7500022
533254.0,533254.0,Černé Voděrady,Czechia,Střední Čechy,CZ0209,49.9416228,14.8069519
538141.0,538141.0,Čestlice,Czechia,Střední Čechy,CZ0209,50.0025144,14.5836118
565008.0,565008.0,Dobročovice,Czechia,Střední Čechy,CZ0209,50.0563187,14.6999088
538167.0,538167.0,Dobřejovice,Czechia,Střední Čechy,CZ0209,49.9818075,14.5782861
564885.0,564885.0,Doubek,Czechia,Střední Čechy,CZ0209,50.0176126,14.7377649
538191.0,538191.0,Dřevčice,Czechia,Střední Čechy,CZ0209,50.1677519,14.62822
534781.0,534781.0,Dřísy,Czechia,Střední Čechy,CZ0209,50.2559959,14.6434597
564915.0,564915.0,Herink,Czechia,Střední Čechy,CZ0209,49.9670558,14.5752142
565989.0,565989.0,Hlavenec,Czechia,Střední Čechy,CZ0209,50.2382896,14.7017551
538221.0,538221.0,Horoušany,Czechia,Střední Čechy,CZ0209,50.1064015,14.7405731
538230.0,538230.0,Hovorčovice,Czechia,Střední Čechy,CZ0209,50.179459,14.51716
538248.0,538248.0,Hrusice,Czechia,Střední Čechy,CZ0209,49.9098483,14.7380564
538256.0,538256.0,Husinec,Czechia,Střední Čechy,CZ0209,50.1737416,14.3750778
538264.0,538264.0,Jenštejn,Czechia,Střední Čechy,CZ0209,50.152475,14.6118872
533378.0,533378.0,Jevany,Czechia,Střední Čechy,CZ0209,49.9702457,14.8097767
538272.0,538272.0,Jirny,Czechia,Střední Čechy,CZ0209,50.1157768,14.6992298
538281.0,538281.0,Kaliště,Czechia,Střední Čechy,CZ0209,49.8826579,14.7745072
538299.0,538299.0,Kamenice,Czechia,Střední Čechy,CZ0209,49.9015074,14.5825485
564974.0,564974.0,Káraný,Czechia,Střední Čechy,CZ0209,50.1747676,14.7369934
538311.0,538311.0,Klecany,Czechia,Střední Čechy,CZ0209,50.1756713,14.4117052
538329.0,538329.0,Klíčany,Czechia,Střední Čechy,CZ0209,50.20188,14.4342122
513628.0,513628.0,Klokočná,Czechia,Střední Čechy,CZ0209,49.9584102,14.7185168
531553.0,531553.0,Konětopy,Czechia,Střední Čechy,CZ0209,50.276404,14.6538239
564761.0,564761.0,Konojedy,Czechia,Střední Čechy,CZ0209,49.9485751,14.8512486
533416.0,533416.0,Kostelec nad Černými lesy,Czechia,Střední Čechy,CZ0209,49.9918984,14.8557555
538370.0,538370.0,Kostelec u Křížků,Czechia,Střední Čechy,CZ0209,49.90702,14.5572275
536130.0,536130.0,Kostelní Hlavno,Czechia,Střední Čechy,CZ0209,50.2574267,14.6989782
533432.0,533432.0,Kozojedy,Czechia,Střední Čechy,CZ0209,49.9965495,14.8142602
534960.0,534960.0,Křenek,Czechia,Střední Čechy,CZ0209,50.22954,14.6294501
564991.0,564991.0,Křenice,Czechia,Střední Čechy,CZ0209,50.0310021,14.6685107
538418.0,538418.0,Křížkový Újezdec,Czechia,Střední Čechy,CZ0209,49.9307788,14.5853621
538426.0,538426.0,Kunice,Czechia,Střední Čechy,CZ0209,49.9365623,14.6712417
564982.0,564982.0,Květnice,Czechia,Střední Čechy,CZ0209,50.0570595,14.6838842
538914.0,538914.0,Lázně Toušeň,Czechia,Střední Čechy,CZ0209,50.1692678,14.7160053
534986.0,534986.0,Lhota,Czechia,Střední Čechy,CZ0209,50.2432073,14.6564121
538442.0,538442.0,Líbeznice,Czechia,Střední Čechy,CZ0209,50.1921305,14.4938986
538451.0,538451.0,Louňovice,Czechia,Střední Čechy,CZ0209,49.9822632,14.7617424
538469.0,538469.0,Máslovice,Czechia,Střední Čechy,CZ0209,50.2087358,14.378817
538477.0,538477.0,Měšice,Czechia,Střední Čechy,CZ0209,50.1977577,14.5197816
538485.0,538485.0,Mirošovice,Czechia,Střední Čechy,CZ0209,49.9098462,14.7111997
538493.0,538493.0,Mnichovice,Czechia,Střední Čechy,CZ0209,49.9360307,14.7096851
598267.0,598267.0,Modletice,Czechia,Střední Čechy,CZ0209,49.9705146,14.5909458
538507.0,538507.0,Mochov,Czechia,Střední Čechy,CZ0209,50.141823,14.7949593
538515.0,538515.0,Mratín,Czechia,Střední Čechy,CZ0209,50.2030721,14.5511482
538523.0,538523.0,Mukařov,Czechia,Střední Čechy,CZ0209,49.9910675,14.7421272
538540.0,538540.0,Nehvizdy,Czechia,Střední Čechy,CZ0209,50.1306367,14.7299126
538558.0,538558.0,Nová Ves,Czechia,Střední Čechy,CZ0209,50.2193552,14.5356738
538566.0,538566.0,Nový Vestec,Czechia,Střední Čechy,CZ0209,50.1837588,14.7202938
533548.0,533548.0,Nučice,Czechia,Střední Čechy,CZ0209,49.9555237,14.884394
564907.0,564907.0,Nupaky,Czechia,Střední Čechy,CZ0209,49.9939487,14.6022298
538574.0,538574.0,Odolena Voda,Czechia,Střední Čechy,CZ0209,50.2334117,14.4107808
533564.0,533564.0,Oleška,Czechia,Střední Čechy,CZ0209,49.9715936,14.9166803
538582.0,538582.0,Ondřejov,Czechia,Střední Čechy,CZ0209,49.9045659,14.7831213
571679.0,571679.0,Oplany,Czechia,Střední Čechy,CZ0209,49.924165,14.8673002
538604.0,538604.0,Panenské Břežany,Czechia,Střední Čechy,CZ0209,50.2136597,14.4405574
529656.0,529656.0,Pětihosty,Czechia,Střední Čechy,CZ0209,49.8863595,14.7054163
538612.0,538612.0,Petříkov,Czechia,Střední Čechy,CZ0209,49.9251976,14.6169598
538621.0,538621.0,Podolanka,Czechia,Střední Čechy,CZ0209,50.1591163,14.6009261
538639.0,538639.0,Polerady,Czechia,Střední Čechy,CZ0209,50.2005089,14.5932645
599221.0,599221.0,Popovičky,Czechia,Střední Čechy,CZ0209,49.9625413,14.5977971
564788.0,564788.0,Prusice,Czechia,Střední Čechy,CZ0209,49.9683551,14.8778589
538655.0,538655.0,Předboj,Czechia,Střední Čechy,CZ0209,50.2253892,14.4767266
538671.0,538671.0,Přezletice,Czechia,Střední Čechy,CZ0209,50.155492,14.5758731
538698.0,538698.0,Radějovice,Czechia,Střední Čechy,CZ0209,49.9472248,14.564771
538701.0,538701.0,Radonice,Czechia,Střední Čechy,CZ0209,50.1430605,14.6102607
538728.0,538728.0,Říčany,Czechia,Střední Čechy,CZ0209,49.9919444,14.6542365
598283.0,598283.0,Sedlec,Czechia,Střední Čechy,CZ0209,50.18676,14.4581593
538752.0,538752.0,Senohraby,Czechia,Střední Čechy,CZ0209,49.8954008,14.7180927
538761.0,538761.0,Sibřina,Czechia,Střední Čechy,CZ0209,50.056644,14.669406
538779.0,538779.0,Sluhy,Czechia,Střední Čechy,CZ0209,50.1924353,14.5576742
538787.0,538787.0,Sluštice,Czechia,Střední Čechy,CZ0209,50.0391038,14.6854619
538809.0,538809.0,Strančice,Czechia,Střední Čechy,CZ0209,49.9483814,14.6773911
538825.0,538825.0,Struhařov,Czechia,Střední Čechy,CZ0209,49.9519235,14.7444342
533718.0,533718.0,Stříbrná Skalice,Czechia,Střední Čechy,CZ0209,49.8976632,14.8461623
571954.0,571954.0,Sudovo Hlavno,Czechia,Střední Čechy,CZ0209,50.2627485,14.6853156
538833.0,538833.0,Sulice,Czechia,Střední Čechy,CZ0209,49.9256239,14.5566323
598305.0,598305.0,Svémyslice,Czechia,Střední Čechy,CZ0209,50.145903,14.6481065
538841.0,538841.0,Světice,Czechia,Střední Čechy,CZ0209,49.9700763,14.6658044
538850.0,538850.0,Svojetice,Czechia,Střední Čechy,CZ0209,49.9713765,14.7386642
538876.0,538876.0,Šestajovice,Czechia,Střední Čechy,CZ0209,50.1084529,14.6801318
538884.0,538884.0,Škvorec,Czechia,Střední Čechy,CZ0209,50.0468694,14.7304123
571644.0,571644.0,Štíhlice,Czechia,Střední Čechy,CZ0209,50.0055637,14.7799446
538892.0,538892.0,Tehov,Czechia,Střední Čechy,CZ0209,49.9715171,14.6937906
599719.0,599719.0,Tehovec,Czechia,Střední Čechy,CZ0209,49.9814941,14.7302926
538957.0,538957.0,Úvaly,Czechia,Střední Čechy,CZ0209,50.0740135,14.7305192
538965.0,538965.0,Veleň,Czechia,Střední Čechy,CZ0209,50.1731715,14.5538986
538973.0,538973.0,Veliká Ves,Czechia,Střední Čechy,CZ0209,50.2436149,14.4550778
538981.0,538981.0,Velké Popovice,Czechia,Střední Čechy,CZ0209,49.9224718,14.6390582
538990.0,538990.0,Větrušice,Czechia,Střední Čechy,CZ0209,50.1910165,14.3832815
533874.0,533874.0,Vlkančice,Czechia,Střední Čechy,CZ0209,49.9018918,14.8971233
539015.0,539015.0,Vodochody,Czechia,Střední Čechy,CZ0209,50.2069316,14.3977971
539031.0,539031.0,Všestary,Czechia,Střední Čechy,CZ0209,49.958606,14.6852633
539040.0,539040.0,Vyšehořovice,Czechia,Střední Čechy,CZ0209,50.1177792,14.7736926
564796.0,564796.0,Výžerky,Czechia,Střední Čechy,CZ0209,49.9450528,14.8833629
533904.0,533904.0,Vyžlovka,Czechia,Střední Čechy,CZ0209,49.9839571,14.7892234
505781.0,505781.0,Zápy,Czechia,Střední Čechy,CZ0209,50.1657204,14.6791468
535362.0,535362.0,Záryby,Czechia,Střední Čechy,CZ0209,50.220756,14.6268583
539058.0,539058.0,Zdiby,Czechia,Střední Čechy,CZ0209,50.1679384,14.4515432
539066.0,539066.0,Zeleneč,Czechia,Střední Čechy,CZ0209,50.133619,14.660698
513644.0,513644.0,Zlatá,Czechia,Střední Čechy,CZ0209,50.040173,14.7097032
539082.0,539082.0,Zlonín,Czechia,Střední Čechy,CZ0209,50.2165515,14.5087598
539091.0,539091.0,Zvánovice,Czechia,Střední Čechy,CZ0209,49.9323914,14.7784186
539104.0,539104.0,Bojanovice,Czechia,Střední Čechy,CZ020A,49.8546625,14.3520821
571199.0,571199.0,Bratřínov,Czechia,Střední Čechy,CZ020A,49.8426328,14.3393787
599735.0,599735.0,Březová-Oleško,Czechia,Střední Čechy,CZ020A,49.9145554,14.4162408
540048.0,540048.0,Buš,Czechia,Střední Čechy,CZ020A,49.8031656,14.3836446
539121.0,539121.0,Černolice,Czechia,Střední Čechy,CZ020A,49.9098335,14.2993854
539139.0,539139.0,Černošice,Czechia,Střední Čechy,CZ020A,49.9569988,14.3193081
532215.0,532215.0,Červený Újezd,Czechia,Střední Čechy,CZ020A,50.0697044,14.1659085
539147.0,539147.0,Číčovice,Czechia,Střední Čechy,CZ020A,50.1569771,14.2493162
539155.0,539155.0,Čisovice,Czechia,Střední Čechy,CZ020A,49.8633475,14.3143596
539163.0,539163.0,Davle,Czechia,Střední Čechy,CZ020A,49.8921766,14.4003714
539171.0,539171.0,Dobrovíz,Czechia,Střední Čechy,CZ020A,50.1130584,14.2177331
539180.0,539180.0,Dobříč,Czechia,Střední Čechy,CZ020A,50.0197961,14.2588505
539198.0,539198.0,Dobřichovice,Czechia,Střední Čechy,CZ020A,49.9275312,14.2743416
539210.0,539210.0,Dolní Břežany,Czechia,Střední Čechy,CZ020A,49.9633609,14.4581344
531146.0,531146.0,Drahelčice,Czechia,Střední Čechy,CZ020A,50.0317981,14.2030247
539228.0,539228.0,Holubice,Czechia,Střední Čechy,CZ020A,50.2025083,14.2929588
539236.0,539236.0,Horoměřice,Czechia,Střední Čechy,CZ020A,50.1317791,14.3387291
539244.0,539244.0,Hostivice,Czechia,Střední Čechy,CZ020A,50.0815167,14.2585743
539252.0,539252.0,Hradištko,Czechia,Střední Čechy,CZ020A,49.868874,14.4091249
539261.0,539261.0,Hvozdnice,Czechia,Střední Čechy,CZ020A,49.8722544,14.3709149
539287.0,539287.0,Choteč,Czechia,Střední Čechy,CZ020A,49.986553,14.2829146
539295.0,539295.0,Chrášťany,Czechia,Střední Čechy,CZ020A,50.0445127,14.2586783
539309.0,539309.0,Chýně,Czechia,Střední Čechy,CZ020A,50.0606462,14.2272998
513431.0,513431.0,Chýnice,Czechia,Střední Čechy,CZ020A,49.9959334,14.2643473
539317.0,539317.0,Jeneč,Czechia,Střední Čechy,CZ020A,50.0871796,14.2153952
539325.0,539325.0,Jesenice,Czechia,Střední Čechy,CZ020A,49.9687565,14.5158132
539333.0,539333.0,Jílové u Prahy,Czechia,Střední Čechy,CZ020A,49.8952972,14.4933502
539341.0,539341.0,Jíloviště,Czechia,Střední Čechy,CZ020A,49.9275221,14.3427364
539350.0,539350.0,Jinočany,Czechia,Střední Čechy,CZ020A,50.0328427,14.2685364
539368.0,539368.0,Kamenný Přívoz,Czechia,Střední Čechy,CZ020A,49.8628658,14.5032485
599727.0,599727.0,Karlík,Czechia,Střední Čechy,CZ020A,49.9354016,14.2595089
571211.0,571211.0,Klínec,Czechia,Střední Čechy,CZ020A,49.9008015,14.3423456
539384.0,539384.0,Kněževes,Czechia,Střední Čechy,CZ020A,50.1200804,14.2604324
539392.0,539392.0,Kosoř,Czechia,Střední Čechy,CZ020A,49.9869962,14.3269237
571261.0,571261.0,Kytín,Czechia,Střední Čechy,CZ020A,49.8506166,14.2190496
539406.0,539406.0,Lety,Czechia,Střední Čechy,CZ020A,49.9214174,14.2555128
539414.0,539414.0,Libčice nad Vltavou,Czechia,Střední Čechy,CZ020A,50.1988879,14.3624086
539422.0,539422.0,Libeř,Czechia,Střední Čechy,CZ020A,49.9240736,14.4805025
571326.0,571326.0,Lichoceves,Czechia,Střední Čechy,CZ020A,50.1527589,14.2842444
539457.0,539457.0,Líšnice,Czechia,Střední Čechy,CZ020A,49.8891523,14.3184732
539490.0,539490.0,Měchenice,Czechia,Střední Čechy,CZ020A,49.9081696,14.3892687
540765.0,540765.0,Mníšek pod Brdy,Czechia,Střední Čechy,CZ020A,49.8664138,14.2609488
531618.0,531618.0,Nučice,Czechia,Střední Čechy,CZ020A,50.0174655,14.2319511
539503.0,539503.0,Ohrobec,Czechia,Střední Čechy,CZ020A,49.9418139,14.4315973
571334.0,571334.0,Okoř,Czechia,Střední Čechy,CZ020A,50.1618247,14.2588942
539511.0,539511.0,Okrouhlo,Czechia,Střední Čechy,CZ020A,49.9188387,14.4471761
539520.0,539520.0,Ořech,Czechia,Střední Čechy,CZ020A,50.0215669,14.2967853
539546.0,539546.0,Petrov,Czechia,Střední Čechy,CZ020A,49.8863943,14.4337325
539562.0,539562.0,Pohoří,Czechia,Střední Čechy,CZ020A,49.8999172,14.5250183
539571.0,539571.0,Průhonice,Czechia,Střední Čechy,CZ020A,50.0017798,14.5606434
539597.0,539597.0,Psáry,Czechia,Střední Čechy,CZ020A,49.9362167,14.5127608
532789.0,532789.0,Ptice,Czechia,Střední Čechy,CZ020A,50.0525255,14.1662874
571318.0,571318.0,Roblín,Czechia,Střední Čechy,CZ020A,49.9618578,14.2482654
539627.0,539627.0,Roztoky,Czechia,Střední Čechy,CZ020A,50.1608299,14.3824148
531723.0,531723.0,Rudná,Czechia,Střední Čechy,CZ020A,50.0337771,14.2312404
539643.0,539643.0,Řevnice,Czechia,Střední Čechy,CZ020A,49.914333,14.2361169
539651.0,539651.0,Řitka,Czechia,Střední Čechy,CZ020A,49.8945142,14.2992337
539660.0,539660.0,Slapy,Czechia,Střední Čechy,CZ020A,49.8153083,14.3961185
539686.0,539686.0,Statenice,Czechia,Střední Čechy,CZ020A,50.1425734,14.3185339
539708.0,539708.0,Středokluky,Czechia,Střední Čechy,CZ020A,50.1321835,14.2341922
571342.0,571342.0,Svrkyně,Czechia,Střední Čechy,CZ020A,50.171365,14.2948471
539732.0,539732.0,Štěchovice,Czechia,Střední Čechy,CZ020A,49.8509836,14.4054517
531821.0,531821.0,Tachlovice,Czechia,Střední Čechy,CZ020A,50.0144507,14.2406805
598313.0,598313.0,Trnová,Czechia,Střední Čechy,CZ020A,49.9161851,14.3541892
539759.0,539759.0,Třebotov,Czechia,Střední Čechy,CZ020A,49.9720068,14.2900406
539767.0,539767.0,Tuchoměřice,Czechia,Střední Čechy,CZ020A,50.1355328,14.2825414
539775.0,539775.0,Tursko,Czechia,Střední Čechy,CZ020A,50.1914245,14.3226155
571351.0,571351.0,Úholičky,Czechia,Střední Čechy,CZ020A,50.1613567,14.3352411
532991.0,532991.0,Úhonice,Czechia,Střední Čechy,CZ020A,50.0433976,14.1859859
539805.0,539805.0,Únětice,Czechia,Střední Čechy,CZ020A,50.1501905,14.3541116
539813.0,539813.0,Velké Přílepy,Czechia,Střední Čechy,CZ020A,50.1606031,14.314113
513458.0,513458.0,Vestec,Czechia,Střední Čechy,CZ020A,49.9807575,14.5069597
539830.0,539830.0,Vonoklasy,Czechia,Střední Čechy,CZ020A,49.9502859,14.2766837
539848.0,539848.0,Vrané nad Vltavou,Czechia,Střední Čechy,CZ020A,49.9363033,14.3770237
539856.0,539856.0,Všenory,Czechia,Střední Čechy,CZ020A,49.9280821,14.3035091
571288.0,571288.0,Zahořany,Czechia,Střední Čechy,CZ020A,49.8493848,14.2902901
539872.0,539872.0,Zbuzany,Czechia,Střední Čechy,CZ020A,50.0245351,14.2866179
539881.0,539881.0,Zlatníky-Hodkovice,Czechia,Střední Čechy,CZ020A,49.964244,14.4838269
539902.0,539902.0,Zvole,Czechia,Střední Čechy,CZ020A,49.9347543,14.4174616
529672.0,529672.0,Bezděkov pod Třemšínem,Czechia,Střední Čechy,CZ020B,49.5770961,13.8784582
564559.0,564559.0,Bohostice,Czechia,Střední Čechy,CZ020B,49.6021372,14.1381272
539953.0,539953.0,Bohutín,Czechia,Střední Čechy,CZ020B,49.6555138,13.943888
539970.0,539970.0,Borotice,Czechia,Střední Čechy,CZ020B,49.7349674,14.2797023
539988.0,539988.0,Bratkovice,Czechia,Střední Čechy,CZ020B,49.7404108,13.9993031
540013.0,540013.0,Březnice,Czechia,Střední Čechy,CZ020B,49.5573532,13.950849
540021.0,540021.0,Buková u Příbramě,Czechia,Střední Čechy,CZ020B,49.755022,14.0668262
564664.0,564664.0,Bukovany,Czechia,Střední Čechy,CZ020B,49.5745106,14.1025342
564419.0,564419.0,Cetyně,Czechia,Střední Čechy,CZ020B,49.5996217,14.121349
540072.0,540072.0,Čenkov,Czechia,Střední Čechy,CZ020B,49.7776972,14.0007531
540081.0,540081.0,Čím,Czechia,Střední Čechy,CZ020B,49.7789447,14.3783436
540099.0,540099.0,Daleké Dušníky,Czechia,Střední Čechy,CZ020B,49.7275217,14.1865392
513504.0,513504.0,Dlouhá Lhota,Czechia,Střední Čechy,CZ020B,49.72114,14.1207868
540111.0,540111.0,Dobříš,Czechia,Střední Čechy,CZ020B,49.7813749,14.1704372
540129.0,540129.0,Dolní Hbity,Czechia,Střední Čechy,CZ020B,49.6572277,14.170248
599298.0,599298.0,Drahenice,Czechia,Střední Čechy,CZ020B,49.5208419,13.958404
540145.0,540145.0,Drahlín,Czechia,Střední Čechy,CZ020B,49.7322336,13.9694318
540153.0,540153.0,Drásov,Czechia,Střední Čechy,CZ020B,49.7026533,14.1182829
540170.0,540170.0,Drevníky,Czechia,Střední Čechy,CZ020B,49.7201546,14.2740263
540188.0,540188.0,Drhovy,Czechia,Střední Čechy,CZ020B,49.7392521,14.2320701
598381.0,598381.0,Dubenec,Czechia,Střední Čechy,CZ020B,49.695416,14.0795342
540218.0,540218.0,Dublovice,Czechia,Střední Čechy,CZ020B,49.6709989,14.3640927
564508.0,564508.0,Dubno,Czechia,Střední Čechy,CZ020B,49.6958519,14.0517442
598402.0,598402.0,Háje,Czechia,Střední Čechy,CZ020B,49.6727564,14.047294
540242.0,540242.0,Hluboš,Czechia,Střední Čechy,CZ020B,49.7463803,14.0197707
564605.0,564605.0,Hlubyně,Czechia,Střední Čechy,CZ020B,49.5596599,13.9232394
564257.0,564257.0,Horčápsko,Czechia,Střední Čechy,CZ020B,49.5842823,13.9843885
540285.0,540285.0,Hřiměždice,Czechia,Střední Čechy,CZ020B,49.6868514,14.2749097
513580.0,513580.0,Hudčice,Czechia,Střední Čechy,CZ020B,49.5316822,13.9225086
540315.0,540315.0,Hvožďany,Czechia,Střední Čechy,CZ020B,49.5284064,13.8055896
540323.0,540323.0,Chotilsko,Czechia,Střední Čechy,CZ020B,49.7695577,14.3525058
564249.0,564249.0,Chrást,Czechia,Střední Čechy,CZ020B,49.5947469,13.9558223
540358.0,540358.0,Chraštice,Czechia,Střední Čechy,CZ020B,49.5772729,14.0721076
540374.0,540374.0,Jablonná,Czechia,Střední Čechy,CZ020B,49.6610399,14.1384414
540391.0,540391.0,Jesenice,Czechia,Střední Čechy,CZ020B,49.6077446,14.4781253
540404.0,540404.0,Jince,Czechia,Střední Čechy,CZ020B,49.7862374,13.9786735
540439.0,540439.0,Kamýk nad Vltavou,Czechia,Střední Čechy,CZ020B,49.6389511,14.2532194
540447.0,540447.0,Klučenice,Czechia,Střední Čechy,CZ020B,49.5531278,14.2120254
598461.0,598461.0,Kňovice,Czechia,Střední Čechy,CZ020B,49.6882987,14.4003063
599204.0,599204.0,Korkyně,Czechia,Střední Čechy,CZ020B,49.7798426,14.351153
540498.0,540498.0,Kosova Hora,Czechia,Střední Čechy,CZ020B,49.6538492,14.4723643
513555.0,513555.0,Kotenčice,Czechia,Střední Čechy,CZ020B,49.73624,14.0936858
529681.0,529681.0,Koupě,Czechia,Střední Čechy,CZ020B,49.5146927,13.9184408
540536.0,540536.0,Kozárovice,Czechia,Střední Čechy,CZ020B,49.5555215,14.1064819
540552.0,540552.0,Krásná Hora nad Vltavou,Czechia,Střední Čechy,CZ020B,49.6046057,14.2774188
540579.0,540579.0,Křepenice,Czechia,Střední Čechy,CZ020B,49.7028939,14.3475603
540587.0,540587.0,Křešín,Czechia,Střední Čechy,CZ020B,49.7992451,13.9483253
540625.0,540625.0,Láz,Czechia,Střední Čechy,CZ020B,49.6520193,13.9166058
564346.0,564346.0,Lazsko,Czechia,Střední Čechy,CZ020B,49.6234054,14.0039995
513521.0,513521.0,Lešetice,Czechia,Střední Čechy,CZ020B,49.6471104,14.020938
598411.0,598411.0,Lhota u Příbramě,Czechia,Střední Čechy,CZ020B,49.7136204,13.9807363
540714.0,540714.0,Malá Hraštice,Czechia,Střední Čechy,CZ020B,49.8075038,14.2798727
540749.0,540749.0,Milešov,Czechia,Střední Čechy,CZ020B,49.589306,14.2211249
540757.0,540757.0,Milín,Czechia,Střední Čechy,CZ020B,49.6321628,14.0461362
599751.0,599751.0,Modřovice,Czechia,Střední Čechy,CZ020B,49.6173554,13.9563783
540781.0,540781.0,Mokrovraty,Czechia,Střední Čechy,CZ020B,49.797235,14.2553938
540790.0,540790.0,Nalžovice,Czechia,Střední Čechy,CZ020B,49.6985855,14.3707468
564478.0,564478.0,Narysov,Czechia,Střední Čechy,CZ020B,49.6408488,13.970881
540811.0,540811.0,Nečín,Czechia,Střední Čechy,CZ020B,49.6984409,14.2340341
540820.0,540820.0,Nedrahovice,Czechia,Střední Čechy,CZ020B,49.6090978,14.455735
540846.0,540846.0,Nechvalice,Czechia,Střední Čechy,CZ020B,49.576544,14.3965616
564524.0,564524.0,Nepomuk,Czechia,Střední Čechy,CZ020B,49.642788,13.8372608
564222.0,564222.0,Nestrašovice,Czechia,Střední Čechy,CZ020B,49.5602025,14.026035
540889.0,540889.0,Nová Ves pod Pleší,Czechia,Střední Čechy,CZ020B,49.8317606,14.2752295
540897.0,540897.0,Nové Dvory,Czechia,Střední Čechy,CZ020B,49.8032237,14.356915
540901.0,540901.0,Nový Knín,Czechia,Střední Čechy,CZ020B,49.7871435,14.2907781
513571.0,513571.0,Občov,Czechia,Střední Čechy,CZ020B,49.7132962,14.0668226
540935.0,540935.0,Obecnice,Czechia,Střední Čechy,CZ020B,49.7161387,13.9470823
540943.0,540943.0,Obory,Czechia,Střední Čechy,CZ020B,49.6803988,14.216368
540951.0,540951.0,Obořiště,Czechia,Střední Čechy,CZ020B,49.7422468,14.1518524
540960.0,540960.0,Ohrazenice,Czechia,Střední Čechy,CZ020B,49.7869542,13.9595092
598470.0,598470.0,Osečany,Czechia,Střední Čechy,CZ020B,49.6977211,14.4376239
598372.0,598372.0,Ostrov,Czechia,Střední Čechy,CZ020B,49.6111687,14.0146436
541010.0,541010.0,Ouběnice,Czechia,Střední Čechy,CZ020B,49.7176416,14.1598327
541028.0,541028.0,Pečice,Czechia,Střední Čechy,CZ020B,49.6005537,14.1054089
541044.0,541044.0,Petrovice,Czechia,Střední Čechy,CZ020B,49.5540657,14.3377897
541052.0,541052.0,Pičín,Czechia,Střední Čechy,CZ020B,49.7452934,14.0579293
564214.0,564214.0,Počaply,Czechia,Střední Čechy,CZ020B,49.538665,13.9834557
541087.0,541087.0,Počepice,Czechia,Střední Čechy,CZ020B,49.5960104,14.3808398
564486.0,564486.0,Podlesí,Czechia,Střední Čechy,CZ020B,49.695031,13.9699714
541133.0,541133.0,Prosenická Lhota,Czechia,Střední Čechy,CZ020B,49.6896305,14.4826912
539911.0,539911.0,Příbram,Czechia,Střední Čechy,CZ020B,49.6901444,14.0103663
513547.0,513547.0,Příčovy,Czechia,Střední Čechy,CZ020B,49.6719559,14.3895527
564389.0,564389.0,Radětice,Czechia,Střední Čechy,CZ020B,49.6399549,14.0789522
598488.0,598488.0,Radíč,Czechia,Střední Čechy,CZ020B,49.7146593,14.4173916
541206.0,541206.0,Rosovice,Czechia,Střední Čechy,CZ020B,49.7566485,14.1089719
541231.0,541231.0,Rožmitál pod Třemšínem,Czechia,Střední Čechy,CZ020B,49.602176,13.863958
541257.0,541257.0,Rybníky,Czechia,Střední Čechy,CZ020B,49.7526389,14.2058991
541273.0,541273.0,Sádek,Czechia,Střední Čechy,CZ020B,49.733077,13.982707
541281.0,541281.0,Sedlčany,Czechia,Střední Čechy,CZ020B,49.6582258,14.4254935
530573.0,530573.0,Sedlec-Prčice,Czechia,Střední Čechy,CZ020B,49.5726082,14.5326911
564630.0,564630.0,Sedlice,Czechia,Střední Čechy,CZ020B,49.6216028,13.8807821
541311.0,541311.0,Smolotely,Czechia,Střední Čechy,CZ020B,49.6206189,14.1355786
541320.0,541320.0,Solenice,Czechia,Střední Čechy,CZ020B,49.6173212,14.1957793
541338.0,541338.0,Stará Huť,Czechia,Střední Čechy,CZ020B,49.782113,14.1972624
564583.0,564583.0,Starosedlský Hrádek,Czechia,Střední Čechy,CZ020B,49.5761809,14.0087611
541371.0,541371.0,Suchodol,Czechia,Střední Čechy,CZ020B,49.7242256,14.0824848
541389.0,541389.0,Svaté Pole,Czechia,Střední Čechy,CZ020B,49.751314,14.168978
541397.0,541397.0,Svatý Jan,Czechia,Střední Čechy,CZ020B,49.6368326,14.3109902
564273.0,564273.0,Svojšice,Czechia,Střední Čechy,CZ020B,49.5727204,14.0428709
541419.0,541419.0,Štětkovice,Czechia,Střední Čechy,CZ020B,49.671009,14.5056896
529664.0,529664.0,Těchařovice,Czechia,Střední Čechy,CZ020B,49.6003942,14.0480813
541427.0,541427.0,Tochovice,Czechia,Střední Čechy,CZ020B,49.5954836,13.9923999
598429.0,598429.0,Trhové Dušníky,Czechia,Střední Čechy,CZ020B,49.7137917,14.01226
541451.0,541451.0,Třebsko,Czechia,Střední Čechy,CZ020B,49.6256573,13.9675441
598330.0,598330.0,Tušovice,Czechia,Střední Čechy,CZ020B,49.5756071,14.0305321
513539.0,513539.0,Velká Lečice,Czechia,Střední Čechy,CZ020B,49.8146086,14.3233771
541508.0,541508.0,Věšín,Czechia,Střední Čechy,CZ020B,49.6152483,13.8242156
541516.0,541516.0,Višňová,Czechia,Střední Čechy,CZ020B,49.7056965,14.1452026
541524.0,541524.0,Volenice,Czechia,Střední Čechy,CZ020B,49.5477681,13.8836672
541541.0,541541.0,Voznice,Czechia,Střední Čechy,CZ020B,49.8172194,14.216702
564362.0,564362.0,Vrančice,Czechia,Střední Čechy,CZ020B,49.6106289,14.0417554
541567.0,541567.0,Vranovice,Czechia,Střední Čechy,CZ020B,49.6227704,13.8989789
598437.0,598437.0,Vševily,Czechia,Střední Čechy,CZ020B,49.56517,13.8825417
541583.0,541583.0,Vysoká u Příbramě,Czechia,Střední Čechy,CZ020B,49.6337656,13.9478507
541591.0,541591.0,Vysoký Chlumec,Czechia,Střední Čechy,CZ020B,49.6176522,14.3897618
541613.0,541613.0,Zalužany,Czechia,Střední Čechy,CZ020B,49.5422222,14.0859066
564320.0,564320.0,Zbenice,Czechia,Střední Čechy,CZ020B,49.5923499,14.0886915
513512.0,513512.0,Zduchovice,Czechia,Střední Čechy,CZ020B,49.6385278,14.2090643
564338.0,564338.0,Županovice,Czechia,Střední Čechy,CZ020B,49.7077879,14.2987096
565423.0,565423.0,Bdín,Czechia,Střední Čechy,CZ020C,50.2141395,13.8587408
541672.0,541672.0,Branov,Czechia,Střední Čechy,CZ020C,50.0128746,13.8429121
565041.0,565041.0,Břežany,Czechia,Střední Čechy,CZ020C,50.0068975,13.583827
541699.0,541699.0,Čistá,Czechia,Střední Čechy,CZ020C,50.0278837,13.5699605
565181.0,565181.0,Děkov,Czechia,Střední Čechy,CZ020C,50.1711759,13.5543717
529711.0,529711.0,Drahouš,Czechia,Střední Čechy,CZ020C,50.0801242,13.4756587
541729.0,541729.0,Hořesedly,Czechia,Střední Čechy,CZ020C,50.1622261,13.6036808
541737.0,541737.0,Hořovičky,Czechia,Střední Čechy,CZ020C,50.1556137,13.5314037
565202.0,565202.0,Hracholusky,Czechia,Střední Čechy,CZ020C,50.0030822,13.7736888
541761.0,541761.0,Hřebečníky,Czechia,Střední Čechy,CZ020C,49.9845364,13.7532231
541770.0,541770.0,Hředle,Czechia,Střední Čechy,CZ020C,50.1878831,13.7488074
565334.0,565334.0,Hvozd,Czechia,Střední Čechy,CZ020C,50.0514992,13.6984005
541818.0,541818.0,Chrášťany,Czechia,Střední Čechy,CZ020C,50.1464368,13.667277
565270.0,565270.0,Janov,Czechia,Střední Čechy,CZ020C,50.2104016,13.6398017
541834.0,541834.0,Jesenice,Czechia,Střední Čechy,CZ020C,50.0984577,13.4717743
565440.0,565440.0,Kalivody,Czechia,Střední Čechy,CZ020C,50.2084212,13.8418576
565288.0,565288.0,Karlova Ves,Czechia,Střední Čechy,CZ020C,49.9872796,13.8623995
541877.0,541877.0,Kněževes,Czechia,Střední Čechy,CZ020C,50.1465824,13.6371018
565199.0,565199.0,Kolešov,Czechia,Střední Čechy,CZ020C,50.1571465,13.5100318
541893.0,541893.0,Kolešovice,Czechia,Střední Čechy,CZ020C,50.1396411,13.610276
541907.0,541907.0,Kounov,Czechia,Střední Čechy,CZ020C,50.2128726,13.6750935
565385.0,565385.0,Kozojedy,Czechia,Střední Čechy,CZ020C,50.2552831,13.8155759
565351.0,565351.0,Krakov,Czechia,Střední Čechy,CZ020C,50.0373613,13.6474632
565369.0,565369.0,Krakovec,Czechia,Střední Čechy,CZ020C,50.0188374,13.6382368
541940.0,541940.0,Kroučová,Czechia,Střední Čechy,CZ020C,50.2067689,13.7839451
598500.0,598500.0,Krty,Czechia,Střední Čechy,CZ020C,50.0920416,13.4319014
541966.0,541966.0,Krupá,Czechia,Střední Čechy,CZ020C,50.1748489,13.731576
541974.0,541974.0,Krušovice,Czechia,Střední Čechy,CZ020C,50.172134,13.7755685
541982.0,541982.0,Křivoklát,Czechia,Střední Čechy,CZ020C,50.0407511,13.8810539
542008.0,542008.0,Lašovice,Czechia,Střední Čechy,CZ020C,50.0549543,13.7822001
542016.0,542016.0,Lišany,Czechia,Střední Čechy,CZ020C,50.1473645,13.7437827
542032.0,542032.0,Lubná,Czechia,Střední Čechy,CZ020C,50.0772468,13.7005622
542041.0,542041.0,Lužná,Czechia,Střední Čechy,CZ020C,50.1237702,13.7700423
565377.0,565377.0,Malinová,Czechia,Střední Čechy,CZ020C,50.0478149,13.6669222
542067.0,542067.0,Městečko,Czechia,Střední Čechy,CZ020C,50.0506332,13.8635607
542075.0,542075.0,Milostín,Czechia,Střední Čechy,CZ020C,50.1938391,13.6690534
565466.0,565466.0,Milý,Czechia,Střední Čechy,CZ020C,50.2326651,13.8670375
542105.0,542105.0,Mšec,Czechia,Střední Čechy,CZ020C,50.1982586,13.9072137
542113.0,542113.0,Mšecké Žehrovice,Czechia,Střední Čechy,CZ020C,50.1793252,13.9233093
542121.0,542121.0,Mutějovice,Czechia,Střední Čechy,CZ020C,50.1942472,13.7095083
542130.0,542130.0,Nesuchyně,Czechia,Střední Čechy,CZ020C,50.1795593,13.6878984
598585.0,598585.0,Nezabudice,Czechia,Střední Čechy,CZ020C,50.0130738,13.8223724
542164.0,542164.0,Nové Strašecí,Czechia,Střední Čechy,CZ020C,50.1532883,13.8998192
542181.0,542181.0,Nový Dům,Czechia,Střední Čechy,CZ020C,50.088134,13.8308915
542199.0,542199.0,Olešná,Czechia,Střední Čechy,CZ020C,50.1286799,13.6960683
542202.0,542202.0,Oráčov,Czechia,Střední Čechy,CZ020C,50.111493,13.5484722
542211.0,542211.0,Panoší Újezd,Czechia,Střední Čechy,CZ020C,50.0359963,13.7168082
544248.0,544248.0,Pavlíkov,Czechia,Střední Čechy,CZ020C,50.0559879,13.7363604
542229.0,542229.0,Petrovice,Czechia,Střední Čechy,CZ020C,50.0670275,13.6380925
542237.0,542237.0,Pochvalov,Czechia,Střední Čechy,CZ020C,50.2274365,13.79426
598577.0,598577.0,Přerubenice,Czechia,Střední Čechy,CZ020C,50.2171653,13.8410216
542253.0,542253.0,Příčina,Czechia,Střední Čechy,CZ020C,50.065726,13.6672685
565261.0,565261.0,Přílepy,Czechia,Střední Čechy,CZ020C,50.1231741,13.6325913
542270.0,542270.0,Pšovlky,Czechia,Střední Čechy,CZ020C,50.1083904,13.5913804
542288.0,542288.0,Pustověty,Czechia,Střední Čechy,CZ020C,50.055602,13.814006
599760.0,599760.0,Račice,Czechia,Střední Čechy,CZ020C,50.0247272,13.9229306
541656.0,541656.0,Rakovník,Czechia,Střední Čechy,CZ020C,50.1041136,13.7310462
598526.0,598526.0,Roztoky,Czechia,Střední Čechy,CZ020C,50.0267139,13.8678666
542326.0,542326.0,Ruda,Czechia,Střední Čechy,CZ020C,50.1407842,13.8756909
542334.0,542334.0,Rynholec,Czechia,Střední Čechy,CZ020C,50.1379261,13.9222181
565504.0,565504.0,Řeřichy,Czechia,Střední Čechy,CZ020C,50.0791687,13.5858258
542351.0,542351.0,Řevničov,Czechia,Střední Čechy,CZ020C,50.1716869,13.8173553
542369.0,542369.0,Senec,Czechia,Střední Čechy,CZ020C,50.0667353,13.7068689
542377.0,542377.0,Senomaty,Czechia,Střední Čechy,CZ020C,50.0978113,13.6544071
542385.0,542385.0,Skryje,Czechia,Střední Čechy,CZ020C,49.9648605,13.7668248
542415.0,542415.0,Slabce,Czechia,Střední Čechy,CZ020C,49.9996689,13.7126135
565407.0,565407.0,Smilovice,Czechia,Střední Čechy,CZ020C,50.2469408,13.8076967
542431.0,542431.0,Srbeč,Czechia,Střední Čechy,CZ020C,50.2246072,13.8833477
542458.0,542458.0,Svojetín,Czechia,Střední Čechy,CZ020C,50.1900139,13.6209094
542466.0,542466.0,Sýkořice,Czechia,Střední Čechy,CZ020C,50.0345837,13.9317219
542474.0,542474.0,Šanov,Czechia,Střední Čechy,CZ020C,50.0876279,13.6311963
598496.0,598496.0,Šípy,Czechia,Střední Čechy,CZ020C,50.0143177,13.6164532
565326.0,565326.0,Švihov,Czechia,Střední Čechy,CZ020C,50.1098283,13.5642886
542504.0,542504.0,Třeboc,Czechia,Střední Čechy,CZ020C,50.2151039,13.7505767
542512.0,542512.0,Třtice,Czechia,Střední Čechy,CZ020C,50.1848709,13.8635331
565512.0,565512.0,Václavy,Czechia,Střední Čechy,CZ020C,50.0636835,13.5944097
542563.0,542563.0,Velká Buková,Czechia,Střední Čechy,CZ020C,50.0345542,13.8471838
529699.0,529699.0,Velká Chmelištná,Czechia,Střední Čechy,CZ020C,50.0635574,13.5513227
565130.0,565130.0,Všesulov,Czechia,Střední Čechy,CZ020C,50.0399535,13.6101836
542598.0,542598.0,Všetaty,Czechia,Střední Čechy,CZ020C,50.0461099,13.7574078
542601.0,542601.0,Zavidov,Czechia,Střední Čechy,CZ020C,50.0566902,13.6202979
542610.0,542610.0,Zbečno,Czechia,Střední Čechy,CZ020C,50.0407645,13.9209679
598518.0,598518.0,Žďár,Czechia,Střední Čechy,CZ020C,50.0584464,13.4596126
535826.0,535826.0,Adamov,Czechia,,CZ0311,49.0005117,14.5395936
536156.0,536156.0,Bečice,Czechia,,CZ0311,49.2153845,14.501878
544272.0,544272.0,Borek,Czechia,,CZ0311,49.0233859,14.5008841
544281.0,544281.0,Borovany,Czechia,,CZ0311,48.8998724,14.6419628
535681.0,535681.0,Borovnice,Czechia,,CZ0311,48.9120577,14.519014
544299.0,544299.0,Boršov nad Vltavou,Czechia,Jihozápad,CZ0311,48.9220007,14.4346332
535401.0,535401.0,Bošilec,Czechia,,CZ0311,49.1492089,14.6460886
551490.0,551490.0,Branišov,Czechia,,CZ0311,48.9787018,14.3956913
536059.0,536059.0,Břehov,Czechia,,CZ0311,49.0222337,14.3290283
535541.0,535541.0,Čakov,Czechia,,CZ0311,48.9808532,14.307729
544329.0,544329.0,Čejkovice,Czechia,,CZ0311,49.0141268,14.3822403
598976.0,598976.0,Čenkov u Bechyně,Czechia,,CZ0311,49.2334332,14.5008409
544256.0,544256.0,České Budějovice,Czechia,Jihozápad,CZ0311,48.9747357,14.474285
551503.0,551503.0,Čížkrajice,Czechia,,CZ0311,48.8064886,14.636128
535249.0,535249.0,Dasný,Czechia,,CZ0311,49.0192736,14.4068134
544361.0,544361.0,Dívčice,Czechia,,CZ0311,49.1095672,14.3083099
535206.0,535206.0,Dobrá Voda u Českých Budějovic,Czechia,,CZ0311,48.9680923,14.5246491
536199.0,536199.0,Dobšice,Czechia,,CZ0311,49.2158975,14.4837832
544388.0,544388.0,Dolní Bukovsko,Czechia,,CZ0311,49.1713381,14.5815038
535664.0,535664.0,Doubravice,Czechia,,CZ0311,48.9359698,14.510572
544400.0,544400.0,Doudleby,Czechia,Jihozápad,CZ0311,48.8936179,14.5015255
535958.0,535958.0,Drahotěšice,Czechia,Jihozápad,CZ0311,49.1243326,14.5465812
549371.0,549371.0,Dražíč,Czechia,,CZ0311,49.3058685,14.3838199
544426.0,544426.0,Dříteň,Czechia,,CZ0311,49.1428094,14.3459563
535788.0,535788.0,Dubičné,Czechia,,CZ0311,48.9810697,14.5387636
544442.0,544442.0,Dubné,Czechia,,CZ0311,48.9767819,14.3594962
544451.0,544451.0,Dynín,Czechia,,CZ0311,49.137199,14.6311949
535575.0,535575.0,Habří,Czechia,Jihozápad,CZ0311,48.9481426,14.3348475
536075.0,536075.0,Hartmanice,Czechia,,CZ0311,49.2077389,14.5650815
598593.0,598593.0,Heřmaň,Czechia,Jihozápad,CZ0311,48.9112141,14.5036138
535851.0,535851.0,Hlavatce,Czechia,,CZ0311,49.0674702,14.2641414
598607.0,598607.0,Hlincová Hora,Czechia,,CZ0311,48.9836205,14.5644603
544485.0,544485.0,Hluboká nad Vltavou,Czechia,,CZ0311,49.0522493,14.4342702
544493.0,544493.0,Homole,Czechia,Jihozápad,CZ0311,48.938967,14.4293626
536105.0,536105.0,Horní Kněžeklady,Czechia,,CZ0311,49.1941405,14.4814048
544515.0,544515.0,Horní Stropnice,Czechia,Jihozápad,CZ0311,48.7612438,14.7350172
544523.0,544523.0,Hosín,Czechia,,CZ0311,49.037162,14.4759993
535524.0,535524.0,Hosty,Czechia,,CZ0311,49.2602904,14.3932564
535460.0,535460.0,Hradce,Czechia,,CZ0311,48.9339647,14.3595396
544540.0,544540.0,Hranice,Czechia,,CZ0311,48.8384892,14.8682662
544558.0,544558.0,Hrdějovice,Czechia,,CZ0311,49.0189304,14.4785716
535753.0,535753.0,Hůry,Czechia,,CZ0311,49.006487,14.5410833
535613.0,535613.0,Hvozdec,Czechia,,CZ0311,48.9926344,14.6276294
535907.0,535907.0,Chotýčany,Czechia,,CZ0311,49.067612,14.5210297
544591.0,544591.0,Chrášťany,Czechia,,CZ0311,49.2959813,14.3875176
544612.0,544612.0,Jankov,Czechia,Jihozápad,CZ0311,48.9666373,14.2975871
544639.0,544639.0,Jílovice,Czechia,,CZ0311,48.8899987,14.7269677
535761.0,535761.0,Jivno,Czechia,,CZ0311,48.9955153,14.5692211
535982.0,535982.0,Kamenná,Czechia,Jihozápad,CZ0311,48.7799117,14.6703097
544663.0,544663.0,Kamenný Újezd,Czechia,Jihozápad,CZ0311,48.8975303,14.4463826
535877.0,535877.0,Komařice,Czechia,Jihozápad,CZ0311,48.8784447,14.5456644
529729.0,529729.0,Kvítkovice,Czechia,Jihozápad,CZ0311,48.9576213,14.330755
544736.0,544736.0,Ledenice,Czechia,,CZ0311,48.9332872,14.6188646
544744.0,544744.0,Libín,Czechia,,CZ0311,48.9695174,14.6838156
535800.0,535800.0,Libníč,Czechia,,CZ0311,49.0199167,14.5430488
544761.0,544761.0,Lipí,Czechia,Jihozápad,CZ0311,48.9491671,14.3524029
544779.0,544779.0,Lišov,Czechia,,CZ0311,49.0158765,14.6083357
544795.0,544795.0,Litvínovice,Czechia,Jihozápad,CZ0311,48.9620619,14.4512881
544809.0,544809.0,Ločenice,Czechia,Jihozápad,CZ0311,48.8241861,14.527291
535940.0,535940.0,Mazelov,Czechia,,CZ0311,49.1027466,14.6180206
544817.0,544817.0,Mladošovice,Czechia,,CZ0311,48.9406743,14.6991871
598615.0,598615.0,Modrá Hůrka,Czechia,,CZ0311,49.1801479,14.5259105
535842.0,535842.0,Mokrý Lom,Czechia,,CZ0311,48.8447647,14.5153318
535281.0,535281.0,Mydlovary,Czechia,,CZ0311,49.0918843,14.3542441
535371.0,535371.0,Nákří,Czechia,,CZ0311,49.1162738,14.3308857
544825.0,544825.0,Nedabyle,Czechia,,CZ0311,48.9284043,14.5149379
535435.0,535435.0,Neplachov,Czechia,,CZ0311,49.1302963,14.60099
535648.0,535648.0,Nová Ves,Czechia,,CZ0311,48.9206714,14.5286514
544868.0,544868.0,Nové Hrady,Czechia,Jihozápad,CZ0311,48.7896693,14.7783906
544884.0,544884.0,Olešnice,Czechia,,CZ0311,48.841239,14.7048518
544892.0,544892.0,Olešník,Czechia,,CZ0311,49.1073905,14.3639063
535231.0,535231.0,Ostrolovský Újezd,Czechia,,CZ0311,48.8806143,14.6006081
535699.0,535699.0,Petříkov,Czechia,,CZ0311,48.846969,14.7546094
535991.0,535991.0,Pištín,Czechia,,CZ0311,49.0457496,14.3349892
535176.0,535176.0,Planá,Czechia,Jihozápad,CZ0311,48.9435942,14.4527645
535346.0,535346.0,Plav,Czechia,Jihozápad,CZ0311,48.9014305,14.4878755
544965.0,544965.0,Radošovice,Czechia,,CZ0311,49.0197977,14.2730144
544973.0,544973.0,Roudné,Czechia,,CZ0311,48.9350379,14.4874718
544981.0,544981.0,Rudolfov,Czechia,,CZ0311,48.9936055,14.5411628
545007.0,545007.0,Římov,Czechia,Jihozápad,CZ0311,48.8556147,14.4868416
545015.0,545015.0,Sedlec,Czechia,,CZ0311,49.0726124,14.2865424
545023.0,545023.0,Slavče,Czechia,Jihozápad,CZ0311,48.7978451,14.6149674
545066.0,545066.0,Srubec,Czechia,,CZ0311,48.9479199,14.5411706
545074.0,545074.0,Staré Hodějovice,Czechia,,CZ0311,48.945381,14.5209732
545082.0,545082.0,Strážkovice,Czechia,,CZ0311,48.8988715,14.5695512
536032.0,536032.0,Strýčice,Czechia,,CZ0311,49.0121713,14.2657226
545091.0,545091.0,Střížov,Czechia,,CZ0311,48.8903292,14.5273622
545104.0,545104.0,Svatý Jan nad Malší,Czechia,Jihozápad,CZ0311,48.8237559,14.5086576
545121.0,545121.0,Ševětín,Czechia,,CZ0311,49.0998113,14.572662
545139.0,545139.0,Štěpánovice,Czechia,,CZ0311,49.0018254,14.6533429
545155.0,545155.0,Temelín,Czechia,,CZ0311,49.1928347,14.3487446
545171.0,545171.0,Trhové Sviny,Czechia,,CZ0311,48.8425812,14.6391858
545201.0,545201.0,Týn nad Vltavou,Czechia,,CZ0311,49.2234214,14.421124
535494.0,535494.0,Úsilné,Czechia,,CZ0311,49.0125818,14.5057538
545228.0,545228.0,Včelná,Czechia,Jihozápad,CZ0311,48.9237403,14.4534127
535737.0,535737.0,Vidov,Czechia,,CZ0311,48.9268561,14.49477
535893.0,535893.0,Vitín,Czechia,,CZ0311,49.0894825,14.5456478
535915.0,535915.0,Vlkov,Czechia,Jihozápad,CZ0311,49.1133403,14.5221621
545261.0,545261.0,Vrábče,Czechia,Jihozápad,CZ0311,48.9177182,14.376312
535796.0,535796.0,Vráto,Czechia,,CZ0311,48.9879056,14.5269189
545287.0,545287.0,Všemyslice,Czechia,,CZ0311,49.2161837,14.3573176
545317.0,545317.0,Záboří,Czechia,Jihozápad,CZ0311,48.9901453,14.2661181
536016.0,536016.0,Zahájí,Czechia,,CZ0311,49.0893044,14.3707154
599778.0,599778.0,Závraty,Czechia,,CZ0311,48.9383571,14.3815516
545341.0,545341.0,Zliv,Czechia,,CZ0311,49.0663495,14.3660772
535591.0,535591.0,Zvíkov,Czechia,,CZ0311,48.9808415,14.6169222
545368.0,545368.0,Žabovřesky,Czechia,,CZ0311,49.0037306,14.3351076
545376.0,545376.0,Žár,Czechia,Jihozápad,CZ0311,48.8069452,14.7097504
545384.0,545384.0,Žimutice,Czechia,,CZ0311,49.2042195,14.510475
545406.0,545406.0,Benešov nad Černou,Czechia,Jihozápad,CZ0312,48.7294146,14.6271822
545414.0,545414.0,Besednice,Czechia,Jihozápad,CZ0312,48.789621,14.5559486
536253.0,536253.0,Bohdalovice,Czechia,Jihozápad,CZ0312,48.7427462,14.2865042
545422.0,545422.0,Boletice,Czechia,Jihozápad,CZ0312,48.8477987,14.0726383
545431.0,545431.0,Brloh,Czechia,Jihozápad,CZ0312,48.9296807,14.2188889
545449.0,545449.0,Bujanov,Czechia,Jihozápad,CZ0312,48.7025907,14.4294495
545457.0,545457.0,Černá v Pošumaví,Czechia,Jihozápad,CZ0312,48.7380466,14.1109193
545392.0,545392.0,Český Krumlov,Czechia,Jihozápad,CZ0312,48.8106526,14.3150586
545465.0,545465.0,Dolní Dvořiště,Czechia,Jihozápad,CZ0312,48.6566318,14.4522503
545473.0,545473.0,Dolní Třebonín,Czechia,Jihozápad,CZ0312,48.85529,14.4100298
545481.0,545481.0,Frymburk,Czechia,Jihozápad,CZ0312,48.6609401,14.1656363
545490.0,545490.0,Holubov,Czechia,Jihozápad,CZ0312,48.8912722,14.3238095
545503.0,545503.0,Horní Dvořiště,Czechia,Jihozápad,CZ0312,48.6041334,14.4053244
545511.0,545511.0,Horní Planá,Czechia,Jihozápad,CZ0312,48.7673396,14.0321919
545520.0,545520.0,Hořice na Šumavě,Czechia,Jihozápad,CZ0312,48.765938,14.1784068
536229.0,536229.0,Chlumec,Czechia,Jihozápad,CZ0312,48.8710287,14.3952883
545546.0,545546.0,Chvalšiny,Czechia,Jihozápad,CZ0312,48.8540143,14.2111405
545554.0,545554.0,Kájov,Czechia,Jihozápad,CZ0312,48.811047,14.2584413
545562.0,545562.0,Kaplice,Czechia,Jihozápad,CZ0312,48.7389045,14.493718
545571.0,545571.0,Křemže,Czechia,Jihozápad,CZ0312,48.9050728,14.3046673
545597.0,545597.0,Lipno nad Vltavou,Czechia,Jihozápad,CZ0312,48.6387387,14.2295908
545601.0,545601.0,Loučovice,Czechia,Jihozápad,CZ0312,48.6204563,14.2574142
545619.0,545619.0,Malonty,Czechia,Jihozápad,CZ0312,48.686109,14.5767794
536296.0,536296.0,Malšín,Czechia,Jihozápad,CZ0312,48.6780219,14.2870397
545627.0,545627.0,Mirkovice,Czechia,Jihozápad,CZ0312,48.8109663,14.3912032
598623.0,598623.0,Mojné,Czechia,Jihozápad,CZ0312,48.8347139,14.4072751
545643.0,545643.0,Netřebice,Czechia,Jihozápad,CZ0312,48.7907828,14.455568
513661.0,513661.0,Nová Ves,Czechia,Jihozápad,CZ0312,48.9481864,14.2470823
545660.0,545660.0,Omlenice,Czechia,Jihozápad,CZ0312,48.7258145,14.4436356
545694.0,545694.0,Pohorská Ves,Czechia,Jihozápad,CZ0312,48.6698654,14.6476564
500194.0,500194.0,Polná na Šumavě,Czechia,Jihozápad,CZ0312,48.7992855,14.1470314
545716.0,545716.0,Přední Výtoň,Czechia,Jihozápad,CZ0312,48.631184,14.1645505
545724.0,545724.0,Přídolí,Czechia,Jihozápad,CZ0312,48.7817136,14.3525255
545732.0,545732.0,Přísečná,Czechia,Jihozápad,CZ0312,48.8331139,14.3453751
545767.0,545767.0,Rožmberk nad Vltavou,Czechia,Jihozápad,CZ0312,48.6547364,14.3666491
545775.0,545775.0,Rožmitál na Šumavě,Czechia,Jihozápad,CZ0312,48.7019495,14.3879485
545805.0,545805.0,Soběnov,Czechia,Jihozápad,CZ0312,48.7617734,14.5444598
536245.0,536245.0,Srnín,Czechia,Jihozápad,CZ0312,48.845031,14.343761
551538.0,551538.0,Střítež,Czechia,Jihozápad,CZ0312,48.775546,14.4348634
545813.0,545813.0,Světlík,Czechia,Jihozápad,CZ0312,48.7315157,14.2110662
545821.0,545821.0,Velešín,Czechia,Jihozápad,CZ0312,48.8292557,14.4635063
545830.0,545830.0,Větřní,Czechia,Jihozápad,CZ0312,48.7742466,14.2861607
536300.0,536300.0,Věžovatá Pláně,Czechia,Jihozápad,CZ0312,48.7761862,14.4090618
545848.0,545848.0,Vyšší Brod,Czechia,Jihozápad,CZ0312,48.6154234,14.3120378
545864.0,545864.0,Zlatá Koruna,Czechia,Jihozápad,CZ0312,48.8548698,14.3694134
545872.0,545872.0,Zubčice,Czechia,Jihozápad,CZ0312,48.7944949,14.40723
536237.0,536237.0,Zvíkov,Czechia,Jihozápad,CZ0312,48.8025278,14.4487617
562726.0,562726.0,Báňovice,Czechia,,CZ0313,49.0117526,15.4902389
562548.0,562548.0,Bednárec,Czechia,,CZ0313,49.195236,15.0931945
561053.0,561053.0,Bednáreček,Czechia,,CZ0313,49.210076,15.1439321
561711.0,561711.0,Blažejov,Czechia,,CZ0313,49.142192,15.0964516
562742.0,562742.0,Bořetín,Czechia,,CZ0313,49.1892185,15.2118389
507733.0,507733.0,Březina,Czechia,,CZ0313,49.290535,14.909657
546020.0,546020.0,Budeč,Czechia,,CZ0313,49.0870863,15.5898925
546038.0,546038.0,Budíškovice,Czechia,,CZ0313,49.0762465,15.530904
509191.0,509191.0,Cep,Czechia,,CZ0313,48.9195976,14.8071997
546054.0,546054.0,Cizkrajov,Czechia,,CZ0313,49.0303714,15.3899162
509116.0,509116.0,Červený Hrádek,Czechia,,CZ0313,49.1229428,15.5389782
546089.0,546089.0,České Velenice,Czechia,,CZ0313,48.7685057,14.9636772
546097.0,546097.0,Český Rudolec,Czechia,,CZ0313,49.0680743,15.324757
546101.0,546101.0,Číměř,Czechia,,CZ0313,49.0606024,15.073671
561703.0,561703.0,Člunek,Czechia,,CZ0313,49.1116854,15.1272256
546127.0,546127.0,Dačice,Czechia,,CZ0313,49.0818108,15.437216
546143.0,546143.0,Dešná,Czechia,Jihozápad,CZ0313,48.9575732,15.5428248
546151.0,546151.0,Deštná,Czechia,,CZ0313,49.2651773,14.9238356
529753.0,529753.0,Dívčí Kopy,Czechia,,CZ0313,49.2602796,15.0459045
562416.0,562416.0,Dobrohošť,Czechia,,CZ0313,49.0799944,15.4930161
562467.0,562467.0,Dolní Pěna,Czechia,,CZ0313,49.1105004,15.0220515
562602.0,562602.0,Dolní Žďár,Czechia,,CZ0313,49.1011177,14.988339
562840.0,562840.0,Domanín,Czechia,,CZ0313,48.9714693,14.7399791
507610.0,507610.0,Doňov,Czechia,,CZ0313,49.2130604,14.776164
560987.0,560987.0,Drunče,Czechia,,CZ0313,49.2967472,14.9357832
562815.0,562815.0,Dunajovice,Czechia,,CZ0313,49.0350449,14.6952479
509141.0,509141.0,Dvory nad Lužnicí,Czechia,,CZ0313,48.852719,14.9005304
562637.0,562637.0,Frahelž,Czechia,,CZ0313,49.1172463,14.7318277
562696.0,562696.0,Hadravova Rosička,Czechia,,CZ0313,49.2508498,15.0474044
562807.0,562807.0,Halámky,Czechia,,CZ0313,48.8531369,14.9151247
562386.0,562386.0,Hamr,Czechia,,CZ0313,48.9494024,14.9134294
546291.0,546291.0,Hatín,Czechia,,CZ0313,49.1086472,14.9110327
546305.0,546305.0,Heřmaneč,Czechia,,CZ0313,49.129564,15.2843956
598658.0,598658.0,Horní Meziříčko,Czechia,,CZ0313,49.1568939,15.2446075
562785.0,562785.0,Horní Němčice,Czechia,,CZ0313,49.1577972,15.2796781
546364.0,546364.0,Horní Pěna,Czechia,,CZ0313,49.1045517,15.0424552
546381.0,546381.0,Horní Radouň,Czechia,,CZ0313,49.2570763,15.0057261
561061.0,561061.0,Horní Skrýchov,Czechia,,CZ0313,49.1727759,15.0283713
562319.0,562319.0,Horní Slatina,Czechia,,CZ0313,49.0925119,15.5667439
546402.0,546402.0,Hospříz,Czechia,,CZ0313,49.1286767,15.0855192
562831.0,562831.0,Hrachoviště,Czechia,,CZ0313,48.9291356,14.7708072
546445.0,546445.0,Hříšice,Czechia,,CZ0313,49.1031816,15.4957577
546461.0,546461.0,Chlum u Třeboně,Czechia,,CZ0313,48.9600188,14.9330555
546500.0,546500.0,Jarošov nad Nežárkou,Czechia,,CZ0313,49.1898915,15.0673376
562769.0,562769.0,Jilem,Czechia,,CZ0313,49.1766675,15.2688223
545881.0,545881.0,Jindřichův Hradec,Czechia,Jihozápad,CZ0313,49.1443265,15.003354
562491.0,562491.0,Kačlehy,Czechia,,CZ0313,49.1091118,15.077296
598631.0,598631.0,Kamenný Malíkov,Czechia,,CZ0313,49.2118953,15.1222673
546542.0,546542.0,Kardašova Řečice,Czechia,,CZ0313,49.1847779,14.8531546
562688.0,562688.0,Klec,Czechia,,CZ0313,49.0995225,14.7481158
509108.0,509108.0,Kostelní Radouň,Czechia,,CZ0313,49.2254134,15.0087273
508357.0,508357.0,Kostelní Vydří,Czechia,,CZ0313,49.1078098,15.4227238
546615.0,546615.0,Kunžak,Czechia,,CZ0313,49.1215178,15.1907075
546623.0,546623.0,Lásenice,Czechia,,CZ0313,49.0742879,14.9701818
546666.0,546666.0,Lodhéřov,Czechia,,CZ0313,49.2150824,14.9597777
546674.0,546674.0,Lomnice nad Lužnicí,Czechia,,CZ0313,49.0804971,14.7205674
508501.0,508501.0,Lužnice,Czechia,,CZ0313,49.0687044,14.7550345
546712.0,546712.0,Majdalena,Czechia,,CZ0313,48.9607055,14.8613101
546798.0,546798.0,Nová Bystřice,Czechia,,CZ0313,49.0193392,15.1029382
562734.0,562734.0,Nová Olešná,Czechia,,CZ0313,49.1756106,15.1609512
546801.0,546801.0,Nová Včelnice,Czechia,,CZ0313,49.2393496,15.0726025
562360.0,562360.0,Nová Ves nad Lužnicí,Czechia,,CZ0313,48.8107069,14.9253702
546844.0,546844.0,Novosedly nad Nežárkou,Czechia,,CZ0313,49.0809213,14.8219924
562475.0,562475.0,Okrouhlá Radouň,Czechia,,CZ0313,49.2398721,15.016724
507717.0,507717.0,Peč,Czechia,,CZ0313,49.0577752,15.392023
546917.0,546917.0,Písečné,Czechia,Jihozápad,CZ0313,48.9648055,15.4622323
561070.0,561070.0,Pístina,Czechia,,CZ0313,49.0494122,14.9012572
509078.0,509078.0,Plavsko,Czechia,,CZ0313,49.0845916,14.9040229
507628.0,507628.0,Pleše,Czechia,,CZ0313,49.195525,14.8213631
546968.0,546968.0,Pluhův Žďár,Czechia,,CZ0313,49.2238913,14.8927009
562459.0,562459.0,Polště,Czechia,,CZ0313,49.1063827,14.9278527
562670.0,562670.0,Ponědraž,Czechia,,CZ0313,49.120835,14.7042763
562653.0,562653.0,Ponědrážka,Czechia,,CZ0313,49.1365292,14.703318
546992.0,546992.0,Popelín,Czechia,,CZ0313,49.2135198,15.1840905
561088.0,561088.0,Příbraz,Czechia,,CZ0313,49.0512447,14.9376074
547069.0,547069.0,Rapšach,Czechia,,CZ0313,48.8792113,14.9329133
507784.0,507784.0,Ratiboř,Czechia,,CZ0313,49.1435155,14.9150217
547085.0,547085.0,Rodvínov,Czechia,,CZ0313,49.1709924,15.0569881
508004.0,508004.0,Roseč,Czechia,,CZ0313,49.1276006,14.9110147
560995.0,560995.0,Rosička,Czechia,,CZ0313,49.2796021,14.9539425
547166.0,547166.0,Slavonice,Czechia,Jihozápad,CZ0313,48.9975333,15.3515379
561045.0,561045.0,Smržov,Czechia,,CZ0313,49.0760534,14.6823764
562378.0,562378.0,Staňkov,Czechia,,CZ0313,48.9795234,14.9526982
547204.0,547204.0,Staré Hobzí,Czechia,,CZ0313,49.0103965,15.4532073
547212.0,547212.0,Staré Město pod Landštejnem,Czechia,Jihozápad,CZ0313,49.003459,15.2538588
547221.0,547221.0,Stráž nad Nežárkou,Czechia,,CZ0313,49.0697105,14.9055137
547239.0,547239.0,Strmilov,Czechia,,CZ0313,49.159151,15.2014514
547247.0,547247.0,Stříbřec,Czechia,,CZ0313,49.0299432,14.8779581
508152.0,508152.0,Střížovice,Czechia,,CZ0313,49.1399042,15.1568539
547263.0,547263.0,Studená,Czechia,,CZ0313,49.184688,15.286762
547280.0,547280.0,Suchdol nad Lužnicí,Czechia,,CZ0313,48.8880893,14.8746872
561029.0,561029.0,Světce,Czechia,,CZ0313,49.2705515,14.9414022
562327.0,562327.0,Třebětice,Czechia,Jihozápad,CZ0313,49.047639,15.5207189
547336.0,547336.0,Třeboň,Czechia,,CZ0313,49.0040317,14.7714476
507644.0,507644.0,Újezdec,Czechia,,CZ0313,49.2076536,14.7847048
562599.0,562599.0,Velký Ratmírov,Czechia,,CZ0313,49.1776453,14.937492
561037.0,561037.0,Vícemil,Czechia,,CZ0313,49.2638501,14.8942801
507652.0,507652.0,Višňová,Czechia,,CZ0313,49.2190726,14.8413142
598640.0,598640.0,Vlčetínec,Czechia,,CZ0313,49.2644892,15.0545226
547441.0,547441.0,Volfířov,Czechia,,CZ0313,49.1068195,15.3702514
562629.0,562629.0,Vydří,Czechia,,CZ0313,49.0924266,14.9456266
508683.0,508683.0,Záblatí,Czechia,,CZ0313,49.107179,14.6861651
507695.0,507695.0,Záhoří,Czechia,,CZ0313,49.2129397,14.7981627
547468.0,547468.0,Zahrádky,Czechia,,CZ0313,49.2008082,15.2417137
529761.0,529761.0,Žďár,Czechia,,CZ0313,49.2540897,15.0765592
562424.0,562424.0,Županovice,Czechia,Jihozápad,CZ0313,48.9571093,15.5061228
549258.0,549258.0,Albrechtice nad Vltavou,Czechia,,CZ0314,49.2558746,14.3080398
549266.0,549266.0,Bernartice,Czechia,,CZ0314,49.3689077,14.3800064
598780.0,598780.0,Borovany,Czechia,,CZ0314,49.3429938,14.3924637
562122.0,562122.0,Boudy,Czechia,,CZ0314,49.4479508,14.0354863
549291.0,549291.0,Božetice,Czechia,,CZ0314,49.450991,14.4439354
549304.0,549304.0,Branice,Czechia,,CZ0314,49.4024637,14.339536
549321.0,549321.0,Cerhonice,Czechia,,CZ0314,49.4179904,14.0556347
549339.0,549339.0,Čimelice,Czechia,,CZ0314,49.4655743,14.0692229
549347.0,549347.0,Čížová,Czechia,,CZ0314,49.3568245,14.0929462
549363.0,549363.0,Dobev,Czechia,,CZ0314,49.2951763,14.0495304
562301.0,562301.0,Dolní Novosedly,Czechia,,CZ0314,49.3291191,14.1959894
549380.0,549380.0,Drhovle,Czechia,,CZ0314,49.3334664,14.0406164
549398.0,549398.0,Heřmaň,Czechia,,CZ0314,49.2323649,14.1353707
561525.0,561525.0,Horosedly,Czechia,,CZ0314,49.5127898,14.0540013
549410.0,549410.0,Hrazany,Czechia,,CZ0314,49.5228347,14.334875
549428.0,549428.0,Hrejkovice,Czechia,,CZ0314,49.4743677,14.2908076
549452.0,549452.0,Chyšky,Czechia,,CZ0314,49.523455,14.4275682
549479.0,549479.0,Jetětice,Czechia,,CZ0314,49.3859492,14.2926062
562084.0,562084.0,Jickovice,Czechia,,CZ0314,49.4506298,14.2158749
549487.0,549487.0,Kestřany,Czechia,,CZ0314,49.2690466,14.0725381
549495.0,549495.0,Kluky,Czechia,,CZ0314,49.3167788,14.2452844
549509.0,549509.0,Kostelec nad Vltavou,Czechia,,CZ0314,49.4998846,14.2117543
549517.0,549517.0,Kovářov,Czechia,,CZ0314,49.5179691,14.2778034
561550.0,561550.0,Kožlí,Czechia,Jihozápad,CZ0314,49.5157688,14.146654
549525.0,549525.0,Králova Lhota,Czechia,,CZ0314,49.4957025,14.110547
562181.0,562181.0,Křenovice,Czechia,,CZ0314,49.3672906,14.3428919
509752.0,509752.0,Křižanov,Czechia,,CZ0314,49.3987342,14.3781334
549541.0,549541.0,Kučeř,Czechia,,CZ0314,49.4342359,14.2456197
598801.0,598801.0,Květov,Czechia,,CZ0314,49.4254365,14.2757778
549568.0,549568.0,Lety,Czechia,,CZ0314,49.5169273,14.0877612
549576.0,549576.0,Milevsko,Czechia,,CZ0314,49.4503023,14.3595152
562149.0,562149.0,Minice,Czechia,,CZ0314,49.4898374,14.0121344
549584.0,549584.0,Mirotice,Czechia,,CZ0314,49.4290263,14.0368614
549592.0,549592.0,Mirovice,Czechia,,CZ0314,49.515805,14.0365862
549606.0,549606.0,Mišovice,Czechia,,CZ0314,49.4952814,14.0053299
549614.0,549614.0,Myslín,Czechia,,CZ0314,49.532083,14.0273342
562157.0,562157.0,Nerestce,Czechia,,CZ0314,49.5006096,14.0627067
549657.0,549657.0,Nevězice,Czechia,,CZ0314,49.4777274,14.1533585
529877.0,529877.0,Okrouhlá,Czechia,,CZ0314,49.4136266,14.3643081
562190.0,562190.0,Olešná,Czechia,,CZ0314,49.3461491,14.3104878
549681.0,549681.0,Orlík nad Vltavou,Czechia,,CZ0314,49.510657,14.1647359
598828.0,598828.0,Osek,Czechia,,CZ0314,49.4433438,14.3000842
549703.0,549703.0,Oslov,Czechia,,CZ0314,49.3993515,14.2117823
549711.0,549711.0,Ostrovec,Czechia,,CZ0314,49.420932,14.1170296
562254.0,562254.0,Paseky,Czechia,,CZ0314,49.2518565,14.2550688
549240.0,549240.0,Písek,Czechia,,CZ0314,49.3089887,14.147769
549754.0,549754.0,Podolí I,Czechia,,CZ0314,49.3611376,14.3120243
561509.0,561509.0,Probulov,Czechia,,CZ0314,49.4927892,14.1451294
549771.0,549771.0,Protivín,Czechia,,CZ0314,49.2000186,14.2159645
561517.0,561517.0,Přeborov,Czechia,,CZ0314,49.4794733,14.357137
509621.0,509621.0,Předotice,Czechia,,CZ0314,49.3648103,14.0541668
549797.0,549797.0,Přeštěnice,Czechia,,CZ0314,49.4796578,14.4203461
549801.0,549801.0,Putim,Czechia,,CZ0314,49.2650264,14.1192913
562068.0,562068.0,Rakovice,Czechia,,CZ0314,49.4712149,14.0545549
549827.0,549827.0,Ražice,Czechia,,CZ0314,49.2412362,14.1018686
549843.0,549843.0,Sepekov,Czechia,,CZ0314,49.4283957,14.4180079
549851.0,549851.0,Skály,Czechia,,CZ0314,49.2198299,14.1605168
549860.0,549860.0,Slabčice,Czechia,,CZ0314,49.3265293,14.3378722
549878.0,549878.0,Smetanova Lhota,Czechia,,CZ0314,49.4476019,14.0871616
529885.0,529885.0,Stehlovice,Czechia,,CZ0314,49.3933927,14.3228823
549932.0,549932.0,Tálín,Czechia,,CZ0314,49.2476115,14.2269384
562271.0,562271.0,Temešvár,Czechia,,CZ0314,49.3563801,14.263527
562211.0,562211.0,Varvažov,Czechia,,CZ0314,49.4389033,14.1425917
549975.0,549975.0,Veselíčko,Czechia,,CZ0314,49.3879997,14.3567659
598844.0,598844.0,Vlastec,Czechia,,CZ0314,49.3657297,14.2114138
598852.0,598852.0,Vlksice,Czechia,,CZ0314,49.4809073,14.4411871
562289.0,562289.0,Vojníkov,Czechia,,CZ0314,49.3536744,14.1770518
549991.0,549991.0,Vráž,Czechia,,CZ0314,49.3868636,14.1274285
550001.0,550001.0,Vrcovice,Czechia,,CZ0314,49.3446514,14.1744252
550027.0,550027.0,Záhoří,Czechia,,CZ0314,49.3432882,14.2134817
550035.0,550035.0,Zbelítov,Czechia,,CZ0314,49.4566294,14.3290687
550043.0,550043.0,Zběšičky,Czechia,,CZ0314,49.3924996,14.4264701
550060.0,550060.0,Zhoř,Czechia,,CZ0314,49.5012104,14.3826911
562165.0,562165.0,Zvíkovské Podhradí,Czechia,,CZ0314,49.4265718,14.2005616
598861.0,598861.0,Žďár,Czechia,,CZ0314,49.2331991,14.2280842
537241.0,537241.0,Babice,Czechia,,CZ0315,49.0247597,14.2375764
550116.0,550116.0,Bohumilice,Czechia,,CZ0315,49.0960729,13.8163394
537527.0,537527.0,Bohunice,Czechia,,CZ0315,49.1323889,13.9731847
545902.0,545902.0,Borová Lada,Czechia,Jihozápad,CZ0315,48.9899086,13.6598205
550124.0,550124.0,Bošice,Czechia,,CZ0315,49.0892809,13.8403291
561576.0,561576.0,Budkov,Czechia,Jihozápad,CZ0315,49.0700498,14.0069727
537519.0,537519.0,Buk,Czechia,Jihozápad,CZ0315,49.0377415,13.8450432
550159.0,550159.0,Bušanovice,Czechia,,CZ0315,49.1154345,13.9346861
550167.0,550167.0,Čkyně,Czechia,,CZ0315,49.1150268,13.8290588
537187.0,537187.0,Drslavice,Czechia,,CZ0315,49.0253198,13.9207641
550183.0,550183.0,Dub,Czechia,,CZ0315,49.1083445,14.0114409
537144.0,537144.0,Dvory,Czechia,,CZ0315,49.0394181,13.9460658
550205.0,550205.0,Horní Vltavice,Czechia,Jihozápad,CZ0315,48.9549945,13.7596404
550221.0,550221.0,Hracholusky,Czechia,,CZ0315,49.0585275,14.0884255
550230.0,550230.0,Husinec,Czechia,,CZ0315,49.0549583,13.9869724
550248.0,550248.0,Chlumany,Czechia,,CZ0315,49.0665627,13.9653602
550264.0,550264.0,Chroboly,Czechia,,CZ0315,48.9565264,14.0669784
537420.0,537420.0,Chvalovice,Czechia,,CZ0315,49.0104378,14.2320367
537136.0,537136.0,Kratušín,Czechia,,CZ0315,49.019933,13.9283825
561673.0,561673.0,Křišťanov,Czechia,Jihozápad,CZ0315,48.9086531,14.0206157
550329.0,550329.0,Ktiš,Czechia,Jihozápad,CZ0315,48.916976,14.1326527
563978.0,563978.0,Kubova Huť,Czechia,,CZ0315,48.9832252,13.7718229
550337.0,550337.0,Kvilda,Czechia,Jihozápad,CZ0315,49.0192277,13.5792699
550345.0,550345.0,Lažiště,Czechia,,CZ0315,49.0372041,13.9274888
561649.0,561649.0,Lčovice,Czechia,,CZ0315,49.1145317,13.8506097
550353.0,550353.0,Lenora,Czechia,,CZ0315,48.9231917,13.7950433
550361.0,550361.0,Lhenice,Czechia,Jihozápad,CZ0315,48.9946867,14.1497102
537071.0,537071.0,Lipovice,Czechia,,CZ0315,49.1005035,13.9936993
537322.0,537322.0,Lužice,Czechia,,CZ0315,49.0316268,14.2049844
537381.0,537381.0,Mahouš,Czechia,,CZ0315,49.0478267,14.2560327
550418.0,550418.0,Malovice,Czechia,,CZ0315,49.0913237,14.2257077
550426.0,550426.0,Mičovice,Czechia,,CZ0315,48.9835346,14.1250652
550434.0,550434.0,Nebahovy,Czechia,,CZ0315,49.0055854,14.0525949
550396.0,550396.0,Němčice,Czechia,,CZ0315,49.0317832,14.2712081
550442.0,550442.0,Netolice,Czechia,,CZ0315,49.0494308,14.1960193
529893.0,529893.0,Nicov,Czechia,,CZ0315,49.1254295,13.6204578
550451.0,550451.0,Nová Pec,Czechia,Jihozápad,CZ0315,48.7893877,13.95249
561568.0,561568.0,Nové Hutě,Czechia,Jihozápad,CZ0315,49.0386948,13.6456576
537365.0,537365.0,Olšovice,Czechia,,CZ0315,49.0567357,14.2360296
537543.0,537543.0,Pěčnov,Czechia,,CZ0315,49.0531006,13.94203
550094.0,550094.0,Prachatice,Czechia,,CZ0315,49.0129091,13.997772
550485.0,550485.0,Radhostice,Czechia,,CZ0315,49.0793477,13.8805097
550515.0,550515.0,Stachy,Czechia,,CZ0315,49.1017923,13.666585
550523.0,550523.0,Stožec,Czechia,,CZ0315,48.8593644,13.821417
550531.0,550531.0,Strážný,Czechia,Jihozápad,CZ0315,48.9088222,13.7202826
550540.0,550540.0,Strunkovice nad Blanicí,Czechia,,CZ0315,49.0842781,14.0548747
550558.0,550558.0,Svatá Maří,Czechia,,CZ0315,49.0645237,13.8314289
550574.0,550574.0,Šumavské Hoštice,Czechia,,CZ0315,49.0396769,13.871864
550582.0,550582.0,Těšovice,Czechia,,CZ0315,49.0571083,14.0239039
550604.0,550604.0,Tvrzice,Czechia,,CZ0315,49.1217345,13.9671295
537535.0,537535.0,Újezdec,Czechia,,CZ0315,49.1079011,13.9639733
550621.0,550621.0,Vacov,Czechia,,CZ0315,49.1368624,13.729106
550647.0,550647.0,Vimperk,Czechia,,CZ0315,49.0526997,13.774198
550655.0,550655.0,Vitějovice,Czechia,,CZ0315,49.0463112,14.0738386
550663.0,550663.0,Vlachovo Březí,Czechia,,CZ0315,49.0817729,13.9588404
550671.0,550671.0,Volary,Czechia,Jihozápad,CZ0315,48.9095977,13.8883971
529915.0,529915.0,Vrbice,Czechia,,CZ0315,49.1412756,13.7157886
550680.0,550680.0,Záblatí,Czechia,,CZ0315,48.9985468,13.9312912
537195.0,537195.0,Zábrdí,Czechia,,CZ0315,49.0278556,13.9398388
550698.0,550698.0,Zálezly,Czechia,,CZ0315,49.1074429,13.8945815
550701.0,550701.0,Zbytiny,Czechia,Jihozápad,CZ0315,48.9425962,13.9785303
550728.0,550728.0,Zdíkov,Czechia,,CZ0315,49.0845637,13.6973767
529923.0,529923.0,Žárovná,Czechia,,CZ0315,49.0461947,13.899318
550761.0,550761.0,Želnava,Czechia,Jihozápad,CZ0315,48.8122133,13.9645911
537209.0,537209.0,Žernovice,Czechia,,CZ0315,49.0283642,14.0393137
550809.0,550809.0,Bavorov,Czechia,,CZ0316,49.1215197,14.0786042
550817.0,550817.0,Bělčice,Czechia,,CZ0316,49.5026548,13.8758456
598895.0,598895.0,Bezdědovice,Czechia,,CZ0316,49.444226,13.8800984
550833.0,550833.0,Bílsko,Czechia,,CZ0316,49.1590384,14.0590058
550850.0,550850.0,Blatná,Czechia,,CZ0316,49.4239848,13.8840972
537063.0,537063.0,Bratronice,Czechia,,CZ0316,49.3652533,13.8423498
530018.0,530018.0,Březí,Czechia,,CZ0316,49.50049,13.8017475
560171.0,560171.0,Budyně,Czechia,,CZ0316,49.1461676,14.071213
529966.0,529966.0,Buzice,Czechia,,CZ0316,49.4226228,13.9326098
550906.0,550906.0,Cehnice,Czechia,,CZ0316,49.2152308,14.0285653
510068.0,510068.0,Čečelovice,Czechia,,CZ0316,49.3740082,13.7948664
550922.0,550922.0,Čejetice,Czechia,,CZ0316,49.2528288,14.0208875
550949.0,550949.0,Čepřovice,Czechia,,CZ0316,49.1552322,13.9750784
550957.0,550957.0,Čestice,Czechia,,CZ0316,49.1675035,13.8036763
550965.0,550965.0,Číčenice,Czechia,,CZ0316,49.1532744,14.2306293
550981.0,550981.0,Doubravice,Czechia,,CZ0316,49.3520099,13.8619198
551015.0,551015.0,Drahonice,Czechia,,CZ0316,49.2008028,14.0755724
560219.0,560219.0,Drachkov,Czechia,,CZ0316,49.2426787,13.8415914
551023.0,551023.0,Drážov,Czechia,,CZ0316,49.1673069,13.7406036
560243.0,560243.0,Droužetice,Czechia,,CZ0316,49.2891708,13.8977533
551040.0,551040.0,Dřešín,Czechia,,CZ0316,49.1611361,13.7756718
551597.0,551597.0,Hajany,Czechia,,CZ0316,49.4466264,13.8357078
561690.0,561690.0,Hájek,Czechia,,CZ0316,49.1110832,14.0611555
536628.0,536628.0,Hlupín,Czechia,,CZ0316,49.3346883,13.8067728
536881.0,536881.0,Horní Poříčí,Czechia,,CZ0316,49.2859554,13.7828203
536369.0,536369.0,Hornosín,Czechia,,CZ0316,49.4826932,13.8396787
551104.0,551104.0,Hoslovice,Czechia,,CZ0316,49.1911203,13.7630561
551121.0,551121.0,Hoštice,Czechia,,CZ0316,49.1940993,13.9090206
551139.0,551139.0,Chelčice,Czechia,,CZ0316,49.1213822,14.1691111
529982.0,529982.0,Chlum,Czechia,,CZ0316,49.4472254,13.8508507
536903.0,536903.0,Chobot,Czechia,,CZ0316,49.4624093,13.9337147
551155.0,551155.0,Chrášťovice,Czechia,,CZ0316,49.3331851,13.8970357
551163.0,551163.0,Jinín,Czechia,,CZ0316,49.2277721,13.9825533
551180.0,551180.0,Kadov,Czechia,,CZ0316,49.4028117,13.7747682
536946.0,536946.0,Kalenice,Czechia,,CZ0316,49.27154,13.7166052
551201.0,551201.0,Katovice,Czechia,,CZ0316,49.2736936,13.8297703
560405.0,560405.0,Kladruby,Czechia,,CZ0316,49.2687062,13.7634568
536601.0,536601.0,Kocelovice,Czechia,,CZ0316,49.4651922,13.8283159
536342.0,536342.0,Krajníčko,Czechia,,CZ0316,49.1475406,14.0287441
551261.0,551261.0,Kraselov,Czechia,,CZ0316,49.227828,13.8039471
536806.0,536806.0,Krašlovice,Czechia,,CZ0316,49.1665884,14.1324736
536954.0,536954.0,Krejnice,Czechia,,CZ0316,49.2337195,13.7184801
536555.0,536555.0,Krty-Hradec,Czechia,Jihozápad,CZ0316,49.2915679,13.8479437
560391.0,560391.0,Kuřimany,Czechia,,CZ0316,49.203895,13.9681257
536750.0,536750.0,Kváskovice,Czechia,,CZ0316,49.1883996,14.0036903
598950.0,598950.0,Lažánky,Czechia,,CZ0316,49.3913974,13.8367319
560197.0,560197.0,Lažany,Czechia,,CZ0316,49.3628423,13.8831329
551333.0,551333.0,Libějovice,Czechia,,CZ0316,49.1143333,14.1933579
536831.0,536831.0,Libětice,Czechia,,CZ0316,49.219042,13.8626534
551341.0,551341.0,Litochovice,Czechia,,CZ0316,49.158736,13.9412612
551350.0,551350.0,Lnáře,Czechia,,CZ0316,49.4574984,13.783617
536822.0,536822.0,Lom,Czechia,,CZ0316,49.410445,13.9889872
536466.0,536466.0,Mačkov,Czechia,,CZ0316,49.404253,13.8860913
551384.0,551384.0,Malenice,Czechia,,CZ0316,49.1264045,13.8828271
551392.0,551392.0,Mečichov,Czechia,,CZ0316,49.3477658,13.8120295
536415.0,536415.0,Měkynec,Czechia,,CZ0316,49.1582732,14.029383
536539.0,536539.0,Milejovice,Czechia,,CZ0316,49.1880861,13.9300827
551414.0,551414.0,Miloňovice,Czechia,,CZ0316,49.2204913,13.9585784
536563.0,536563.0,Mnichov,Czechia,,CZ0316,49.3020793,13.8300722
560278.0,560278.0,Mutěnice,Czechia,,CZ0316,49.2397032,13.896537
551473.0,551473.0,Myštice,Czechia,,CZ0316,49.453307,13.9688941
536644.0,536644.0,Nebřehovice,Czechia,,CZ0316,49.2384302,13.9620147
536474.0,536474.0,Němčice,Czechia,,CZ0316,49.1926916,13.8000852
536725.0,536725.0,Němětice,Czechia,,CZ0316,49.1946344,13.8790258
551520.0,551520.0,Nihošovice,Czechia,,CZ0316,49.1876889,13.8615782
536962.0,536962.0,Nišovice,Czechia,,CZ0316,49.1552178,13.8971542
560201.0,560201.0,Nová Ves,Czechia,,CZ0316,49.1873869,13.7336648
551554.0,551554.0,Novosedly,Czechia,,CZ0316,49.2626625,13.7975236
551562.0,551562.0,Osek,Czechia,,CZ0316,49.3182186,13.9636005
551571.0,551571.0,Paračov,Czechia,,CZ0316,49.2010293,13.9946357
598887.0,598887.0,Pivkovice,Czechia,,CZ0316,49.1777394,14.0688825
536911.0,536911.0,Pohorovice,Czechia,,CZ0316,49.1885894,14.135081
551619.0,551619.0,Pracejovice,Czechia,,CZ0316,49.25718,13.849127
551627.0,551627.0,Předmíř,Czechia,,CZ0316,49.4892616,13.7703659
536792.0,536792.0,Přední Zborovice,Czechia,,CZ0316,49.218603,13.8922805
551635.0,551635.0,Předslavice,Czechia,,CZ0316,49.1320308,13.9350542
536547.0,536547.0,Přechovice,Czechia,,CZ0316,49.1794886,13.8948644
551643.0,551643.0,Přešťovice,Czechia,,CZ0316,49.2771711,13.9743388
536423.0,536423.0,Radějovice,Czechia,,CZ0316,49.1862643,14.0264399
551660.0,551660.0,Radomyšl,Czechia,,CZ0316,49.3159469,13.9320501
551678.0,551678.0,Radošovice,Czechia,,CZ0316,49.2335179,13.8985699
536865.0,536865.0,Rovná,Czechia,,CZ0316,49.2863361,13.9539532
536849.0,536849.0,Řepice,Czechia,,CZ0316,49.2839428,13.9246775
551716.0,551716.0,Sedlice,Czechia,,CZ0316,49.3771938,13.9394969
598909.0,598909.0,Skály,Czechia,,CZ0316,49.1833759,13.9928571
551741.0,551741.0,Skočice,Czechia,,CZ0316,49.1861089,14.1042628
536776.0,536776.0,Slaník,Czechia,,CZ0316,49.2682785,13.9515671
551759.0,551759.0,Sousedovice,Czechia,,CZ0316,49.2320479,13.8685248
530034.0,530034.0,Stožice,Czechia,,CZ0316,49.132489,14.150206
550787.0,550787.0,Strakonice,Czechia,Jihozápad,CZ0316,49.261277,13.9025043
551775.0,551775.0,Strašice,Czechia,,CZ0316,49.2024461,13.7296083
536784.0,536784.0,Strunkovice nad Volyňkou,Czechia,,CZ0316,49.2084924,13.8893283
551791.0,551791.0,Střelské Hoštice,Czechia,,CZ0316,49.2975948,13.7559554
551830.0,551830.0,Škvořetice,Czechia,,CZ0316,49.4024085,13.9491193
536920.0,536920.0,Štěchovice,Czechia,,CZ0316,49.2554938,13.7654692
551856.0,551856.0,Štěkeň,Czechia,,CZ0316,49.2671423,14.005885
536598.0,536598.0,Tchořovice,Czechia,,CZ0316,49.4370243,13.8102149
536512.0,536512.0,Truskovice,Czechia,,CZ0316,49.1041872,14.1608771
551899.0,551899.0,Třebohostice,Czechia,,CZ0316,49.3325323,13.8609921
536679.0,536679.0,Třešovice,Czechia,,CZ0316,49.2110576,13.9812824
536695.0,536695.0,Úlehle,Czechia,,CZ0316,49.2014459,13.8383623
563951.0,563951.0,Únice,Czechia,,CZ0316,49.3122378,13.8684041
551937.0,551937.0,Uzenice,Czechia,,CZ0316,49.4726061,13.9585611
536890.0,536890.0,Uzeničky,Czechia,,CZ0316,49.4883878,13.9523204
536504.0,536504.0,Vacovice,Czechia,,CZ0316,49.1403684,13.7809418
536741.0,536741.0,Velká Turná,Czechia,,CZ0316,49.3398925,13.9591203
551953.0,551953.0,Vodňany,Czechia,,CZ0316,49.1478708,14.1754647
551961.0,551961.0,Volenice,Czechia,,CZ0316,49.2523891,13.7478817
551970.0,551970.0,Volyně,Czechia,,CZ0316,49.1664511,13.8867227
551988.0,551988.0,Záboří,Czechia,,CZ0316,49.378791,13.8269474
536482.0,536482.0,Zahorčice,Czechia,,CZ0316,49.2086516,13.8175121
536873.0,536873.0,Zvotoky,Czechia,,CZ0316,49.2123684,13.7576507
563251.0,563251.0,Balkova Lhota,Czechia,Jihozápad,CZ0317,49.4520192,14.6082153
563366.0,563366.0,Bečice,Czechia,,CZ0317,49.382853,14.5537109
552054.0,552054.0,Bechyně,Czechia,,CZ0317,49.2953802,14.46884
560448.0,560448.0,Běleč,Czechia,,CZ0317,49.5507099,14.8444331
552097.0,552097.0,Borkovice,Czechia,,CZ0317,49.2079149,14.6433762
552101.0,552101.0,Borotín,Czechia,,CZ0317,49.5047496,14.6128216
552127.0,552127.0,Bradáčov,Czechia,,CZ0317,49.4910189,14.871115
552135.0,552135.0,Březnice,Czechia,,CZ0317,49.2515787,14.5140352
552143.0,552143.0,Budislav,Czechia,,CZ0317,49.2938375,14.8374155
563722.0,563722.0,Černýšovice,Czechia,,CZ0317,49.3251273,14.5204427
552208.0,552208.0,Dírná,Czechia,,CZ0317,49.2428632,14.8447651
563650.0,563650.0,Dlouhá Lhota,Czechia,,CZ0317,49.352282,14.7891557
552224.0,552224.0,Dobronice u Bechyně,Czechia,,CZ0317,49.3433062,14.4967343
552241.0,552241.0,Dolní Hořice,Czechia,,CZ0317,49.4353789,14.8505286
560529.0,560529.0,Dolní Hrachovice,Czechia,,CZ0317,49.4860782,14.7970996
563765.0,563765.0,Drahov,Czechia,,CZ0317,49.1753616,14.7541752
552275.0,552275.0,Dráchov,Czechia,,CZ0317,49.2264342,14.7066216
552283.0,552283.0,Dražice,Czechia,,CZ0317,49.4296309,14.5894681
552291.0,552291.0,Dražičky,Czechia,,CZ0317,49.3990262,14.5987166
563307.0,563307.0,Drhovice,Czechia,,CZ0317,49.4328103,14.5583773
563625.0,563625.0,Haškovcova Lhota,Czechia,,CZ0317,49.3324923,14.4666231
560481.0,560481.0,Hlasivo,Czechia,,CZ0317,49.4984585,14.7503203
552321.0,552321.0,Hlavatce,Czechia,,CZ0317,49.2956661,14.6212361
598992.0,598992.0,Hodětín,Czechia,,CZ0317,49.2521689,14.5486308
562904.0,562904.0,Hodonice,Czechia,,CZ0317,49.2685212,14.4873637
552453.0,552453.0,Chotěmice,Czechia,,CZ0317,49.2752201,14.8769334
552461.0,552461.0,Chotoviny,Czechia,,CZ0317,49.4780275,14.6769451
552470.0,552470.0,Choustník,Czechia,,CZ0317,49.332941,14.838389
563145.0,563145.0,Chrbonín,Czechia,,CZ0317,49.3586623,14.8642974
552496.0,552496.0,Chýnov,Czechia,,CZ0317,49.4067686,14.8112157
562963.0,562963.0,Jedlany,Czechia,,CZ0317,49.4945717,14.7164364
552534.0,552534.0,Jistebnice,Czechia,,CZ0317,49.4855868,14.5277008
530042.0,530042.0,Katov,Czechia,,CZ0317,49.2817135,14.8285198
563986.0,563986.0,Klenovice,Czechia,,CZ0317,49.2787724,14.7156568
599280.0,599280.0,Komárov,Czechia,,CZ0317,49.2500624,14.5940214
552585.0,552585.0,Košice,Czechia,,CZ0317,49.3251786,14.7505418
562955.0,562955.0,Košín,Czechia,,CZ0317,49.4564034,14.658444
560634.0,560634.0,Krátošice,Czechia,,CZ0317,49.3258874,14.7867045
563030.0,563030.0,Krtov,Czechia,,CZ0317,49.3484493,14.8324805
563544.0,563544.0,Libějice,Czechia,,CZ0317,49.376824,14.6239747
563587.0,563587.0,Lom,Czechia,,CZ0317,49.3628989,14.6279564
552666.0,552666.0,Malšice,Czechia,,CZ0317,49.363399,14.578523
562866.0,562866.0,Mažice,Czechia,,CZ0317,49.2134974,14.6128162
563234.0,563234.0,Meziříčí,Czechia,Jihozápad,CZ0317,49.436617,14.5749493
599255.0,599255.0,Mezná,Czechia,,CZ0317,49.258267,14.8005418
552704.0,552704.0,Mladá Vožice,Czechia,,CZ0317,49.5332102,14.8088688
552712.0,552712.0,Mlýny,Czechia,,CZ0317,49.336231,14.8770443
552721.0,552721.0,Myslkovice,Czechia,,CZ0317,49.2988897,14.7478472
549631.0,549631.0,Nadějkov,Czechia,,CZ0317,49.5027107,14.4792341
559016.0,559016.0,Nasavrky,Czechia,,CZ0317,49.4519501,14.6405602
552747.0,552747.0,Nemyšl,Czechia,,CZ0317,49.5136099,14.6927202
552763.0,552763.0,Nová Ves u Chýnova,Czechia,,CZ0317,49.3926973,14.7829675
563455.0,563455.0,Nová Ves u Mladé Vožice,Czechia,,CZ0317,49.5430303,14.7479621
552798.0,552798.0,Oldřichov,Czechia,,CZ0317,49.5587248,14.7542597
552801.0,552801.0,Opařany,Czechia,,CZ0317,49.3969543,14.4811365
552828.0,552828.0,Planá nad Lužnicí,Czechia,,CZ0317,49.3510522,14.7047195
560553.0,560553.0,Pohnánec,Czechia,,CZ0317,49.4735783,14.8026618
552852.0,552852.0,Pohnání,Czechia,,CZ0317,49.4775086,14.8114034
552861.0,552861.0,Pojbuky,Czechia,,CZ0317,49.4958038,14.8967295
552895.0,552895.0,Přehořov,Czechia,,CZ0317,49.2475952,14.7562316
563374.0,563374.0,Psárov,Czechia,,CZ0317,49.3188994,14.9054865
552917.0,552917.0,Radenín,Czechia,,CZ0317,49.3694008,14.840964
552925.0,552925.0,Radětice,Czechia,,CZ0317,49.3193545,14.4412606
563196.0,563196.0,Radimovice u Tábora,Czechia,,CZ0317,49.4573133,14.6390211
552933.0,552933.0,Radimovice u Želče,Czechia,,CZ0317,49.3772662,14.6475512
552941.0,552941.0,Radkov,Czechia,,CZ0317,49.4652931,14.6107024
552976.0,552976.0,Rataje,Czechia,,CZ0317,49.3501437,14.4457366
552992.0,552992.0,Ratibořské Hory,Czechia,,CZ0317,49.4625554,14.7693887
560626.0,560626.0,Rodná,Czechia,,CZ0317,49.49016,14.8424961
553018.0,553018.0,Roudná,Czechia,,CZ0317,49.304383,14.7185682
560511.0,560511.0,Řemíčov,Czechia,,CZ0317,49.5154219,14.7746428
553034.0,553034.0,Řepeč,Czechia,,CZ0317,49.4033424,14.5198006
599115.0,599115.0,Řípec,Czechia,,CZ0317,49.2142222,14.7362504
599263.0,599263.0,Sedlečko u Soběslavě,Czechia,,CZ0317,49.2825203,14.7426325
553069.0,553069.0,Sezimovo Ústí,Czechia,,CZ0317,49.3854272,14.6843674
553077.0,553077.0,Skalice,Czechia,,CZ0317,49.3032937,14.6952864
553085.0,553085.0,Skopytce,Czechia,,CZ0317,49.3314341,14.7980428
560669.0,560669.0,Skrýchov u Malšic,Czechia,,CZ0317,49.3302489,14.5955603
599026.0,599026.0,Slapsko,Czechia,,CZ0317,49.5746658,14.7626969
599042.0,599042.0,Slapy,Czechia,,CZ0317,49.3870231,14.6167542
553123.0,553123.0,Smilovy Hory,Czechia,,CZ0317,49.5364085,14.8758516
553131.0,553131.0,Soběslav,Czechia,,CZ0317,49.259407,14.7193304
553140.0,553140.0,Stádlec,Czechia,,CZ0317,49.3795955,14.4950651
553166.0,553166.0,Sudoměřice u Bechyně,Czechia,,CZ0317,49.2897206,14.538431
553174.0,553174.0,Sudoměřice u Tábora,Czechia,,CZ0317,49.5104075,14.6583416
553182.0,553182.0,Sviny,Czechia,,CZ0317,49.187026,14.6351881
563170.0,563170.0,Svrabov,Czechia,,CZ0317,49.4474704,14.6265392
553204.0,553204.0,Šebířov,Czechia,,CZ0317,49.5664482,14.8262454
552046.0,552046.0,Tábor,Czechia,,CZ0317,49.4141533,14.6587234
563153.0,563153.0,Třebějice,Czechia,,CZ0317,49.2444223,14.8191954
553239.0,553239.0,Tučapy,Czechia,,CZ0317,49.2913352,14.8034543
551601.0,551601.0,Turovec,Czechia,,CZ0317,49.3783549,14.7689328
599123.0,599123.0,Ústrašice,Czechia,,CZ0317,49.3402761,14.6844771
553255.0,553255.0,Val,Czechia,,CZ0317,49.1458869,14.7561402
553263.0,553263.0,Vesce,Czechia,,CZ0317,49.249692,14.6768838
553271.0,553271.0,Veselí nad Lužnicí,Czechia,,CZ0317,49.1866657,14.6989455
553280.0,553280.0,Vilice,Czechia,,CZ0317,49.5644703,14.8643106
553298.0,553298.0,Vlastiboř,Czechia,,CZ0317,49.2576281,14.6375057
563447.0,563447.0,Vlčeves,Czechia,,CZ0317,49.3570253,14.9005045
553310.0,553310.0,Vlkov,Czechia,,CZ0317,49.150983,14.7253314
553328.0,553328.0,Vodice,Czechia,,CZ0317,49.4643106,14.9089802
563927.0,563927.0,Zadní Střítež,Czechia,,CZ0317,49.4940807,14.9167075
599000.0,599000.0,Záhoří,Czechia,,CZ0317,49.2395906,14.5134868
553361.0,553361.0,Zálší,Czechia,,CZ0317,49.2179173,14.5991895
599034.0,599034.0,Zhoř u Mladé Vožice,Czechia,,CZ0317,49.5434967,14.764874
560430.0,560430.0,Zhoř u Tábora,Czechia,,CZ0317,49.3572026,14.6579773
599271.0,599271.0,Zlukov,Czechia,,CZ0317,49.1930022,14.7447608
553409.0,553409.0,Zvěrotice,Czechia,,CZ0317,49.2721271,14.7446543
553417.0,553417.0,Želeč,Czechia,,CZ0317,49.3183373,14.6466311
563897.0,563897.0,Žíšov,Czechia,,CZ0317,49.2000594,14.6933835
553433.0,553433.0,Babylon,Czechia,Plzeňský kraj,CZ0321,49.3975285,12.8617005
553441.0,553441.0,Bělá nad Radbuzou,Czechia,Jihozápad,CZ0321,49.5913115,12.7175309
553450.0,553450.0,Blížejov,Czechia,Jihozápad,CZ0321,49.500207,12.9891857
566136.0,566136.0,Brnířov,Czechia,Jihozápad,CZ0321,49.3825866,13.0495821
553514.0,553514.0,Čermná,Czechia,Plzeňský kraj,CZ0321,49.5315738,13.1163356
553549.0,553549.0,Česká Kubice,Czechia,Plzeňský kraj,CZ0321,49.369376,12.8587956
553557.0,553557.0,Díly,Czechia,Plzeňský kraj,CZ0321,49.4466468,12.7924869
553425.0,553425.0,Domažlice,Czechia,Plzeňský kraj,CZ0321,49.4403546,12.929748
553573.0,553573.0,Drahotín,Czechia,Plzeňský kraj,CZ0321,49.5238629,12.758059
553581.0,553581.0,Draženov,Czechia,Plzeňský kraj,CZ0321,49.4556926,12.8725625
553620.0,553620.0,Hlohová,Czechia,Plzeňský kraj,CZ0321,49.5340291,13.0745752
566641.0,566641.0,Hlohovčice,Czechia,Plzeňský kraj,CZ0321,49.5207396,13.1137659
566276.0,566276.0,Hora Svatého Václava,Czechia,Plzeňský kraj,CZ0321,49.5192293,12.7406663
553671.0,553671.0,Horšovský Týn,Czechia,Jihozápad,CZ0321,49.5298566,12.9436692
553689.0,553689.0,Hostouň,Czechia,Jihozápad,CZ0321,49.5597086,12.771467
566179.0,566179.0,Hradiště,Czechia,Plzeňský kraj,CZ0321,49.4646969,13.0512246
566331.0,566331.0,Hvožďany,Czechia,Plzeňský kraj,CZ0321,49.5055644,12.7712763
553727.0,553727.0,Chocomyšl,Czechia,Plzeňský kraj,CZ0321,49.4671717,13.1306616
553735.0,553735.0,Chodov,Czechia,Plzeňský kraj,CZ0321,49.4178263,12.8301371
553743.0,553743.0,Chodská Lhota,Czechia,Jihozápad,CZ0321,49.3583453,13.0831634
553751.0,553751.0,Chrastavice,Czechia,Plzeňský kraj,CZ0321,49.4535515,12.9568115
566144.0,566144.0,Kanice,Czechia,Jihozápad,CZ0321,49.4750067,13.0727006
553778.0,553778.0,Kaničky,Czechia,Plzeňský kraj,CZ0321,49.4745413,13.1455083
553786.0,553786.0,Kdyně,Czechia,Jihozápad,CZ0321,49.3910021,13.0392655
553794.0,553794.0,Klenčí pod Čerchovem,Czechia,Plzeňský kraj,CZ0321,49.4350389,12.8143874
553816.0,553816.0,Koloveč,Czechia,Plzeňský kraj,CZ0321,49.4867841,13.1087671
553824.0,553824.0,Kout na Šumavě,Czechia,Plzeňský kraj,CZ0321,49.4022759,13.0025917
553832.0,553832.0,Křenovy,Czechia,Plzeňský kraj,CZ0321,49.5394106,13.0220361
553859.0,553859.0,Libkov,Czechia,Plzeňský kraj,CZ0321,49.3661843,13.1343631
553867.0,553867.0,Loučim,Czechia,Plzeňský kraj,CZ0321,49.3670577,13.112114
553891.0,553891.0,Luženičky,Czechia,Plzeňský kraj,CZ0321,49.4587696,12.8977925
553913.0,553913.0,Meclov,Czechia,Plzeňský kraj,CZ0321,49.5061166,12.8807083
553921.0,553921.0,Mezholezy,Czechia,Plzeňský kraj,CZ0321,49.6248074,12.9050485
553930.0,553930.0,Mezholezy,Czechia,Plzeňský kraj,CZ0321,49.6248074,12.9050485
553948.0,553948.0,Milavče,Czechia,Plzeňský kraj,CZ0321,49.465949,12.9823129
553956.0,553956.0,Mířkov,Czechia,Plzeňský kraj,CZ0321,49.5893761,12.8807652
566292.0,566292.0,Mnichov,Czechia,Plzeňský kraj,CZ0321,49.4967177,12.7644206
599174.0,599174.0,Močerady,Czechia,Plzeňský kraj,CZ0321,49.5174097,13.0742802
553981.0,553981.0,Mrákov,Czechia,Plzeňský kraj,CZ0321,49.4034839,12.9514761
553999.0,553999.0,Mutěnín,Czechia,Plzeňský kraj,CZ0321,49.544745,12.744559
554006.0,554006.0,Nemanice,Czechia,Jihozápad,CZ0321,49.43655,12.7205318
599166.0,599166.0,Němčice,Czechia,Plzeňský kraj,CZ0321,49.4250717,13.077501
554031.0,554031.0,Nevolice,Czechia,Plzeňský kraj,CZ0321,49.4205826,12.93298
599131.0,599131.0,Nová Ves,Czechia,Jihozápad,CZ0321,49.3664383,13.0387601
554057.0,554057.0,Nový Kramolín,Czechia,Plzeňský kraj,CZ0321,49.4775417,12.8063916
554073.0,554073.0,Osvračín,Czechia,Plzeňský kraj,CZ0321,49.5132558,13.0469479
566209.0,566209.0,Otov,Czechia,Plzeňský kraj,CZ0321,49.4864845,12.8424923
599182.0,599182.0,Pařezov,Czechia,Plzeňský kraj,CZ0321,49.4699906,12.837572
554081.0,554081.0,Pasečnice,Czechia,Plzeňský kraj,CZ0321,49.3949335,12.8939763
554090.0,554090.0,Pec,Czechia,Plzeňský kraj,CZ0321,49.3985947,12.8317907
566373.0,566373.0,Pelechy,Czechia,Plzeňský kraj,CZ0321,49.3893516,12.9143699
554111.0,554111.0,Poběžovice,Czechia,Plzeňský kraj,CZ0321,49.5106977,12.8028363
554120.0,554120.0,Pocinovice,Czechia,Jihozápad,CZ0321,49.3434123,13.1334902
566365.0,566365.0,Poděvousy,Czechia,Plzeňský kraj,CZ0321,49.5275066,13.1311051
554138.0,554138.0,Postřekov,Czechia,Plzeňský kraj,CZ0321,49.4535729,12.8113472
554154.0,554154.0,Puclice,Czechia,Plzeňský kraj,CZ0321,49.5536136,13.0193945
554189.0,554189.0,Rybník,Czechia,Jihozápad,CZ0321,49.5129181,12.6768015
554201.0,554201.0,Semněvice,Czechia,Plzeňský kraj,CZ0321,49.5978387,12.9290067
554251.0,554251.0,Spáňov,Czechia,Plzeňský kraj,CZ0321,49.4145127,12.9873068
554260.0,554260.0,Srbice,Czechia,Plzeňský kraj,CZ0321,49.5078545,13.1179313
554278.0,554278.0,Srby,Czechia,Plzeňský kraj,CZ0321,49.536864,12.8683183
554294.0,554294.0,Staňkov,Czechia,Plzeňský kraj,CZ0321,49.5537448,13.0696938
554316.0,554316.0,Stráž,Czechia,Plzeňský kraj,CZ0321,49.4147086,12.9127073
554341.0,554341.0,Tlumačov,Czechia,Plzeňský kraj,CZ0321,49.4038879,12.9290054
554359.0,554359.0,Trhanov,Czechia,Plzeňský kraj,CZ0321,49.423719,12.8419804
566161.0,566161.0,Úboč,Czechia,Plzeňský kraj,CZ0321,49.4435875,13.086875
554383.0,554383.0,Újezd,Czechia,Plzeňský kraj,CZ0321,49.4357097,12.8693308
554391.0,554391.0,Únějovice,Czechia,Plzeňský kraj,CZ0321,49.4620288,13.1185965
554405.0,554405.0,Úsilov,Czechia,Jihozápad,CZ0321,49.3970731,13.1274978
554413.0,554413.0,Velký Malahov,Czechia,Plzeňský kraj,CZ0321,49.6235657,12.9553266
554421.0,554421.0,Vidice,Czechia,Plzeňský kraj,CZ0321,49.6138116,12.835914
566250.0,566250.0,Vlkanov,Czechia,Plzeňský kraj,CZ0321,49.4882634,12.8055257
554448.0,554448.0,Všepadly,Czechia,Plzeňský kraj,CZ0321,49.4508696,13.1052753
554456.0,554456.0,Všeruby,Czechia,Jihozápad,CZ0321,49.3402865,12.9823766
554464.0,554464.0,Zahořany,Czechia,Plzeňský kraj,CZ0321,49.4340499,13.0019266
554472.0,554472.0,Ždánov,Czechia,Plzeňský kraj,CZ0321,49.459843,12.8537845
541842.0,541842.0,Běhařov,Czechia,Plzeňský kraj,CZ0322,49.3447688,13.1601839
555797.0,555797.0,Běšiny,Czechia,Plzeňský kraj,CZ0322,49.3015993,13.3125708
555801.0,555801.0,Bezděkov,Czechia,Plzeňský kraj,CZ0322,49.3806217,13.2274866
578088.0,578088.0,Biřkov,Czechia,Plzeňský kraj,CZ0322,49.5180462,13.2301475
555835.0,555835.0,Bolešiny,Czechia,Plzeňský kraj,CZ0322,49.4098927,13.3616056
541923.0,541923.0,Břežany,Czechia,Plzeňský kraj,CZ0322,49.3487554,13.6173542
555894.0,555894.0,Budětice,Czechia,Plzeňský kraj,CZ0322,49.2833606,13.5846655
530085.0,530085.0,Bukovník,Czechia,Plzeňský kraj,CZ0322,49.2224796,13.6613236
555941.0,555941.0,Čachrov,Czechia,Plzeňský kraj,CZ0322,49.2654278,13.3025815
553531.0,553531.0,Černíkov,Czechia,Plzeňský kraj,CZ0322,49.4226676,13.1300225
542172.0,542172.0,Červené Poříčí,Czechia,Plzeňský kraj,CZ0322,49.5018827,13.2944452
542024.0,542024.0,Číhaň,Czechia,Plzeňský kraj,CZ0322,49.342401,13.4257869
578495.0,578495.0,Čímice,Czechia,Plzeňský kraj,CZ0322,49.2536376,13.6058871
556041.0,556041.0,Dešenice,Czechia,Plzeňský kraj,CZ0322,49.2742995,13.1709455
556068.0,556068.0,Dlažov,Czechia,Plzeňský kraj,CZ0322,49.3657444,13.1663432
556076.0,556076.0,Dlouhá Ves,Czechia,Plzeňský kraj,CZ0322,49.1962745,13.5092561
530123.0,530123.0,Dobršín,Czechia,Plzeňský kraj,CZ0322,49.2612918,13.5610472
556106.0,556106.0,Dolany,Czechia,Plzeňský kraj,CZ0322,49.4431417,13.2481779
578517.0,578517.0,Domoraz,Czechia,Plzeňský kraj,CZ0322,49.2506228,13.6620036
566683.0,566683.0,Dražovice,Czechia,Plzeňský kraj,CZ0322,49.2246667,13.6070095
578525.0,578525.0,Frymburk,Czechia,Plzeňský kraj,CZ0322,49.2495528,13.7072713
578240.0,578240.0,Hamry,Czechia,Plzeňský kraj,CZ0322,49.2151642,13.1603235
556181.0,556181.0,Hartmanice,Czechia,Plzeňský kraj,CZ0322,49.1703098,13.4548124
541796.0,541796.0,Hejná,Czechia,Plzeňský kraj,CZ0322,49.2893715,13.6746958
556203.0,556203.0,Hlavňovice,Czechia,Plzeňský kraj,CZ0322,49.2379539,13.3947835
542083.0,542083.0,Hnačov,Czechia,Plzeňský kraj,CZ0322,49.3618184,13.4816737
556254.0,556254.0,Horažďovice,Czechia,Plzeňský kraj,CZ0322,49.3210308,13.7003604
542091.0,542091.0,Horská Kvilda,Czechia,Plzeňský kraj,CZ0322,49.0576122,13.5579727
556301.0,556301.0,Hrádek,Czechia,Plzeňský kraj,CZ0322,49.2612741,13.4985658
556319.0,556319.0,Hradešice,Czechia,Plzeňský kraj,CZ0322,49.3233214,13.5964797
556335.0,556335.0,Chanovice,Czechia,Plzeňský kraj,CZ0322,49.404733,13.7170167
556343.0,556343.0,Chlistov,Czechia,Plzeňský kraj,CZ0322,49.319891,13.3608767
556378.0,556378.0,Chudenice,Czechia,Plzeňský kraj,CZ0322,49.466675,13.1738619
556386.0,556386.0,Chudenín,Czechia,Jihozápad,CZ0322,49.2930396,13.1007976
556394.0,556394.0,Janovice nad Úhlavou,Czechia,Plzeňský kraj,CZ0322,49.3452626,13.2175818
541869.0,541869.0,Javor,Czechia,Plzeňský kraj,CZ0322,49.3252477,13.2473265
541753.0,541753.0,Ježovy,Czechia,Plzeňský kraj,CZ0322,49.4910521,13.2283955
556432.0,556432.0,Kašperské Hory,Czechia,Plzeňský kraj,CZ0322,49.1434723,13.5560577
541826.0,541826.0,Kejnice,Czechia,Plzeňský kraj,CZ0322,49.2668864,13.6941892
555771.0,555771.0,Klatovy,Czechia,Jihozápad,CZ0322,49.3951183,13.2935954
541851.0,541851.0,Klenová,Czechia,Plzeňský kraj,CZ0322,49.3334333,13.2331843
556467.0,556467.0,Kolinec,Czechia,Plzeňský kraj,CZ0322,49.2989476,13.4390008
578177.0,578177.0,Kovčín,Czechia,Plzeňský kraj,CZ0322,49.4159001,13.6063122
556505.0,556505.0,Křenice,Czechia,Plzeňský kraj,CZ0322,49.5027489,13.1999468
541931.0,541931.0,Kvášňovice,Czechia,Plzeňský kraj,CZ0322,49.4130162,13.6419707
578070.0,578070.0,Lomec,Czechia,Plzeňský kraj,CZ0322,49.3713916,13.2675264
556629.0,556629.0,Malý Bor,Czechia,Plzeňský kraj,CZ0322,49.3305122,13.6522519
578410.0,578410.0,Maňovice,Czechia,Plzeňský kraj,CZ0322,49.3929568,13.6538365
556637.0,556637.0,Měčín,Czechia,Plzeňský kraj,CZ0322,49.4795472,13.4049175
578461.0,578461.0,Mezihoří,Czechia,Plzeňský kraj,CZ0322,49.4883959,13.2545635
542059.0,542059.0,Mlýnské Struhadlo,Czechia,Plzeňský kraj,CZ0322,49.4314924,13.4699699
542148.0,542148.0,Modrava,Czechia,Jihozápad,CZ0322,49.0236467,13.4958115
556718.0,556718.0,Mochtín,Czechia,Plzeňský kraj,CZ0322,49.360401,13.3567397
556726.0,556726.0,Mokrosuky,Czechia,Plzeňský kraj,CZ0322,49.2753548,13.4547984
556734.0,556734.0,Myslív,Czechia,Plzeňský kraj,CZ0322,49.4142054,13.5724257
541745.0,541745.0,Myslovice,Czechia,Plzeňský kraj,CZ0322,49.4067927,13.3870385
556751.0,556751.0,Nalžovské Hory,Czechia,Plzeňský kraj,CZ0322,49.3335778,13.5496097
578223.0,578223.0,Nehodiv,Czechia,Plzeňský kraj,CZ0322,49.4107494,13.5563567
578533.0,578533.0,Nezamyslice,Czechia,Plzeňský kraj,CZ0322,49.2626003,13.6753649
556815.0,556815.0,Nezdice na Šumavě,Czechia,Plzeňský kraj,CZ0322,49.1732446,13.6121491
556831.0,556831.0,Nýrsko,Czechia,Plzeňský kraj,CZ0322,49.2938686,13.1435324
541915.0,541915.0,Obytce,Czechia,Plzeňský kraj,CZ0322,49.3906708,13.3785247
541958.0,541958.0,Olšany,Czechia,Plzeňský kraj,CZ0322,49.4008247,13.626925
578061.0,578061.0,Ostřetice,Czechia,Plzeňský kraj,CZ0322,49.4223298,13.3468976
556912.0,556912.0,Pačejov,Czechia,Plzeňský kraj,CZ0322,49.3728987,13.6327293
556921.0,556921.0,Petrovice u Sušice,Czechia,Plzeňský kraj,CZ0322,49.2186487,13.4407937
556955.0,556955.0,Plánice,Czechia,Plzeňský kraj,CZ0322,49.3899269,13.4710601
551686.0,551686.0,Podmokly,Czechia,Plzeňský kraj,CZ0322,49.2300806,13.5781573
541788.0,541788.0,Poleň,Czechia,Plzeňský kraj,CZ0322,49.4249686,13.1767464
556084.0,556084.0,Prášily,Czechia,Jihozápad,CZ0322,49.1051011,13.3786939
557005.0,557005.0,Předslav,Czechia,Plzeňský kraj,CZ0322,49.4474651,13.3543778
557013.0,557013.0,Rabí,Czechia,Plzeňský kraj,CZ0322,49.2809304,13.6188949
557021.0,557021.0,Rejštejn,Czechia,Plzeňský kraj,CZ0322,49.140531,13.5151685
578436.0,578436.0,Slatina,Czechia,Plzeňský kraj,CZ0322,49.387762,13.7441635
557099.0,557099.0,Soběšice,Czechia,Plzeňský kraj,CZ0322,49.2077969,13.6841018
557111.0,557111.0,Srní,Czechia,Plzeňský kraj,CZ0322,49.0870455,13.4805067
557129.0,557129.0,Strašín,Czechia,Plzeňský kraj,CZ0322,49.1791704,13.6405211
557137.0,557137.0,Strážov,Czechia,Plzeňský kraj,CZ0322,49.3034789,13.2483379
557153.0,557153.0,Sušice,Czechia,Plzeňský kraj,CZ0322,49.2313907,13.5204076
557161.0,557161.0,Svéradice,Czechia,Plzeňský kraj,CZ0322,49.3713755,13.7397815
557200.0,557200.0,Švihov,Czechia,Jihozápad,CZ0322,49.4813565,13.2841729
553522.0,553522.0,Tužice,Czechia,Plzeňský kraj,CZ0322,49.3349009,13.5104497
541885.0,541885.0,Týnec,Czechia,Plzeňský kraj,CZ0322,49.34712,13.263697
578321.0,578321.0,Újezd u Plánice,Czechia,Plzeňský kraj,CZ0322,49.4176623,13.45791
557366.0,557366.0,Velhartice,Czechia,Plzeňský kraj,CZ0322,49.2651901,13.389747
557374.0,557374.0,Velké Hydčice,Czechia,Plzeňský kraj,CZ0322,49.2991264,13.6679471
557382.0,557382.0,Velký Bor,Czechia,Plzeňský kraj,CZ0322,49.3649244,13.7014131
557455.0,557455.0,Vrhaveč,Czechia,Plzeňský kraj,CZ0322,49.3455028,13.2962532
566055.0,566055.0,Vřeskovice,Czechia,Plzeňský kraj,CZ0322,49.5254345,13.2711077
557463.0,557463.0,Zavlekov,Czechia,Plzeňský kraj,CZ0322,49.337356,13.4904344
578312.0,578312.0,Zborovy,Czechia,Plzeňský kraj,CZ0322,49.3809973,13.5158076
557528.0,557528.0,Železná Ruda,Czechia,Plzeňský kraj,CZ0322,49.1374249,13.2350287
557536.0,557536.0,Žihobce,Czechia,Plzeňský kraj,CZ0322,49.2153753,13.6319386
557544.0,557544.0,Žichovice,Czechia,Plzeňský kraj,CZ0322,49.2672261,13.6278449
558851.0,558851.0,Dýšina,Czechia,Plzeňský kraj,CZ0323,49.7776678,13.4914023
558966.0,558966.0,Chrást,Czechia,Plzeňský kraj,CZ0323,49.7926917,13.4924157
557846.0,557846.0,Chválenice,Czechia,Plzeňský kraj,CZ0323,49.6431043,13.4760023
559130.0,559130.0,Kyšice,Czechia,Plzeňský kraj,CZ0323,49.753255,13.4858434
540561.0,540561.0,Letkov,Czechia,Plzeňský kraj,CZ0323,49.7299002,13.4621231
578606.0,578606.0,Lhůta,Czechia,Plzeňský kraj,CZ0323,49.7018217,13.5278153
558001.0,558001.0,Losiná,Czechia,Plzeňský kraj,CZ0323,49.6692941,13.4483312
540641.0,540641.0,Mokrouše,Czechia,Plzeňský kraj,CZ0323,49.7150512,13.5245486
553590.0,553590.0,Nezbavětice,Czechia,Plzeňský kraj,CZ0323,49.6550496,13.4777384
558141.0,558141.0,Nezvěstice,Czechia,Plzeňský kraj,CZ0323,49.6405239,13.5199089
554791.0,554791.0,Plzeň,Czechia,Plzeňský kraj,CZ0323,49.7477415,13.3775249
558371.0,558371.0,Starý Plzenec,Czechia,Plzeňský kraj,CZ0323,49.6978507,13.4735561
558427.0,558427.0,Šťáhlavy,Czechia,Plzeňský kraj,CZ0323,49.6762177,13.5039893
539741.0,539741.0,Štěnovický Borek,Czechia,Plzeňský kraj,CZ0323,49.6496631,13.4267662
558460.0,558460.0,Tymákov,Czechia,Plzeňský kraj,CZ0323,49.7190725,13.5094949
557587.0,557587.0,Blovice,Czechia,Plzeňský kraj,CZ0324,49.5821789,13.5403535
540463.0,540463.0,Bolkov,Czechia,Plzeňský kraj,CZ0324,49.5335645,13.2238651
566705.0,566705.0,Borovno,Czechia,Plzeňský kraj,CZ0324,49.6219798,13.6903735
542156.0,542156.0,Borovy,Czechia,Plzeňský kraj,CZ0324,49.5250988,13.3023337
546372.0,546372.0,Buková,Czechia,Plzeňský kraj,CZ0324,49.5369923,13.1591328
553506.0,553506.0,Bukovec,Czechia,Plzeňský kraj,CZ0324,49.5864402,12.9947784
566080.0,566080.0,Čečovice,Czechia,Plzeňský kraj,CZ0324,49.5852269,13.022102
566098.0,566098.0,Černovice,Czechia,Plzeňský kraj,CZ0324,49.6155495,12.9969292
557641.0,557641.0,Čižice,Czechia,Plzeňský kraj,CZ0324,49.6479338,13.3978835
557650.0,557650.0,Čížkov,Czechia,Plzeňský kraj,CZ0324,49.5403714,13.6833896
578568.0,578568.0,Čmelíny,Czechia,Plzeňský kraj,CZ0324,49.4886063,13.6547582
557668.0,557668.0,Dnešice,Czechia,Plzeňský kraj,CZ0324,49.6048203,13.2645445
557676.0,557676.0,Dobřany,Czechia,Plzeňský kraj,CZ0324,49.6554407,13.2908386
539945.0,539945.0,Dolce,Czechia,Plzeňský kraj,CZ0324,49.5525245,13.3930754
557684.0,557684.0,Dolní Lukavice,Czechia,Plzeňský kraj,CZ0324,49.602853,13.3449073
540251.0,540251.0,Drahkov,Czechia,Plzeňský kraj,CZ0324,49.5570495,13.4723058
553654.0,553654.0,Holýšov,Czechia,Plzeňský kraj,CZ0324,49.5936108,13.1012935
540668.0,540668.0,Honezovice,Czechia,Plzeňský kraj,CZ0324,49.6382074,13.0625536
553662.0,553662.0,Horní Kamenice,Czechia,Plzeňský kraj,CZ0324,49.5695909,13.1010532
539821.0,539821.0,Horní Lukavice,Czechia,Plzeňský kraj,CZ0324,49.6117127,13.3270064
557722.0,557722.0,Horšice,Czechia,Plzeňský kraj,CZ0324,49.5314788,13.3869274
557731.0,557731.0,Hradec,Czechia,Plzeňský kraj,CZ0324,49.6350491,13.1213734
557749.0,557749.0,Hradiště,Czechia,Plzeňský kraj,CZ0324,49.4393242,13.7560931
557773.0,557773.0,Chlum,Czechia,Plzeňský kraj,CZ0324,49.6051964,13.4791975
557781.0,557781.0,Chlumčany,Czechia,Plzeňský kraj,CZ0324,49.6325567,13.3132278
540307.0,540307.0,Chlumy,Czechia,Plzeňský kraj,CZ0324,49.4377517,13.6386069
557803.0,557803.0,Chocenice,Czechia,Plzeňský kraj,CZ0324,49.5475919,13.5197964
557838.0,557838.0,Chotěšov,Czechia,Plzeňský kraj,CZ0324,49.6540803,13.2027128
578541.0,578541.0,Jarov,Czechia,Plzeňský kraj,CZ0324,49.5210835,13.5075886
557862.0,557862.0,Kasejovice,Czechia,Plzeňský kraj,CZ0324,49.4625179,13.740664
557871.0,557871.0,Kbel,Czechia,Plzeňský kraj,CZ0324,49.4930972,13.3651902
557897.0,557897.0,Klášter,Czechia,Plzeňský kraj,CZ0324,49.5018647,13.5766282
540633.0,540633.0,Kotovice,Czechia,Plzeňský kraj,CZ0324,49.6720037,13.1544751
540200.0,540200.0,Kozlovice,Czechia,Plzeňský kraj,CZ0324,49.4649899,13.5828274
557943.0,557943.0,Kramolín,Czechia,Plzeňský kraj,CZ0324,49.4460741,13.5769586
553841.0,553841.0,Kvíčovice,Czechia,Plzeňský kraj,CZ0324,49.5900205,13.0730301
557951.0,557951.0,Letiny,Czechia,Plzeňský kraj,CZ0324,49.5398301,13.4547294
540064.0,540064.0,Lisov,Czechia,Plzeňský kraj,CZ0324,49.6385276,13.1008556
540617.0,540617.0,Líšina,Czechia,Plzeňský kraj,CZ0324,49.6035248,13.1645487
558010.0,558010.0,Louňová,Czechia,Plzeňský kraj,CZ0324,49.5617599,13.6083564
558028.0,558028.0,Lužany,Czechia,Plzeňský kraj,CZ0324,49.5466425,13.3157386
539716.0,539716.0,Měcholupy,Czechia,Plzeňský kraj,CZ0324,49.5198118,13.5331949
558044.0,558044.0,Merklín,Czechia,Plzeňský kraj,CZ0324,49.5604916,13.1980396
558052.0,558052.0,Mileč,Czechia,Plzeňský kraj,CZ0324,49.469489,13.6043683
530140.0,530140.0,Milínov,Czechia,Plzeňský kraj,CZ0324,49.6430629,13.5659397
546399.0,546399.0,Míšov,Czechia,Plzeňský kraj,CZ0324,49.6197181,13.7282803
558061.0,558061.0,Mladý Smolivec,Czechia,Plzeňský kraj,CZ0324,49.5060904,13.7351283
558079.0,558079.0,Mohelnice,Czechia,Plzeňský kraj,CZ0324,49.4807814,13.6416922
540340.0,540340.0,Nebílovy,Czechia,Jihozápad,CZ0324,49.63009,13.4291377
558095.0,558095.0,Nekvasovy,Czechia,Plzeňský kraj,CZ0324,49.434553,13.6257444
558109.0,558109.0,Nepomuk,Czechia,Plzeňský kraj,CZ0324,49.4859096,13.5820519
558117.0,558117.0,Netunice,Czechia,Jihozápad,CZ0324,49.6165103,13.4304201
554022.0,554022.0,Neuměř,Czechia,Plzeňský kraj,CZ0324,49.5975808,13.0641384
558125.0,558125.0,Neurazy,Czechia,Plzeňský kraj,CZ0324,49.4410091,13.5153351
542296.0,542296.0,Nezdice,Czechia,Plzeňský kraj,CZ0324,49.5315444,13.3165694
540102.0,540102.0,Nezdřev,Czechia,Plzeňský kraj,CZ0324,49.4265695,13.7280578
540269.0,540269.0,Nová Ves,Czechia,Plzeňský kraj,CZ0324,49.6859569,13.2926795
558176.0,558176.0,Nové Mitrovice,Czechia,Plzeňský kraj,CZ0324,49.5795775,13.6836281
539783.0,539783.0,Oplot,Czechia,Plzeňský kraj,CZ0324,49.5798512,13.2742262
558184.0,558184.0,Oselce,Czechia,Plzeňský kraj,CZ0324,49.4372009,13.6728251
540293.0,540293.0,Otěšice,Czechia,Plzeňský kraj,CZ0324,49.5440274,13.2202432
553565.0,553565.0,Polánka,Czechia,Plzeňský kraj,CZ0324,49.435614,13.5554995
558231.0,558231.0,Prádlo,Czechia,Plzeňský kraj,CZ0324,49.5035636,13.5406208
540412.0,540412.0,Předenice,Czechia,Plzeňský kraj,CZ0324,49.6243859,13.3965601
530131.0,530131.0,Přestavlky,Czechia,Plzeňský kraj,CZ0324,49.5993952,13.2455234
558249.0,558249.0,Přeštice,Czechia,Plzeňský kraj,CZ0324,49.5726096,13.3295697
558257.0,558257.0,Příchovice,Czechia,Plzeňský kraj,CZ0324,49.5620286,13.3393519
558265.0,558265.0,Ptenín,Czechia,Plzeňský kraj,CZ0324,49.5313394,13.185804
540421.0,540421.0,Radkovice,Czechia,Plzeňský kraj,CZ0324,49.5478159,13.3679526
558290.0,558290.0,Roupov,Czechia,Plzeňský kraj,CZ0324,49.5385455,13.248911
558303.0,558303.0,Řenče,Czechia,Plzeňský kraj,CZ0324,49.5801641,13.4170696
558311.0,558311.0,Seč,Czechia,Plzeňský kraj,CZ0324,49.5879664,13.5048911
540692.0,540692.0,Sedliště,Czechia,Plzeňský kraj,CZ0324,49.527472,13.632233
539937.0,539937.0,Skašov,Czechia,Plzeňský kraj,CZ0324,49.5104578,13.4313907
558346.0,558346.0,Soběkury,Czechia,Plzeňský kraj,CZ0324,49.5761288,13.2392526
558362.0,558362.0,Spálené Poříčí,Czechia,Plzeňský kraj,CZ0324,49.6144658,13.6043136
540676.0,540676.0,Srby,Czechia,Plzeňský kraj,CZ0324,49.5189774,13.6034735
558389.0,558389.0,Stod,Czechia,Plzeňský kraj,CZ0324,49.6390886,13.1647362
540056.0,540056.0,Střelice,Czechia,Plzeňský kraj,CZ0324,49.630638,13.1350826
558401.0,558401.0,Střížovice,Czechia,Plzeňský kraj,CZ0324,49.6115187,13.4575829
558435.0,558435.0,Štěnovice,Czechia,Plzeňský kraj,CZ0324,49.6705136,13.3996302
566101.0,566101.0,Štichov,Czechia,Plzeňský kraj,CZ0324,49.5849081,13.0488597
578614.0,578614.0,Tojice,Czechia,Plzeňský kraj,CZ0324,49.492477,13.6265135
578592.0,578592.0,Třebčice,Czechia,Plzeňský kraj,CZ0324,49.4833707,13.6120685
539929.0,539929.0,Týniště,Czechia,Plzeňský kraj,CZ0324,49.5210852,13.4175955
540528.0,540528.0,Únětice,Czechia,Plzeňský kraj,CZ0324,49.5843543,13.4697129
558486.0,558486.0,Útušice,Czechia,Plzeňský kraj,CZ0324,49.6777855,13.3820392
558494.0,558494.0,Ves Touškov,Czechia,Plzeňský kraj,CZ0324,49.6615933,13.1192255
566691.0,566691.0,Vlčí,Czechia,Plzeňský kraj,CZ0324,49.511884,13.3602484
540706.0,540706.0,Vlčtejn,Czechia,Plzeňský kraj,CZ0324,49.6146149,13.4956563
558559.0,558559.0,Vrčeň,Czechia,Plzeňský kraj,CZ0324,49.5077684,13.6185641
558567.0,558567.0,Vstiš,Czechia,Plzeňský kraj,CZ0324,49.644589,13.2482854
566071.0,566071.0,Všekary,Czechia,Plzeňský kraj,CZ0324,49.6034041,13.0424494
558583.0,558583.0,Zdemyslice,Czechia,Plzeňský kraj,CZ0324,49.606951,13.5198136
558591.0,558591.0,Zemětice,Czechia,Plzeňský kraj,CZ0324,49.5787099,13.1871346
530182.0,530182.0,Žákava,Czechia,Plzeňský kraj,CZ0324,49.62997,13.5307241
558605.0,558605.0,Ždírec,Czechia,Plzeňský kraj,CZ0324,49.5529156,13.5728311
558630.0,558630.0,Žinkovy,Czechia,Plzeňský kraj,CZ0324,49.483403,13.4894446
540137.0,540137.0,Životice,Czechia,Plzeňský kraj,CZ0324,49.4664777,13.6851945
566756.0,566756.0,Bdeněves,Czechia,Plzeňský kraj,CZ0325,49.7695307,13.2351805
558656.0,558656.0,Bezvěrov,Czechia,Plzeňský kraj,CZ0325,49.9950077,13.0589997
530239.0,530239.0,Bílov,Czechia,Plzeňský kraj,CZ0325,50.0177731,13.4257053
558672.0,558672.0,Blatnice,Czechia,Plzeňský kraj,CZ0325,49.7197138,13.1559861
566764.0,566764.0,Blažim,Czechia,Plzeňský kraj,CZ0325,49.9159143,13.0476118
566471.0,566471.0,Bohy,Czechia,Plzeňský kraj,CZ0325,49.9378968,13.5756678
566489.0,566489.0,Brodeslavy,Czechia,Plzeňský kraj,CZ0325,49.9536701,13.5569872
558699.0,558699.0,Bučí,Czechia,Jihozápad,CZ0325,49.8851658,13.3027681
558711.0,558711.0,Čeminy,Czechia,Plzeňský kraj,CZ0325,49.7996142,13.2521865
566632.0,566632.0,Černíkovice,Czechia,Plzeňský kraj,CZ0325,49.9754434,13.5668994
530328.0,530328.0,Čerňovice,Czechia,Plzeňský kraj,CZ0325,49.8128954,13.1036725
558745.0,558745.0,Česká Bříza,Czechia,Plzeňský kraj,CZ0325,49.8284043,13.4297095
558770.0,558770.0,Dobříč,Czechia,Plzeňský kraj,CZ0325,49.8843272,13.468581
558788.0,558788.0,Dolany,Czechia,Plzeňský kraj,CZ0325,49.8078155,13.4723566
558796.0,558796.0,Dolní Bělá,Czechia,Jihozápad,CZ0325,49.896155,13.273258
558800.0,558800.0,Dolní Hradiště,Czechia,Plzeňský kraj,CZ0325,49.913679,13.4959886
578665.0,578665.0,Dražeň,Czechia,Plzeňský kraj,CZ0325,49.9268445,13.2878667
558834.0,558834.0,Druztová,Czechia,Plzeňský kraj,CZ0325,49.7974077,13.4487195
558869.0,558869.0,Heřmanova Huť,Czechia,Plzeňský kraj,CZ0325,49.7130556,13.0904847
566390.0,566390.0,Hlince,Czechia,Plzeňský kraj,CZ0325,49.9482274,13.6250237
530221.0,530221.0,Hněvnice,Czechia,Plzeňský kraj,CZ0325,49.7284972,13.1031303
566730.0,566730.0,Holovousy,Czechia,Plzeňský kraj,CZ0325,49.9678732,13.6147091
558877.0,558877.0,Horní Bělá,Czechia,Plzeňský kraj,CZ0325,49.8889718,13.2641071
558885.0,558885.0,Horní Bříza,Czechia,Plzeňský kraj,CZ0325,49.8411529,13.3573652
558915.0,558915.0,Hromnice,Czechia,Plzeňský kraj,CZ0325,49.847152,13.4395233
558931.0,558931.0,Hvozd,Czechia,Jihozápad,CZ0325,49.9397324,13.2631183
558940.0,558940.0,Chotíkov,Czechia,Plzeňský kraj,CZ0325,49.792943,13.3176638
558974.0,558974.0,Chříč,Czechia,Plzeňský kraj,CZ0325,49.9718125,13.6458926
558982.0,558982.0,Jarov,Czechia,Plzeňský kraj,CZ0325,49.8724609,13.4742776
558991.0,558991.0,Kaceřov,Czechia,Plzeňský kraj,CZ0325,49.8687188,13.5130294
559008.0,559008.0,Kaznějov,Czechia,Jihozápad,CZ0325,49.8931303,13.3829479
538183.0,538183.0,Kbelany,Czechia,Plzeňský kraj,CZ0325,49.7323334,13.126299
578771.0,578771.0,Kočín,Czechia,Plzeňský kraj,CZ0325,49.9303801,13.4761378
559024.0,559024.0,Kopidlo,Czechia,Plzeňský kraj,CZ0325,49.9430811,13.4640489
559032.0,559032.0,Koryta,Czechia,Plzeňský kraj,CZ0325,49.9005034,13.4747523
559041.0,559041.0,Kozojedy,Czechia,Plzeňský kraj,CZ0325,49.9312765,13.5439405
559059.0,559059.0,Kozolupy,Czechia,Plzeňský kraj,CZ0325,49.7639414,13.2534823
559067.0,559067.0,Kožlany,Czechia,Jihozápad,CZ0325,49.9938908,13.5410653
559075.0,559075.0,Kralovice,Czechia,Jihozápad,CZ0325,49.9821441,13.4867337
559083.0,559083.0,Krašovice,Czechia,Jihozápad,CZ0325,49.8723393,13.3052395
559091.0,559091.0,Krsy,Czechia,Jihozápad,CZ0325,49.9262379,13.0549503
559105.0,559105.0,Křelovice,Czechia,Plzeňský kraj,CZ0325,49.8743132,13.0758017
559121.0,559121.0,Kunějovice,Czechia,Plzeňský kraj,CZ0325,49.8619567,13.2369146
559148.0,559148.0,Ledce,Czechia,Plzeňský kraj,CZ0325,49.8214531,13.3284249
559164.0,559164.0,Líně,Czechia,Plzeňský kraj,CZ0325,49.693649,13.2571632
559172.0,559172.0,Líšťany,Czechia,Plzeňský kraj,CZ0325,49.8311643,13.1813993
566420.0,566420.0,Líté,Czechia,Plzeňský kraj,CZ0325,49.9136443,13.2607384
566462.0,566462.0,Lochousice,Czechia,Plzeňský kraj,CZ0325,49.6750932,13.0904447
566446.0,566446.0,Loza,Czechia,Jihozápad,CZ0325,49.8937996,13.2903616
559202.0,559202.0,Manětín,Czechia,Plzeňský kraj,CZ0325,49.991739,13.2322454
559211.0,559211.0,Město Touškov,Czechia,Plzeňský kraj,CZ0325,49.7758295,13.2508593
559237.0,559237.0,Mladotice,Czechia,Plzeňský kraj,CZ0325,49.9853194,13.3642638
559245.0,559245.0,Mrtník,Czechia,Jihozápad,CZ0325,49.8955373,13.3118901
566543.0,566543.0,Myslinka,Czechia,Plzeňský kraj,CZ0325,49.7480157,13.2190317
559253.0,559253.0,Nadryby,Czechia,Plzeňský kraj,CZ0325,49.8206903,13.5244631
559261.0,559261.0,Nečtiny,Czechia,Plzeňský kraj,CZ0325,49.9751549,13.1644568
559270.0,559270.0,Nekmíř,Czechia,Plzeňský kraj,CZ0325,49.8580837,13.2631357
559288.0,559288.0,Nevřeň,Czechia,Plzeňský kraj,CZ0325,49.8228255,13.274872
559300.0,559300.0,Nýřany,Czechia,Plzeňský kraj,CZ0325,49.7131491,13.2074889
559318.0,559318.0,Obora,Czechia,Plzeňský kraj,CZ0325,49.8894754,13.4136894
559326.0,559326.0,Ostrov u Bezdružic,Czechia,Jihozápad,CZ0325,49.9001278,13.0419663
566781.0,566781.0,Pastuchovice,Czechia,Jihozápad,CZ0325,50.0689777,13.3822107
559334.0,559334.0,Pernarec,Czechia,Plzeňský kraj,CZ0325,49.8405389,13.1031497
530336.0,530336.0,Pláně,Czechia,Plzeňský kraj,CZ0325,49.9502347,13.3088747
559351.0,559351.0,Plasy,Czechia,Plzeňský kraj,CZ0325,49.9341107,13.3889549
559369.0,559369.0,Plešnice,Czechia,Plzeňský kraj,CZ0325,49.7739742,13.1767398
559377.0,559377.0,Pňovany,Czechia,Plzeňský kraj,CZ0325,49.7788821,13.1217531
530247.0,530247.0,Potvorov,Czechia,Plzeňský kraj,CZ0325,50.0163554,13.3995979
559393.0,559393.0,Přehýšov,Czechia,Plzeňský kraj,CZ0325,49.7026254,13.1268469
567086.0,567086.0,Příšov,Czechia,Plzeňský kraj,CZ0325,49.8116972,13.3041306
559423.0,559423.0,Rochlov,Czechia,Plzeňský kraj,CZ0325,49.7307112,13.1459046
559431.0,559431.0,Rybnice,Czechia,Jihozápad,CZ0325,49.9085299,13.3734749
530271.0,530271.0,Sedlec,Czechia,Plzeňský kraj,CZ0325,50.0062711,13.4271761
566748.0,566748.0,Slatina,Czechia,Plzeňský kraj,CZ0325,49.984528,13.6339057
553603.0,553603.0,Studená,Czechia,Plzeňský kraj,CZ0325,49.9606218,13.6430246
578797.0,578797.0,Štichovice,Czechia,Plzeňský kraj,CZ0325,49.9778025,13.3028219
578983.0,578983.0,Tatiná,Czechia,Plzeňský kraj,CZ0325,49.8487525,13.2995805
559482.0,559482.0,Tis u Blatna,Czechia,Jihozápad,CZ0325,50.0857364,13.3477964
559491.0,559491.0,Tlučná,Czechia,Plzeňský kraj,CZ0325,49.7253486,13.240093
559504.0,559504.0,Trnová,Czechia,Jihozápad,CZ0325,49.8610003,13.3232351
559521.0,559521.0,Třemošná,Czechia,Plzeňský kraj,CZ0325,49.8167442,13.3951971
546411.0,546411.0,Úherce,Czechia,Plzeňský kraj,CZ0325,49.7010479,13.2132994
566594.0,566594.0,Újezd nade Mží,Czechia,Plzeňský kraj,CZ0325,49.7891964,13.1956576
559555.0,559555.0,Úlice,Czechia,Plzeňský kraj,CZ0325,49.760792,13.1481721
559563.0,559563.0,Úněšov,Czechia,Jihozápad,CZ0325,49.8825795,13.1491878
559571.0,559571.0,Úterý,Czechia,Plzeňský kraj,CZ0325,49.9399942,13.0038338
559580.0,559580.0,Vejprnice,Czechia,Plzeňský kraj,CZ0325,49.7298818,13.2762761
578924.0,578924.0,Velečín,Czechia,Jihozápad,CZ0325,50.0748456,13.4016468
559601.0,559601.0,Vochov,Czechia,Plzeňský kraj,CZ0325,49.7569741,13.2786008
566497.0,566497.0,Všehrdy,Czechia,Plzeňský kraj,CZ0325,49.9636734,13.5850687
559628.0,559628.0,Všeruby,Czechia,Plzeňský kraj,CZ0325,49.8417849,13.229176
566969.0,566969.0,Výrov,Czechia,Plzeňský kraj,CZ0325,49.9617488,13.4625603
530280.0,530280.0,Vysoká Libyně,Czechia,Plzeňský kraj,CZ0325,50.0216487,13.4511716
578827.0,578827.0,Zahrádka,Czechia,Jihozápad,CZ0325,49.8807468,13.2116344
559661.0,559661.0,Zbůch,Czechia,Plzeňský kraj,CZ0325,49.6783989,13.2256448
559679.0,559679.0,Zruč-Senec,Czechia,Plzeňský kraj,CZ0325,49.8079668,13.4263189
559695.0,559695.0,Žihle,Czechia,Plzeňský kraj,CZ0325,50.0448245,13.3753545
559709.0,559709.0,Žilov,Czechia,Plzeňský kraj,CZ0325,49.8399971,13.313179
541095.0,541095.0,Bezděkov,Czechia,Plzeňský kraj,CZ0326,49.8241523,13.5966618
559725.0,559725.0,Břasy,Czechia,Plzeňský kraj,CZ0326,49.8376275,13.5778311
559733.0,559733.0,Březina,Czechia,Plzeňský kraj,CZ0326,49.8075344,13.5967921
559741.0,559741.0,Bujesily,Czechia,Plzeňský kraj,CZ0326,49.9145732,13.5743821
559750.0,559750.0,Bušovice,Czechia,Plzeňský kraj,CZ0326,49.7955215,13.5346574
559768.0,559768.0,Cekov,Czechia,Plzeňský kraj,CZ0326,49.821861,13.7637923
540927.0,540927.0,Čilá,Czechia,Jihozápad,CZ0326,49.9616597,13.7420568
559776.0,559776.0,Dobřív,Czechia,Plzeňský kraj,CZ0326,49.7156553,13.6868137
530379.0,530379.0,Drahoňův Újezd,Czechia,Plzeňský kraj,CZ0326,49.8768297,13.7250403
559792.0,559792.0,Ejpovice,Czechia,Plzeňský kraj,CZ0326,49.7469685,13.52168
559806.0,559806.0,Hlohovice,Czechia,Plzeňský kraj,CZ0326,49.889294,13.6428185
559814.0,559814.0,Holoubkov,Czechia,Plzeňský kraj,CZ0326,49.7759821,13.6924579
559822.0,559822.0,Hrádek,Czechia,Plzeňský kraj,CZ0326,49.7099197,13.6541018
541001.0,541001.0,Hradiště,Czechia,Jihozápad,CZ0326,49.9626957,13.7171343
559849.0,559849.0,Hůrky,Czechia,Plzeňský kraj,CZ0326,49.7458753,13.683099
559857.0,559857.0,Cheznovice,Czechia,Plzeňský kraj,CZ0326,49.7789247,13.7853832
540803.0,540803.0,Chlum,Czechia,Plzeňský kraj,CZ0326,49.9356816,13.6596803
541141.0,541141.0,Chomle,Czechia,Plzeňský kraj,CZ0326,49.8633461,13.637518
579017.0,579017.0,Kakejcov,Czechia,Plzeňský kraj,CZ0326,49.6666196,13.6239401
566811.0,566811.0,Kamenec,Czechia,Plzeňský kraj,CZ0326,49.8808792,13.5971091
541150.0,541150.0,Kamenný Újezd,Czechia,Plzeňský kraj,CZ0326,49.7236642,13.6187557
559903.0,559903.0,Kařez,Czechia,Plzeňský kraj,CZ0326,49.8215835,13.7825459
530361.0,530361.0,Kařízek,Czechia,Plzeňský kraj,CZ0326,49.8132973,13.7991163
559911.0,559911.0,Klabava,Czechia,Plzeňský kraj,CZ0326,49.7534383,13.5392737
559920.0,559920.0,Kladruby,Czechia,Plzeňský kraj,CZ0326,49.9128702,13.6316894
579033.0,579033.0,Kornatice,Czechia,Plzeňský kraj,CZ0326,49.6588731,13.5921084
567001.0,567001.0,Lhota pod Radčem,Czechia,Plzeňský kraj,CZ0326,49.8273816,13.7107461
559946.0,559946.0,Lhotka u Radnic,Czechia,Plzeňský kraj,CZ0326,49.8899328,13.5816051
559954.0,559954.0,Liblín,Czechia,Jihozápad,CZ0326,49.9168115,13.5442417
559962.0,559962.0,Líšná,Czechia,Jihozápad,CZ0326,49.8850612,13.8048569
553611.0,553611.0,Litohlavy,Czechia,Plzeňský kraj,CZ0326,49.7664348,13.5645816
579009.0,579009.0,Medový Újezd,Czechia,Plzeňský kraj,CZ0326,49.7738249,13.7189037
579084.0,579084.0,Mešno,Czechia,Plzeňský kraj,CZ0326,49.6560993,13.6220221
559997.0,559997.0,Mirošov,Czechia,Plzeňský kraj,CZ0326,49.6879276,13.6580571
560006.0,560006.0,Mlečice,Czechia,Jihozápad,CZ0326,49.9201921,13.6950276
560014.0,560014.0,Mýto,Czechia,Plzeňský kraj,CZ0326,49.7889973,13.7346533
566837.0,566837.0,Němčovice,Czechia,Jihozápad,CZ0326,49.8769308,13.5748839
541192.0,541192.0,Nevid,Czechia,Plzeňský kraj,CZ0326,49.6854472,13.6056353
560057.0,560057.0,Osek,Czechia,Plzeňský kraj,CZ0326,49.7771124,13.590718
566993.0,566993.0,Ostrovec-Lhotka,Czechia,Jihozápad,CZ0326,49.9206578,13.7518067
566861.0,566861.0,Plískov,Czechia,Plzeňský kraj,CZ0326,49.8432272,13.7358674
560081.0,560081.0,Podmokly,Czechia,Jihozápad,CZ0326,49.9434792,13.704425
579131.0,579131.0,Příkosice,Czechia,Plzeňský kraj,CZ0326,49.6682693,13.6634497
560111.0,560111.0,Přívětice,Czechia,Plzeňský kraj,CZ0326,49.834857,13.6122235
560120.0,560120.0,Radnice,Czechia,Plzeňský kraj,CZ0326,49.8571241,13.606275
566942.0,566942.0,Raková,Czechia,Plzeňský kraj,CZ0326,49.700322,13.5819437
559717.0,559717.0,Rokycany,Czechia,Plzeňský kraj,CZ0326,49.7428813,13.594778
560146.0,560146.0,Sebečice,Czechia,Plzeňský kraj,CZ0326,49.8699247,13.6920996
546488.0,546488.0,Sirá,Czechia,Plzeňský kraj,CZ0326,49.8211318,13.7384187
566845.0,566845.0,Skomelno,Czechia,Plzeňský kraj,CZ0326,49.8473632,13.642153
506664.0,506664.0,Skořice,Czechia,Plzeňský kraj,CZ0326,49.6777202,13.7052619
540722.0,540722.0,Smědčice,Czechia,Plzeňský kraj,CZ0326,49.7989232,13.5124991
560162.0,560162.0,Strašice,Czechia,Plzeňský kraj,CZ0326,49.7353799,13.7575567
541176.0,541176.0,Svojkovice,Czechia,Plzeňský kraj,CZ0326,49.7599942,13.6480334
579343.0,579343.0,Štítov,Czechia,Plzeňský kraj,CZ0326,49.6657619,13.6775445
560189.0,560189.0,Těně,Czechia,Plzeňský kraj,CZ0326,49.7511936,13.7961599
566802.0,566802.0,Terešov,Czechia,Plzeňský kraj,CZ0326,49.8967589,13.6997878
546526.0,546526.0,Těškov,Czechia,Plzeňský kraj,CZ0326,49.8021898,13.6980263
579246.0,579246.0,Trokavec,Czechia,Plzeňský kraj,CZ0326,49.6469206,13.7022441
546534.0,546534.0,Týček,Czechia,Plzeňský kraj,CZ0326,49.8692411,13.7943126
546551.0,546551.0,Újezd u Svatého Kříže,Czechia,Plzeňský kraj,CZ0326,49.8597298,13.5695012
560227.0,560227.0,Vejvanov,Czechia,Plzeňský kraj,CZ0326,49.8693026,13.6531131
560235.0,560235.0,Veselá,Czechia,Plzeňský kraj,CZ0326,49.6950755,13.6028251
579289.0,579289.0,Vísky,Czechia,Plzeňský kraj,CZ0326,49.650987,13.6841844
560251.0,560251.0,Volduchy,Czechia,Plzeňský kraj,CZ0326,49.7759823,13.6226574
566799.0,566799.0,Všenice,Czechia,Plzeňský kraj,CZ0326,49.8181481,13.5603631
560260.0,560260.0,Zbiroh,Czechia,Plzeňský kraj,CZ0326,49.8592406,13.7711465
541061.0,541061.0,Zvíkovec,Czechia,Plzeňský kraj,CZ0326,49.9542784,13.6881348
560723.0,560723.0,Benešovice,Czechia,Plzeňský kraj,CZ0327,49.7270705,12.901697
560740.0,560740.0,Bezdružice,Czechia,Plzeňský kraj,CZ0327,49.907242,12.9711049
560758.0,560758.0,Bor,Czechia,Plzeňský kraj,CZ0327,49.7117435,12.7752132
541605.0,541605.0,Brod nad Tichou,Czechia,Plzeňský kraj,CZ0327,49.8352841,12.741089
541401.0,541401.0,Broumov,Czechia,Jihozápad,CZ0327,49.8893981,12.6061798
560782.0,560782.0,Cebiv,Czechia,Plzeňský kraj,CZ0327,49.8293384,12.9790633
579459.0,579459.0,Ctiboř,Czechia,Plzeňský kraj,CZ0327,49.8272531,12.6101227
560804.0,560804.0,Částkov,Czechia,Plzeňský kraj,CZ0327,49.7559647,12.6736853
560812.0,560812.0,Černošín,Czechia,Plzeňský kraj,CZ0327,49.8162537,12.8838251
560839.0,560839.0,Dlouhý Újezd,Czechia,Plzeňský kraj,CZ0327,49.7682924,12.6284661
560855.0,560855.0,Erpužice,Czechia,Plzeňský kraj,CZ0327,49.8069479,13.0359633
560863.0,560863.0,Halže,Czechia,Jihozápad,CZ0327,49.8311631,12.5792271
541290.0,541290.0,Horní Kozolupy,Czechia,Plzeňský kraj,CZ0327,49.8375111,12.9416383
560898.0,560898.0,Hošťka,Czechia,Plzeňský kraj,CZ0327,49.6962221,12.5976929
560901.0,560901.0,Chodová Planá,Czechia,Jihozápad,CZ0327,49.8944618,12.729449
560910.0,560910.0,Chodský Újezd,Czechia,Jihozápad,CZ0327,49.8643664,12.6520546
560928.0,560928.0,Kladruby,Czechia,Plzeňský kraj,CZ0327,49.715342,12.9800032
541559.0,541559.0,Kočov,Czechia,Jihozápad,CZ0327,49.8086544,12.7365957
541494.0,541494.0,Kokašice,Czechia,Plzeňský kraj,CZ0327,49.8784922,12.9471498
560952.0,560952.0,Konstantinovy Lázně,Czechia,Plzeňský kraj,CZ0327,49.881373,12.9817281
503916.0,503916.0,Kostelec,Czechia,Plzeňský kraj,CZ0327,49.6743403,13.0261974
560979.0,560979.0,Kšice,Czechia,Plzeňský kraj,CZ0327,49.8024093,12.997253
561002.0,561002.0,Lesná,Czechia,Jihozápad,CZ0327,49.7541723,12.5376709
561011.0,561011.0,Lestkov,Czechia,Plzeňský kraj,CZ0327,49.8829414,12.871019
541702.0,541702.0,Lom u Tachova,Czechia,Plzeňský kraj,CZ0327,49.8186596,12.6925895
541532.0,541532.0,Milíře,Czechia,Plzeňský kraj,CZ0327,49.7962941,12.5503857
541443.0,541443.0,Obora,Czechia,Jihozápad,CZ0327,49.8146022,12.5376856
566888.0,566888.0,Olbramov,Czechia,Plzeňský kraj,CZ0327,49.8437133,12.8671193
541681.0,541681.0,Ošelín,Czechia,Plzeňský kraj,CZ0327,49.7720036,12.8561491
561134.0,561134.0,Planá,Czechia,Jihozápad,CZ0327,49.8683954,12.7382081
541486.0,541486.0,Prostiboř,Czechia,Jihozápad,CZ0327,49.6537783,12.8988328
561151.0,561151.0,Přimda,Czechia,Plzeňský kraj,CZ0327,49.6745658,12.6763239
561169.0,561169.0,Rozvadov,Czechia,Jihozápad,CZ0327,49.6714834,12.5581946
579467.0,579467.0,Skapce,Czechia,Plzeňský kraj,CZ0327,49.6569632,12.9903438
561185.0,561185.0,Staré Sedliště,Czechia,Plzeňský kraj,CZ0327,49.743744,12.6943612
561193.0,561193.0,Staré Sedlo,Czechia,Jihozápad,CZ0327,49.6658913,12.863617
561207.0,561207.0,Stráž,Czechia,Plzeňský kraj,CZ0327,49.668782,12.7754565
561215.0,561215.0,Stříbro,Czechia,Plzeňský kraj,CZ0327,49.7530168,13.0049136
561223.0,561223.0,Studánka,Czechia,Plzeňský kraj,CZ0327,49.7805663,12.6036348
561231.0,561231.0,Sulislav,Czechia,Plzeňský kraj,CZ0327,49.7487315,13.0727608
561258.0,561258.0,Svojšín,Czechia,Plzeňský kraj,CZ0327,49.765056,12.9110235
557081.0,557081.0,Sytno,Czechia,Plzeňský kraj,CZ0327,49.7396787,13.0416527
560715.0,560715.0,Tachov,Czechia,Plzeňský kraj,CZ0327,49.7955449,12.6329861
541621.0,541621.0,Tisová,Czechia,Plzeňský kraj,CZ0327,49.7651756,12.7138217
561291.0,561291.0,Trpísty,Czechia,Plzeňský kraj,CZ0327,49.8227716,13.0583185
561304.0,561304.0,Třemešné,Czechia,Plzeňský kraj,CZ0327,49.6252602,12.6956557
541435.0,541435.0,Únehle,Czechia,Plzeňský kraj,CZ0327,49.7916789,13.0152715
579491.0,579491.0,Vranov,Czechia,Plzeňský kraj,CZ0327,49.764229,13.0413199
541362.0,541362.0,Zadní Chodov,Czechia,Plzeňský kraj,CZ0327,49.8905746,12.6546101
541664.0,541664.0,Záchlumí,Czechia,Plzeňský kraj,CZ0327,49.8000683,12.9649292
541460.0,541460.0,Zhoř,Czechia,Plzeňský kraj,CZ0327,49.659641,12.9695659
554499.0,554499.0,Aš,Czechia,Severozápad,CZ0411,50.2216257,12.1895886
554502.0,554502.0,Dolní Žandov,Czechia,Severozápad,CZ0411,50.0179426,12.5510087
554511.0,554511.0,Drmoul,Czechia,Severozápad,CZ0411,49.9366842,12.6644339
554529.0,554529.0,Františkovy Lázně,Czechia,Severozápad,CZ0411,50.1223741,12.3488519
554545.0,554545.0,Hazlov,Czechia,Severozápad,CZ0411,50.1563411,12.2723776
554553.0,554553.0,Hranice,Czechia,Severozápad,CZ0411,50.3045869,12.175772
554481.0,554481.0,Cheb,Czechia,Severozápad,CZ0411,50.0793511,12.3703526
538795.0,538795.0,Krásná,Czechia,Severozápad,CZ0411,50.2347736,12.167996
554596.0,554596.0,Křižovatka,Czechia,Severozápad,CZ0411,50.1941554,12.3930533
554600.0,554600.0,Lázně Kynžvart,Czechia,Severozápad,CZ0411,50.0091635,12.6256333
554618.0,554618.0,Libá,Czechia,Severozápad,CZ0411,50.128229,12.230966
554626.0,554626.0,Lipová,Czechia,Severozápad,CZ0411,50.036358,12.4487476
554634.0,554634.0,Luby,Czechia,Severozápad,CZ0411,50.2524788,12.4059461
554642.0,554642.0,Mariánské Lázně,Czechia,Severozápad,CZ0411,49.9739518,12.703319
554651.0,554651.0,Milhostov,Czechia,Severozápad,CZ0411,50.1560422,12.4531903
538906.0,538906.0,Milíkov,Czechia,Severozápad,CZ0411,50.0557733,12.5475995
554677.0,554677.0,Mnichov,Czechia,Severozápad,CZ0411,50.0368689,12.7869283
554693.0,554693.0,Nebanice,Czechia,Severozápad,CZ0411,50.1152389,12.4719677
554707.0,554707.0,Nový Kostel,Czechia,Severozápad,CZ0411,50.2170484,12.4455324
539554.0,539554.0,Odrava,Czechia,Severozápad,CZ0411,50.1030573,12.4841325
538922.0,538922.0,Okrouhlá,Czechia,Severozápad,CZ0411,50.0623743,12.487743
539473.0,539473.0,Ovesné Kladruby,Czechia,Severozápad,CZ0411,49.953,12.7790915
554740.0,554740.0,Plesná,Czechia,Severozápad,CZ0411,50.2208012,12.3466609
538817.0,538817.0,Podhradí,Czechia,Severozápad,CZ0411,50.2553464,12.2017361
538868.0,538868.0,Pomezí nad Ohří,Czechia,Severozápad,CZ0411,50.0857536,12.2843846
577979.0,577979.0,Poustka,Czechia,Severozápad,CZ0411,50.1394597,12.2978449
539538.0,539538.0,Prameny,Czechia,Severozápad,CZ0411,50.0500726,12.7327934
554812.0,554812.0,Skalná,Czechia,Severozápad,CZ0411,50.1702336,12.3610476
539112.0,539112.0,Stará Voda,Czechia,Severozápad,CZ0411,49.9917765,12.5951136
555631.0,555631.0,Teplá,Czechia,Severozápad,CZ0411,49.9821176,12.8631587
554855.0,554855.0,Trstěnice,Czechia,Severozápad,CZ0411,49.9190982,12.6760195
539023.0,539023.0,Třebeň,Czechia,Severozápad,CZ0411,50.128537,12.399605
554880.0,554880.0,Tři Sekery,Czechia,Severozápad,CZ0411,49.9423042,12.6165277
539619.0,539619.0,Tuřany,Czechia,Severozápad,CZ0411,50.0840075,12.5219849
539481.0,539481.0,Valy,Czechia,Severozápad,CZ0411,49.9767945,12.6547894
539279.0,539279.0,Velká Hleďsebe,Czechia,Severozápad,CZ0411,49.9615242,12.6675691
578002.0,578002.0,Velký Luh,Czechia,Severozápad,CZ0411,50.1991354,12.371967
539376.0,539376.0,Vlkovice,Czechia,Severozápad,CZ0411,49.9488156,12.7390076
539074.0,539074.0,Vojtanov,Czechia,Severozápad,CZ0411,50.168417,12.3168787
539431.0,539431.0,Zádub-Závišín,Czechia,Severozápad,CZ0411,49.9712421,12.7432907
554979.0,554979.0,Abertamy,Czechia,Severozápad,CZ0412,50.3687443,12.8182601
538001.0,538001.0,Andělská Hora,Czechia,Severozápad,CZ0412,50.2044828,12.9629575
554995.0,554995.0,Bečov nad Teplou,Czechia,Severozápad,CZ0412,50.0835097,12.8386736
555029.0,555029.0,Bochov,Czechia,Severozápad,CZ0412,50.1504167,13.0454108
506486.0,506486.0,Boží Dar,Czechia,Severozápad,CZ0412,50.4097338,12.9244538
555045.0,555045.0,Božičany,Czechia,Severozápad,CZ0412,50.2579445,12.7689068
500101.0,500101.0,Bražec,Czechia,Severozápad,CZ0412,50.1746338,13.0466291
537870.0,537870.0,Březová,Czechia,Severozápad,CZ0412,50.1978784,12.8714433
538019.0,538019.0,Černava,Czechia,Severozápad,CZ0412,50.2912537,12.710967
506621.0,506621.0,Čichalov,Czechia,Severozápad,CZ0412,50.1242512,13.171077
537918.0,537918.0,Dalovice,Czechia,Severozápad,CZ0412,50.2477873,12.8958074
538116.0,538116.0,Děpoltovice,Czechia,Severozápad,CZ0412,50.2944568,12.8140968
500127.0,500127.0,Doupovské Hradiště,Czechia,Severozápad,CZ0412,50.2354421,13.0108231
538159.0,538159.0,Hájek,Czechia,Severozápad,CZ0412,50.2831055,12.9190977
555169.0,555169.0,Horní Blatná,Czechia,Severozápad,CZ0412,50.3902893,12.7702188
551651.0,551651.0,Hory,Czechia,Severozápad,CZ0412,50.2133907,12.7900181
555177.0,555177.0,Hradiště,Czechia,Severozápad,CZ0412,50.2622398,13.1300001
555185.0,555185.0,Hroznětín,Czechia,Severozápad,CZ0412,50.3093974,12.8718012
578011.0,578011.0,Chodov,Czechia,Severozápad,CZ0412,50.0696359,12.8603301
555207.0,555207.0,Chyše,Czechia,Severozápad,CZ0412,50.1045405,13.2488514
555215.0,555215.0,Jáchymov,Czechia,Severozápad,CZ0412,50.3629787,12.9299257
537926.0,537926.0,Jenišov,Czechia,Severozápad,CZ0412,50.2266587,12.7998167
554961.0,554961.0,Karlovy Vary,Czechia,Severozápad,CZ0412,50.2306216,12.8701437
555258.0,555258.0,Kolová,Czechia,Severozápad,CZ0412,50.1874344,12.9033343
555304.0,555304.0,Krásné Údolí,Czechia,Severozápad,CZ0412,50.0724239,12.921014
578045.0,578045.0,Krásný Les,Czechia,Severozápad,CZ0412,50.3448455,13.0027408
555347.0,555347.0,Kyselka,Czechia,Severozápad,CZ0412,50.2588112,13.0002774
555363.0,555363.0,Merklín,Czechia,Severozápad,CZ0412,50.3280797,12.8634965
537934.0,537934.0,Mírová,Czechia,Severozápad,CZ0412,50.237177,12.7699929
555380.0,555380.0,Nejdek,Czechia,Severozápad,CZ0412,50.3247878,12.7332967
555398.0,555398.0,Nová Role,Czechia,Severozápad,CZ0412,50.2709162,12.7842174
506494.0,506494.0,Nové Hamry,Czechia,Severozápad,CZ0412,50.3600749,12.7200206
555428.0,555428.0,Ostrov,Czechia,Severozápad,CZ0412,50.3061911,12.9390017
537969.0,537969.0,Otovice,Czechia,Severozápad,CZ0412,50.2553388,12.8716054
555444.0,555444.0,Otročín,Czechia,Severozápad,CZ0412,50.0322825,12.8922925
555452.0,555452.0,Pernink,Czechia,Severozápad,CZ0412,50.3656857,12.7837075
556947.0,556947.0,Pila,Czechia,Severozápad,CZ0412,50.1796825,12.9258576
555479.0,555479.0,Potůčky,Czechia,Severozápad,CZ0412,50.4281616,12.7364792
555525.0,555525.0,Pšov,Czechia,Severozápad,CZ0412,50.0516597,13.1704823
555533.0,555533.0,Sadov,Czechia,Severozápad,CZ0412,50.2673813,12.8970121
538027.0,538027.0,Smolné Pece,Czechia,Severozápad,CZ0412,50.2914676,12.7653249
555550.0,555550.0,Stanovice,Czechia,Severozápad,CZ0412,50.1651059,12.8739491
555584.0,555584.0,Stráž nad Ohří,Czechia,Severozápad,CZ0412,50.3372216,13.0509513
555592.0,555592.0,Stružná,Czechia,Severozápad,CZ0412,50.1831055,13.0056708
555614.0,555614.0,Šemnice,Czechia,Severozápad,CZ0412,50.2369056,12.9760977
555622.0,555622.0,Štědrá,Czechia,Severozápad,CZ0412,50.058203,13.1141659
537845.0,537845.0,Teplička,Czechia,Severozápad,CZ0412,50.1485906,12.8515652
555657.0,555657.0,Toužim,Czechia,Severozápad,CZ0412,50.0607602,12.9849922
555681.0,555681.0,Útvina,Czechia,Severozápad,CZ0412,50.070886,12.9550259
555690.0,555690.0,Valeč,Czechia,Severozápad,CZ0412,50.1741308,13.2545631
555703.0,555703.0,Velichov,Czechia,Severozápad,CZ0412,50.2840692,13.0097102
555711.0,555711.0,Verušičky,Czechia,Severozápad,CZ0412,50.1415372,13.1742771
555738.0,555738.0,Vojkovice,Czechia,Severozápad,CZ0412,50.3033137,13.0161917
566675.0,566675.0,Vrbice,Czechia,Severozápad,CZ0412,50.1495409,13.2337259
578029.0,578029.0,Vysoká Pec,Czechia,Severozápad,CZ0412,50.3465991,12.6990859
555762.0,555762.0,Žlutice,Czechia,Severozápad,CZ0412,50.0919193,13.1629708
560294.0,560294.0,Březová,Czechia,Severozápad,CZ0413,50.1472648,12.6467805
560308.0,560308.0,Bublava,Czechia,Severozápad,CZ0413,50.3743813,12.5051677
560316.0,560316.0,Bukovany,Czechia,Severozápad,CZ0413,50.1661006,12.5731613
560324.0,560324.0,Citice,Czechia,Severozápad,CZ0413,50.162559,12.6133229
560332.0,560332.0,Dasnice,Czechia,Severozápad,CZ0413,50.1464536,12.5672264
560341.0,560341.0,Dolní Nivy,Czechia,Severozápad,CZ0413,50.2431063,12.6370405
538591.0,538591.0,Dolní Rychnov,Czechia,Severozápad,CZ0413,50.1647703,12.6450804
560359.0,560359.0,Habartov,Czechia,Severozápad,CZ0413,50.1825705,12.5501639
560367.0,560367.0,Horní Slavkov,Czechia,Severozápad,CZ0413,50.139072,12.8077875
560375.0,560375.0,Chlum Svaté Maří,Czechia,Severozápad,CZ0413,50.1498364,12.5356451
560383.0,560383.0,Chodov,Czechia,Severozápad,CZ0413,50.2390665,12.7489079
560413.0,560413.0,Jindřichovice,Czechia,Severozápad,CZ0413,50.2826479,12.6023038
511587.0,511587.0,Josefov,Czechia,Severozápad,CZ0413,50.2117812,12.5793606
560421.0,560421.0,Kaceřov,Czechia,Severozápad,CZ0413,50.1489251,12.5042876
560456.0,560456.0,Krajková,Czechia,Severozápad,CZ0413,50.2159666,12.534074
560464.0,560464.0,Královské Poříčí,Czechia,Severozápad,CZ0413,50.1938078,12.6803156
560472.0,560472.0,Kraslice,Czechia,Severozápad,CZ0413,50.3239885,12.5174004
538337.0,538337.0,Krásno,Czechia,Severozápad,CZ0413,50.1091787,12.7863069
560499.0,560499.0,Kynšperk nad Ohří,Czechia,Severozápad,CZ0413,50.1182943,12.531107
560502.0,560502.0,Libavské Údolí,Czechia,Severozápad,CZ0413,50.1288657,12.5524852
560537.0,560537.0,Loket,Czechia,Severozápad,CZ0413,50.1860008,12.7540466
560545.0,560545.0,Lomnice,Czechia,Severozápad,CZ0413,50.2117163,12.6318265
560561.0,560561.0,Nová Ves,Czechia,Severozápad,CZ0413,50.0840895,12.7751721
560570.0,560570.0,Nové Sedlo,Czechia,Severozápad,CZ0413,50.206466,12.7380047
560588.0,560588.0,Oloví,Czechia,Severozápad,CZ0413,50.2513968,12.5586985
560596.0,560596.0,Přebuz,Czechia,Severozápad,CZ0413,50.3657774,12.6200389
560600.0,560600.0,Rotava,Czechia,Severozápad,CZ0413,50.3058704,12.5610769
560618.0,560618.0,Rovná,Czechia,Severozápad,CZ0413,50.1044855,12.6686927
560286.0,560286.0,Sokolov,Czechia,Severozápad,CZ0413,50.1809097,12.6394986
560642.0,560642.0,Staré Sedlo,Czechia,Severozápad,CZ0413,50.1820921,12.7198767
560651.0,560651.0,Stříbrná,Czechia,Severozápad,CZ0413,50.3566534,12.5263994
538434.0,538434.0,Svatava,Czechia,Severozápad,CZ0413,50.192255,12.6250425
538396.0,538396.0,Šabina,Czechia,Severozápad,CZ0413,50.1361754,12.5823632
560677.0,560677.0,Šindelová,Czechia,Severozápad,CZ0413,50.3186515,12.6033205
538663.0,538663.0,Tatrovice,Czechia,Severozápad,CZ0413,50.2768075,12.6974474
579360.0,579360.0,Těšovice,Czechia,Severozápad,CZ0413,50.1818822,12.6755602
560685.0,560685.0,Vintířov,Czechia,Severozápad,CZ0413,50.2344376,12.7181372
560707.0,560707.0,Vřesová,Czechia,Severozápad,CZ0413,50.2597286,12.6958169
562343.0,562343.0,Arnoltice,Czechia,Severozápad,CZ0421,50.8370191,14.2639415
562351.0,562351.0,Benešov nad Ploučnicí,Czechia,Severozápad,CZ0421,50.7413413,14.3112047
544647.0,544647.0,Bynovec,Czechia,Severozápad,CZ0421,50.820829,14.2641736
562394.0,562394.0,Česká Kamenice,Czechia,Severozápad,CZ0421,50.7994117,14.4165592
562335.0,562335.0,Děčín,Czechia,Severozápad,CZ0421,50.7824196,14.2147221
562408.0,562408.0,Dobkovice,Czechia,Severozápad,CZ0421,50.7148448,14.1931462
545783.0,545783.0,Dobrná,Czechia,Severozápad,CZ0421,50.7695417,14.293263
545856.0,545856.0,Dolní Habartice,Czechia,Severozápad,CZ0421,50.7471772,14.3332786
562432.0,562432.0,Dolní Podluží,Czechia,Severozápad,CZ0421,50.8810017,14.5946473
562441.0,562441.0,Dolní Poustevna,Czechia,Severozápad,CZ0421,50.9803948,14.2873374
530417.0,530417.0,Doubice,Czechia,Severozápad,CZ0421,50.8886016,14.4616106
545899.0,545899.0,Františkov nad Ploučnicí,Czechia,Severozápad,CZ0421,50.7257054,14.3269059
562483.0,562483.0,Heřmanov,Czechia,Severozápad,CZ0421,50.7264831,14.2912026
545929.0,545929.0,Horní Habartice,Czechia,Severozápad,CZ0421,50.7620707,14.3406088
562505.0,562505.0,Horní Podluží,Czechia,Severozápad,CZ0421,50.8814943,14.5455731
562513.0,562513.0,Hřensko,Czechia,Severozápad,CZ0421,50.8739272,14.2402549
562521.0,562521.0,Huntířov,Czechia,Severozápad,CZ0421,50.789435,14.3034242
562530.0,562530.0,Chřibská,Czechia,Severozápad,CZ0421,50.863242,14.48297
544680.0,544680.0,Janov,Czechia,Severozápad,CZ0421,50.8599857,14.2661345
530395.0,530395.0,Janská,Czechia,Severozápad,CZ0421,50.8046782,14.3634343
562556.0,562556.0,Jetřichovice,Czechia,Severozápad,CZ0421,50.8523892,14.3939089
562564.0,562564.0,Jílové,Czechia,Severozápad,CZ0421,50.7610971,14.1041986
562572.0,562572.0,Jiřetín pod Jedlovou,Czechia,Severozápad,CZ0421,50.8770981,14.5762837
562581.0,562581.0,Jiříkov,Czechia,Severozápad,CZ0421,50.9951393,14.5690963
546453.0,546453.0,Kámen,Czechia,Severozápad,CZ0421,50.8102142,14.2684336
562611.0,562611.0,Krásná Lípa,Czechia,Severozápad,CZ0421,50.9145647,14.5062621
546330.0,546330.0,Kunratice,Czechia,Severozápad,CZ0421,50.8188204,14.419868
562645.0,562645.0,Kytlice,Czechia,Severozápad,CZ0421,50.8123337,14.5352171
544701.0,544701.0,Labská Stráň,Czechia,Severozápad,CZ0421,50.8486491,14.2315956
562661.0,562661.0,Lipová,Czechia,Severozápad,CZ0421,51.0110403,14.3602176
545708.0,545708.0,Lobendava,Czechia,Severozápad,CZ0421,51.0191858,14.3147874
546496.0,546496.0,Ludvíkovice,Czechia,Severozápad,CZ0421,50.7940643,14.2564109
562700.0,562700.0,Malá Veleň,Czechia,Severozápad,CZ0421,50.7415228,14.2705915
562718.0,562718.0,Malšovice,Czechia,Severozápad,CZ0421,50.7351544,14.1697037
545678.0,545678.0,Markvartice,Czechia,Severozápad,CZ0421,50.7785596,14.3586034
545791.0,545791.0,Merboltice,Czechia,Severozápad,CZ0421,50.6830653,14.3397538
562751.0,562751.0,Mikulášovice,Czechia,Severozápad,CZ0421,50.9652558,14.3636833
562777.0,562777.0,Rumburk,Czechia,Severozápad,CZ0421,50.9517739,14.5569317
566900.0,566900.0,Růžová,Czechia,Severozápad,CZ0421,50.8421602,14.2937849
562793.0,562793.0,Rybniště,Czechia,Severozápad,CZ0421,50.8797591,14.5155486
546348.0,546348.0,Srbská Kamenice,Czechia,Severozápad,CZ0421,50.8201997,14.3524436
562823.0,562823.0,Staré Křečany,Czechia,Severozápad,CZ0421,50.9504417,14.4961696
545538.0,545538.0,Starý Šachov,Czechia,Severozápad,CZ0421,50.7150641,14.360367
562858.0,562858.0,Šluknov,Czechia,Severozápad,CZ0421,51.003217,14.4530321
555193.0,555193.0,Těchlovice,Czechia,Severozápad,CZ0421,50.696324,14.2049239
562874.0,562874.0,Valkeřice,Czechia,Severozápad,CZ0421,50.7018296,14.3218938
562882.0,562882.0,Varnsdorf,Czechia,Severozápad,CZ0421,50.9124244,14.6194058
562891.0,562891.0,Velká Bukovina,Czechia,Severozápad,CZ0421,50.7304345,14.3967649
562912.0,562912.0,Velký Šenov,Czechia,Severozápad,CZ0421,50.9907708,14.3780786
562921.0,562921.0,Verneřice,Czechia,Severozápad,CZ0421,50.6611409,14.3011435
562939.0,562939.0,Veselé,Czechia,Severozápad,CZ0421,50.7812608,14.3764461
562947.0,562947.0,Vilémov,Czechia,Severozápad,CZ0421,50.9903291,14.335875
562980.0,562980.0,Bílence,Czechia,Severozápad,CZ0422,50.4245589,13.5056993
562998.0,562998.0,Blatno,Czechia,Severozápad,CZ0422,50.5117985,13.3582462
563005.0,563005.0,Boleboř,Czechia,Severozápad,CZ0422,50.5400978,13.4137213
563013.0,563013.0,Březno,Czechia,Severozápad,CZ0422,50.4019502,13.4215491
563021.0,563021.0,Černovice,Czechia,Severozápad,CZ0422,50.4476749,13.3592393
563048.0,563048.0,Domašín,Czechia,Severozápad,CZ0422,50.4206973,13.172198
563056.0,563056.0,Droužkovice,Czechia,Severozápad,CZ0422,50.4307789,13.4290914
563064.0,563064.0,Hora Svatého Šebestiána,Czechia,Severozápad,CZ0422,50.5105958,13.251606
563072.0,563072.0,Hrušovany,Czechia,Severozápad,CZ0422,50.3866634,13.4978638
563081.0,563081.0,Chbany,Czechia,Severozápad,CZ0422,50.332773,13.4303749
562971.0,562971.0,Chomutov,Czechia,Severozápad,CZ0422,50.4606456,13.4178324
563099.0,563099.0,Jirkov,Czechia,Severozápad,CZ0422,50.5000597,13.4476266
563102.0,563102.0,Kadaň,Czechia,Severozápad,CZ0422,50.3761991,13.2710364
563111.0,563111.0,Kalek,Czechia,Severozápad,CZ0422,50.5777287,13.3219552
563129.0,563129.0,Klášterec nad Ohří,Czechia,Severozápad,CZ0422,50.3843054,13.1710191
563137.0,563137.0,Kovářská,Czechia,Severozápad,CZ0422,50.4382144,13.0538805
563315.0,563315.0,Kryštofovy Hamry,Czechia,Severozápad,CZ0422,50.4994617,13.1360909
563161.0,563161.0,Křimov,Czechia,Severozápad,CZ0422,50.4860234,13.3014723
563188.0,563188.0,Libědice,Czechia,Severozápad,CZ0422,50.3161227,13.3843424
546518.0,546518.0,Loučná pod Klínovcem,Czechia,Severozápad,CZ0422,50.4188425,12.9814194
563200.0,563200.0,Málkov,Czechia,Severozápad,CZ0422,50.4461694,13.3333781
563218.0,563218.0,Mašťov,Czechia,Severozápad,CZ0422,50.262274,13.2804584
563226.0,563226.0,Měděnec,Czechia,Severozápad,CZ0422,50.4211822,13.1147075
563242.0,563242.0,Místo,Czechia,Severozápad,CZ0422,50.4470634,13.2672404
546160.0,546160.0,Nezabylice,Czechia,Severozápad,CZ0422,50.424186,13.4785296
563269.0,563269.0,Okounov,Czechia,Severozápad,CZ0422,50.3622179,13.1065637
563277.0,563277.0,Otvice,Czechia,Severozápad,CZ0422,50.4808158,13.450696
563285.0,563285.0,Perštejn,Czechia,Severozápad,CZ0422,50.38166,13.1101996
546062.0,546062.0,Pesvice,Czechia,Severozápad,CZ0422,50.4632077,13.4848694
563293.0,563293.0,Pětipsy,Czechia,Severozápad,CZ0422,50.3207927,13.3498291
546071.0,546071.0,Račetice,Czechia,Severozápad,CZ0422,50.305579,13.3657749
563323.0,563323.0,Radonice,Czechia,Severozápad,CZ0422,50.2980547,13.2850352
563331.0,563331.0,Rokle,Czechia,Severozápad,CZ0422,50.3531714,13.2986961
563340.0,563340.0,Spořice,Czechia,Severozápad,CZ0422,50.4412864,13.3921061
563358.0,563358.0,Strupčice,Czechia,Severozápad,CZ0422,50.4713425,13.5302494
563382.0,563382.0,Údlice,Czechia,Severozápad,CZ0422,50.4405986,13.4573781
563404.0,563404.0,Vejprty,Czechia,Severozápad,CZ0422,50.4923155,13.0321201
563412.0,563412.0,Veliká Ves,Czechia,Severozápad,CZ0422,50.269663,13.3746174
563439.0,563439.0,Vilémov,Czechia,Severozápad,CZ0422,50.3013792,13.3133752
563463.0,563463.0,Vrskmaň,Czechia,Severozápad,CZ0422,50.4881587,13.4956178
563471.0,563471.0,Všehrdy,Czechia,Severozápad,CZ0422,50.4199392,13.4612291
563480.0,563480.0,Všestudy,Czechia,Severozápad,CZ0422,50.4573596,13.5075947
563498.0,563498.0,Výsluní,Czechia,Severozápad,CZ0422,50.4664819,13.2373954
563501.0,563501.0,Vysoká Pec,Czechia,Severozápad,CZ0422,50.5202733,13.4702519
564575.0,564575.0,Bechlín,Czechia,Severozápad,CZ0423,50.4162336,14.3406916
564591.0,564591.0,Bohušovice nad Ohří,Czechia,Severozápad,CZ0423,50.49316,14.1504836
564613.0,564613.0,Brňany,Czechia,Severozápad,CZ0423,50.4809689,14.1418561
564621.0,564621.0,Brozany nad Ohří,Czechia,Severozápad,CZ0423,50.4536591,14.1454017
546755.0,546755.0,Brzánky,Czechia,Severozápad,CZ0423,50.4618374,14.3011859
564648.0,564648.0,Bříza,Czechia,Severozápad,CZ0423,50.360511,14.2162559
564656.0,564656.0,Budyně nad Ohří,Czechia,Severozápad,CZ0423,50.4042725,14.1259073
546780.0,546780.0,Býčkovice,Czechia,Severozápad,CZ0423,50.5597753,14.2135142
564672.0,564672.0,Ctiněves,Czechia,Severozápad,CZ0423,50.3745071,14.3070517
546852.0,546852.0,Černěves,Czechia,Severozápad,CZ0423,50.4543911,14.2431062
564699.0,564699.0,Černiv,Czechia,Severozápad,CZ0423,50.4449417,14.0589378
542423.0,542423.0,Černouček,Czechia,Severozápad,CZ0423,50.3608385,14.3071444
564711.0,564711.0,Čížkovice,Czechia,Severozápad,CZ0423,50.4841791,14.0283943
564729.0,564729.0,Děčany,Czechia,Severozápad,CZ0423,50.438594,13.9084663
564737.0,564737.0,Dlažkovice,Czechia,Severozápad,CZ0423,50.4655493,13.9649487
564745.0,564745.0,Dobříň,Czechia,Severozápad,CZ0423,50.4376383,14.2936904
564753.0,564753.0,Doksany,Czechia,Severozápad,CZ0423,50.4548867,14.1611296
553646.0,553646.0,Dolánky nad Ohří,Czechia,Severozápad,CZ0423,50.4729614,14.1632994
564770.0,564770.0,Drahobuz,Czechia,Severozápad,CZ0423,50.5251183,14.3206979
564818.0,564818.0,Dušníky,Czechia,Severozápad,CZ0423,50.4245332,14.1901631
564834.0,564834.0,Evaň,Czechia,Severozápad,CZ0423,50.3840502,14.0288787
564842.0,564842.0,Hlinná,Czechia,Severozápad,CZ0423,50.5723604,14.1066782
564851.0,564851.0,Horní Beřkovice,Czechia,Severozápad,CZ0423,50.3586579,14.3460693
546763.0,546763.0,Horní Řepčice,Czechia,Severozápad,CZ0423,50.5567297,14.2523048
564877.0,564877.0,Hoštka,Czechia,Severozápad,CZ0423,50.4885904,14.3349996
564893.0,564893.0,Hrobce,Czechia,Severozápad,CZ0423,50.4624681,14.230796
564923.0,564923.0,Chodouny,Czechia,Severozápad,CZ0423,50.4731695,14.2504798
564931.0,564931.0,Chodovlice,Czechia,Severozápad,CZ0423,50.463104,13.9932608
564940.0,564940.0,Chotěšov,Czechia,Severozápad,CZ0423,50.4397868,14.0851433
564958.0,564958.0,Chotiměř,Czechia,Severozápad,CZ0423,50.5482207,14.0008839
564966.0,564966.0,Chotiněves,Czechia,Severozápad,CZ0423,50.5520831,14.2792419
546810.0,546810.0,Chudoslavice,Czechia,Severozápad,CZ0423,50.5829237,14.1872344
505528.0,505528.0,Jenčice,Czechia,Severozápad,CZ0423,50.4829394,14.0043744
546771.0,546771.0,Kamýk,Czechia,Severozápad,CZ0423,50.5580627,14.0776907
565016.0,565016.0,Keblice,Czechia,Severozápad,CZ0423,50.4805189,14.1017653
565024.0,565024.0,Klapý,Czechia,Severozápad,CZ0423,50.4314351,14.0064723
565032.0,565032.0,Kleneč,Czechia,Severozápad,CZ0423,50.3925359,14.2483289
565059.0,565059.0,Kostomlaty pod Řípem,Czechia,Severozápad,CZ0423,50.382804,14.3331697
565067.0,565067.0,Krabčice,Czechia,Severozápad,CZ0423,50.405371,14.3013154
565075.0,565075.0,Křesín,Czechia,Severozápad,CZ0423,50.3945168,13.9807313
565083.0,565083.0,Křešice,Czechia,Severozápad,CZ0423,50.5225878,14.2144997
565091.0,565091.0,Kyškovice,Czechia,Severozápad,CZ0423,50.4479712,14.2860451
565105.0,565105.0,Levín,Czechia,Severozápad,CZ0423,50.6137762,14.284155
565113.0,565113.0,Lhotka nad Labem,Czechia,Severozápad,CZ0423,50.52558,14.0473179
565121.0,565121.0,Liběšice,Czechia,Severozápad,CZ0423,50.5688586,14.2890639
565148.0,565148.0,Libkovice pod Řípem,Czechia,Severozápad,CZ0423,50.392429,14.3423145
565156.0,565156.0,Libochovany,Czechia,Severozápad,CZ0423,50.5665643,14.0390341
565164.0,565164.0,Libochovice,Czechia,Severozápad,CZ0423,50.4060716,14.0422063
565172.0,565172.0,Libotenice,Czechia,Severozápad,CZ0423,50.4769179,14.2292434
564567.0,564567.0,Litoměřice,Czechia,Severozápad,CZ0423,50.5340795,14.1317985
546691.0,546691.0,Lkáň,Czechia,Severozápad,CZ0423,50.4430208,13.9696669
565211.0,565211.0,Lovečkovice,Czechia,Severozápad,CZ0423,50.6214556,14.263259
565229.0,565229.0,Lovosice,Czechia,Severozápad,CZ0423,50.5150033,14.0517563
565237.0,565237.0,Lukavec,Czechia,Severozápad,CZ0423,50.5016404,14.0856923
565245.0,565245.0,Malé Žernoseky,Czechia,Severozápad,CZ0423,50.5339729,14.0547288
542491.0,542491.0,Malíč,Czechia,Severozápad,CZ0423,50.5435312,14.0820036
565253.0,565253.0,Martiněves,Czechia,Severozápad,CZ0423,50.3727012,14.1528182
542521.0,542521.0,Michalovice,Czechia,Severozápad,CZ0423,50.5365779,14.0819309
530506.0,530506.0,Miřejovice,Czechia,Severozápad,CZ0423,50.553241,14.1089264
565296.0,565296.0,Mlékojedy,Czechia,Severozápad,CZ0423,50.5271229,14.1193238
565300.0,565300.0,Mnetěš,Czechia,Severozápad,CZ0423,50.365546,14.2817291
565318.0,565318.0,Mšené-lázně,Czechia,Severozápad,CZ0423,50.3622167,14.1270564
565342.0,565342.0,Nové Dvory,Czechia,Severozápad,CZ0423,50.4475981,14.1794056
542440.0,542440.0,Oleško,Czechia,Severozápad,CZ0423,50.4803951,14.196414
542539.0,542539.0,Píšťany,Czechia,Severozápad,CZ0423,50.5192225,14.0690951
565393.0,565393.0,Ploskovice,Czechia,Severozápad,CZ0423,50.5602359,14.1984767
565415.0,565415.0,Podsedice,Czechia,Severozápad,CZ0423,50.4719843,13.948284
565431.0,565431.0,Polepy,Czechia,Severozápad,CZ0423,50.5056265,14.2644682
565458.0,565458.0,Prackovice nad Labem,Czechia,Severozápad,CZ0423,50.5694174,14.0319634
565474.0,565474.0,Přestavlky,Czechia,Severozápad,CZ0423,50.4035112,14.193855
565482.0,565482.0,Račice,Czechia,Severozápad,CZ0423,50.4612952,14.3510711
565491.0,565491.0,Račiněves,Czechia,Severozápad,CZ0423,50.3730974,14.2186176
565521.0,565521.0,Radovesice,Czechia,Severozápad,CZ0423,50.4104797,14.0685898
565547.0,565547.0,Rochov,Czechia,Severozápad,CZ0423,50.4593856,14.1174354
565555.0,565555.0,Roudnice nad Labem,Czechia,Severozápad,CZ0423,50.4244462,14.2603824
546721.0,546721.0,Sedlec,Czechia,Severozápad,CZ0423,50.4500613,14.0162901
565598.0,565598.0,Siřejovice,Czechia,Severozápad,CZ0423,50.4778348,14.0701592
565601.0,565601.0,Slatina,Czechia,Severozápad,CZ0423,50.4308742,14.0375346
565610.0,565610.0,Snědovice,Czechia,Severozápad,CZ0423,50.5035302,14.3877472
546828.0,546828.0,Staňkovice,Czechia,Severozápad,CZ0423,50.5893992,14.16702
565679.0,565679.0,Straškov-Vodochody,Czechia,Severozápad,CZ0423,50.3643584,14.2501556
565695.0,565695.0,Sulejovice,Czechia,Severozápad,CZ0423,50.4987867,14.0374081
565709.0,565709.0,Štětí,Czechia,Severozápad,CZ0423,50.4529016,14.3747194
565717.0,565717.0,Terezín,Czechia,Severozápad,CZ0423,50.510716,14.149717
565741.0,565741.0,Travčice,Czechia,Severozápad,CZ0423,50.5032849,14.1897669
542407.0,542407.0,Trnovany,Czechia,Severozápad,CZ0423,50.5432133,14.1789389
565768.0,565768.0,Třebenice,Czechia,Severozápad,CZ0423,50.4763245,13.9900472
565776.0,565776.0,Třebívlice,Czechia,Severozápad,CZ0423,50.4580647,13.8992606
565792.0,565792.0,Třebušín,Czechia,Severozápad,CZ0423,50.5996402,14.2054181
565806.0,565806.0,Úpohlavy,Czechia,Severozápad,CZ0423,50.4630977,14.0355343
565814.0,565814.0,Úštěk,Czechia,Severozápad,CZ0423,50.5847441,14.3433242
565831.0,565831.0,Vědomice,Czechia,Severozápad,CZ0423,50.433886,14.2538979
565849.0,565849.0,Velemín,Czechia,Severozápad,CZ0423,50.5380413,13.9769909
565857.0,565857.0,Velké Žernoseky,Czechia,Severozápad,CZ0423,50.5394814,14.0646318
565865.0,565865.0,Vchynice,Czechia,Severozápad,CZ0423,50.5105032,14.020086
565873.0,565873.0,Vlastislav,Czechia,Severozápad,CZ0423,50.4969654,13.95543
565881.0,565881.0,Vražkov,Czechia,Severozápad,CZ0423,50.3734291,14.2680436
565890.0,565890.0,Vrbice,Czechia,Severozápad,CZ0423,50.4831967,14.2864953
565903.0,565903.0,Vrbičany,Czechia,Severozápad,CZ0423,50.4626004,14.0846711
565911.0,565911.0,Vrutice,Czechia,Severozápad,CZ0423,50.5021122,14.2897467
542482.0,542482.0,Záluží,Czechia,Severozápad,CZ0423,50.4600681,14.3224597
565938.0,565938.0,Žabovřesky nad Ohří,Czechia,Severozápad,CZ0423,50.41316,14.0910254
565946.0,565946.0,Žalhostice,Czechia,Severozápad,CZ0423,50.5230943,14.0913631
565954.0,565954.0,Židovice,Czechia,Severozápad,CZ0423,50.446284,14.2330554
565962.0,565962.0,Žitenice,Czechia,Severozápad,CZ0423,50.555383,14.1571254
565997.0,565997.0,Bitozeves,Czechia,Severozápad,CZ0424,50.3731536,13.6406811
566004.0,566004.0,Blatno,Czechia,Severozápad,CZ0424,50.0970153,13.3895428
566012.0,566012.0,Blažim,Czechia,Severozápad,CZ0424,50.4068433,13.6285699
566021.0,566021.0,Blšany,Czechia,Severozápad,CZ0424,50.2173339,13.4712007
542547.0,542547.0,Blšany u Loun,Czechia,Severozápad,CZ0424,50.3469804,13.8526462
546895.0,546895.0,Brodec,Czechia,Severozápad,CZ0424,50.2949192,13.8016141
566063.0,566063.0,Břvany,Czechia,Severozápad,CZ0424,50.401147,13.7215359
542571.0,542571.0,Cítoliby,Czechia,Severozápad,CZ0424,50.3308386,13.8126747
530581.0,530581.0,Čeradice,Czechia,Severozápad,CZ0424,50.3087437,13.4939023
542628.0,542628.0,Černčice,Czechia,Severozápad,CZ0424,50.3613795,13.8452128
566128.0,566128.0,Deštnice,Czechia,Severozápad,CZ0424,50.2306311,13.6098035
546861.0,546861.0,Dobroměřice,Czechia,Severozápad,CZ0424,50.3700911,13.7947324
566152.0,566152.0,Domoušice,Czechia,Severozápad,CZ0424,50.2341514,13.7295157
566187.0,566187.0,Holedeč,Czechia,Severozápad,CZ0424,50.277427,13.5629861
566195.0,566195.0,Hříškov,Czechia,Severozápad,CZ0424,50.2913288,13.8642979
566217.0,566217.0,Hřivice,Czechia,Severozápad,CZ0424,50.2880968,13.7303689
566233.0,566233.0,Chlumčany,Czechia,Severozápad,CZ0424,50.3349369,13.8432166
566241.0,566241.0,Chožov,Czechia,Severozápad,CZ0424,50.3987647,13.8589918
546429.0,546429.0,Chraberce,Czechia,Severozápad,CZ0424,50.408251,13.8294967
546011.0,546011.0,Jimlín,Czechia,Severozápad,CZ0424,50.3176857,13.7448735
566284.0,566284.0,Koštice,Czechia,Severozápad,CZ0424,50.4027209,13.9419374
530557.0,530557.0,Kozly,Czechia,Severozápad,CZ0424,50.4567839,13.7844299
566306.0,566306.0,Krásný Dvůr,Czechia,Severozápad,CZ0424,50.2541629,13.3677654
566314.0,566314.0,Kryry,Czechia,Severozápad,CZ0424,50.1743688,13.4265963
566322.0,566322.0,Lenešice,Czechia,Severozápad,CZ0424,50.3751609,13.7658954
566349.0,566349.0,Libčeves,Czechia,Severozápad,CZ0424,50.4524683,13.8381773
566357.0,566357.0,Liběšice,Czechia,Severozápad,CZ0424,50.2935604,13.621461
530590.0,530590.0,Libočany,Czechia,Severozápad,CZ0424,50.3335774,13.513298
566381.0,566381.0,Libořice,Czechia,Severozápad,CZ0424,50.2547035,13.5150773
566403.0,566403.0,Lipno,Czechia,Severozápad,CZ0424,50.3005961,13.6808608
566411.0,566411.0,Lišany,Czechia,Severozápad,CZ0424,50.3443583,13.6419129
546879.0,546879.0,Líšťany,Czechia,Severozápad,CZ0424,50.3125498,13.7996032
565971.0,565971.0,Louny,Czechia,Severozápad,CZ0424,50.3572914,13.7969195
566438.0,566438.0,Lubenec,Czechia,Severozápad,CZ0424,50.1320738,13.313189
566454.0,566454.0,Měcholupy,Czechia,Severozápad,CZ0424,50.2666633,13.5373693
566501.0,566501.0,Nepomyšl,Czechia,Severozápad,CZ0424,50.2180725,13.3132118
542636.0,542636.0,Nová Ves,Czechia,Severozápad,CZ0424,50.2860928,13.8425396
566519.0,566519.0,Nové Sedlo,Czechia,Severozápad,CZ0424,50.339638,13.4748279
542580.0,542580.0,Obora,Czechia,Severozápad,CZ0424,50.3732509,13.8629692
566527.0,566527.0,Očihov,Czechia,Severozápad,CZ0424,50.1982712,13.4602798
542555.0,542555.0,Opočno,Czechia,Severozápad,CZ0424,50.3114794,13.7352306
566535.0,566535.0,Panenský Týnec,Czechia,Severozápad,CZ0424,50.2949225,13.9169454
566551.0,566551.0,Peruc,Czechia,Severozápad,CZ0424,50.3425044,13.9598579
566560.0,566560.0,Petrohrad,Czechia,Severozápad,CZ0424,50.1275171,13.446414
566578.0,566578.0,Pnětluky,Czechia,Severozápad,CZ0424,50.2503169,13.7038469
566586.0,566586.0,Počedělice,Czechia,Severozápad,CZ0424,50.3722297,13.8877277
566608.0,566608.0,Podbořanský Rohozec,Czechia,Severozápad,CZ0424,50.2161842,13.2627219
566616.0,566616.0,Podbořany,Czechia,Severozápad,CZ0424,50.2292216,13.411359
566624.0,566624.0,Postoloprty,Czechia,Severozápad,CZ0424,50.3600554,13.7028467
566659.0,566659.0,Raná,Czechia,Severozápad,CZ0424,50.4115591,13.7792614
566667.0,566667.0,Ročov,Czechia,Severozápad,CZ0424,50.2535123,13.7739711
566713.0,566713.0,Slavětín,Czechia,Severozápad,CZ0424,50.3506077,13.9077073
566721.0,566721.0,Smolnice,Czechia,Severozápad,CZ0424,50.3086688,13.8484609
543128.0,543128.0,Staňkovice,Czechia,Severozápad,CZ0424,50.3498203,13.5710383
566829.0,566829.0,Toužetín,Czechia,Severozápad,CZ0424,50.3152855,13.886118
566853.0,566853.0,Tuchořice,Czechia,Severozápad,CZ0424,50.28488,13.6623409
546178.0,546178.0,Úherce,Czechia,Severozápad,CZ0424,50.2980559,13.9489834
566870.0,566870.0,Velemyšleves,Czechia,Severozápad,CZ0424,50.4025771,13.5636704
566896.0,566896.0,Veltěže,Czechia,Severozápad,CZ0424,50.3531567,13.8748423
566918.0,566918.0,Vinařice,Czechia,Severozápad,CZ0424,50.2658031,13.8225488
566926.0,566926.0,Vrbno nad Lesy,Czechia,Severozápad,CZ0424,50.3225147,13.9069723
566934.0,566934.0,Vroutek,Czechia,Severozápad,CZ0424,50.1806231,13.3804345
546887.0,546887.0,Vršovice,Czechia,Severozápad,CZ0424,50.3685873,13.8422308
566951.0,566951.0,Výškov,Czechia,Severozápad,CZ0424,50.3954229,13.6720992
530603.0,530603.0,Zálužice,Czechia,Severozápad,CZ0424,50.3213372,13.6038217
566977.0,566977.0,Zbrašín,Czechia,Severozápad,CZ0424,50.2993062,13.765915
566985.0,566985.0,Žatec,Czechia,Severozápad,CZ0424,50.3274423,13.545952
530565.0,530565.0,Želkovice,Czechia,Severozápad,CZ0424,50.4641557,13.8767165
543012.0,543012.0,Žerotín,Czechia,Severozápad,CZ0424,50.2862255,13.912101
567019.0,567019.0,Žiželice,Czechia,Severozápad,CZ0424,50.3674058,13.5399883
567043.0,567043.0,Bečov,Czechia,Severozápad,CZ0425,50.4497174,13.7178422
567051.0,567051.0,Bělušice,Czechia,Severozápad,CZ0425,50.4491559,13.7628159
567060.0,567060.0,Braňany,Czechia,Severozápad,CZ0425,50.5428359,13.7001415
567078.0,567078.0,Brandov,Czechia,Severozápad,CZ0425,50.632002,13.3907151
567108.0,567108.0,Český Jiřetín,Czechia,Severozápad,CZ0425,50.7073002,13.5471241
567141.0,567141.0,Havraň,Czechia,Severozápad,CZ0425,50.4500423,13.5987681
567167.0,567167.0,Hora Svaté Kateřiny,Czechia,Severozápad,CZ0425,50.6062324,13.4369475
567175.0,567175.0,Horní Jiřetín,Czechia,Severozápad,CZ0425,50.5730927,13.54717
567191.0,567191.0,Klíny,Czechia,Severozápad,CZ0425,50.6349182,13.5571596
567221.0,567221.0,Korozluky,Czechia,Severozápad,CZ0425,50.4785794,13.7229757
567248.0,567248.0,Lišnice,Czechia,Severozápad,CZ0425,50.4544451,13.6330065
567256.0,567256.0,Litvínov,Czechia,Severozápad,CZ0425,50.6009532,13.6110485
567264.0,567264.0,Lom,Czechia,Severozápad,CZ0425,50.5932769,13.6572887
567272.0,567272.0,Louka u Litvínova,Czechia,Severozápad,CZ0425,50.5878603,13.6364774
567281.0,567281.0,Lužice,Czechia,Severozápad,CZ0425,50.4917584,13.7540954
567299.0,567299.0,Malé Březno,Czechia,Severozápad,CZ0425,50.462487,13.5601942
567302.0,567302.0,Mariánské Radčice,Czechia,Severozápad,CZ0425,50.5740355,13.6649868
567311.0,567311.0,Meziboří,Czechia,Severozápad,CZ0425,50.6214996,13.6000332
567027.0,567027.0,Most,Czechia,Severozápad,CZ0425,50.5032737,13.636112
567329.0,567329.0,Nová Ves v Horách,Czechia,Severozápad,CZ0425,50.5946529,13.4825083
567337.0,567337.0,Obrnice,Czechia,Severozápad,CZ0425,50.5049767,13.6953975
567345.0,567345.0,Patokryje,Czechia,Severozápad,CZ0425,50.4998083,13.7051843
567353.0,567353.0,Polerady,Czechia,Severozápad,CZ0425,50.4445491,13.6533675
567361.0,567361.0,Skršín,Czechia,Severozápad,CZ0425,50.4656229,13.7543931
546437.0,546437.0,Volevčice,Czechia,Severozápad,CZ0425,50.4348828,13.6903855
567426.0,567426.0,Želenice,Czechia,Severozápad,CZ0425,50.5273109,13.7263718
567451.0,567451.0,Bílina,Czechia,Severozápad,CZ0426,50.5486059,13.7746622
567469.0,567469.0,Bořislav,Czechia,Severozápad,CZ0426,50.5793565,13.9292002
567477.0,567477.0,Bystřany,Czechia,Severozápad,CZ0426,50.6284944,13.8643993
567485.0,567485.0,Bžany,Czechia,Severozápad,CZ0426,50.5894764,13.8787049
567507.0,567507.0,Dubí,Czechia,Severozápad,CZ0426,50.6812997,13.788771
567515.0,567515.0,Duchcov,Czechia,Severozápad,CZ0426,50.6040315,13.7461464
567523.0,567523.0,Háj u Duchcova,Czechia,Severozápad,CZ0426,50.6308139,13.7125769
567531.0,567531.0,Hostomice,Czechia,Severozápad,CZ0426,50.5877004,13.8080288
567558.0,567558.0,Hrob,Czechia,Severozápad,CZ0426,50.6590894,13.7255293
567566.0,567566.0,Hrobčice,Czechia,Severozápad,CZ0426,50.5173425,13.7856033
567582.0,567582.0,Jeníkov,Czechia,Severozápad,CZ0426,50.6287718,13.7493684
567604.0,567604.0,Kladruby,Czechia,Severozápad,CZ0426,50.6145176,13.8262084
567612.0,567612.0,Kostomlaty pod Milešovkou,Czechia,Severozápad,CZ0426,50.5602131,13.8729448
567621.0,567621.0,Košťany,Czechia,Severozápad,CZ0426,50.6550196,13.7546017
567639.0,567639.0,Krupka,Czechia,Severozápad,CZ0426,50.6847005,13.8577518
567647.0,567647.0,Lahošť,Czechia,Severozápad,CZ0426,50.6182393,13.7652907
567655.0,567655.0,Ledvice,Czechia,Severozápad,CZ0426,50.5850123,13.7720256
546909.0,546909.0,Lukov,Czechia,Severozápad,CZ0426,50.5281229,13.8854071
567698.0,567698.0,Měrunice,Czechia,Severozápad,CZ0426,50.4804171,13.8179759
567701.0,567701.0,Mikulov,Czechia,Severozápad,CZ0426,50.6876061,13.7215972
567710.0,567710.0,Modlany,Czechia,Severozápad,CZ0426,50.65112,13.8972041
567728.0,567728.0,Moldava,Czechia,Severozápad,CZ0426,50.7206305,13.6572267
567752.0,567752.0,Novosedlice,Czechia,Severozápad,CZ0426,50.656333,13.8230407
567761.0,567761.0,Ohníč,Czechia,Severozápad,CZ0426,50.587239,13.8444269
567779.0,567779.0,Osek,Czechia,Severozápad,CZ0426,50.6230807,13.6861489
567787.0,567787.0,Proboštov,Czechia,Severozápad,CZ0426,50.6677268,13.836009
567809.0,567809.0,Rtyně nad Bílinou,Czechia,Severozápad,CZ0426,50.6033667,13.9085426
567833.0,567833.0,Srbice,Czechia,Severozápad,CZ0426,50.6606536,13.8692858
567841.0,567841.0,Světec,Czechia,Severozápad,CZ0426,50.5761297,13.8115942
567442.0,567442.0,Teplice,Czechia,Severozápad,CZ0426,50.6406644,13.8244461
567850.0,567850.0,Újezdeček,Czechia,Severozápad,CZ0426,50.6457119,13.7897533
567868.0,567868.0,Zabrušany,Czechia,Severozápad,CZ0426,50.6049512,13.7874824
567876.0,567876.0,Žalany,Czechia,Severozápad,CZ0426,50.5900249,13.9063344
567884.0,567884.0,Žim,Czechia,Severozápad,CZ0426,50.5849611,13.9652513
567931.0,567931.0,Dolní Zálezly,Czechia,Severozápad,CZ0427,50.5973179,14.0430777
567957.0,567957.0,Habrovany,Czechia,Severozápad,CZ0427,50.5985711,13.9816832
567973.0,567973.0,Homole u Panny,Czechia,Severozápad,CZ0427,50.6295127,14.1863161
568007.0,568007.0,Chabařovice,Czechia,Severozápad,CZ0427,50.6728303,13.9424879
568015.0,568015.0,Chlumec,Czechia,Severozápad,CZ0427,50.699992,13.9397526
568023.0,568023.0,Chuderov,Czechia,Severozápad,CZ0427,50.6889918,14.0470353
568058.0,568058.0,Libouchec,Czechia,Severozápad,CZ0427,50.7583955,14.0398647
568091.0,568091.0,Malé Březno,Czechia,Severozápad,CZ0427,50.6726042,14.1722538
568104.0,568104.0,Malečov,Czechia,Severozápad,CZ0427,50.6319237,14.1194456
568147.0,568147.0,Petrovice,Czechia,Severozápad,CZ0427,50.7890248,13.9761405
568155.0,568155.0,Povrly,Czechia,Severozápad,CZ0427,50.672754,14.1603641
530620.0,530620.0,Přestanov,Czechia,Severozápad,CZ0427,50.6866718,13.9202658
546186.0,546186.0,Ryjice,Czechia,Severozápad,CZ0427,50.6879501,14.091998
568201.0,568201.0,Řehlovice,Czechia,Severozápad,CZ0427,50.6071207,13.9541204
546925.0,546925.0,Stebno,Czechia,Severozápad,CZ0427,50.6150984,14.0172075
568287.0,568287.0,Tašov,Czechia,Severozápad,CZ0427,50.6145197,14.1357939
568295.0,568295.0,Telnice,Czechia,Severozápad,CZ0427,50.7329577,13.9577771
568309.0,568309.0,Tisá,Czechia,Severozápad,CZ0427,50.7844989,14.0313007
553697.0,553697.0,Trmice,Czechia,Severozápad,CZ0427,50.6428488,13.9942622
554804.0,554804.0,Ústí nad Labem,Czechia,Severozápad,CZ0427,50.6603327,14.0381357
568350.0,568350.0,Velké Březno,Czechia,Severozápad,CZ0427,50.662703,14.1417394
555223.0,555223.0,Velké Chvojno,Czechia,Severozápad,CZ0427,50.7315929,14.0367021
568384.0,568384.0,Zubrnice,Czechia,Severozápad,CZ0427,50.6494539,14.2203809
561398.0,561398.0,Bezděz,Czechia,Severovýchod,CZ0511,50.5337837,14.7217684
561401.0,561401.0,Blatce,Czechia,Severovýchod,CZ0511,50.5028838,14.6031414
561410.0,561410.0,Blíževedly,Czechia,Severovýchod,CZ0511,50.6084001,14.3964873
561428.0,561428.0,Bohatice,Czechia,Severovýchod,CZ0511,50.6688538,14.6791104
561444.0,561444.0,Brniště,Czechia,Severovýchod,CZ0511,50.7291861,14.7033847
561479.0,561479.0,Cvikov,Czechia,Severovýchod,CZ0511,50.7766765,14.6329751
561380.0,561380.0,Česká Lípa,Czechia,Severovýchod,CZ0511,50.6865452,14.5372974
561495.0,561495.0,Doksy,Czechia,Severovýchod,CZ0511,50.5642825,14.6553399
561533.0,561533.0,Dubá,Czechia,Severovýchod,CZ0511,50.5403416,14.5402337
561541.0,561541.0,Dubnice,Czechia,Severovýchod,CZ0511,50.7259718,14.8087129
544337.0,544337.0,Hamr na Jezeře,Czechia,Severovýchod,CZ0511,50.7024619,14.8385819
561584.0,561584.0,Holany,Czechia,Severovýchod,CZ0511,50.6179963,14.4929629
561592.0,561592.0,Horní Libchava,Czechia,Severovýchod,CZ0511,50.7128426,14.4933356
561606.0,561606.0,Horní Police,Czechia,Severovýchod,CZ0511,50.7038955,14.4042796
561614.0,561614.0,Chlum,Czechia,Severovýchod,CZ0511,50.5784357,14.5626618
561622.0,561622.0,Chotovice,Czechia,Severovýchod,CZ0511,50.7402125,14.5593373
561665.0,561665.0,Jestřebí,Czechia,Severovýchod,CZ0511,50.6085916,14.5845467
561681.0,561681.0,Kamenický Šenov,Czechia,Severovýchod,CZ0511,50.7735891,14.4728675
546232.0,546232.0,Kozly,Czechia,Severovýchod,CZ0511,50.6553459,14.4568189
561720.0,561720.0,Kravaře,Czechia,Severovýchod,CZ0511,50.6325705,14.3930912
561738.0,561738.0,Krompach,Czechia,Severovýchod,CZ0511,50.828899,14.7011224
561746.0,561746.0,Kunratice u Cvikova,Czechia,Severovýchod,CZ0511,50.7689101,14.678884
546259.0,546259.0,Kvítkov,Czechia,Severovýchod,CZ0511,50.6549208,14.4866557
514161.0,514161.0,Luka,Czechia,Severovýchod,CZ0511,50.5124085,14.664074
561827.0,561827.0,Mařenice,Czechia,Severovýchod,CZ0511,50.8080535,14.6787965
561835.0,561835.0,Mimoň,Czechia,Severovýchod,CZ0511,50.6589287,14.7244345
561851.0,561851.0,Noviny pod Ralskem,Czechia,Severovýchod,CZ0511,50.6920493,14.7468535
561860.0,561860.0,Nový Bor,Czechia,Severovýchod,CZ0511,50.757878,14.5554953
561878.0,561878.0,Nový Oldřichov,Czechia,Severovýchod,CZ0511,50.7654108,14.4421418
561886.0,561886.0,Okna,Czechia,Severovýchod,CZ0511,50.5274924,14.6709569
561894.0,561894.0,Okrouhlá,Czechia,Severovýchod,CZ0511,50.7668289,14.5275733
514276.0,514276.0,Pertoltice pod Ralskem,Czechia,Severovýchod,CZ0511,50.6799441,14.7191444
561959.0,561959.0,Polevsko,Czechia,Severovýchod,CZ0511,50.7862238,14.5312096
561983.0,561983.0,Provodín,Czechia,Severovýchod,CZ0511,50.6177765,14.6013288
561991.0,561991.0,Prysk,Czechia,Severovýchod,CZ0511,50.7962463,14.46766
530387.0,530387.0,Radvanec,Czechia,Severovýchod,CZ0511,50.7528997,14.5920383
562017.0,562017.0,Ralsko,Czechia,Severovýchod,CZ0511,50.5857728,14.8040625
562025.0,562025.0,Skalice u České Lípy,Czechia,Severovýchod,CZ0511,50.7449093,14.5306716
513890.0,513890.0,Skalka u Doks,Czechia,Severovýchod,CZ0511,50.5638465,14.6195062
562050.0,562050.0,Sloup v Čechách,Czechia,Severovýchod,CZ0511,50.7392237,14.5885149
546275.0,546275.0,Slunečná,Czechia,Severovýchod,CZ0511,50.7357721,14.4824815
562076.0,562076.0,Sosnová,Czechia,Severovýchod,CZ0511,50.6550478,14.5322849
562092.0,562092.0,Stráž pod Ralskem,Czechia,Severovýchod,CZ0511,50.7029923,14.8009646
562106.0,562106.0,Stružnice,Czechia,Severovýchod,CZ0511,50.6968707,14.4499848
562114.0,562114.0,Stvolínky,Czechia,Severovýchod,CZ0511,50.6322584,14.4288376
546283.0,546283.0,Svojkov,Czechia,Severovýchod,CZ0511,50.7193435,14.5989866
562131.0,562131.0,Svor,Czechia,Severovýchod,CZ0511,50.7918632,14.596773
553638.0,553638.0,Tachov,Czechia,Severovýchod,CZ0511,50.5433115,14.6384443
546267.0,546267.0,Tuhaň,Czechia,Severovýchod,CZ0511,50.5364757,14.4672977
562173.0,562173.0,Velenice,Czechia,Severovýchod,CZ0511,50.7189614,14.663893
562203.0,562203.0,Velký Valtinov,Czechia,Severovýchod,CZ0511,50.7437313,14.7352661
562220.0,562220.0,Volfartice,Czechia,Severovýchod,CZ0511,50.7301004,14.4529245
562238.0,562238.0,Vrchovany,Czechia,Severovýchod,CZ0511,50.5531355,14.571198
562246.0,562246.0,Zahrádky,Czechia,Severovýchod,CZ0511,50.6345668,14.5244557
562262.0,562262.0,Zákupy,Czechia,Severovýchod,CZ0511,50.6844952,14.6454503
562297.0,562297.0,Žandov,Czechia,Severovýchod,CZ0511,50.7137234,14.3962214
514195.0,514195.0,Ždírec,Czechia,Severovýchod,CZ0511,50.5154619,14.6242788
563528.0,563528.0,Albrechtice v Jizerských horách,Czechia,Severovýchod,CZ0512,50.7623619,15.2762385
563536.0,563536.0,Bedřichov,Czechia,Severovýchod,CZ0512,50.791017,15.1426403
530425.0,530425.0,Dalešice,Czechia,Severovýchod,CZ0512,50.6817579,15.1845709
563552.0,563552.0,Desná,Czechia,Severovýchod,CZ0512,50.760138,15.3027864
563561.0,563561.0,Držkov,Czechia,Severovýchod,CZ0512,50.6876177,15.3013264
563579.0,563579.0,Frýdštejn,Czechia,Severovýchod,CZ0512,50.6519708,15.1588309
577081.0,577081.0,Harrachov,Czechia,Severovýchod,CZ0512,50.7720087,15.4315431
563510.0,563510.0,Jablonec nad Nisou,Czechia,Severovýchod,CZ0512,50.7240899,15.1710958
563595.0,563595.0,Janov nad Nisou,Czechia,Severovýchod,CZ0512,50.7720406,15.1691346
563609.0,563609.0,Jenišovice,Czechia,Severovýchod,CZ0512,50.6280481,15.1365005
563617.0,563617.0,Jílové u Držkova,Czechia,Severovýchod,CZ0512,50.6708615,15.295868
546585.0,546585.0,Jiřetín pod Bukovou,Czechia,Severovýchod,CZ0512,50.7559316,15.2631237
563633.0,563633.0,Josefův Důl,Czechia,Severovýchod,CZ0512,50.781915,15.2314649
563641.0,563641.0,Koberovy,Czechia,Severovýchod,CZ0512,50.6246596,15.228224
563668.0,563668.0,Kořenov,Czechia,Severovýchod,CZ0512,50.7596171,15.3658974
563676.0,563676.0,Líšný,Czechia,Severovýchod,CZ0512,50.6460713,15.2122036
563684.0,563684.0,Loužnice,Czechia,Severovýchod,CZ0512,50.6796474,15.2676915
563692.0,563692.0,Lučany nad Nisou,Czechia,Severovýchod,CZ0512,50.7413554,15.2204627
563706.0,563706.0,Malá Skála,Czechia,Severovýchod,CZ0512,50.6460924,15.1935135
563714.0,563714.0,Maršovice,Czechia,Severovýchod,CZ0512,50.6963543,15.1984682
563731.0,563731.0,Nová Ves nad Nisou,Czechia,Severovýchod,CZ0512,50.7253941,15.2142196
563749.0,563749.0,Pěnčín,Czechia,Severovýchod,CZ0512,50.6876908,15.23593
563757.0,563757.0,Plavy,Czechia,Severovýchod,CZ0512,50.7046611,15.3180054
546577.0,546577.0,Pulečný,Czechia,Severovýchod,CZ0512,50.6753874,15.1678776
563773.0,563773.0,Radčice,Czechia,Severovýchod,CZ0512,50.6727609,15.2776407
563781.0,563781.0,Rádlo,Czechia,Severovýchod,CZ0512,50.6984516,15.1157502
563790.0,563790.0,Rychnov u Jablonce nad Nisou,Czechia,Severovýchod,CZ0512,50.6837901,15.149789
563803.0,563803.0,Skuhrov,Czechia,Severovýchod,CZ0512,50.6760027,15.2133024
563811.0,563811.0,Smržovka,Czechia,Severovýchod,CZ0512,50.7384678,15.2463402
563820.0,563820.0,Tanvald,Czechia,Severovýchod,CZ0512,50.7379436,15.3037997
563838.0,563838.0,Velké Hamry,Czechia,Severovýchod,CZ0512,50.7143764,15.3150838
563846.0,563846.0,Vlastiboř,Czechia,Severovýchod,CZ0512,50.6648743,15.3117182
563854.0,563854.0,Zásada,Czechia,Severovýchod,CZ0512,50.6978299,15.2702627
563862.0,563862.0,Zlatá Olešnice,Czechia,Severovýchod,CZ0512,50.7088147,15.3534548
563871.0,563871.0,Železný Brod,Czechia,Severovýchod,CZ0512,50.6430652,15.2539851
563901.0,563901.0,Bílá,Czechia,Severovýchod,CZ0513,50.66483,15.0354133
563919.0,563919.0,Bílý Kostel nad Nisou,Czechia,Severovýchod,CZ0513,50.8228944,14.9244734
546631.0,546631.0,Bílý Potok,Czechia,Severovýchod,CZ0513,50.8736749,15.221633
563935.0,563935.0,Bulovka,Czechia,Severovýchod,CZ0513,50.971142,15.1235589
563943.0,563943.0,Cetenov,Czechia,Severovýchod,CZ0513,50.6444222,14.9175959
545996.0,545996.0,Černousy,Czechia,Severovýchod,CZ0513,51.0045087,15.0507883
563960.0,563960.0,Český Dub,Czechia,Severovýchod,CZ0513,50.6607076,14.9957954
544531.0,544531.0,Čtveřín,Czechia,Severovýchod,CZ0513,50.5925048,15.1001727
546607.0,546607.0,Dětřichov,Czechia,Severovýchod,CZ0513,50.8926459,15.0365656
530468.0,530468.0,Dlouhý Most,Czechia,Severovýchod,CZ0513,50.710673,15.0769449
563994.0,563994.0,Dolní Řasnice,Czechia,Severovýchod,CZ0513,50.9456852,15.168675
564028.0,564028.0,Frýdlant,Czechia,Severovýchod,CZ0513,50.9216775,15.0794594
564036.0,564036.0,Habartice,Czechia,Severovýchod,CZ0513,51.0190316,15.065154
564044.0,564044.0,Hejnice,Czechia,Severovýchod,CZ0513,50.8772146,15.1816799
544353.0,544353.0,Heřmanice,Czechia,Severovýchod,CZ0513,50.8968983,15.0063464
564052.0,564052.0,Hlavice,Czechia,Severovýchod,CZ0513,50.6320739,14.9253239
564061.0,564061.0,Hodkovice nad Mohelkou,Czechia,Severovýchod,CZ0513,50.6656427,15.0901298
564079.0,564079.0,Horní Řasnice,Czechia,Severovýchod,CZ0513,50.9654625,15.2014883
564095.0,564095.0,Hrádek nad Nisou,Czechia,Severovýchod,CZ0513,50.8522229,14.8436667
564109.0,564109.0,Chotyně,Czechia,Severovýchod,CZ0513,50.8362893,14.8691101
564117.0,564117.0,Chrastava,Czechia,Severovýchod,CZ0513,50.8172919,14.968859
561631.0,561631.0,Jablonné v Podještědí,Czechia,Severovýchod,CZ0513,50.7657554,14.7614324
561657.0,561657.0,Janovice v Podještědí,Czechia,Severovýchod,CZ0513,50.7628718,14.8242337
546658.0,546658.0,Janův Důl,Czechia,Severovýchod,CZ0513,50.7043334,14.939755
530484.0,530484.0,Jeřmanice,Czechia,Severovýchod,CZ0513,50.6995651,15.0938211
564133.0,564133.0,Jindřichovice pod Smrkem,Czechia,Severovýchod,CZ0513,50.9608145,15.2495327
564141.0,564141.0,Kobyly,Czechia,Severovýchod,CZ0513,50.6098553,15.0068667
564168.0,564168.0,Krásný Les,Czechia,Severovýchod,CZ0513,50.9402217,15.127556
564176.0,564176.0,Kryštofovo Údolí,Czechia,Severovýchod,CZ0513,50.7750934,14.9366487
564184.0,564184.0,Křižany,Czechia,Severovýchod,CZ0513,50.7384779,14.9013067
530433.0,530433.0,Kunratice,Czechia,Severovýchod,CZ0513,50.9214131,15.0260411
564206.0,564206.0,Lázně Libverda,Czechia,Severovýchod,CZ0513,50.8901392,15.1903612
545937.0,545937.0,Lažany,Czechia,Severovýchod,CZ0513,50.6008994,15.1097439
563889.0,563889.0,Liberec,Czechia,Severovýchod,CZ0513,50.7702648,15.0583947
564231.0,564231.0,Mníšek,Czechia,Severovýchod,CZ0513,50.8316317,15.0562951
546593.0,546593.0,Nová Ves,Czechia,Severovýchod,CZ0513,50.8315053,15.0010644
564265.0,564265.0,Nové Město pod Smrkem,Czechia,Severovýchod,CZ0513,50.9254734,15.2299746
564281.0,564281.0,Oldřichov v Hájích,Czechia,Severovýchod,CZ0513,50.8496318,15.0836665
564290.0,564290.0,Osečná,Czechia,Severovýchod,CZ0513,50.694566,14.9210158
545953.0,545953.0,Paceřice,Czechia,Severovýchod,CZ0513,50.6191916,15.1138445
564303.0,564303.0,Pěnčín,Czechia,Severovýchod,CZ0513,50.594867,15.0760883
564311.0,564311.0,Pertoltice,Czechia,Severovýchod,CZ0513,50.9810026,15.0774721
544345.0,544345.0,Proseč pod Ještědem,Czechia,Severovýchod,CZ0513,50.7016605,15.0170295
564354.0,564354.0,Příšovice,Czechia,Severovýchod,CZ0513,50.5781315,15.083897
544582.0,544582.0,Radimovice,Czechia,Severovýchod,CZ0513,50.6260003,15.081644
564371.0,564371.0,Raspenava,Czechia,Severovýchod,CZ0513,50.9041544,15.1146468
564397.0,564397.0,Rynoltice,Czechia,Severovýchod,CZ0513,50.7890217,14.8186975
564401.0,564401.0,Soběslavice,Czechia,Severovýchod,CZ0513,50.6048995,15.0341087
544477.0,544477.0,Stráž nad Nisou,Czechia,Severovýchod,CZ0513,50.7909919,15.0268261
564427.0,564427.0,Světlá pod Ještědem,Czechia,Severovýchod,CZ0513,50.7112741,14.9854428
564435.0,564435.0,Svijanský Újezd,Czechia,Severovýchod,CZ0513,50.5872316,15.043348
564443.0,564443.0,Svijany,Czechia,Severovýchod,CZ0513,50.5722298,15.0569721
564451.0,564451.0,Sychrov,Czechia,Severovýchod,CZ0513,50.6262421,15.0886689
564460.0,564460.0,Šimonovice,Czechia,Severovýchod,CZ0513,50.7063759,15.052623
564494.0,564494.0,Višňová,Czechia,Severovýchod,CZ0513,50.9668909,15.0243209
564516.0,564516.0,Vlastibořice,Czechia,Severovýchod,CZ0513,50.618715,15.0520033
564532.0,564532.0,Všelibice,Czechia,Severovýchod,CZ0513,50.646049,14.951381
564541.0,564541.0,Zdislava,Czechia,Severovýchod,CZ0513,50.7649633,14.8762933
544604.0,544604.0,Žďárek,Czechia,Severovýchod,CZ0513,50.6404783,15.1115012
576972.0,576972.0,Bělá,Czechia,Severovýchod,CZ0514,50.5339147,15.4452704
576981.0,576981.0,Benecko,Czechia,Severovýchod,CZ0514,50.6663343,15.5481647
576999.0,576999.0,Benešov u Semil,Czechia,Severovýchod,CZ0514,50.6034651,15.3683661
577006.0,577006.0,Bozkov,Czechia,Severovýchod,CZ0514,50.6400712,15.3370985
577014.0,577014.0,Bradlecká Lhota,Czechia,Severovýchod,CZ0514,50.4885722,15.3962248
577031.0,577031.0,Bukovina u Čisté,Czechia,Severovýchod,CZ0514,50.5425949,15.5838332
577049.0,577049.0,Bystrá nad Jizerou,Czechia,Severovýchod,CZ0514,50.6046896,15.4014503
577057.0,577057.0,Čistá u Horek,Czechia,Severovýchod,CZ0514,50.5316013,15.6075439
577073.0,577073.0,Háje nad Jizerou,Czechia,Severovýchod,CZ0514,50.6118786,15.4230514
577111.0,577111.0,Holenice,Czechia,Severovýchod,CZ0514,50.5203729,15.3004402
574201.0,574201.0,Horka u Staré Paky,Czechia,Severovýchod,CZ0514,50.526084,15.5758746
577120.0,577120.0,Horní Branná,Czechia,Severovýchod,CZ0514,50.6089217,15.5699724
577146.0,577146.0,Hrubá Skála,Czechia,Severovýchod,CZ0514,50.5409167,15.1991927
577154.0,577154.0,Chuchelna,Czechia,Severovýchod,CZ0514,50.6022869,15.3003417
577162.0,577162.0,Jablonec nad Jizerou,Czechia,Severovýchod,CZ0514,50.70344,15.4295952
577171.0,577171.0,Jesenný,Czechia,Severovýchod,CZ0514,50.6602996,15.3386678
577189.0,577189.0,Jestřabí v Krkonoších,Czechia,Severovýchod,CZ0514,50.6805188,15.4917269
577197.0,577197.0,Jilemnice,Czechia,Severovýchod,CZ0514,50.6091761,15.5064747
577201.0,577201.0,Kacanovy,Czechia,Severovýchod,CZ0514,50.5506684,15.1452724
577219.0,577219.0,Karlovice,Czechia,Severovýchod,CZ0514,50.5630015,15.2097443
577227.0,577227.0,Klokočí,Czechia,Severovýchod,CZ0514,50.5996614,15.2216081
577235.0,577235.0,Košťálov,Czechia,Severovýchod,CZ0514,50.5716517,15.404028
577243.0,577243.0,Kruh,Czechia,Severovýchod,CZ0514,50.5656317,15.4803167
547484.0,547484.0,Ktová,Czechia,Severovýchod,CZ0514,50.5198453,15.2468061
577375.0,577375.0,Levínská Olešnice,Czechia,Severovýchod,CZ0514,50.5282084,15.5407071
577294.0,577294.0,Libštát,Czechia,Severovýchod,CZ0514,50.5594039,15.4159301
577308.0,577308.0,Lomnice nad Popelkou,Czechia,Severovýchod,CZ0514,50.5310646,15.3728809
573400.0,573400.0,Loučky,Czechia,Severovýchod,CZ0514,50.6175592,15.2184853
573418.0,573418.0,Martinice v Krkonoších,Czechia,Severovýchod,CZ0514,50.5808469,15.5333055
577316.0,577316.0,Mírová pod Kozákovem,Czechia,Severovýchod,CZ0514,50.5918105,15.1941884
577324.0,577324.0,Modřišice,Czechia,Severovýchod,CZ0514,50.5740755,15.1193291
577332.0,577332.0,Mříčná,Czechia,Severovýchod,CZ0514,50.600714,15.4687893
577341.0,577341.0,Nová Ves nad Popelkou,Czechia,Severovýchod,CZ0514,50.5203107,15.411845
577359.0,577359.0,Ohrazenice,Czechia,Severovýchod,CZ0514,50.5976484,15.1258688
577367.0,577367.0,Olešnice,Czechia,Severovýchod,CZ0514,50.5450252,15.119417
547476.0,547476.0,Paseky nad Jizerou,Czechia,Severovýchod,CZ0514,50.7251192,15.3996026
577391.0,577391.0,Peřimov,Czechia,Severovýchod,CZ0514,50.6194198,15.4432993
577405.0,577405.0,Poniklá,Czechia,Severovýchod,CZ0514,50.6612187,15.4641885
577413.0,577413.0,Přepeře,Czechia,Severovýchod,CZ0514,50.5829315,15.112793
577421.0,577421.0,Příkrý,Czechia,Severovýchod,CZ0514,50.624929,15.3645153
577430.0,577430.0,Radostná pod Kozákovem,Czechia,Severovýchod,CZ0514,50.5776756,15.2456347
577448.0,577448.0,Rakousy,Czechia,Severovýchod,CZ0514,50.6203245,15.1875385
577456.0,577456.0,Rokytnice nad Jizerou,Czechia,Severovýchod,CZ0514,50.7279915,15.4633503
577464.0,577464.0,Roprachtice,Czechia,Severovýchod,CZ0514,50.6475953,15.4158308
577472.0,577472.0,Rovensko pod Troskami,Czechia,Severovýchod,CZ0514,50.5351143,15.2598248
577499.0,577499.0,Roztoky u Jilemnice,Czechia,Severovýchod,CZ0514,50.5637877,15.4997448
577481.0,577481.0,Roztoky u Semil,Czechia,Severovýchod,CZ0514,50.6584502,15.3715314
576964.0,576964.0,Semily,Czechia,Severovýchod,CZ0514,50.602249,15.33526
577529.0,577529.0,Slaná,Czechia,Severovýchod,CZ0514,50.5808113,15.3296792
577545.0,577545.0,Stružinec,Czechia,Severovýchod,CZ0514,50.5508499,15.3579786
577553.0,577553.0,Studenec,Czechia,Severovýchod,CZ0514,50.5534442,15.5493635
577561.0,577561.0,Svojek,Czechia,Severovýchod,CZ0514,50.5534168,15.4555556
577570.0,577570.0,Syřenov,Czechia,Severovýchod,CZ0514,50.4986558,15.4275471
577596.0,577596.0,Tatobity,Czechia,Severovýchod,CZ0514,50.5712436,15.273161
577600.0,577600.0,Troskovice,Czechia,Severovýchod,CZ0514,50.5115869,15.2223125
577626.0,577626.0,Turnov,Czechia,Severovýchod,CZ0514,50.5874068,15.1574182
577642.0,577642.0,Veselá,Czechia,Severovýchod,CZ0514,50.5466147,15.3088593
577651.0,577651.0,Víchová nad Jizerou,Czechia,Severovýchod,CZ0514,50.6300813,15.4876716
577669.0,577669.0,Vítkovice,Czechia,Severovýchod,CZ0514,50.6790154,15.5312007
577677.0,577677.0,Všeň,Czechia,Severovýchod,CZ0514,50.5574523,15.105215
577685.0,577685.0,Vyskeř,Czechia,Severovýchod,CZ0514,50.5293054,15.1579423
577693.0,577693.0,Vysoké nad Jizerou,Czechia,Severovýchod,CZ0514,50.6857713,15.4014639
577707.0,577707.0,Záhoří,Czechia,Severovýchod,CZ0514,50.6115101,15.2740866
577723.0,577723.0,Žernov,Czechia,Severovýchod,CZ0514,50.5567451,15.2696427
569828.0,569828.0,Babice,Czechia,Severovýchod,CZ0521,50.192097,15.5855115
569836.0,569836.0,Barchov,Czechia,Severovýchod,CZ0521,50.1976149,15.5671876
569852.0,569852.0,Běleč nad Orlicí,Czechia,Severovýchod,CZ0521,50.1979829,15.9427004
569861.0,569861.0,Benátky,Czechia,Severovýchod,CZ0521,50.3101932,15.7359902
569879.0,569879.0,Blešno,Czechia,Severovýchod,CZ0521,50.213913,15.9306408
569887.0,569887.0,Boharyně,Czechia,Severovýchod,CZ0521,50.2038113,15.6306746
569917.0,569917.0,Černilov,Czechia,Severovýchod,CZ0521,50.2626451,15.9225386
569925.0,569925.0,Černožice,Czechia,Severovýchod,CZ0521,50.3186341,15.8740273
569933.0,569933.0,Čistěves,Czechia,Severovýchod,CZ0521,50.2888314,15.7318296
569941.0,569941.0,Divec,Czechia,Severovýchod,CZ0521,50.2397771,15.9216533
569968.0,569968.0,Dobřenice,Czechia,Severovýchod,CZ0521,50.1477218,15.6410411
569976.0,569976.0,Dohalice,Czechia,Severovýchod,CZ0521,50.2872721,15.6945
569984.0,569984.0,Dolní Přím,Czechia,Severovýchod,CZ0521,50.2396557,15.7081683
569992.0,569992.0,Habřina,Czechia,Severovýchod,CZ0521,50.325952,15.8266133
570001.0,570001.0,Hlušice,Czechia,Severovýchod,CZ0521,50.2645978,15.4032585
570010.0,570010.0,Hněvčeves,Czechia,Severovýchod,CZ0521,50.31487,15.7161247
570028.0,570028.0,Holohlavy,Czechia,Severovýchod,CZ0521,50.3079393,15.8600804
570044.0,570044.0,Hořiněves,Czechia,Severovýchod,CZ0521,50.3095406,15.7673156
569810.0,569810.0,Hradec Králové,Czechia,Severovýchod,CZ0521,50.2092113,15.8327512
570052.0,570052.0,Hrádek,Czechia,Severovýchod,CZ0521,50.2185634,15.6755482
570087.0,570087.0,Humburky,Czechia,Severovýchod,CZ0521,50.2260244,15.5115249
573621.0,573621.0,Hvozdnice,Czechia,Severovýchod,CZ0521,50.1912751,15.7112402
570109.0,570109.0,Chlumec nad Cidlinou,Czechia,Severovýchod,CZ0521,50.154395,15.4603384
570125.0,570125.0,Chudeřice,Czechia,Severovýchod,CZ0521,50.1490396,15.5508664
570133.0,570133.0,Jeníkovice,Czechia,Severovýchod,CZ0521,50.2281817,16.0026322
576352.0,576352.0,Jílovice,Czechia,Severovýchod,CZ0521,50.2506244,16.0126804
570150.0,570150.0,Káranice,Czechia,Severovýchod,CZ0521,50.1529567,15.5574937
570168.0,570168.0,Klamoš,Czechia,Severovýchod,CZ0521,50.1255818,15.5012522
573710.0,573710.0,Kobylice,Czechia,Severovýchod,CZ0521,50.2458288,15.5870972
570176.0,570176.0,Kosice,Czechia,Severovýchod,CZ0521,50.1797445,15.5349958
570184.0,570184.0,Kosičky,Czechia,Severovýchod,CZ0521,50.1789569,15.5551183
570192.0,570192.0,Králíky,Czechia,Severovýchod,CZ0521,50.2594433,15.5365738
570206.0,570206.0,Kratonohy,Czechia,Severovýchod,CZ0521,50.1691435,15.606913
570214.0,570214.0,Kunčice,Czechia,Severovýchod,CZ0521,50.2175182,15.635916
576433.0,576433.0,Ledce,Czechia,Severovýchod,CZ0521,50.2237585,16.0424591
570222.0,570222.0,Lejšovka,Czechia,Severovýchod,CZ0521,50.2976632,15.9422837
570231.0,570231.0,Lhota pod Libčany,Czechia,Severovýchod,CZ0521,50.1724139,15.6955462
570249.0,570249.0,Libčany,Czechia,Severovýchod,CZ0521,50.1916624,15.6949102
570257.0,570257.0,Libníkovice,Czechia,Severovýchod,CZ0521,50.2441697,15.9961363
570265.0,570265.0,Librantice,Czechia,Severovýchod,CZ0521,50.2422648,15.9597444
570273.0,570273.0,Libřice,Czechia,Severovýchod,CZ0521,50.2877765,15.9637918
570290.0,570290.0,Lišice,Czechia,Severovýchod,CZ0521,50.1810124,15.4078528
570303.0,570303.0,Lodín,Czechia,Severovýchod,CZ0521,50.2708527,15.6104477
570311.0,570311.0,Lochenice,Czechia,Severovýchod,CZ0521,50.2722482,15.81955
570320.0,570320.0,Lovčice,Czechia,Severovýchod,CZ0521,50.1651677,15.383891
570354.0,570354.0,Lužany,Czechia,Severovýchod,CZ0521,50.3382597,15.7912693
570362.0,570362.0,Lužec nad Cidlinou,Czechia,Severovýchod,CZ0521,50.2135439,15.4118616
573779.0,573779.0,Máslojedy,Czechia,Severovýchod,CZ0521,50.2970501,15.7587749
570397.0,570397.0,Měník,Czechia,Severovýchod,CZ0521,50.2154054,15.5281677
570401.0,570401.0,Mlékosrby,Czechia,Severovýchod,CZ0521,50.1917249,15.5014658
570419.0,570419.0,Mokrovousy,Czechia,Severovýchod,CZ0521,50.2750311,15.6858341
570427.0,570427.0,Myštěves,Czechia,Severovýchod,CZ0521,50.2967551,15.5565711
570435.0,570435.0,Mžany,Czechia,Severovýchod,CZ0521,50.2964091,15.6758484
570443.0,570443.0,Neděliště,Czechia,Severovýchod,CZ0521,50.2769291,15.7854552
570451.0,570451.0,Nechanice,Czechia,Severovýchod,CZ0521,50.2373686,15.6327598
570478.0,570478.0,Nepolisy,Czechia,Severovýchod,CZ0521,50.1922062,15.4633463
570494.0,570494.0,Nové Město,Czechia,Severovýchod,CZ0521,50.1476698,15.4951082
570508.0,570508.0,Nový Bydžov,Czechia,Severovýchod,CZ0521,50.2417701,15.4907692
548065.0,548065.0,Obědovice,Czechia,Severovýchod,CZ0521,50.161057,15.5820221
570516.0,570516.0,Ohnišťany,Czechia,Severovýchod,CZ0521,50.3295312,15.510981
570524.0,570524.0,Olešnice,Czechia,Severovýchod,CZ0521,50.1402816,15.4479641
570532.0,570532.0,Osice,Czechia,Severovýchod,CZ0521,50.1427924,15.6858079
570541.0,570541.0,Osičky,Czechia,Severovýchod,CZ0521,50.14355,15.6761833
570567.0,570567.0,Petrovice,Czechia,Severovýchod,CZ0521,50.2897553,15.598495
570575.0,570575.0,Písek,Czechia,Severovýchod,CZ0521,50.1554308,15.5017289
570648.0,570648.0,Prasek,Czechia,Severovýchod,CZ0521,50.2386755,15.5485896
570656.0,570656.0,Praskačka,Czechia,Severovýchod,CZ0521,50.1725729,15.7425601
570672.0,570672.0,Předměřice nad Labem,Czechia,Severovýchod,CZ0521,50.2563276,15.8155632
570681.0,570681.0,Převýšov,Czechia,Severovýchod,CZ0521,50.1515343,15.4104358
530671.0,530671.0,Pšánky,Czechia,Severovýchod,CZ0521,50.2942394,15.6205293
573531.0,573531.0,Puchlovice,Czechia,Severovýchod,CZ0521,50.1856943,15.6267643
570702.0,570702.0,Račice nad Trotinou,Czechia,Severovýchod,CZ0521,50.3157208,15.7961057
570711.0,570711.0,Radíkovice,Czechia,Severovýchod,CZ0521,50.2093077,15.6935697
570729.0,570729.0,Radostov,Czechia,Severovýchod,CZ0521,50.2097728,15.6635759
570745.0,570745.0,Roudnice,Czechia,Severovýchod,CZ0521,50.1761626,15.6516988
573191.0,573191.0,Sadová,Czechia,Severovýchod,CZ0521,50.2976846,15.6975865
570796.0,570796.0,Sendražice,Czechia,Severovýchod,CZ0521,50.2898539,15.7959685
570800.0,570800.0,Skalice,Czechia,Severovýchod,CZ0521,50.2763716,15.8720291
570834.0,570834.0,Skřivany,Czechia,Severovýchod,CZ0521,50.2686182,15.4990649
570851.0,570851.0,Sloupno,Czechia,Severovýchod,CZ0521,50.2573188,15.5019693
570869.0,570869.0,Smidary,Czechia,Severovýchod,CZ0521,50.2914563,15.477249
570877.0,570877.0,Smiřice,Czechia,Severovýchod,CZ0521,50.2995707,15.8645911
570885.0,570885.0,Smržov,Czechia,Severovýchod,CZ0521,50.2997478,15.9178372
570907.0,570907.0,Sovětice,Czechia,Severovýchod,CZ0521,50.3075749,15.7064054
570915.0,570915.0,Stará Voda,Czechia,Severovýchod,CZ0521,50.1503227,15.5305626
573132.0,573132.0,Starý Bydžov,Czechia,Severovýchod,CZ0521,50.2584409,15.4523279
570931.0,570931.0,Stěžery,Czechia,Severovýchod,CZ0521,50.2157226,15.7483063
570958.0,570958.0,Stračov,Czechia,Severovýchod,CZ0521,50.3017614,15.6409962
570966.0,570966.0,Střezetice,Czechia,Severovýchod,CZ0521,50.2583663,15.7183521
548154.0,548154.0,Světí,Czechia,Severovýchod,CZ0521,50.2568164,15.7762192
571008.0,571008.0,Syrovátka,Czechia,Severovýchod,CZ0521,50.1550273,15.6626823
571016.0,571016.0,Šaplava,Czechia,Severovýchod,CZ0521,50.3150463,15.5418013
571024.0,571024.0,Těchlovice,Czechia,Severovýchod,CZ0521,50.2075419,15.7111726
571041.0,571041.0,Třebechovice pod Orebem,Czechia,Severovýchod,CZ0521,50.2007842,15.993087
571059.0,571059.0,Třesovice,Czechia,Severovýchod,CZ0521,50.2650788,15.6889728
513717.0,513717.0,Urbanice,Czechia,Severovýchod,CZ0521,50.1799211,15.7273526
571083.0,571083.0,Vinary,Czechia,Severovýchod,CZ0521,50.2895085,15.4288566
548057.0,548057.0,Vrchovnice,Czechia,Severovýchod,CZ0521,50.3229339,15.7575213
571091.0,571091.0,Všestary,Czechia,Severovýchod,CZ0521,50.2565157,15.7598096
571105.0,571105.0,Výrava,Czechia,Severovýchod,CZ0521,50.2696413,15.9789472
571113.0,571113.0,Vysoká nad Labem,Czechia,Severovýchod,CZ0521,50.1533878,15.8250203
548677.0,548677.0,Vysoký Újezd,Czechia,Severovýchod,CZ0521,50.2402417,16.0200771
571130.0,571130.0,Zachrašťany,Czechia,Severovýchod,CZ0521,50.2111962,15.4828357
573744.0,573744.0,Zdechovice,Czechia,Severovýchod,CZ0521,50.224728,15.5616539
553701.0,553701.0,Bačalky,Czechia,Severovýchod,CZ0522,50.384947,15.1534234
572667.0,572667.0,Bašnice,Czechia,Severovýchod,CZ0522,50.3344768,15.6050227
572675.0,572675.0,Běchary,Czechia,Severovýchod,CZ0522,50.3140303,15.2925104
548901.0,548901.0,Bílsko u Hořic,Czechia,Severovýchod,CZ0522,50.3696574,15.6004468
572705.0,572705.0,Boháňka,Czechia,Severovýchod,CZ0522,50.3657954,15.7083789
548979.0,548979.0,Borek,Czechia,Severovýchod,CZ0522,50.4388633,15.6542394
549100.0,549100.0,Brada-Rybníček,Czechia,Severovýchod,CZ0522,50.462366,15.335019
549070.0,549070.0,Březina,Czechia,Severovýchod,CZ0522,50.4342939,15.3132604
548855.0,548855.0,Bříšťany,Czechia,Severovýchod,CZ0522,50.316256,15.6211545
548952.0,548952.0,Budčeves,Czechia,Severovýchod,CZ0522,50.3084735,15.2545351
573353.0,573353.0,Bukvice,Czechia,Severovýchod,CZ0522,50.412486,15.2945298
549282.0,549282.0,Butoves,Czechia,Severovýchod,CZ0522,50.3863725,15.4276717
572772.0,572772.0,Bystřice,Czechia,Severovýchod,CZ0522,50.3928833,15.2441117
572781.0,572781.0,Cerekvice nad Bystřicí,Czechia,Severovýchod,CZ0522,50.3332491,15.7235276
548995.0,548995.0,Červená Třemešná,Czechia,Severovýchod,CZ0522,50.3993309,15.6434964
572811.0,572811.0,Češov,Czechia,Severovýchod,CZ0522,50.3391045,15.3603228
572829.0,572829.0,Dětenice,Czechia,Severovýchod,CZ0522,50.3680722,15.1701828
549118.0,549118.0,Dílce,Czechia,Severovýchod,CZ0522,50.4671939,15.3593276
572837.0,572837.0,Dobrá Voda u Hořic,Czechia,Severovýchod,CZ0522,50.3483591,15.6026678
549088.0,549088.0,Dolní Lochov,Czechia,Severovýchod,CZ0522,50.4522513,15.2862544
573337.0,573337.0,Dřevěnice,Czechia,Severovýchod,CZ0522,50.4525124,15.4470919
572900.0,572900.0,Holín,Czechia,Severovýchod,CZ0522,50.450825,15.3222775
572918.0,572918.0,Holovousy,Czechia,Severovýchod,CZ0522,50.3752939,15.5773008
572926.0,572926.0,Hořice,Czechia,Severovýchod,CZ0522,50.3665337,15.6321735
549355.0,549355.0,Cholenice,Czechia,Severovýchod,CZ0522,50.3247278,15.2806567
572969.0,572969.0,Chomutice,Czechia,Severovýchod,CZ0522,50.3594664,15.4944753
549037.0,549037.0,Choteč,Czechia,Severovýchod,CZ0522,50.4328579,15.5159297
549223.0,549223.0,Chyjice,Czechia,Severovýchod,CZ0522,50.3876348,15.2954632
572993.0,572993.0,Jeřice,Czechia,Severovýchod,CZ0522,50.3445551,15.6807702
572659.0,572659.0,Jičín,Czechia,Severovýchod,CZ0522,50.4370452,15.3516528
573001.0,573001.0,Jičíněves,Czechia,Severovýchod,CZ0522,50.3730768,15.3372856
549151.0,549151.0,Jinolice,Czechia,Severovýchod,CZ0522,50.478728,15.3297112
549312.0,549312.0,Kacákova Lhota,Czechia,Severovýchod,CZ0522,50.4095272,15.4192193
549169.0,549169.0,Kbelnice,Czechia,Severovýchod,CZ0522,50.4548296,15.350606
573043.0,573043.0,Kněžnice,Czechia,Severovýchod,CZ0522,50.4923464,15.3236418
573051.0,573051.0,Konecchlumí,Czechia,Severovýchod,CZ0522,50.4022459,15.4802291
573060.0,573060.0,Kopidlno,Czechia,Severovýchod,CZ0522,50.330851,15.2702931
548928.0,548928.0,Kostelec,Czechia,Severovýchod,CZ0522,50.3809781,15.3279
548944.0,548944.0,Kovač,Czechia,Severovýchod,CZ0522,50.3962253,15.4709855
572136.0,572136.0,Kozojedy,Czechia,Severovýchod,CZ0522,50.3164312,15.3747759
572047.0,572047.0,Kyje,Czechia,Severovýchod,CZ0522,50.4942894,15.3779832
573094.0,573094.0,Lázně Bělohrad,Czechia,Severovýchod,CZ0522,50.4290274,15.5827632
573108.0,573108.0,Libáň,Czechia,Severovýchod,CZ0522,50.3750037,15.2162186
573116.0,573116.0,Libošovice,Czechia,Severovýchod,CZ0522,50.4905687,15.1628051
573124.0,573124.0,Libuň,Czechia,Severovýchod,CZ0522,50.4981552,15.2984957
573086.0,573086.0,Lískovice,Czechia,Severovýchod,CZ0522,50.3362068,15.5546492
573141.0,573141.0,Lukavec u Hořic,Czechia,Severovýchod,CZ0522,50.3957204,15.616881
573159.0,573159.0,Lužany,Czechia,Severovýchod,CZ0522,50.4309366,15.470046
573167.0,573167.0,Markvartice,Czechia,Severovýchod,CZ0522,50.4307678,15.1960674
573175.0,573175.0,Miletín,Czechia,Severovýchod,CZ0522,50.4075203,15.676766
548863.0,548863.0,Milovice u Hořic,Czechia,Severovýchod,CZ0522,50.3302297,15.6305021
573205.0,573205.0,Mladějov,Czechia,Severovýchod,CZ0522,50.4815956,15.2328028
573213.0,573213.0,Mlázovice,Czechia,Severovýchod,CZ0522,50.4118644,15.5216063
573230.0,573230.0,Nemyčeves,Czechia,Severovýchod,CZ0522,50.3844348,15.3700194
549207.0,549207.0,Nevratice,Czechia,Severovýchod,CZ0522,50.3469433,15.4929459
573248.0,573248.0,Nová Paka,Czechia,Severovýchod,CZ0522,50.4947616,15.5149801
549185.0,549185.0,Ohařice,Czechia,Severovýchod,CZ0522,50.4542389,15.2585565
548910.0,548910.0,Ohaveč,Czechia,Severovýchod,CZ0522,50.4494361,15.3091056
573264.0,573264.0,Osek,Czechia,Severovýchod,CZ0522,50.4638467,15.1595109
573272.0,573272.0,Ostroměř,Czechia,Severovýchod,CZ0522,50.3725154,15.5491759
573281.0,573281.0,Ostružno,Czechia,Severovýchod,CZ0522,50.4430695,15.2897603
573299.0,573299.0,Pecka,Czechia,Severovýchod,CZ0522,50.480336,15.6082222
548871.0,548871.0,Petrovičky,Czechia,Severovýchod,CZ0522,50.2989849,15.6073464
573311.0,573311.0,Podhorní Újezd a Vojice,Czechia,Severovýchod,CZ0522,50.3891372,15.520881
573329.0,573329.0,Podhradí,Czechia,Severovýchod,CZ0522,50.4182965,15.3102838
573345.0,573345.0,Podůlší,Czechia,Severovýchod,CZ0522,50.4692369,15.3404176
573370.0,573370.0,Radim,Czechia,Severovýchod,CZ0522,50.4578664,15.4285449
549274.0,549274.0,Rašín,Czechia,Severovýchod,CZ0522,50.3332606,15.6779172
573221.0,573221.0,Rohoznice,Czechia,Severovýchod,CZ0522,50.3915835,15.6995523
548898.0,548898.0,Rokytňany,Czechia,Severovýchod,CZ0522,50.3775771,15.1280474
573442.0,573442.0,Samšina,Czechia,Severovýchod,CZ0522,50.4593319,15.2349131
573451.0,573451.0,Sběř,Czechia,Severovýchod,CZ0522,50.3201255,15.4243734
548961.0,548961.0,Sedliště,Czechia,Severovýchod,CZ0522,50.3941261,15.2190441
572144.0,572144.0,Sekeřice,Czechia,Severovýchod,CZ0522,50.2862886,15.3809036
573469.0,573469.0,Slatiny,Czechia,Severovýchod,CZ0522,50.3667694,15.3813958
572187.0,572187.0,Slavhostice,Czechia,Severovýchod,CZ0522,50.308811,15.3493792
573477.0,573477.0,Sobčice,Czechia,Severovýchod,CZ0522,50.3721876,15.5147033
573361.0,573361.0,Soběraz,Czechia,Severovýchod,CZ0522,50.4633654,15.401987
573493.0,573493.0,Sobotka,Czechia,Severovýchod,CZ0522,50.4676307,15.1765887
573507.0,573507.0,Stará Paka,Czechia,Severovýchod,CZ0522,50.5103132,15.4944543
530735.0,530735.0,Staré Hrady,Czechia,Severovýchod,CZ0522,50.3860114,15.2129566
549096.0,549096.0,Staré Místo,Czechia,Severovýchod,CZ0522,50.4054687,15.3423762
573523.0,573523.0,Staré Smrkovice,Czechia,Severovýchod,CZ0522,50.3365889,15.4945405
573540.0,573540.0,Střevač,Czechia,Severovýchod,CZ0522,50.4043584,15.2744798
548880.0,548880.0,Sukorady,Czechia,Severovýchod,CZ0522,50.3257009,15.582691
573302.0,573302.0,Svatojanský Újezd,Czechia,Severovýchod,CZ0522,50.4261011,15.5421064
573256.0,573256.0,Šárovcova Lhota,Czechia,Severovýchod,CZ0522,50.4075102,15.5622799
572756.0,572756.0,Tetín,Czechia,Severovýchod,CZ0522,50.4248376,15.632229
573612.0,573612.0,Třebnouševes,Czechia,Severovýchod,CZ0522,50.3392456,15.6516609
573639.0,573639.0,Třtěnice,Czechia,Severovýchod,CZ0522,50.3773939,15.4691251
573647.0,573647.0,Tuř,Czechia,Severovýchod,CZ0522,50.395118,15.4169146
573655.0,573655.0,Úbislavice,Czechia,Severovýchod,CZ0522,50.4729317,15.4703137
573663.0,573663.0,Údrnice,Czechia,Severovýchod,CZ0522,50.3744876,15.261505
573671.0,573671.0,Úhlejov,Czechia,Severovýchod,CZ0522,50.4271884,15.6873354
573680.0,573680.0,Újezd pod Troskami,Czechia,Severovýchod,CZ0522,50.5066839,15.262388
573698.0,573698.0,Úlibice,Czechia,Severovýchod,CZ0522,50.4340955,15.4370103
573701.0,573701.0,Valdice,Czechia,Severovýchod,CZ0522,50.4550136,15.3848824
573728.0,573728.0,Veliš,Czechia,Severovýchod,CZ0522,50.4083064,15.3168485
573736.0,573736.0,Vidochov,Czechia,Severovýchod,CZ0522,50.5125401,15.5658
573752.0,573752.0,Vitiněves,Czechia,Severovýchod,CZ0522,50.3935049,15.3781908
573761.0,573761.0,Volanice,Czechia,Severovýchod,CZ0522,50.3355355,15.3982746
572128.0,572128.0,Vrbice,Czechia,Severovýchod,CZ0522,50.3690395,15.4287717
573795.0,573795.0,Vršce,Czechia,Severovýchod,CZ0522,50.3238519,15.3230483
549029.0,549029.0,Vřesník,Czechia,Severovýchod,CZ0522,50.438006,15.6281568
573809.0,573809.0,Vysoké Veselí,Czechia,Severovýchod,CZ0522,50.3306772,15.4356592
549193.0,549193.0,Zámostí-Blata,Czechia,Severovýchod,CZ0522,50.4711279,15.2536444
573183.0,573183.0,Zelenecká Lhota,Czechia,Severovýchod,CZ0522,50.4016025,15.178754
573825.0,573825.0,Železnice,Czechia,Severovýchod,CZ0522,50.4730968,15.3847325
573833.0,573833.0,Žeretice,Czechia,Severovýchod,CZ0522,50.3534507,15.4113715
573841.0,573841.0,Židovice,Czechia,Severovýchod,CZ0522,50.2953691,15.3205034
573850.0,573850.0,Žlunice,Czechia,Severovýchod,CZ0522,50.302247,15.3823961
547786.0,547786.0,Adršpach,Czechia,Severovýchod,CZ0523,50.6189263,16.108519
573884.0,573884.0,Bezděkov nad Metují,Czechia,Severovýchod,CZ0523,50.5096414,16.2290971
573892.0,573892.0,Bohuslavice,Czechia,Severovýchod,CZ0523,50.3125838,16.0882609
573906.0,573906.0,Borová,Czechia,Severovýchod,CZ0523,50.385994,16.2531818
573914.0,573914.0,Božanov,Czechia,Severovýchod,CZ0523,50.5268853,16.3651408
573922.0,573922.0,Broumov,Czechia,Severovýchod,CZ0523,50.5853016,16.3324545
573931.0,573931.0,Brzice,Czechia,Severovýchod,CZ0523,50.4444012,15.9583031
547751.0,547751.0,Bukovice,Czechia,Severovýchod,CZ0523,50.5494761,16.2278304
573957.0,573957.0,Černčice,Czechia,Severovýchod,CZ0523,50.3358472,16.1025945
505099.0,505099.0,Červená Hora,Czechia,Severovýchod,CZ0523,50.4500731,16.0588928
573965.0,573965.0,Červený Kostelec,Czechia,Severovýchod,CZ0523,50.476505,16.0926214
573973.0,573973.0,Česká Čermná,Czechia,Severovýchod,CZ0523,50.400576,16.2297861
573981.0,573981.0,Česká Metuje,Czechia,Severovýchod,CZ0523,50.546374,16.1794999
573990.0,573990.0,Česká Skalice,Czechia,Severovýchod,CZ0523,50.3946132,16.0435698
574015.0,574015.0,Dolany,Czechia,Severovýchod,CZ0523,50.3800718,15.9610063
574023.0,574023.0,Dolní Radechová,Czechia,Severovýchod,CZ0523,50.4383387,16.1512341
574031.0,574031.0,Hejtmánkovice,Czechia,Severovýchod,CZ0523,50.599255,16.2994386
574040.0,574040.0,Heřmanice,Czechia,Severovýchod,CZ0523,50.3790976,15.9190787
574058.0,574058.0,Heřmánkovice,Czechia,Severovýchod,CZ0523,50.6198781,16.3238589
574066.0,574066.0,Horní Radechová,Czechia,Severovýchod,CZ0523,50.4673696,16.1449736
547531.0,547531.0,Hořenice,Czechia,Severovýchod,CZ0523,50.3692257,15.9112041
574074.0,574074.0,Hořičky,Czechia,Severovýchod,CZ0523,50.4447586,15.9935284
574082.0,574082.0,Hronov,Czechia,Severovýchod,CZ0523,50.4799692,16.1820196
574163.0,574163.0,Hynčice,Czechia,Severovýchod,CZ0523,50.6237676,16.2860612
574112.0,574112.0,Chvalkovice,Czechia,Severovýchod,CZ0523,50.4140845,15.9783202
574121.0,574121.0,Jaroměř,Czechia,Severovýchod,CZ0523,50.3555139,15.9189129
574139.0,574139.0,Jasenná,Czechia,Severovýchod,CZ0523,50.318281,15.9909747
574147.0,574147.0,Jestřebí,Czechia,Severovýchod,CZ0523,50.3620865,16.182058
574155.0,574155.0,Jetřichov,Czechia,Severovýchod,CZ0523,50.6149738,16.2666573
574546.0,574546.0,Kramolna,Czechia,Severovýchod,CZ0523,50.4208099,16.1350846
574171.0,574171.0,Křinice,Czechia,Severovýchod,CZ0523,50.5716999,16.3059676
574180.0,574180.0,Lhota pod Hořičkami,Czechia,Severovýchod,CZ0523,50.4226903,16.0030987
547701.0,547701.0,Libchyně,Czechia,Severovýchod,CZ0523,50.3568561,16.1907522
573388.0,573388.0,Litoboř,Czechia,Severovýchod,CZ0523,50.4498637,16.0152624
574210.0,574210.0,Machov,Czechia,Severovýchod,CZ0523,50.4992657,16.2769027
574228.0,574228.0,Martínkovice,Czechia,Severovýchod,CZ0523,50.5475287,16.341974
574236.0,574236.0,Mezilečí,Czechia,Severovýchod,CZ0523,50.4533661,15.9831861
574244.0,574244.0,Mezilesí,Czechia,Severovýchod,CZ0523,50.35611,16.2169903
574252.0,574252.0,Meziměstí,Czechia,Severovýchod,CZ0523,50.6257349,16.2395252
574261.0,574261.0,Nahořany,Czechia,Severovýchod,CZ0523,50.3519767,16.0827213
573868.0,573868.0,Náchod,Czechia,Severovýchod,CZ0523,50.4167025,16.1622871
574279.0,574279.0,Nové Město nad Metují,Czechia,Severovýchod,CZ0523,50.3442064,16.1512997
574287.0,574287.0,Nový Hrádek,Czechia,Severovýchod,CZ0523,50.3572774,16.2443734
574295.0,574295.0,Nový Ples,Czechia,Severovýchod,CZ0523,50.3209027,15.9490552
574317.0,574317.0,Otovice,Czechia,Severovýchod,CZ0523,50.5571475,16.3875801
574341.0,574341.0,Police nad Metují,Czechia,Severovýchod,CZ0523,50.5368703,16.2335044
574350.0,574350.0,Provodov-Šonov,Czechia,Severovýchod,CZ0523,50.3873448,16.1078356
574368.0,574368.0,Přibyslav,Czechia,Severovýchod,CZ0523,50.3736454,16.1685847
574376.0,574376.0,Rasošky,Czechia,Severovýchod,CZ0523,50.3219134,15.9116685
574384.0,574384.0,Rožnov,Czechia,Severovýchod,CZ0523,50.3386907,15.8607819
574406.0,574406.0,Rychnovek,Czechia,Severovýchod,CZ0523,50.3573689,15.9703133
530786.0,530786.0,Říkov,Czechia,Severovýchod,CZ0523,50.3842873,16.0168279
547727.0,547727.0,Sendraž,Czechia,Severovýchod,CZ0523,50.3676132,16.2020807
574422.0,574422.0,Slatina nad Úpou,Czechia,Severovýchod,CZ0523,50.4542403,16.0383414
574431.0,574431.0,Slavětín nad Metují,Czechia,Severovýchod,CZ0523,50.3289025,16.0528764
574457.0,574457.0,Slavoňov,Czechia,Severovýchod,CZ0523,50.3437544,16.2039372
574465.0,574465.0,Stárkov,Czechia,Severovýchod,CZ0523,50.533924,16.1581733
574481.0,574481.0,Studnice,Czechia,Severovýchod,CZ0523,50.4212704,16.0898728
574490.0,574490.0,Suchý Důl,Czechia,Severovýchod,CZ0523,50.5400755,16.2653708
547654.0,547654.0,Šestajovice,Czechia,Severovýchod,CZ0523,50.3411311,16.007977
574511.0,574511.0,Šonov,Czechia,Severovýchod,CZ0523,50.5907818,16.4015645
574538.0,574538.0,Teplice nad Metují,Czechia,Severovýchod,CZ0523,50.5939134,16.1707745
574554.0,574554.0,Velichovky,Czechia,Severovýchod,CZ0523,50.3567708,15.8416841
574562.0,574562.0,Velká Jesenice,Czechia,Severovýchod,CZ0523,50.3610774,16.0376308
574571.0,574571.0,Velké Petrovice,Czechia,Severovýchod,CZ0523,50.5175224,16.2062165
547646.0,547646.0,Velké Poříčí,Czechia,Severovýchod,CZ0523,50.4617723,16.1893082
574589.0,574589.0,Velký Třebešov,Czechia,Severovýchod,CZ0523,50.3928159,16.0062213
547743.0,547743.0,Vernéřovice,Czechia,Severovýchod,CZ0523,50.6148394,16.2211087
547565.0,547565.0,Vestec,Czechia,Severovýchod,CZ0523,50.4218485,16.0212842
574601.0,574601.0,Vlkov,Czechia,Severovýchod,CZ0523,50.3129455,15.8987826
574627.0,574627.0,Vršovka,Czechia,Severovýchod,CZ0523,50.3231892,16.1201563
574635.0,574635.0,Vysoká Srbská,Czechia,Severovýchod,CZ0523,50.4877476,16.2278449
574643.0,574643.0,Vysokov,Czechia,Severovýchod,CZ0523,50.4038391,16.1161167
574651.0,574651.0,Zábrodí,Czechia,Severovýchod,CZ0523,50.4595194,16.1124854
574660.0,574660.0,Zaloňov,Czechia,Severovýchod,CZ0523,50.3738931,15.8879532
574686.0,574686.0,Žďár nad Metují,Czechia,Severovýchod,CZ0523,50.5387497,16.2132838
574694.0,574694.0,Žďárky,Czechia,Severovýchod,CZ0523,50.4682252,16.2273375
574708.0,574708.0,Žernov,Czechia,Severovýchod,CZ0523,50.4304028,16.0574449
576077.0,576077.0,Albrechtice nad Orlicí,Czechia,Severovýchod,CZ0524,50.1399486,16.0644107
576085.0,576085.0,Bačetín,Czechia,Severovýchod,CZ0524,50.3000781,16.2344639
576093.0,576093.0,Bartošovice v Orlických horách,Czechia,Severovýchod,CZ0524,50.1639828,16.5477572
576107.0,576107.0,Bílý Újezd,Czechia,Severovýchod,CZ0524,50.2384439,16.2252655
576115.0,576115.0,Bohdašín,Czechia,Severovýchod,CZ0524,50.338464,16.2250477
576123.0,576123.0,Bolehošť,Czechia,Severovýchod,CZ0524,50.2138236,16.0769318
576131.0,576131.0,Borohrádek,Czechia,Severovýchod,CZ0524,50.0978039,16.0932512
576140.0,576140.0,Borovnice,Czechia,Severovýchod,CZ0524,50.0629103,16.2453137
576166.0,576166.0,Bystré,Czechia,Severovýchod,CZ0524,50.3214583,16.2552276
576174.0,576174.0,Byzhradec,Czechia,Severovýchod,CZ0524,50.2158418,16.1901946
576182.0,576182.0,Častolovice,Czechia,Severovýchod,CZ0524,50.1290964,16.1812824
576191.0,576191.0,Čermná nad Orlicí,Czechia,Severovýchod,CZ0524,50.0766361,16.1320512
576204.0,576204.0,Černíkovice,Czechia,Severovýchod,CZ0524,50.1865901,16.2069574
576212.0,576212.0,České Meziříčí,Czechia,Severovýchod,CZ0524,50.2868003,16.0442801
576221.0,576221.0,Čestice,Czechia,Severovýchod,CZ0524,50.12782,16.1457274
576247.0,576247.0,Deštné v Orlických horách,Czechia,Severovýchod,CZ0524,50.3049142,16.3505997
576263.0,576263.0,Dobré,Czechia,Severovýchod,CZ0524,50.2697571,16.2637615
576271.0,576271.0,Dobruška,Czechia,Severovýchod,CZ0524,50.2921062,16.1605457
576280.0,576280.0,Dobřany,Czechia,Severovýchod,CZ0524,50.3221237,16.2852925
576301.0,576301.0,Doudleby nad Orlicí,Czechia,Severovýchod,CZ0524,50.1073719,16.2609892
548642.0,548642.0,Hřibiny-Ledská,Czechia,Severovýchod,CZ0524,50.1545584,16.1778877
576310.0,576310.0,Chleny,Czechia,Severovýchod,CZ0524,50.0778786,16.243741
548791.0,548791.0,Chlístov,Czechia,Severovýchod,CZ0524,50.3223715,16.1694576
548782.0,548782.0,Jahodov,Czechia,Severovýchod,CZ0524,50.1502668,16.3334315
576328.0,576328.0,Janov,Czechia,Severovýchod,CZ0524,50.3323093,16.251775
576336.0,576336.0,Javornice,Czechia,Severovýchod,CZ0524,50.1713674,16.3492673
576361.0,576361.0,Kostelec nad Orlicí,Czechia,Severovýchod,CZ0524,50.1228126,16.2121972
576387.0,576387.0,Kostelecké Horky,Czechia,Severovýchod,CZ0524,50.0516566,16.2068589
576395.0,576395.0,Kounov,Czechia,Severovýchod,CZ0524,50.2987738,16.2580498
576409.0,576409.0,Králova Lhota,Czechia,Severovýchod,CZ0524,50.2944985,15.9988876
548685.0,548685.0,Krchleby,Czechia,Severovýchod,CZ0524,50.0791084,16.2345267
576425.0,576425.0,Kvasiny,Czechia,Severovýchod,CZ0524,50.212565,16.2633941
576441.0,576441.0,Lhoty u Potštejna,Czechia,Severovýchod,CZ0524,50.0561272,16.2686514
548651.0,548651.0,Libel,Czechia,Severovýchod,CZ0524,50.1549483,16.2021715
576450.0,576450.0,Liberk,Czechia,Severovýchod,CZ0524,50.1991907,16.3429245
576468.0,576468.0,Lično,Czechia,Severovýchod,CZ0524,50.1779615,16.1718433
576476.0,576476.0,Lípa nad Orlicí,Czechia,Severovýchod,CZ0524,50.1356163,16.0980067
576492.0,576492.0,Lukavice,Czechia,Severovýchod,CZ0524,50.2002266,16.2936423
576506.0,576506.0,Lupenice,Czechia,Severovýchod,CZ0524,50.1328944,16.2737791
576522.0,576522.0,Mokré,Czechia,Severovýchod,CZ0524,50.2591994,16.0664243
576549.0,576549.0,Nová Ves,Czechia,Severovýchod,CZ0524,50.1306922,16.0501042
576557.0,576557.0,Očelice,Czechia,Severovýchod,CZ0524,50.2398877,16.0672867
576565.0,576565.0,Ohnišov,Czechia,Severovýchod,CZ0524,50.3225944,16.2138068
576581.0,576581.0,Olešnice,Czechia,Severovýchod,CZ0524,50.1442123,16.1485011
576573.0,576573.0,Olešnice v Orlických horách,Czechia,Severovýchod,CZ0524,50.3734011,16.3101121
576590.0,576590.0,Opočno,Czechia,Severovýchod,CZ0524,50.2676907,16.1145157
576603.0,576603.0,Orlické Záhoří,Czechia,Severovýchod,CZ0524,50.2789316,16.474882
576611.0,576611.0,Osečnice,Czechia,Severovýchod,CZ0524,50.257169,16.3068956
576620.0,576620.0,Pěčín,Czechia,Severovýchod,CZ0524,50.1537644,16.4247203
576654.0,576654.0,Podbřezí,Czechia,Severovýchod,CZ0524,50.2598915,16.2147463
576662.0,576662.0,Pohoří,Czechia,Severovýchod,CZ0524,50.292159,16.0989548
548723.0,548723.0,Polom,Czechia,Severovýchod,CZ0524,50.0589398,16.3066512
576671.0,576671.0,Potštejn,Czechia,Severovýchod,CZ0524,50.0833001,16.3074122
548758.0,548758.0,Proruby,Czechia,Severovýchod,CZ0524,50.0705811,16.295346
576689.0,576689.0,Přepychy,Czechia,Severovýchod,CZ0524,50.2358608,16.1065286
548669.0,548669.0,Rohenice,Czechia,Severovýchod,CZ0524,50.3092764,16.0321385
576701.0,576701.0,Rokytnice v Orlických horách,Czechia,Severovýchod,CZ0524,50.1647335,16.4656749
576727.0,576727.0,Rybná nad Zdobnicí,Czechia,Severovýchod,CZ0524,50.108729,16.3657913
576069.0,576069.0,Rychnov nad Kněžnou,Czechia,Severovýchod,CZ0524,50.1632537,16.2748393
576735.0,576735.0,Říčky v Orlických horách,Czechia,Severovýchod,CZ0524,50.2109952,16.4590151
576743.0,576743.0,Sedloňov,Czechia,Severovýchod,CZ0524,50.338304,16.3154831
576751.0,576751.0,Semechnice,Czechia,Severovýchod,CZ0524,50.2602447,16.1483899
576778.0,576778.0,Skuhrov nad Bělou,Czechia,Severovýchod,CZ0524,50.2294281,16.2923422
576786.0,576786.0,Slatina nad Zdobnicí,Czechia,Severovýchod,CZ0524,50.1338097,16.3978773
576794.0,576794.0,Sněžné,Czechia,Severovýchod,CZ0524,50.3399189,16.2772626
576808.0,576808.0,Solnice,Czechia,Severovýchod,CZ0524,50.2030082,16.2383273
548693.0,548693.0,Svídnice,Czechia,Severovýchod,CZ0524,50.0860526,16.2232796
576816.0,576816.0,Synkov-Slemeno,Czechia,Severovýchod,CZ0524,50.1482613,16.225441
576824.0,576824.0,Trnov,Czechia,Severovýchod,CZ0524,50.2446776,16.1644124
576832.0,576832.0,Třebešov,Czechia,Severovýchod,CZ0524,50.1683518,16.2041357
576841.0,576841.0,Tutleky,Czechia,Severovýchod,CZ0524,50.1339141,16.2414821
576859.0,576859.0,Týniště nad Orlicí,Czechia,Severovýchod,CZ0524,50.1513634,16.0776973
576875.0,576875.0,Val,Czechia,Severovýchod,CZ0524,50.3110494,16.1810799
576883.0,576883.0,Vamberk,Czechia,Severovýchod,CZ0524,50.1179339,16.2903737
576891.0,576891.0,Voděrady,Czechia,Severovýchod,CZ0524,50.2087057,16.1530575
548707.0,548707.0,Vrbice,Czechia,Severovýchod,CZ0524,50.0891317,16.2516795
576921.0,576921.0,Záměl,Czechia,Severovýchod,CZ0524,50.0965514,16.2988016
576930.0,576930.0,Zdelov,Czechia,Severovýchod,CZ0524,50.1006813,16.1421503
576948.0,576948.0,Zdobnice,Czechia,Severovýchod,CZ0524,50.2381063,16.407906
576956.0,576956.0,Žďár nad Orlicí,Czechia,Severovýchod,CZ0524,50.1197572,16.0693408
579041.0,579041.0,Batňovice,Czechia,Severovýchod,CZ0525,50.5175945,16.0366349
579050.0,579050.0,Bernartice,Czechia,Severovýchod,CZ0525,50.6461167,15.9652162
579068.0,579068.0,Bílá Třemešná,Czechia,Severovýchod,CZ0525,50.4446505,15.7410136
579076.0,579076.0,Bílé Poličany,Czechia,Severovýchod,CZ0525,50.3907958,15.731879
579092.0,579092.0,Borovnice,Czechia,Severovýchod,CZ0525,50.5091569,15.6171877
548821.0,548821.0,Borovnička,Czechia,Severovýchod,CZ0525,50.5008657,15.6672066
579106.0,579106.0,Čermná,Czechia,Severovýchod,CZ0525,50.549985,15.7696227
579114.0,579114.0,Černý Důl,Czechia,Severovýchod,CZ0525,50.635115,15.7096227
579122.0,579122.0,Dolní Branná,Czechia,Severovýchod,CZ0525,50.5931657,15.5938168
554863.0,554863.0,Dolní Brusnice,Czechia,Severovýchod,CZ0525,50.4587443,15.7267695
579149.0,579149.0,Dolní Dvůr,Czechia,Severovýchod,CZ0525,50.6520957,15.6558321
579157.0,579157.0,Dolní Kalná,Czechia,Severovýchod,CZ0525,50.538874,15.6391934
579165.0,579165.0,Dolní Lánov,Czechia,Severovýchod,CZ0525,50.5869966,15.6643195
579173.0,579173.0,Dolní Olešnice,Czechia,Severovýchod,CZ0525,50.5242142,15.7121138
579181.0,579181.0,Doubravice,Czechia,Severovýchod,CZ0525,50.405206,15.7616379
579190.0,579190.0,Dubenec,Czechia,Severovýchod,CZ0525,50.3776214,15.7950715
579203.0,579203.0,Dvůr Králové nad Labem,Czechia,Severovýchod,CZ0525,50.4319898,15.8139714
579211.0,579211.0,Hajnice,Czechia,Severovýchod,CZ0525,50.4879075,15.9105262
579220.0,579220.0,Havlovice,Czechia,Severovýchod,CZ0525,50.4875271,16.0293223
579238.0,579238.0,Horní Brusnice,Czechia,Severovýchod,CZ0525,50.4730634,15.6810342
579254.0,579254.0,Horní Kalná,Czechia,Severovýchod,CZ0525,50.5687251,15.6130028
579262.0,579262.0,Horní Maršov,Czechia,Severovýchod,CZ0525,50.6586744,15.8199838
579271.0,579271.0,Horní Olešnice,Czechia,Severovýchod,CZ0525,50.532661,15.6773952
579297.0,579297.0,Hostinné,Czechia,Severovýchod,CZ0525,50.5409308,15.723285
579301.0,579301.0,Hřibojedy,Czechia,Severovýchod,CZ0525,50.392065,15.8347252
579319.0,579319.0,Chotěvice,Czechia,Severovýchod,CZ0525,50.5215595,15.766122
579327.0,579327.0,Choustníkovo Hradiště,Czechia,Severovýchod,CZ0525,50.4266565,15.87832
579335.0,579335.0,Chvaleč,Czechia,Severovýchod,CZ0525,50.5959012,16.0393041
579351.0,579351.0,Janské Lázně,Czechia,Severovýchod,CZ0525,50.6305685,15.7806938
579378.0,579378.0,Jívka,Czechia,Severovýchod,CZ0525,50.5580999,16.1073775
579386.0,579386.0,Klášterská Lhota,Czechia,Severovýchod,CZ0525,50.559695,15.6635803
579394.0,579394.0,Kocbeře,Czechia,Severovýchod,CZ0525,50.4537411,15.858685
579408.0,579408.0,Kohoutov,Czechia,Severovýchod,CZ0525,50.4513129,15.904787
530808.0,530808.0,Královec,Czechia,Severovýchod,CZ0525,50.6767609,15.9737035
579416.0,579416.0,Kuks,Czechia,Severovýchod,CZ0525,50.4011836,15.8898865
579424.0,579424.0,Kunčice nad Labem,Czechia,Severovýchod,CZ0525,50.5818627,15.6194291
548804.0,548804.0,Lampertice,Czechia,Severovýchod,CZ0525,50.6646847,15.9504466
579432.0,579432.0,Lánov,Czechia,Severovýchod,CZ0525,50.6202744,15.6555337
579441.0,579441.0,Lanžov,Czechia,Severovýchod,CZ0525,50.3868623,15.760499
579475.0,579475.0,Libňatov,Czechia,Severovýchod,CZ0525,50.4813386,16.0021935
579483.0,579483.0,Libotov,Czechia,Severovýchod,CZ0525,50.3991243,15.8115353
546470.0,546470.0,Litíč,Czechia,Severovýchod,CZ0525,50.3752562,15.8481914
579505.0,579505.0,Malá Úpa,Czechia,Severovýchod,CZ0525,50.7240834,15.8137272
579513.0,579513.0,Malé Svatoňovice,Czechia,Severovýchod,CZ0525,50.5339466,16.0497807
579530.0,579530.0,Maršov u Úpice,Czechia,Severovýchod,CZ0525,50.4844558,15.9760374
579548.0,579548.0,Mladé Buky,Czechia,Severovýchod,CZ0525,50.6065856,15.8330828
579556.0,579556.0,Mostek,Czechia,Severovýchod,CZ0525,50.4861348,15.6962248
579564.0,579564.0,Nemojov,Czechia,Severovýchod,CZ0525,50.4662911,15.7547995
579581.0,579581.0,Pec pod Sněžkou,Czechia,Severovýchod,CZ0525,50.6935744,15.7335607
579599.0,579599.0,Pilníkov,Czechia,Severovýchod,CZ0525,50.5328029,15.8199431
579602.0,579602.0,Prosečné,Czechia,Severovýchod,CZ0525,50.5620262,15.6873318
579629.0,579629.0,Radvanice,Czechia,Severovýchod,CZ0525,50.5673934,16.0617295
579637.0,579637.0,Rtyně v Podkrkonoší,Czechia,Severovýchod,CZ0525,50.505532,16.0711662
579645.0,579645.0,Rudník,Czechia,Severovýchod,CZ0525,50.5784502,15.7373043
548812.0,548812.0,Stanovice,Czechia,Severovýchod,CZ0525,50.4007488,15.8714928
579661.0,579661.0,Staré Buky,Czechia,Severovýchod,CZ0525,50.5376642,15.8480779
579696.0,579696.0,Strážné,Czechia,Severovýchod,CZ0525,50.6646011,15.6139289
579726.0,579726.0,Suchovršice,Czechia,Severovýchod,CZ0525,50.5234045,15.9982045
579734.0,579734.0,Svoboda nad Úpou,Czechia,Severovýchod,CZ0525,50.6262304,15.8164318
579742.0,579742.0,Špindlerův Mlýn,Czechia,Severovýchod,CZ0525,50.7256448,15.6067567
579751.0,579751.0,Trotina,Czechia,Severovýchod,CZ0525,50.4096379,15.7161752
579025.0,579025.0,Trutnov,Czechia,Severovýchod,CZ0525,50.5608851,15.9130498
579769.0,579769.0,Třebihošť,Czechia,Severovýchod,CZ0525,50.4332882,15.7096892
579777.0,579777.0,Úpice,Czechia,Severovýchod,CZ0525,50.5125314,16.0154279
579785.0,579785.0,Velké Svatoňovice,Czechia,Severovýchod,CZ0525,50.5317412,16.0283758
579793.0,579793.0,Velký Vřešťov,Czechia,Severovýchod,CZ0525,50.3584212,15.7513978
574597.0,574597.0,Vilantice,Czechia,Severovýchod,CZ0525,50.3658343,15.7887717
579815.0,579815.0,Vítězná,Czechia,Severovýchod,CZ0525,50.4878327,15.7999716
579823.0,579823.0,Vlčice,Czechia,Severovýchod,CZ0525,50.5626579,15.8217107
579831.0,579831.0,Vlčkovice v Podkrkonoší,Czechia,Severovýchod,CZ0525,50.4129854,15.9111261
579858.0,579858.0,Vrchlabí,Czechia,Severovýchod,CZ0525,50.6271452,15.6095779
548839.0,548839.0,Zábřezí-Řečice,Czechia,Severovýchod,CZ0525,50.4111695,15.7361631
548847.0,548847.0,Zdobín,Czechia,Severovýchod,CZ0525,50.4152957,15.7049521
579866.0,579866.0,Zlatá Olešnice,Czechia,Severovýchod,CZ0525,50.6179098,15.944775
579874.0,579874.0,Žacléř,Czechia,Severovýchod,CZ0525,50.6586423,15.9078109
571181.0,571181.0,Běstvina,Czechia,Severovýchod,CZ0531,49.8370342,15.595763
573949.0,573949.0,Biskupice,Czechia,Severovýchod,CZ0531,49.8727611,15.5128022
505005.0,505005.0,Bítovany,Czechia,Severovýchod,CZ0531,49.8972077,15.8646249
571202.0,571202.0,Bojanov,Czechia,Severovýchod,CZ0531,49.8413143,15.7048801
547867.0,547867.0,Bor u Skutče,Czechia,Severovýchod,CZ0531,49.8223127,16.1269476
571229.0,571229.0,Bořice,Czechia,Severovýchod,CZ0531,49.9766916,15.9255142
571237.0,571237.0,Bousov,Czechia,Severovýchod,CZ0531,49.9017485,15.5354243
571245.0,571245.0,Bylany,Czechia,Severovýchod,CZ0531,49.9568579,15.7331562
571253.0,571253.0,Ctětín,Czechia,Severovýchod,CZ0531,49.8302552,15.8394192
571270.0,571270.0,Čankovice,Czechia,Severovýchod,CZ0531,49.9635526,15.9369325
571296.0,571296.0,České Lhotice,Czechia,Severovýchod,CZ0531,49.8469362,15.777833
571300.0,571300.0,Dědová,Czechia,Severovýchod,CZ0531,49.7611033,15.9864641
505030.0,505030.0,Dolní Bezděkov,Czechia,Severovýchod,CZ0531,49.9604377,15.8837721
504301.0,504301.0,Dřenice,Czechia,Severovýchod,CZ0531,49.9825003,15.7451323
504955.0,504955.0,Dvakačovice,Czechia,Severovýchod,CZ0531,49.9790824,15.8945059
571377.0,571377.0,Hamry,Czechia,Severovýchod,CZ0531,49.7389669,15.9264103
571385.0,571385.0,Heřmanův Městec,Czechia,Severovýchod,CZ0531,49.9470444,15.6646587
571393.0,571393.0,Hlinsko,Czechia,Severovýchod,CZ0531,49.7625672,15.907339
571407.0,571407.0,Hluboká,Czechia,Severovýchod,CZ0531,49.8455813,16.0715447
547794.0,547794.0,Hodonín,Czechia,Severovýchod,CZ0531,49.8368626,15.7866568
571440.0,571440.0,Holetín,Czechia,Severovýchod,CZ0531,49.8024232,15.9268039
571458.0,571458.0,Honbice,Czechia,Severovýchod,CZ0531,49.9334622,15.8929879
571466.0,571466.0,Horka,Czechia,Severovýchod,CZ0531,49.8872223,15.9167683
571474.0,571474.0,Horní Bradlo,Czechia,Severovýchod,CZ0531,49.8022124,15.7440386
571482.0,571482.0,Hošťalovice,Czechia,Severovýchod,CZ0531,49.9346768,15.5766925
571491.0,571491.0,Hrochův Týnec,Czechia,Severovýchod,CZ0531,49.9594637,15.9105428
571504.0,571504.0,Hroubovice,Czechia,Severovýchod,CZ0531,49.8825327,15.9907227
571539.0,571539.0,Chrast,Czechia,Severovýchod,CZ0531,49.9018929,15.9340257
571547.0,571547.0,Chroustovice,Czechia,Severovýchod,CZ0531,49.9555258,15.9914315
571164.0,571164.0,Chrudim,Czechia,Severovýchod,CZ0531,49.9511458,15.7947559
547816.0,547816.0,Jeníkov,Czechia,Severovýchod,CZ0531,49.7424903,15.9573445
571563.0,571563.0,Jenišovice,Czechia,Severovýchod,CZ0531,49.929545,16.0310155
571571.0,571571.0,Kameničky,Czechia,Severovýchod,CZ0531,49.7359558,15.9747499
571580.0,571580.0,Kladno,Czechia,Severovýchod,CZ0531,49.7724743,15.9822811
573787.0,573787.0,Klešice,Czechia,Severovýchod,CZ0531,49.9636122,15.6812714
574007.0,574007.0,Kněžice,Czechia,Severovýchod,CZ0531,49.8618049,15.52737
571610.0,571610.0,Kočí,Czechia,Severovýchod,CZ0531,49.9472009,15.8553552
571628.0,571628.0,Kostelec u Heřmanova Městce,Czechia,Severovýchod,CZ0531,49.9233212,15.6515365
571652.0,571652.0,Krásné,Czechia,Severovýchod,CZ0531,49.8215562,15.7455186
571661.0,571661.0,Krouna,Czechia,Severovýchod,CZ0531,49.7723986,16.0267414
547824.0,547824.0,Křižanovice,Czechia,Severovýchod,CZ0531,49.8594182,15.7616915
504807.0,504807.0,Lány,Czechia,Severovýchod,CZ0531,49.9478852,15.7287115
571709.0,571709.0,Leštinka,Czechia,Severovýchod,CZ0531,49.8452098,15.9588883
571725.0,571725.0,Libkov,Czechia,Severovýchod,CZ0531,49.8417334,15.756305
571733.0,571733.0,Liboměřice,Czechia,Severovýchod,CZ0531,49.8718499,15.7412911
547832.0,547832.0,Licibořice,Czechia,Severovýchod,CZ0531,49.8769028,15.7599165
547875.0,547875.0,Lipovec,Czechia,Severovýchod,CZ0531,49.9163359,15.5449738
571750.0,571750.0,Lozice,Czechia,Severovýchod,CZ0531,49.9165733,16.0229078
571768.0,571768.0,Lukavice,Czechia,Severovýchod,CZ0531,49.8898147,15.8381543
571776.0,571776.0,Luže,Czechia,Severovýchod,CZ0531,49.8934114,16.0284252
571822.0,571822.0,Míčov-Sušice,Czechia,Severovýchod,CZ0531,49.9046786,15.6041929
571831.0,571831.0,Miřetice,Czechia,Severovýchod,CZ0531,49.8417761,15.8852911
571857.0,571857.0,Mladoňovice,Czechia,Severovýchod,CZ0531,49.8871414,15.723474
571873.0,571873.0,Morašice,Czechia,Severovýchod,CZ0531,49.9346918,15.708967
554847.0,554847.0,Mrákotín,Czechia,Severovýchod,CZ0531,49.8145664,15.9567257
571890.0,571890.0,Nabočany,Czechia,Severovýchod,CZ0531,49.9437707,15.8868711
571903.0,571903.0,Načešice,Czechia,Severovýchod,CZ0531,49.9412915,15.6288442
571911.0,571911.0,Nasavrky,Czechia,Severovýchod,CZ0531,49.8443739,15.802422
571962.0,571962.0,Orel,Czechia,Severovýchod,CZ0531,49.9193093,15.8390302
574104.0,574104.0,Ostrov,Czechia,Severovýchod,CZ0531,49.9726044,16.0303268
554952.0,554952.0,Otradov,Czechia,Severovýchod,CZ0531,49.7933425,16.0435036
572004.0,572004.0,Perálec,Czechia,Severovýchod,CZ0531,49.826786,16.0798473
572039.0,572039.0,Podhořany u Ronova,Czechia,Severovýchod,CZ0531,49.9365379,15.5371423
572063.0,572063.0,Pokřikov,Czechia,Severovýchod,CZ0531,49.7967703,15.9881589
572071.0,572071.0,Prachovice,Czechia,Severovýchod,CZ0531,49.8937949,15.6287163
572080.0,572080.0,Proseč,Czechia,Severovýchod,CZ0531,49.8059194,16.1164891
572098.0,572098.0,Prosetín,Czechia,Severovýchod,CZ0531,49.8329624,15.957873
572101.0,572101.0,Předhradí,Czechia,Severovýchod,CZ0531,49.8316936,16.0391179
572110.0,572110.0,Přestavlky,Czechia,Severovýchod,CZ0531,49.9379747,15.9262357
556882.0,556882.0,Rabštejnská Lhota,Czechia,Severovýchod,CZ0531,49.915562,15.7680482
572152.0,572152.0,Raná,Czechia,Severovýchod,CZ0531,49.7964042,15.9641156
572161.0,572161.0,Ronov nad Doubravou,Czechia,Severovýchod,CZ0531,49.8882524,15.5314359
572179.0,572179.0,Rosice,Czechia,Severovýchod,CZ0531,49.9222389,15.9511535
547808.0,547808.0,Rozhovice,Czechia,Severovýchod,CZ0531,49.9672615,15.71328
572217.0,572217.0,Řestoky,Czechia,Severovýchod,CZ0531,49.9224041,15.9165559
572225.0,572225.0,Seč,Czechia,Severovýchod,CZ0531,49.8473534,15.6571108
572241.0,572241.0,Skuteč,Czechia,Severovýchod,CZ0531,49.8434267,15.9961932
572268.0,572268.0,Slatiňany,Czechia,Severovýchod,CZ0531,49.9212452,15.8132542
573817.0,573817.0,Smrček,Czechia,Severovýchod,CZ0531,49.8684179,15.8932764
572276.0,572276.0,Sobětuchy,Czechia,Severovýchod,CZ0531,49.9314106,15.7633777
547891.0,547891.0,Stolany,Czechia,Severovýchod,CZ0531,49.9278002,15.745109
572314.0,572314.0,Střemošice,Czechia,Severovýchod,CZ0531,49.8915612,16.0720528
572322.0,572322.0,Studnice,Czechia,Severovýchod,CZ0531,49.7379577,15.9029153
572331.0,572331.0,Svídnice,Czechia,Severovýchod,CZ0531,49.8899075,15.8136996
572349.0,572349.0,Svratouch,Czechia,Severovýchod,CZ0531,49.72444,16.0341847
572381.0,572381.0,Tisovec,Czechia,Severovýchod,CZ0531,49.8243796,15.9145545
572390.0,572390.0,Trhová Kamenice,Czechia,Severovýchod,CZ0531,49.7865619,15.8161376
572403.0,572403.0,Trojovice,Czechia,Severovýchod,CZ0531,49.9328259,15.9195695
572411.0,572411.0,Třemošnice,Czechia,Severovýchod,CZ0531,49.8693093,15.5803962
504921.0,504921.0,Třibřichy,Czechia,Severovýchod,CZ0531,49.9652573,15.7391838
572420.0,572420.0,Tuněchody,Czechia,Severovýchod,CZ0531,49.9788365,15.8410811
530697.0,530697.0,Úherčice,Czechia,Severovýchod,CZ0531,49.9196737,15.6779582
572446.0,572446.0,Úhřetice,Czechia,Severovýchod,CZ0531,49.9789272,15.8669273
572454.0,572454.0,Vápenný Podol,Czechia,Severovýchod,CZ0531,49.889033,15.6667449
572462.0,572462.0,Včelákov,Czechia,Severovýchod,CZ0531,49.8176818,15.8843573
572471.0,572471.0,Vejvanovice,Czechia,Severovýchod,CZ0531,49.9709247,15.8801881
572497.0,572497.0,Vítanov,Czechia,Severovýchod,CZ0531,49.7490889,15.881725
572501.0,572501.0,Vojtěchov,Czechia,Severovýchod,CZ0531,49.7885495,15.9735019
572527.0,572527.0,Vortová,Czechia,Severovýchod,CZ0531,49.7130427,15.9362359
572535.0,572535.0,Vrbatův Kostelec,Czechia,Severovýchod,CZ0531,49.8563439,15.94104
572543.0,572543.0,Všeradov,Czechia,Severovýchod,CZ0531,49.7476987,15.8371941
572551.0,572551.0,Vysočina,Czechia,Severovýchod,CZ0531,49.7800227,15.8566737
547841.0,547841.0,Vyžice,Czechia,Severovýchod,CZ0531,49.9231749,15.6210658
572578.0,572578.0,Zaječice,Czechia,Severovýchod,CZ0531,49.9099814,15.8841034
547859.0,547859.0,Zájezdec,Czechia,Severovýchod,CZ0531,49.9316561,15.9268364
573876.0,573876.0,Zderaz,Czechia,Severovýchod,CZ0531,49.8285458,16.100087
574091.0,574091.0,Žlebské Chvalovice,Czechia,Severovýchod,CZ0531,49.8927071,15.5667108
572641.0,572641.0,Žumberk,Czechia,Severovýchod,CZ0531,49.8727158,15.8580806
574724.0,574724.0,Barchov,Czechia,Severovýchod,CZ0532,49.9993118,15.6808051
574741.0,574741.0,Bezděkov,Czechia,Severovýchod,CZ0532,50.0087694,15.644663
574783.0,574783.0,Borek,Czechia,Severovýchod,CZ0532,50.1270045,15.8567877
574791.0,574791.0,Brloh,Czechia,Severovýchod,CZ0532,50.0004432,15.5561855
574805.0,574805.0,Břehy,Czechia,Severovýchod,CZ0532,50.0518946,15.577477
574813.0,574813.0,Bukovina nad Labem,Czechia,Severovýchod,CZ0532,50.1247848,15.8235178
574821.0,574821.0,Bukovina u Přelouče,Czechia,Severovýchod,CZ0532,49.9481482,15.56261
574830.0,574830.0,Bukovka,Czechia,Severovýchod,CZ0532,50.101032,15.6253025
574848.0,574848.0,Býšť,Czechia,Severovýchod,CZ0532,50.1324128,15.9109919
572799.0,572799.0,Časy,Czechia,Severovýchod,CZ0532,50.0693739,15.8981092
574856.0,574856.0,Čeperka,Czechia,Severovýchod,CZ0532,50.1330412,15.7747411
574864.0,574864.0,Čepí,Czechia,Severovýchod,CZ0532,49.9851381,15.7175704
572896.0,572896.0,Černá u Bohdanče,Czechia,Severovýchod,CZ0532,50.0560305,15.6718309
574899.0,574899.0,Dašice,Czechia,Severovýchod,CZ0532,50.0284447,15.91244
574902.0,574902.0,Dolany,Czechia,Severovýchod,CZ0532,50.1133753,15.6916018
574911.0,574911.0,Dolní Roveň,Czechia,Severovýchod,CZ0532,50.0292743,15.9677393
574929.0,574929.0,Dolní Ředice,Czechia,Severovýchod,CZ0532,50.0778071,15.9239284
574953.0,574953.0,Dříteč,Czechia,Severovýchod,CZ0532,50.1051014,15.8090919
572977.0,572977.0,Dubany,Czechia,Severovýchod,CZ0532,49.9930649,15.7249858
574961.0,574961.0,Hlavečník,Czechia,Severovýchod,CZ0532,50.0754554,15.4265111
574988.0,574988.0,Holice,Czechia,Severovýchod,CZ0532,50.0662793,15.9858513
573019.0,573019.0,Holotín,Czechia,Severovýchod,CZ0532,49.9458926,15.5802437
574996.0,574996.0,Horní Jelení,Czechia,Severovýchod,CZ0532,50.0490103,16.0839638
575011.0,575011.0,Horní Ředice,Czechia,Severovýchod,CZ0532,50.0765125,15.9587807
575046.0,575046.0,Hrobice,Czechia,Severovýchod,CZ0532,50.1034276,15.7887745
575054.0,575054.0,Choltice,Czechia,Severovýchod,CZ0532,49.9877225,15.6194098
575062.0,575062.0,Choteč,Czechia,Severovýchod,CZ0532,50.0830293,15.8802357
572764.0,572764.0,Chrtníky,Czechia,Severovýchod,CZ0532,49.9817999,15.6048493
575071.0,575071.0,Chvaletice,Czechia,Severovýchod,CZ0532,50.0348654,15.4184231
575089.0,575089.0,Chvojenec,Czechia,Severovýchod,CZ0532,50.1095954,15.9379055
575097.0,575097.0,Chýšť,Czechia,Severovýchod,CZ0532,50.1281596,15.541284
575101.0,575101.0,Jankovice,Czechia,Severovýchod,CZ0532,50.0076356,15.5291542
575119.0,575119.0,Jaroslav,Czechia,Severovýchod,CZ0532,50.0122769,16.0778786
575127.0,575127.0,Jedousov,Czechia,Severovýchod,CZ0532,49.9953514,15.6101897
575135.0,575135.0,Jeníkovice,Czechia,Severovýchod,CZ0532,49.9814949,15.660513
575143.0,575143.0,Jezbořice,Czechia,Severovýchod,CZ0532,49.980574,15.6946725
575151.0,575151.0,Kasalice,Czechia,Severovýchod,CZ0532,50.1180061,15.609663
575178.0,575178.0,Kladruby nad Labem,Czechia,Severovýchod,CZ0532,50.0577157,15.4870865
575194.0,575194.0,Kojice,Czechia,Severovýchod,CZ0532,50.0429787,15.3865762
575232.0,575232.0,Kostěnice,Czechia,Severovýchod,CZ0532,50.0095679,15.9036866
572861.0,572861.0,Křičeň,Czechia,Severovýchod,CZ0532,50.1095185,15.6515853
573515.0,573515.0,Kunětice,Czechia,Severovýchod,CZ0532,50.0706347,15.8269155
575259.0,575259.0,Labské Chrčice,Czechia,Severovýchod,CZ0532,50.051419,15.4101738
572845.0,572845.0,Lány u Dašic,Czechia,Severovýchod,CZ0532,50.043523,15.8890825
574767.0,574767.0,Lázně Bohdaneč,Czechia,Severovýchod,CZ0532,50.0764166,15.6798078
575305.0,575305.0,Libišany,Czechia,Severovýchod,CZ0532,50.153288,15.7566332
575313.0,575313.0,Lipoltice,Czechia,Severovýchod,CZ0532,49.9877698,15.5688836
575330.0,575330.0,Litošice,Czechia,Severovýchod,CZ0532,49.9848323,15.5142287
572802.0,572802.0,Malé Výkleky,Czechia,Severovýchod,CZ0532,50.1195241,15.5386342
575372.0,575372.0,Mikulovice,Czechia,Severovýchod,CZ0532,49.9894265,15.7753824
575381.0,575381.0,Mokošín,Czechia,Severovýchod,CZ0532,50.014776,15.5715634
573035.0,573035.0,Morašice,Czechia,Severovýchod,CZ0532,50.001881,15.4860058
575399.0,575399.0,Moravany,Czechia,Severovýchod,CZ0532,50.0009513,15.9407063
572870.0,572870.0,Němčice,Czechia,Severovýchod,CZ0532,50.0929302,15.8057629
573078.0,573078.0,Neratov,Czechia,Severovýchod,CZ0532,50.0797689,15.6471701
575429.0,575429.0,Opatovice nad Labem,Czechia,Severovýchod,CZ0532,50.1454642,15.7904201
575437.0,575437.0,Ostřešany,Czechia,Severovýchod,CZ0532,49.9935211,15.8046626
575445.0,575445.0,Ostřetín,Czechia,Severovýchod,CZ0532,50.0447221,16.0302943
555134.0,555134.0,Pardubice,Czechia,Severovýchod,CZ0532,50.0385812,15.7791356
572942.0,572942.0,Plch,Czechia,Severovýchod,CZ0532,50.1287707,15.7027348
575461.0,575461.0,Poběžovice u Holic,Czechia,Severovýchod,CZ0532,50.0975562,16.0006633
575470.0,575470.0,Poběžovice u Přelouče,Czechia,Severovýchod,CZ0532,49.9910024,15.5818856
572951.0,572951.0,Podůlšany,Czechia,Severovýchod,CZ0532,50.1288359,15.7382058
572853.0,572853.0,Pravy,Czechia,Severovýchod,CZ0532,50.1319651,15.6247509
575500.0,575500.0,Přelouč,Czechia,Severovýchod,CZ0532,50.039436,15.5606989
575518.0,575518.0,Přelovice,Czechia,Severovýchod,CZ0532,50.0733999,15.6146608
575526.0,575526.0,Přepychy,Czechia,Severovýchod,CZ0532,50.1063552,15.519886
575534.0,575534.0,Ráby,Czechia,Severovýchod,CZ0532,50.0730343,15.8026813
575551.0,575551.0,Rohovládova Bělá,Czechia,Severovýchod,CZ0532,50.1062119,15.6061597
575569.0,575569.0,Rohoznice,Czechia,Severovýchod,CZ0532,50.1272219,15.6642721
575577.0,575577.0,Rokytno,Czechia,Severovýchod,CZ0532,50.1046738,15.8893033
575593.0,575593.0,Rybitví,Czechia,Severovýchod,CZ0532,50.0601475,15.7047216
575607.0,575607.0,Řečany nad Labem,Czechia,Severovýchod,CZ0532,50.03589,15.4773499
575615.0,575615.0,Selmice,Czechia,Severovýchod,CZ0532,50.0501326,15.4408137
575623.0,575623.0,Semín,Czechia,Severovýchod,CZ0532,50.0530885,15.5197259
575640.0,575640.0,Sezemice,Czechia,Severovýchod,CZ0532,50.0663195,15.8526363
575658.0,575658.0,Slepotice,Czechia,Severovýchod,CZ0532,49.9920695,15.9613449
575666.0,575666.0,Sopřeč,Czechia,Severovýchod,CZ0532,50.0936042,15.5567163
573027.0,573027.0,Sovolusky,Czechia,Severovýchod,CZ0532,49.9692473,15.5371952
574198.0,574198.0,Spojil,Czechia,Severovýchod,CZ0532,50.04205,15.8219158
575682.0,575682.0,Srch,Czechia,Severovýchod,CZ0532,50.0849472,15.7634087
553719.0,553719.0,Srnojedy,Czechia,Severovýchod,CZ0532,50.0391112,15.7026165
575704.0,575704.0,Staré Hradiště,Czechia,Severovýchod,CZ0532,50.0653985,15.7788463
575712.0,575712.0,Staré Jesenčany,Czechia,Severovýchod,CZ0532,50.0004813,15.754077
575721.0,575721.0,Staré Ždánice,Czechia,Severovýchod,CZ0532,50.1242122,15.7215075
575739.0,575739.0,Starý Mateřov,Czechia,Severovýchod,CZ0532,50.0016376,15.7151153
572934.0,572934.0,Stéblová,Czechia,Severovýchod,CZ0532,50.0920251,15.7461708
575755.0,575755.0,Stojice,Czechia,Severovýchod,CZ0532,49.9563455,15.6146824
575763.0,575763.0,Strašov,Czechia,Severovýchod,CZ0532,50.0874644,15.5227006
575771.0,575771.0,Svinčany,Czechia,Severovýchod,CZ0532,49.9765871,15.6395103
575780.0,575780.0,Svojšice,Czechia,Severovýchod,CZ0532,49.9653375,15.6009735
575810.0,575810.0,Tetov,Czechia,Severovýchod,CZ0532,50.0804854,15.4456325
530794.0,530794.0,Trnávka,Czechia,Severovýchod,CZ0532,50.0327438,15.4610188
575828.0,575828.0,Trusnov,Czechia,Severovýchod,CZ0532,50.0001163,16.0439878
572985.0,572985.0,Třebosice,Czechia,Severovýchod,CZ0532,49.9972485,15.7348275
575844.0,575844.0,Turkovice,Czechia,Severovýchod,CZ0532,49.9524509,15.5487512
575879.0,575879.0,Uhersko,Czechia,Severovýchod,CZ0532,49.9924684,16.0176719
575887.0,575887.0,Úhřetická Lhota,Czechia,Severovýchod,CZ0532,49.9889358,15.8732948
575909.0,575909.0,Újezd u Přelouče,Czechia,Severovýchod,CZ0532,50.1018883,15.494835
572888.0,572888.0,Újezd u Sezemic,Czechia,Severovýchod,CZ0532,50.1141431,15.8555749
575917.0,575917.0,Urbanice,Czechia,Severovýchod,CZ0532,49.9739446,15.5670058
575925.0,575925.0,Valy,Czechia,Severovýchod,CZ0532,50.0297842,15.6171051
575933.0,575933.0,Vápno,Czechia,Severovýchod,CZ0532,50.1042202,15.5328982
575941.0,575941.0,Veliny,Czechia,Severovýchod,CZ0532,50.0711063,16.0537417
575968.0,575968.0,Veselí,Czechia,Severovýchod,CZ0532,50.0111434,15.6188213
575984.0,575984.0,Vlčí Habřina,Czechia,Severovýchod,CZ0532,50.0858315,15.5959474
575992.0,575992.0,Voleč,Czechia,Severovýchod,CZ0532,50.1173494,15.5726989
576000.0,576000.0,Vysoké Chvojno,Czechia,Severovýchod,CZ0532,50.1089898,15.973488
576018.0,576018.0,Vyšehněvice,Czechia,Severovýchod,CZ0532,50.1018121,15.5833839
576026.0,576026.0,Zdechovice,Czechia,Severovýchod,CZ0532,50.0129061,15.4694746
576042.0,576042.0,Žáravice,Czechia,Severovýchod,CZ0532,50.1057545,15.5571113
576051.0,576051.0,Živanice,Czechia,Severovýchod,CZ0532,50.0615699,15.6494372
572560.0,572560.0,Banín,Czechia,Severovýchod,CZ0533,49.6656125,16.4619246
572586.0,572586.0,Bělá nad Svitavou,Czechia,Severovýchod,CZ0533,49.6401877,16.4826285
505391.0,505391.0,Bělá u Jevíčka,Czechia,Severovýchod,CZ0533,49.6394937,16.6459034
577774.0,577774.0,Benátky,Czechia,Severovýchod,CZ0533,49.8541887,16.3267417
574309.0,574309.0,Bezděčí u Trnávky,Czechia,Severovýchod,CZ0533,49.6924039,16.7634332
572519.0,572519.0,Biskupice,Czechia,Severovýchod,CZ0533,49.6474736,16.758042
577812.0,577812.0,Bohuňov,Czechia,Severovýchod,CZ0533,49.5990987,16.4638495
577821.0,577821.0,Bohuňovice,Czechia,Severovýchod,CZ0533,49.9078836,16.2628593
577839.0,577839.0,Borová,Czechia,Severovýchod,CZ0533,49.7412198,16.1627198
572632.0,572632.0,Borušov,Czechia,Severovýchod,CZ0533,49.7759733,16.7356974
577863.0,577863.0,Brněnec,Czechia,Severovýchod,CZ0533,49.6274044,16.5218286
577871.0,577871.0,Březina,Czechia,Severovýchod,CZ0533,49.651041,16.6144877
572250.0,572250.0,Březinky,Czechia,Severovýchod,CZ0533,49.6626878,16.7869248
577898.0,577898.0,Březiny,Czechia,Severovýchod,CZ0533,49.6906259,16.1181286
505145.0,505145.0,Březová nad Svitavou,Czechia,Severovýchod,CZ0533,49.6447658,16.5174116
577910.0,577910.0,Budislav,Czechia,Severovýchod,CZ0533,49.8014122,16.1746342
577928.0,577928.0,Bystré,Czechia,Severovýchod,CZ0533,49.6282564,16.3469811
577936.0,577936.0,Cerekvice nad Loučnou,Czechia,Severovýchod,CZ0533,49.8989467,16.2153158
577944.0,577944.0,Čistá,Czechia,Severovýchod,CZ0533,49.8272228,16.3286778
572357.0,572357.0,Desná,Czechia,Severovýchod,CZ0533,49.8075422,16.2240471
577961.0,577961.0,Dětřichov,Czechia,Severovýchod,CZ0533,49.7999719,16.5325958
572683.0,572683.0,Dětřichov u Moravské Třebové,Czechia,Severovýchod,CZ0533,49.7875206,16.7101952
577987.0,577987.0,Dlouhá Loučka,Czechia,Severovýchod,CZ0533,49.7008485,16.6412882
577995.0,577995.0,Dolní Újezd,Czechia,Severovýchod,CZ0533,49.8256129,16.2546132
574325.0,574325.0,Gruna,Czechia,Severovýchod,CZ0533,49.7628925,16.7427668
572284.0,572284.0,Hartinkov,Czechia,Severovýchod,CZ0533,49.6790952,16.8139388
578037.0,578037.0,Hartmanice,Czechia,Severovýchod,CZ0533,49.625229,16.3729273
578053.0,578053.0,Horky,Czechia,Severovýchod,CZ0533,49.920723,16.2433662
572365.0,572365.0,Horní Újezd,Czechia,Severovýchod,CZ0533,49.803479,16.2329369
572691.0,572691.0,Hradec nad Svitavou,Czechia,Severovýchod,CZ0533,49.7113421,16.4805061
572730.0,572730.0,Chmelík,Czechia,Severovýchod,CZ0533,49.7733889,16.3327782
578096.0,578096.0,Chornice,Czechia,Severovýchod,CZ0533,49.6663992,16.7418437
578100.0,578100.0,Chotěnov,Czechia,Severovýchod,CZ0533,49.8232573,16.189867
578118.0,578118.0,Chotovice,Czechia,Severovýchod,CZ0533,49.8508065,16.1713046
578126.0,578126.0,Chrastavec,Czechia,Severovýchod,CZ0533,49.617759,16.5031395
578134.0,578134.0,Janov,Czechia,Severovýchod,CZ0533,49.8408543,16.3838337
578142.0,578142.0,Janůvky,Czechia,Severovýchod,CZ0533,49.6715523,16.5920655
578151.0,578151.0,Jaroměřice,Czechia,Severovýchod,CZ0533,49.6255624,16.7518494
578169.0,578169.0,Jarošov,Czechia,Severovýchod,CZ0533,49.8247702,16.1639704
572713.0,572713.0,Javorník,Czechia,Severovýchod,CZ0533,49.783052,16.4269638
578185.0,578185.0,Jedlová,Czechia,Severovýchod,CZ0533,49.6610042,16.3060814
578193.0,578193.0,Jevíčko,Czechia,Severovýchod,CZ0533,49.6324875,16.7118442
578207.0,578207.0,Kamenec u Poličky,Czechia,Severovýchod,CZ0533,49.7094695,16.2365821
578215.0,578215.0,Kamenná Horka,Czechia,Severovýchod,CZ0533,49.7381763,16.5238801
572748.0,572748.0,Karle,Czechia,Severovýchod,CZ0533,49.7659901,16.3647282
578231.0,578231.0,Koclířov,Czechia,Severovýchod,CZ0533,49.7663833,16.5387069
578258.0,578258.0,Korouhev,Czechia,Severovýchod,CZ0533,49.6713208,16.2457828
578266.0,578266.0,Koruna,Czechia,Severovýchod,CZ0533,49.846806,16.7148639
578274.0,578274.0,Křenov,Czechia,Severovýchod,CZ0533,49.6798496,16.6287438
572594.0,572594.0,Kukle,Czechia,Severovýchod,CZ0533,49.7931071,16.425604
578282.0,578282.0,Kunčina,Czechia,Severovýchod,CZ0533,49.7945531,16.6276322
578291.0,578291.0,Květná,Czechia,Severovýchod,CZ0533,49.736161,16.346249
578304.0,578304.0,Lavičné,Czechia,Severovýchod,CZ0533,49.6435791,16.4624692
578339.0,578339.0,Linhartice,Czechia,Severovýchod,CZ0533,49.757517,16.693427
578347.0,578347.0,Litomyšl,Czechia,Severovýchod,CZ0533,49.8725491,16.3101243
578355.0,578355.0,Lubná,Czechia,Severovýchod,CZ0533,49.7740895,16.2236932
578363.0,578363.0,Makov,Czechia,Severovýchod,CZ0533,49.8550043,16.1911279
578371.0,578371.0,Malíkov,Czechia,Severovýchod,CZ0533,49.7310139,16.695205
578380.0,578380.0,Městečko Trnávka,Czechia,Severovýchod,CZ0533,49.7092677,16.7273236
578398.0,578398.0,Mikuleč,Czechia,Severovýchod,CZ0533,49.8058207,16.4224959
578401.0,578401.0,Mladějov na Moravě,Czechia,Severovýchod,CZ0533,49.8226085,16.5910708
578428.0,578428.0,Morašice,Czechia,Severovýchod,CZ0533,49.8677369,16.2321909
578444.0,578444.0,Moravská Třebová,Czechia,Severovýchod,CZ0533,49.7581546,16.6641472
578452.0,578452.0,Nedvězí,Czechia,Severovýchod,CZ0533,49.6305957,16.3008984
580694.0,580694.0,Němčice,Czechia,Severovýchod,CZ0533,49.8905807,16.3432103
572608.0,572608.0,Nová Sídla,Czechia,Severovýchod,CZ0533,49.8843334,16.2372116
572438.0,572438.0,Nová Ves u Jarošova,Czechia,Severovýchod,CZ0533,49.8373751,16.1595823
578479.0,578479.0,Oldřiš,Czechia,Severovýchod,CZ0533,49.7271275,16.193705
578487.0,578487.0,Opatov,Czechia,Severovýchod,CZ0533,49.8249281,16.5045751
572721.0,572721.0,Opatovec,Czechia,Severovýchod,CZ0533,49.8052996,16.4801274
578509.0,578509.0,Osík,Czechia,Severovýchod,CZ0533,49.8435464,16.2846656
578550.0,578550.0,Pohledy,Czechia,Severovýchod,CZ0533,49.6946958,16.5604377
578576.0,578576.0,Polička,Czechia,Severovýchod,CZ0533,49.7149137,16.2653869
578584.0,578584.0,Pomezí,Czechia,Severovýchod,CZ0533,49.7102622,16.3172913
572373.0,572373.0,Poříčí u Litomyšle,Czechia,Severovýchod,CZ0533,49.798344,16.1937962
578622.0,578622.0,Příluka,Czechia,Severovýchod,CZ0533,49.8648725,16.1565347
578631.0,578631.0,Pustá Kamenice,Czechia,Severovýchod,CZ0533,49.7561151,16.0857765
578649.0,578649.0,Pustá Rybná,Czechia,Severovýchod,CZ0533,49.7100314,16.1360503
578657.0,578657.0,Radiměř,Czechia,Severovýchod,CZ0533,49.6996202,16.4312778
574333.0,574333.0,Radkov,Czechia,Severovýchod,CZ0533,49.7336074,16.7412997
578673.0,578673.0,Rohozná,Czechia,Severovýchod,CZ0533,49.6536421,16.407884
578681.0,578681.0,Rozhraní,Czechia,Severovýchod,CZ0533,49.6010125,16.5330481
578690.0,578690.0,Rozstání,Czechia,Severovýchod,CZ0533,49.7352504,16.7207349
578703.0,578703.0,Rudná,Czechia,Severovýchod,CZ0533,49.6593908,16.573224
578711.0,578711.0,Rychnov na Moravě,Czechia,Severovýchod,CZ0533,49.8294503,16.6398848
572233.0,572233.0,Řídký,Czechia,Severovýchod,CZ0533,49.8941108,16.2431043
578720.0,578720.0,Sádek,Czechia,Severovýchod,CZ0533,49.6925635,16.2256236
578738.0,578738.0,Sebranice,Czechia,Severovýchod,CZ0533,49.7713951,16.2491737
578746.0,578746.0,Sedliště,Czechia,Severovýchod,CZ0533,49.8938784,16.2748132
578754.0,578754.0,Sklené,Czechia,Severovýchod,CZ0533,49.7066616,16.529646
578762.0,578762.0,Slatina,Czechia,Severovýchod,CZ0533,49.6296445,16.6078122
580325.0,580325.0,Sloupnice,Czechia,Severovýchod,CZ0533,49.9216472,16.3394356
578789.0,578789.0,Staré Město,Czechia,Severovýchod,CZ0533,49.7941105,16.6749202
578801.0,578801.0,Stašov,Czechia,Severovýchod,CZ0533,49.6748802,16.3689179
578819.0,578819.0,Strakov,Czechia,Severovýchod,CZ0533,49.8665903,16.3661672
578835.0,578835.0,Suchá Lhota,Czechia,Severovýchod,CZ0533,49.8773394,16.1733579
577731.0,577731.0,Svitavy,Czechia,Severovýchod,CZ0533,49.7562053,16.4688995
578843.0,578843.0,Svojanov,Czechia,Severovýchod,CZ0533,49.6246239,16.4102009
578851.0,578851.0,Široký Důl,Czechia,Severovýchod,CZ0533,49.7460396,16.2207617
578860.0,578860.0,Študlov,Czechia,Severovýchod,CZ0533,49.6025454,16.4983265
578878.0,578878.0,Telecí,Czechia,Severovýchod,CZ0533,49.6949033,16.1810897
578886.0,578886.0,Trpín,Czechia,Severovýchod,CZ0533,49.5952183,16.4016138
578894.0,578894.0,Trstěnice,Czechia,Severovýchod,CZ0533,49.7941402,16.348747
572616.0,572616.0,Tržek,Czechia,Severovýchod,CZ0533,49.8867242,16.2598642
578908.0,578908.0,Třebařov,Czechia,Severovýchod,CZ0533,49.8296957,16.7025188
578916.0,578916.0,Újezdec,Czechia,Severovýchod,CZ0533,49.8777636,16.2059299
572624.0,572624.0,Útěchov,Czechia,Severovýchod,CZ0533,49.7284291,16.6444859
578932.0,578932.0,Vendolí,Czechia,Severovýchod,CZ0533,49.7397719,16.4131597
578941.0,578941.0,Vidlatá Seč,Czechia,Severovýchod,CZ0533,49.836179,16.2057919
578959.0,578959.0,Víska u Jevíčka,Czechia,Severovýchod,CZ0533,49.6525416,16.7077293
578967.0,578967.0,Vítějeves,Czechia,Severovýchod,CZ0533,49.6157251,16.4653635
581127.0,581127.0,Vlčkov,Czechia,Severovýchod,CZ0533,49.9075783,16.3499657
578975.0,578975.0,Vranová Lhota,Czechia,Severovýchod,CZ0533,49.7102246,16.824043
572292.0,572292.0,Vrážné,Czechia,Severovýchod,CZ0533,49.6760334,16.7782332
578991.0,578991.0,Vysoká,Czechia,Severovýchod,CZ0533,49.6636151,16.8100915
572195.0,572195.0,Želivsko,Czechia,Severovýchod,CZ0533,49.640911,16.5696613
547981.0,547981.0,Albrechtice,Czechia,Severovýchod,CZ0534,49.927545,16.644696
573426.0,573426.0,Anenská Studánka,Czechia,Severovýchod,CZ0534,49.8492593,16.5399096
553760.0,553760.0,Běstovice,Czechia,Severovýchod,CZ0534,50.0201392,16.2109207
548006.0,548006.0,Bošín,Czechia,Severovýchod,CZ0534,50.0341346,16.2029638
579947.0,579947.0,Brandýs nad Orlicí,Czechia,Severovýchod,CZ0534,50.0019438,16.285279
579963.0,579963.0,Bučina,Czechia,Severovýchod,CZ0534,49.8968735,16.1928366
579971.0,579971.0,Bystřec,Czechia,Severovýchod,CZ0534,50.0116839,16.6190005
579980.0,579980.0,Cotkytle,Czechia,Severovýchod,CZ0534,49.9361841,16.7240346
579998.0,579998.0,Čenkovice,Czechia,Severovýchod,CZ0534,50.0113838,16.6824045
580015.0,580015.0,Červená Voda,Czechia,Severovýchod,CZ0534,50.0402721,16.7428976
580023.0,580023.0,Česká Rybná,Czechia,Severovýchod,CZ0534,50.071825,16.3922403
580031.0,580031.0,Česká Třebová,Czechia,Severovýchod,CZ0534,49.9021593,16.4472039
580040.0,580040.0,České Heřmanice,Czechia,Severovýchod,CZ0534,49.9314307,16.2530984
580058.0,580058.0,České Libchavy,Czechia,Severovýchod,CZ0534,50.0298295,16.3716987
580066.0,580066.0,České Petrovice,Czechia,Severovýchod,CZ0534,50.1192764,16.6053693
580074.0,580074.0,Damníkov,Czechia,Severovýchod,CZ0534,49.870862,16.5609709
548014.0,548014.0,Dlouhá Třebová,Czechia,Severovýchod,CZ0534,49.9404,16.4232922
548031.0,548031.0,Dlouhoňovice,Czechia,Severovýchod,CZ0534,50.070198,16.4415402
580091.0,580091.0,Dobříkov,Czechia,Severovýchod,CZ0534,50.0025062,16.1338163
580112.0,580112.0,Dolní Čermná,Czechia,Severovýchod,CZ0534,49.9795367,16.5647524
580121.0,580121.0,Dolní Dobrouč,Czechia,Severovýchod,CZ0534,49.9927327,16.4976581
580163.0,580163.0,Dolní Morava,Czechia,Severovýchod,CZ0534,50.122618,16.7995081
580210.0,580210.0,Džbánov,Czechia,Severovýchod,CZ0534,49.9163569,16.1594998
580228.0,580228.0,Hejnice,Czechia,Severovýchod,CZ0534,50.0558831,16.3994139
548049.0,548049.0,Helvíkovice,Czechia,Severovýchod,CZ0534,50.0939443,16.4419939
580261.0,580261.0,Hnátnice,Czechia,Severovýchod,CZ0534,50.0203367,16.4385515
580279.0,580279.0,Horní Čermná,Czechia,Severovýchod,CZ0534,49.9705301,16.607717
580295.0,580295.0,Horní Heřmanice,Czechia,Severovýchod,CZ0534,49.9609971,16.7111908
580333.0,580333.0,Horní Třešňovec,Czechia,Severovýchod,CZ0534,49.9392227,16.6025357
547972.0,547972.0,Hrádek,Czechia,Severovýchod,CZ0534,49.9682112,16.3383012
580341.0,580341.0,Hrušová,Czechia,Severovýchod,CZ0534,49.9135116,16.1977274
580350.0,580350.0,Choceň,Czechia,Severovýchod,CZ0534,50.0018735,16.2229788
580376.0,580376.0,Jablonné nad Orlicí,Czechia,Severovýchod,CZ0534,50.0296516,16.6001654
580392.0,580392.0,Jamné nad Orlicí,Czechia,Severovýchod,CZ0534,50.0395878,16.6328996
580406.0,580406.0,Javorník,Czechia,Severovýchod,CZ0534,49.8894671,16.1560131
580414.0,580414.0,Jehnědí,Czechia,Severovýchod,CZ0534,49.9713715,16.3098346
580422.0,580422.0,Kameničná,Czechia,Severovýchod,CZ0534,50.1201803,16.4349062
580431.0,580431.0,Klášterec nad Orlicí,Czechia,Severovýchod,CZ0534,50.1116044,16.5544882
580465.0,580465.0,Koldín,Czechia,Severovýchod,CZ0534,50.0368222,16.2516165
574449.0,574449.0,Kosořín,Czechia,Severovýchod,CZ0534,49.9790477,16.2338929
580481.0,580481.0,Králíky,Czechia,Severovýchod,CZ0534,50.0842625,16.7603582
580490.0,580490.0,Krasíkov,Czechia,Severovýchod,CZ0534,49.8555825,16.6956957
580503.0,580503.0,Kunvald,Czechia,Severovýchod,CZ0534,50.1292058,16.4998735
580511.0,580511.0,Lanškroun,Czechia,Severovýchod,CZ0534,49.9124356,16.6118541
571695.0,571695.0,Leština,Czechia,Severovýchod,CZ0534,49.8676633,16.1177901
580538.0,580538.0,Letohrad,Czechia,Severovýchod,CZ0534,50.0360932,16.4986002
580562.0,580562.0,Libecina,Czechia,Severovýchod,CZ0534,49.8828818,16.1182266
580147.0,580147.0,Libchavy,Czechia,Severovýchod,CZ0534,50.0034524,16.3896553
580571.0,580571.0,Lichkov,Czechia,Severovýchod,CZ0534,50.0978527,16.6660119
580589.0,580589.0,Líšnice,Czechia,Severovýchod,CZ0534,50.0798234,16.5082129
580619.0,580619.0,Lubník,Czechia,Severovýchod,CZ0534,49.8886866,16.6613556
580627.0,580627.0,Lukavice,Czechia,Severovýchod,CZ0534,50.0602888,16.4820721
580635.0,580635.0,Luková,Czechia,Severovýchod,CZ0534,49.8759177,16.6029795
580643.0,580643.0,Mistrovice,Czechia,Severovýchod,CZ0534,50.0236725,16.5715136
580651.0,580651.0,Mladkov,Czechia,Severovýchod,CZ0534,50.0970072,16.6268908
580660.0,580660.0,Mostek,Czechia,Severovýchod,CZ0534,50.0093877,16.2650416
580678.0,580678.0,Nasavrky,Czechia,Severovýchod,CZ0534,50.0254848,16.25908
580686.0,580686.0,Nekoř,Czechia,Severovýchod,CZ0534,50.0557198,16.5511918
571920.0,571920.0,Nové Hrady,Czechia,Severovýchod,CZ0534,49.8520404,16.1436129
580716.0,580716.0,Orlické Podhůří,Czechia,Severovýchod,CZ0534,49.9902318,16.3571757
580724.0,580724.0,Orličky,Czechia,Severovýchod,CZ0534,50.0315282,16.6814699
580732.0,580732.0,Ostrov,Czechia,Severovýchod,CZ0534,49.9302468,16.540532
580741.0,580741.0,Oucmanice,Czechia,Severovýchod,CZ0534,49.9893661,16.2817606
580759.0,580759.0,Pastviny,Czechia,Severovýchod,CZ0534,50.095178,16.5650403
580767.0,580767.0,Petrovice,Czechia,Severovýchod,CZ0534,49.9881171,16.541522
580775.0,580775.0,Písečná,Czechia,Severovýchod,CZ0534,50.0456287,16.4521861
580783.0,580783.0,Plchovice,Czechia,Severovýchod,CZ0534,50.0450823,16.1811934
580805.0,580805.0,Podlesí,Czechia,Severovýchod,CZ0534,50.0172842,16.2812266
580821.0,580821.0,Přívrat,Czechia,Severovýchod,CZ0534,49.9246053,16.3969648
580830.0,580830.0,Pustina,Czechia,Severovýchod,CZ0534,49.8994783,16.1048981
575542.0,575542.0,Radhošť,Czechia,Severovýchod,CZ0534,49.9875482,16.076016
580848.0,580848.0,Rudoltice,Czechia,Severovýchod,CZ0534,49.8979179,16.5702377
547905.0,547905.0,Rybník,Czechia,Severovýchod,CZ0534,49.8886266,16.4744207
572209.0,572209.0,Řepníky,Czechia,Severovýchod,CZ0534,49.9014726,16.079602
580872.0,580872.0,Řetová,Czechia,Severovýchod,CZ0534,49.9457944,16.3812246
580881.0,580881.0,Řetůvka,Czechia,Severovýchod,CZ0534,49.9557718,16.3560196
574392.0,574392.0,Sázava,Czechia,Severovýchod,CZ0534,49.9081553,16.6408975
580902.0,580902.0,Seč,Czechia,Severovýchod,CZ0534,50.025514,16.2948024
555240.0,555240.0,Semanín,Czechia,Severovýchod,CZ0534,49.8693056,16.4529207
580929.0,580929.0,Skořenice,Czechia,Severovýchod,CZ0534,50.03126,16.221956
580945.0,580945.0,Slatina,Czechia,Severovýchod,CZ0534,49.9785689,16.158974
547964.0,547964.0,Sobkovice,Czechia,Severovýchod,CZ0534,50.0479103,16.5949808
580961.0,580961.0,Sopotnice,Czechia,Severovýchod,CZ0534,50.0593063,16.3452419
580970.0,580970.0,Sruby,Czechia,Severovýchod,CZ0534,49.9968761,16.1742492
572306.0,572306.0,Stradouň,Czechia,Severovýchod,CZ0534,49.9723618,16.0655524
580988.0,580988.0,Strážná,Czechia,Severovýchod,CZ0534,49.9113999,16.7107615
580996.0,580996.0,Studené,Czechia,Severovýchod,CZ0534,50.0665603,16.5891889
581003.0,581003.0,Sudislav nad Orlicí,Czechia,Severovýchod,CZ0534,49.9892351,16.3133405
581011.0,581011.0,Sudslava,Czechia,Severovýchod,CZ0534,50.0405791,16.2864443
580708.0,580708.0,Svatý Jiří,Czechia,Severovýchod,CZ0534,49.9721232,16.2705113
581038.0,581038.0,Šedivec,Czechia,Severovýchod,CZ0534,50.0476321,16.5354478
581046.0,581046.0,Tatenice,Czechia,Severovýchod,CZ0534,49.8709775,16.6972061
581054.0,581054.0,Těchonín,Czechia,Severovýchod,CZ0534,50.0649334,16.6179104
581062.0,581062.0,Tisová,Czechia,Severovýchod,CZ0534,49.9363072,16.2222086
547921.0,547921.0,Trpík,Czechia,Severovýchod,CZ0534,49.8487451,16.5695567
581071.0,581071.0,Třebovice,Czechia,Severovýchod,CZ0534,49.8592524,16.5020378
575861.0,575861.0,Týnišťko,Czechia,Severovýchod,CZ0534,49.9988699,16.0971165
581089.0,581089.0,Újezd u Chocně,Czechia,Severovýchod,CZ0534,50.026897,16.1645866
579891.0,579891.0,Ústí nad Orlicí,Czechia,Severovýchod,CZ0534,49.9737603,16.3941695
581101.0,581101.0,Velká Skrovnice,Czechia,Severovýchod,CZ0534,50.0303945,16.3169006
581119.0,581119.0,Verměřovice,Czechia,Severovýchod,CZ0534,50.0054916,16.5625511
572489.0,572489.0,Vinary,Czechia,Severovýchod,CZ0534,49.959108,16.0602766
581143.0,581143.0,Voděrady,Czechia,Severovýchod,CZ0534,49.949597,16.2850606
581151.0,581151.0,Vraclav,Czechia,Severovýchod,CZ0534,49.9680398,16.0899686
548022.0,548022.0,Vračovice-Orlov,Czechia,Severovýchod,CZ0534,49.952866,16.2519856
581178.0,581178.0,Výprachtice,Czechia,Severovýchod,CZ0534,49.9872042,16.6638134
581186.0,581186.0,Vysoké Mýto,Czechia,Severovýchod,CZ0534,49.9534727,16.1616455
581194.0,581194.0,Zádolí,Czechia,Severovýchod,CZ0534,49.9031471,16.1270573
581208.0,581208.0,Záchlumí,Czechia,Severovýchod,CZ0534,50.0953496,16.3762436
581216.0,581216.0,Zálší,Czechia,Severovýchod,CZ0534,49.965265,16.2407265
581224.0,581224.0,Zámrsk,Czechia,Severovýchod,CZ0534,49.9861773,16.1287426
581232.0,581232.0,Zářecká Lhota,Czechia,Severovýchod,CZ0534,49.9931098,16.2461188
581259.0,581259.0,Žamberk,Czechia,Severovýchod,CZ0534,50.0871434,16.4650893
581267.0,581267.0,Žampach,Czechia,Severovýchod,CZ0534,50.0379727,16.4272015
581275.0,581275.0,Žichlínek,Czechia,Severovýchod,CZ0534,49.8840579,16.6357586
546194.0,546194.0,Bačkov,Czechia,Kraj Vysočina,CZ0631,49.7329093,15.4590613
548260.0,548260.0,Bartoušov,Czechia,Kraj Vysočina,CZ0631,49.5810813,15.6468623
573566.0,573566.0,Bělá,Czechia,Kraj Vysočina,CZ0631,49.7522092,15.2372961
548430.0,548430.0,Bezděkov,Czechia,Kraj Vysočina,CZ0631,49.7326801,15.7303592
568457.0,568457.0,Bojiště,Czechia,Kraj Vysočina,CZ0631,49.6677864,15.2867942
573558.0,573558.0,Boňkov,Czechia,Jihovýchod,CZ0631,49.5470481,15.4474693
568465.0,568465.0,Borek,Czechia,Kraj Vysočina,CZ0631,49.7918143,15.5899787
548278.0,548278.0,Břevnice,Czechia,Kraj Vysočina,CZ0631,49.6312604,15.6125932
568490.0,568490.0,Čachotín,Czechia,Jihovýchod,CZ0631,49.695202,15.6085917
548375.0,548375.0,Čečkovice,Czechia,Kraj Vysočina,CZ0631,49.7846083,15.6639643
568503.0,568503.0,Česká Bělá,Czechia,Jihovýchod,CZ0631,49.6429144,15.6909616
568520.0,568520.0,Číhošť,Czechia,Kraj Vysočina,CZ0631,49.7416708,15.3352479
568538.0,568538.0,Dlouhá Ves,Czechia,Kraj Vysočina,CZ0631,49.5786694,15.6745705
568597.0,568597.0,Dolní Krupá,Czechia,Kraj Vysočina,CZ0631,49.6606331,15.6030357
568601.0,568601.0,Dolní Město,Czechia,Jihovýchod,CZ0631,49.6277043,15.3822968
548448.0,548448.0,Dolní Sokolovec,Czechia,Kraj Vysočina,CZ0631,49.7265481,15.7151717
568619.0,568619.0,Druhanov,Czechia,Kraj Vysočina,CZ0631,49.6987784,15.4102188
568635.0,568635.0,Golčův Jeníkov,Czechia,Jihovýchod,CZ0631,49.8160108,15.4772768
568651.0,568651.0,Habry,Czechia,Kraj Vysočina,CZ0631,49.7564454,15.4848445
568660.0,568660.0,Havlíčkova Borová,Czechia,Kraj Vysočina,CZ0631,49.6362769,15.7812323
568414.0,568414.0,Havlíčkův Brod,Czechia,Jihovýchod,CZ0631,49.606942,15.5795748
568678.0,568678.0,Herálec,Czechia,Jihovýchod,CZ0631,49.530833,15.4570799
548596.0,548596.0,Heřmanice,Czechia,Kraj Vysočina,CZ0631,49.8239091,15.5472249
568694.0,568694.0,Hněvkovice,Czechia,Kraj Vysočina,CZ0631,49.6832441,15.1996056
568708.0,568708.0,Horní Krupá,Czechia,Kraj Vysočina,CZ0631,49.671851,15.5863243
548243.0,548243.0,Horní Paseka,Czechia,Kraj Vysočina,CZ0631,49.6297296,15.2931026
568724.0,568724.0,Hradec,Czechia,Kraj Vysočina,CZ0631,49.7072278,15.2954608
530646.0,530646.0,Hurtova Lhota,Czechia,Kraj Vysočina,CZ0631,49.5962643,15.5091113
568759.0,568759.0,Chotěboř,Czechia,Jihovýchod,CZ0631,49.7202055,15.6704437
568767.0,568767.0,Chrtníč,Czechia,Kraj Vysočina,CZ0631,49.7675409,15.4436147
573574.0,573574.0,Chřenovice,Czechia,Kraj Vysočina,CZ0631,49.7166389,15.2162672
568783.0,568783.0,Jedlá,Czechia,Kraj Vysočina,CZ0631,49.7381179,15.2343418
568805.0,568805.0,Jeřišno,Czechia,Jihovýchod,CZ0631,49.7923538,15.6416593
548413.0,548413.0,Jilem,Czechia,Kraj Vysočina,CZ0631,49.7133742,15.5833658
546216.0,546216.0,Jitkov,Czechia,Kraj Vysočina,CZ0631,49.6626198,15.7284849
568821.0,568821.0,Kámen,Czechia,Kraj Vysočina,CZ0631,49.7128164,15.5198802
568848.0,568848.0,Kamenná Lhota,Czechia,Kraj Vysočina,CZ0631,49.6438036,15.2752397
568856.0,568856.0,Klokočov,Czechia,Kraj Vysočina,CZ0631,49.8033422,15.6731741
548286.0,548286.0,Knyk,Czechia,Kraj Vysočina,CZ0631,49.6469373,15.5786349
548529.0,548529.0,Kochánov,Czechia,Kraj Vysočina,CZ0631,49.5341748,15.5402316
568881.0,568881.0,Kojetín,Czechia,Kraj Vysočina,CZ0631,49.6571124,15.6580813
548189.0,548189.0,Kouty,Czechia,Kraj Vysočina,CZ0631,49.6487894,15.2929895
568899.0,568899.0,Kozlov,Czechia,Kraj Vysočina,CZ0631,49.7345567,15.2929686
568902.0,568902.0,Kožlí,Czechia,Kraj Vysočina,CZ0631,49.6703122,15.2532087
548618.0,548618.0,Kraborovice,Czechia,Kraj Vysočina,CZ0631,49.8005035,15.5718723
568929.0,568929.0,Krásná Hora,Czechia,Kraj Vysočina,CZ0631,49.6026859,15.4703368
568937.0,568937.0,Krátká Ves,Czechia,Kraj Vysočina,CZ0631,49.6257361,15.6845122
568945.0,568945.0,Krucemburk,Czechia,Kraj Vysočina,CZ0631,49.6884106,15.8520665
548570.0,548570.0,Kunemil,Czechia,Kraj Vysočina,CZ0631,49.7074595,15.4315114
568953.0,568953.0,Květinov,Czechia,Kraj Vysočina,CZ0631,49.5646499,15.5073056
548308.0,548308.0,Kyjov,Czechia,Kraj Vysočina,CZ0631,49.6297304,15.6231706
568970.0,568970.0,Kynice,Czechia,Kraj Vysočina,CZ0631,49.7394107,15.360497
548481.0,548481.0,Lány,Czechia,Kraj Vysočina,CZ0631,49.7593757,15.712771
568988.0,568988.0,Ledeč nad Sázavou,Czechia,Kraj Vysočina,CZ0631,49.6950166,15.2777763
568996.0,568996.0,Leškovice,Czechia,Kraj Vysočina,CZ0631,49.7628948,15.5370044
569011.0,569011.0,Leština u Světlé,Czechia,Kraj Vysočina,CZ0631,49.7612741,15.3975713
569020.0,569020.0,Libice nad Doubravou,Czechia,Kraj Vysočina,CZ0631,49.7450095,15.7042253
569038.0,569038.0,Lípa,Czechia,Kraj Vysočina,CZ0631,49.5541765,15.5446545
569046.0,569046.0,Lipnice nad Sázavou,Czechia,Kraj Vysočina,CZ0631,49.6130233,15.4135596
569062.0,569062.0,Lučice,Czechia,Kraj Vysočina,CZ0631,49.6626599,15.4964748
569071.0,569071.0,Malčín,Czechia,Kraj Vysočina,CZ0631,49.6886142,15.4651647
569089.0,569089.0,Maleč,Czechia,Kraj Vysočina,CZ0631,49.7720273,15.6768128
548316.0,548316.0,Michalovice,Czechia,Kraj Vysočina,CZ0631,49.5769345,15.5243215
569127.0,569127.0,Modlíkov,Czechia,Kraj Vysočina,CZ0631,49.608186,15.7702967
548197.0,548197.0,Nejepín,Czechia,Kraj Vysočina,CZ0631,49.7445065,15.6005748
569160.0,569160.0,Nová Ves u Chotěboře,Czechia,Kraj Vysočina,CZ0631,49.7561046,15.647987
569151.0,569151.0,Nová Ves u Leštiny,Czechia,Kraj Vysočina,CZ0631,49.7858527,15.4039121
555266.0,555266.0,Nová Ves u Světlé,Czechia,Kraj Vysočina,CZ0631,49.6487725,15.4376886
569186.0,569186.0,Okrouhlice,Czechia,Kraj Vysočina,CZ0631,49.6299124,15.4908288
548588.0,548588.0,Okrouhlička,Czechia,Kraj Vysočina,CZ0631,49.5344399,15.5568709
569208.0,569208.0,Olešenka,Czechia,Kraj Vysočina,CZ0631,49.5489042,15.7658338
569216.0,569216.0,Olešná,Czechia,Kraj Vysočina,CZ0631,49.6815692,15.547681
548359.0,548359.0,Ostrov,Czechia,Kraj Vysočina,CZ0631,49.6930027,15.3013898
569224.0,569224.0,Oudoleň,Czechia,Kraj Vysočina,CZ0631,49.6593287,15.7556482
569232.0,569232.0,Ovesná Lhota,Czechia,Kraj Vysočina,CZ0631,49.7225555,15.3840558
569241.0,569241.0,Pavlov,Czechia,Kraj Vysočina,CZ0631,49.6992154,15.3325162
548634.0,548634.0,Podmoklany,Czechia,Kraj Vysočina,CZ0631,49.7205291,15.7716044
548251.0,548251.0,Podmoky,Czechia,Kraj Vysočina,CZ0631,49.8302807,15.4389506
569291.0,569291.0,Pohled,Czechia,Kraj Vysočina,CZ0631,49.6036479,15.6480676
573591.0,573591.0,Pohleď,Czechia,Kraj Vysočina,CZ0631,49.6588802,15.4524104
569313.0,569313.0,Prosíčka,Czechia,Kraj Vysočina,CZ0631,49.7274367,15.3221702
569321.0,569321.0,Přibyslav,Czechia,Kraj Vysočina,CZ0631,49.5768385,15.7385463
569348.0,569348.0,Příseka,Czechia,Jihovýchod,CZ0631,49.6707734,15.4255589
569364.0,569364.0,Radostín,Czechia,Kraj Vysočina,CZ0631,49.6609033,15.5433203
569399.0,569399.0,Rozsochatec,Czechia,Kraj Vysočina,CZ0631,49.6725407,15.6337987
569402.0,569402.0,Rušinov,Czechia,Kraj Vysočina,CZ0631,49.7918773,15.6830474
569411.0,569411.0,Rybníček,Czechia,Kraj Vysočina,CZ0631,49.7692775,15.5090511
569429.0,569429.0,Sázavka,Czechia,Kraj Vysočina,CZ0631,49.7343914,15.4104509
548421.0,548421.0,Sedletín,Czechia,Kraj Vysočina,CZ0631,49.7085242,15.5643918
548324.0,548324.0,Skorkov,Czechia,Kraj Vysočina,CZ0631,49.5083675,15.4756187
569461.0,569461.0,Skryje,Czechia,Kraj Vysočina,CZ0631,49.8430247,15.4867766
569470.0,569470.0,Skuhrov,Czechia,Kraj Vysočina,CZ0631,49.6846638,15.5321299
548553.0,548553.0,Slavětín,Czechia,Kraj Vysočina,CZ0631,49.6685717,15.7727816
569488.0,569488.0,Slavíkov,Czechia,Kraj Vysočina,CZ0631,49.7428241,15.7807128
548341.0,548341.0,Slavníč,Czechia,Kraj Vysočina,CZ0631,49.5147252,15.4522608
548499.0,548499.0,Sloupno,Czechia,Kraj Vysočina,CZ0631,49.7369857,15.7504616
573604.0,573604.0,Služátky,Czechia,Kraj Vysočina,CZ0631,49.6848793,15.4313834
569518.0,569518.0,Sobíňov,Czechia,Jihovýchod,CZ0631,49.7009949,15.7668725
569534.0,569534.0,Stříbrné Hory,Czechia,Kraj Vysočina,CZ0631,49.6012428,15.690949
569569.0,569569.0,Světlá nad Sázavou,Czechia,Jihovýchod,CZ0631,49.6680082,15.403934
569585.0,569585.0,Šlapanov,Czechia,Kraj Vysočina,CZ0631,49.5424238,15.6576846
569593.0,569593.0,Štoky,Czechia,Kraj Vysočina,CZ0631,49.5024851,15.5886289
569615.0,569615.0,Tis,Czechia,Kraj Vysočina,CZ0631,49.7049559,15.4932335
569623.0,569623.0,Trpišovice,Czechia,Kraj Vysočina,CZ0631,49.6551822,15.3321763
569640.0,569640.0,Uhelná Příbram,Czechia,Kraj Vysočina,CZ0631,49.7682716,15.5858746
548537.0,548537.0,Úhořilka,Czechia,Kraj Vysočina,CZ0631,49.5246771,15.530871
569658.0,569658.0,Úsobí,Czechia,Kraj Vysočina,CZ0631,49.5141989,15.5024691
569674.0,569674.0,Vepříkov,Czechia,Kraj Vysočina,CZ0631,49.7435943,15.570312
569682.0,569682.0,Veselý Žďár,Czechia,Kraj Vysočina,CZ0631,49.639636,15.5260507
569691.0,569691.0,Věž,Czechia,Jihovýchod,CZ0631,49.5638537,15.4590525
569704.0,569704.0,Věžnice,Czechia,Kraj Vysočina,CZ0631,49.5155649,15.6944297
569712.0,569712.0,Vilémov,Czechia,Kraj Vysočina,CZ0631,49.815562,15.5359341
569721.0,569721.0,Vilémovice,Czechia,Kraj Vysočina,CZ0631,49.6867719,15.3214016
573582.0,573582.0,Víska,Czechia,Kraj Vysočina,CZ0631,49.7703116,15.6525626
569739.0,569739.0,Vlkanov,Czechia,Kraj Vysočina,CZ0631,49.715625,15.3567384
530654.0,530654.0,Vysoká,Czechia,Kraj Vysočina,CZ0631,49.5622714,15.6221913
548626.0,548626.0,Zvěstovice,Czechia,Kraj Vysočina,CZ0631,49.8481242,15.5126215
530662.0,530662.0,Ždírec,Czechia,Kraj Vysočina,CZ0631,49.6291608,15.6419344
569780.0,569780.0,Ždírec nad Doubravou,Czechia,Jihovýchod,CZ0631,49.6959567,15.8136021
569801.0,569801.0,Žižkovo Pole,Czechia,Jihovýchod,CZ0631,49.6106332,15.7351319
586854.0,586854.0,Arnolec,Czechia,Kraj Vysočina,CZ0632,49.4361356,15.8220169
586862.0,586862.0,Batelov,Czechia,Kraj Vysočina,CZ0632,49.3127529,15.3947165
586889.0,586889.0,Bílý Kámen,Czechia,Kraj Vysočina,CZ0632,49.4362416,15.508833
586897.0,586897.0,Bítovčice,Czechia,Kraj Vysočina,CZ0632,49.367348,15.735
586901.0,586901.0,Bohuslavice,Czechia,Kraj Vysočina,CZ0632,49.1492223,15.5755587
587184.0,587184.0,Borovná,Czechia,Kraj Vysočina,CZ0632,49.1645958,15.3946099
586927.0,586927.0,Boršov,Czechia,Jihovýchod,CZ0632,49.4042028,15.4345286
586943.0,586943.0,Brtnice,Czechia,Jihovýchod,CZ0632,49.3068037,15.6766872
590371.0,590371.0,Brtnička,Czechia,Kraj Vysočina,CZ0632,49.2376416,15.6224547
586951.0,586951.0,Brzkov,Czechia,Kraj Vysočina,CZ0632,49.525937,15.7266613
586978.0,586978.0,Cejle,Czechia,Kraj Vysočina,CZ0632,49.3692983,15.4727745
586986.0,586986.0,Cerekvička-Rosice,Czechia,Kraj Vysočina,CZ0632,49.3346353,15.5872418
587001.0,587001.0,Černíč,Czechia,Jihovýchod,CZ0632,49.127821,15.4594178
587117.0,587117.0,Čížov,Czechia,Jihovýchod,CZ0632,49.3519238,15.5877962
587010.0,587010.0,Dlouhá Brtnice,Czechia,Kraj Vysočina,CZ0632,49.2360777,15.6051608
587028.0,587028.0,Dobronín,Czechia,Kraj Vysočina,CZ0632,49.4779398,15.649054
587036.0,587036.0,Dobroutov,Czechia,Kraj Vysočina,CZ0632,49.4622416,15.7364863
587044.0,587044.0,Dolní Cerekev,Czechia,Kraj Vysočina,CZ0632,49.3445822,15.4567996
587061.0,587061.0,Dolní Vilímeč,Czechia,Jihovýchod,CZ0632,49.1356883,15.5203722
587079.0,587079.0,Doupě,Czechia,Kraj Vysočina,CZ0632,49.2368351,15.4346188
587087.0,587087.0,Dudín,Czechia,Kraj Vysočina,CZ0632,49.451005,15.3976061
587095.0,587095.0,Dušejov,Czechia,Kraj Vysočina,CZ0632,49.4087906,15.4332394
506729.0,506729.0,Dvorce,Czechia,Kraj Vysočina,CZ0632,49.3753627,15.4903748
587109.0,587109.0,Dyjice,Czechia,Kraj Vysočina,CZ0632,49.174625,15.4938702
587125.0,587125.0,Hladov,Czechia,Kraj Vysočina,CZ0632,49.2143716,15.6118852
587141.0,587141.0,Hodice,Czechia,Kraj Vysočina,CZ0632,49.2701869,15.479114
587150.0,587150.0,Hojkov,Czechia,Kraj Vysočina,CZ0632,49.3890352,15.4143577
587168.0,587168.0,Horní Dubenky,Czechia,Kraj Vysočina,CZ0632,49.259578,15.3170025
587206.0,587206.0,Horní Myslová,Czechia,Kraj Vysočina,CZ0632,49.1652525,15.4223497
587192.0,587192.0,Hostětice,Czechia,Kraj Vysočina,CZ0632,49.1916613,15.4140546
590681.0,590681.0,Hrutov,Czechia,Kraj Vysočina,CZ0632,49.2553009,15.6801096
587222.0,587222.0,Hubenov,Czechia,Jihovýchod,CZ0632,49.3923588,15.4689713
550281.0,550281.0,Hybrálec,Czechia,Kraj Vysočina,CZ0632,49.4277855,15.5593442
587249.0,587249.0,Jamné,Czechia,Kraj Vysočina,CZ0632,49.4313382,15.7230191
587265.0,587265.0,Jersín,Czechia,Kraj Vysočina,CZ0632,49.4212568,15.8306645
587273.0,587273.0,Jezdovice,Czechia,Kraj Vysočina,CZ0632,49.3233965,15.4834653
587281.0,587281.0,Ježená,Czechia,Kraj Vysočina,CZ0632,49.4162931,15.4655546
586846.0,586846.0,Jihlava,Czechia,Jihovýchod,CZ0632,49.396064,15.5903065
587290.0,587290.0,Jihlávka,Czechia,Kraj Vysočina,CZ0632,49.2611229,15.2924732
587303.0,587303.0,Jindřichovice,Czechia,Jihovýchod,CZ0632,49.1377087,15.6386849
587320.0,587320.0,Kalhov,Czechia,Jihovýchod,CZ0632,49.4810254,15.4414261
587338.0,587338.0,Kaliště,Czechia,Kraj Vysočina,CZ0632,49.2416496,15.3009721
587346.0,587346.0,Kamenice,Czechia,Kraj Vysočina,CZ0632,49.3665866,15.7802296
587362.0,587362.0,Kamenná,Czechia,Kraj Vysočina,CZ0632,49.5099485,15.6525712
587371.0,587371.0,Klatovec,Czechia,Jihovýchod,CZ0632,49.2224153,15.2946905
590843.0,590843.0,Kněžice,Czechia,Jihovýchod,CZ0632,49.2704373,15.6726995
587389.0,587389.0,Knínice,Czechia,Jihovýchod,CZ0632,49.0940068,15.6038514
587401.0,587401.0,Kostelec,Czechia,Kraj Vysočina,CZ0632,49.3612977,15.4906681
587419.0,587419.0,Kostelní Myslová,Czechia,Kraj Vysočina,CZ0632,49.1478058,15.4288879
587427.0,587427.0,Kozlov,Czechia,Kraj Vysočina,CZ0632,49.4130416,15.7004635
587435.0,587435.0,Krahulčí,Czechia,Kraj Vysočina,CZ0632,49.1821059,15.4146365
587443.0,587443.0,Krasonice,Czechia,Jihovýchod,CZ0632,49.1145279,15.6153354
587451.0,587451.0,Lhotka,Czechia,Kraj Vysočina,CZ0632,49.2090921,15.3856487
587478.0,587478.0,Luka nad Jihlavou,Czechia,Kraj Vysočina,CZ0632,49.3740306,15.7019359
587486.0,587486.0,Malý Beranov,Czechia,Kraj Vysočina,CZ0632,49.3963927,15.6378288
587494.0,587494.0,Markvartice,Czechia,Kraj Vysočina,CZ0632,49.1780324,15.6170051
587508.0,587508.0,Měšín,Czechia,Kraj Vysočina,CZ0632,49.4373043,15.6570296
587524.0,587524.0,Milíčov,Czechia,Kraj Vysočina,CZ0632,49.3955148,15.3920363
587532.0,587532.0,Mirošov,Czechia,Kraj Vysočina,CZ0632,49.3894309,15.4634454
587541.0,587541.0,Mrákotín,Czechia,Jihovýchod,CZ0632,49.1895233,15.3761923
587559.0,587559.0,Mysletice,Czechia,Jihovýchod,CZ0632,49.1426744,15.3889168
587567.0,587567.0,Mysliboř,Czechia,Jihovýchod,CZ0632,49.2107408,15.4806411
587575.0,587575.0,Nadějov,Czechia,Kraj Vysočina,CZ0632,49.4220825,15.7733236
587583.0,587583.0,Nevcehle,Czechia,Kraj Vysočina,CZ0632,49.2257341,15.5344244
587591.0,587591.0,Nová Říše,Czechia,Jihovýchod,CZ0632,49.1395569,15.5630049
587613.0,587613.0,Olšany,Czechia,Kraj Vysočina,CZ0632,49.1861193,15.5659885
587214.0,587214.0,Olší,Czechia,Jihovýchod,CZ0632,49.1551063,15.3759456
587621.0,587621.0,Opatov,Czechia,Jihovýchod,CZ0632,49.4290718,15.3933842
587630.0,587630.0,Ořechov,Czechia,Kraj Vysočina,CZ0632,49.1999249,15.5319644
587648.0,587648.0,Otín,Czechia,Kraj Vysočina,CZ0632,49.2664986,15.569693
587656.0,587656.0,Panenská Rozsíčka,Czechia,Kraj Vysočina,CZ0632,49.2525593,15.5148986
587672.0,587672.0,Panské Dubenky,Czechia,Jihovýchod,CZ0632,49.2197127,15.2659923
587681.0,587681.0,Pavlov,Czechia,Kraj Vysočina,CZ0632,49.24279,15.5571077
587702.0,587702.0,Plandry,Czechia,Kraj Vysočina,CZ0632,49.4199884,15.5382665
587711.0,587711.0,Polná,Czechia,Kraj Vysočina,CZ0632,49.4873383,15.7188513
587745.0,587745.0,Puklice,Czechia,Kraj Vysočina,CZ0632,49.3607313,15.6507327
587761.0,587761.0,Radkov,Czechia,Kraj Vysočina,CZ0632,49.1452413,15.4754213
587176.0,587176.0,Rančířov,Czechia,Kraj Vysočina,CZ0632,49.3623555,15.5888176
587788.0,587788.0,Rantířov,Czechia,Kraj Vysočina,CZ0632,49.408356,15.5147721
587796.0,587796.0,Rohozná,Czechia,Kraj Vysočina,CZ0632,49.3502139,15.3991662
587800.0,587800.0,Rozseč,Czechia,Jihovýchod,CZ0632,49.1563831,15.6168841
587818.0,587818.0,Růžená,Czechia,Kraj Vysočina,CZ0632,49.2705404,15.4276809
587826.0,587826.0,Rybné,Czechia,Kraj Vysočina,CZ0632,49.4231425,15.736294
587834.0,587834.0,Řásná,Czechia,Jihovýchod,CZ0632,49.2210235,15.3912796
587851.0,587851.0,Řídelov,Czechia,Jihovýchod,CZ0632,49.2344952,15.4068192
587877.0,587877.0,Sedlatice,Czechia,Kraj Vysočina,CZ0632,49.192223,15.6135269
587885.0,587885.0,Sedlejov,Czechia,Kraj Vysočina,CZ0632,49.2275082,15.4956496
550299.0,550299.0,Smrčná,Czechia,Kraj Vysočina,CZ0632,49.4713764,15.5378526
587915.0,587915.0,Stáj,Czechia,Kraj Vysočina,CZ0632,49.4579841,15.8033978
587923.0,587923.0,Stará Říše,Czechia,Kraj Vysočina,CZ0632,49.17734,15.5952301
587931.0,587931.0,Stonařov,Czechia,Kraj Vysočina,CZ0632,49.2821754,15.5855626
587940.0,587940.0,Strachoňovice,Czechia,Jihovýchod,CZ0632,49.1347301,15.4884459
587958.0,587958.0,Střítež,Czechia,Kraj Vysočina,CZ0632,49.456302,15.6280175
587982.0,587982.0,Suchá,Czechia,Kraj Vysočina,CZ0632,49.3010065,15.5774375
587991.0,587991.0,Svojkovice,Czechia,Kraj Vysočina,CZ0632,49.1658355,15.6347254
588008.0,588008.0,Šimanov,Czechia,Jihovýchod,CZ0632,49.4580692,15.4500111
547255.0,547255.0,Švábov,Czechia,Jihovýchod,CZ0632,49.3084223,15.3570278
588024.0,588024.0,Telč,Czechia,Kraj Vysočina,CZ0632,49.1847652,15.4524773
588032.0,588032.0,Třešť,Czechia,Kraj Vysočina,CZ0632,49.2911919,15.4830063
588041.0,588041.0,Třeštice,Czechia,Kraj Vysočina,CZ0632,49.2457818,15.4508988
588067.0,588067.0,Urbanov,Czechia,Kraj Vysočina,CZ0632,49.2143546,15.5140108
588075.0,588075.0,Ústí,Czechia,Jihovýchod,CZ0632,49.4733787,15.414416
588083.0,588083.0,Vanov,Czechia,Kraj Vysočina,CZ0632,49.2076749,15.4136341
588091.0,588091.0,Vanůvek,Czechia,Kraj Vysočina,CZ0632,49.2224873,15.4226269
588105.0,588105.0,Vápovice,Czechia,Kraj Vysočina,CZ0632,49.1550253,15.5799026
588113.0,588113.0,Velký Beranov,Czechia,Kraj Vysočina,CZ0632,49.4050896,15.6668169
588121.0,588121.0,Větrný Jeníkov,Czechia,Jihovýchod,CZ0632,49.4754767,15.4793235
588130.0,588130.0,Věžnice,Czechia,Kraj Vysočina,CZ0632,49.4068172,15.7588898
588148.0,588148.0,Věžnička,Czechia,Kraj Vysočina,CZ0632,49.4600874,15.7051516
588156.0,588156.0,Vílanec,Czechia,Kraj Vysočina,CZ0632,49.3345068,15.5767584
588164.0,588164.0,Volevčice,Czechia,Jihovýchod,CZ0632,49.2109799,15.4446246
588172.0,588172.0,Vyskytná nad Jihlavou,Czechia,Jihovýchod,CZ0632,49.4193528,15.5081395
588181.0,588181.0,Vysoké Studnice,Czechia,Kraj Vysočina,CZ0632,49.3940927,15.7300509
588199.0,588199.0,Vystrčenovice,Czechia,Kraj Vysočina,CZ0632,49.151177,15.5296666
588202.0,588202.0,Záborná,Czechia,Kraj Vysočina,CZ0632,49.4866496,15.7568251
587231.0,587231.0,Zadní Vydří,Czechia,Jihovýchod,CZ0632,49.1343417,15.4170971
588211.0,588211.0,Zbilidy,Czechia,Jihovýchod,CZ0632,49.4438241,15.4227847
588229.0,588229.0,Zbinohy,Czechia,Jihovýchod,CZ0632,49.4869382,15.4801196
588245.0,588245.0,Zdeňkov,Czechia,Kraj Vysočina,CZ0632,49.1404942,15.6189391
588253.0,588253.0,Zhoř,Czechia,Kraj Vysočina,CZ0632,49.4426236,15.7721764
588261.0,588261.0,Zvolenovice,Czechia,Kraj Vysočina,CZ0632,49.1634283,15.5055884
588270.0,588270.0,Žatec,Czechia,Kraj Vysočina,CZ0632,49.2063422,15.508903
588288.0,588288.0,Ždírec,Czechia,Kraj Vysočina,CZ0632,49.4549685,15.6788248
509388.0,509388.0,Arneštovice,Czechia,Kraj Vysočina,CZ0633,49.5324921,15.1177966
561118.0,561118.0,Bácovice,Czechia,Kraj Vysočina,CZ0633,49.4767204,15.1673162
561126.0,561126.0,Bělá,Czechia,Kraj Vysočina,CZ0633,49.3125146,15.2606127
547549.0,547549.0,Bohdalín,Czechia,Jihovýchod,CZ0633,49.3076778,15.0158407
561240.0,561240.0,Bořetice,Czechia,Kraj Vysočina,CZ0633,49.4960637,15.1099465
509418.0,509418.0,Bořetín,Czechia,Jihovýchod,CZ0633,49.3103881,14.9475687
547581.0,547581.0,Božejov,Czechia,Kraj Vysočina,CZ0633,49.3621043,15.1557959
547603.0,547603.0,Bratřice,Czechia,Kraj Vysočina,CZ0633,49.5164508,15.0012236
547638.0,547638.0,Budíkov,Czechia,Kraj Vysočina,CZ0633,49.5791415,15.3626012
561312.0,561312.0,Buřenice,Czechia,Kraj Vysočina,CZ0633,49.5527119,15.0662252
561801.0,561801.0,Bystrá,Czechia,Kraj Vysočina,CZ0633,49.5084679,15.3711838
547662.0,547662.0,Cetoraz,Czechia,Kraj Vysočina,CZ0633,49.4552321,14.9568112
547689.0,547689.0,Čáslavsko,Czechia,Kraj Vysočina,CZ0633,49.5924095,15.0027462
547719.0,547719.0,Častrov,Czechia,Kraj Vysočina,CZ0633,49.3077967,15.1802888
547735.0,547735.0,Čejov,Czechia,Jihovýchod,CZ0633,49.565649,15.3792487
529826.0,529826.0,Čelistná,Czechia,Kraj Vysočina,CZ0633,49.3601592,15.2063182
561142.0,561142.0,Černov,Czechia,Kraj Vysočina,CZ0633,49.3439477,15.3138292
547760.0,547760.0,Černovice,Czechia,Kraj Vysočina,CZ0633,49.3725903,14.9599829
547778.0,547778.0,Červená Řečice,Czechia,Kraj Vysočina,CZ0633,49.5116159,15.1792161
598704.0,598704.0,Čížkov,Czechia,Kraj Vysočina,CZ0633,49.4404492,15.1184529
561924.0,561924.0,Dehtáře,Czechia,Kraj Vysočina,CZ0633,49.4860996,15.2752824
561932.0,561932.0,Dobrá Voda,Czechia,Kraj Vysočina,CZ0633,49.358144,15.2700001
561762.0,561762.0,Dobrá Voda u Pacova,Czechia,Kraj Vysočina,CZ0633,49.4044897,15.027791
551546.0,551546.0,Dubovice,Czechia,Kraj Vysočina,CZ0633,49.4325889,15.1745809
529869.0,529869.0,Důl,Czechia,Kraj Vysočina,CZ0633,49.4520974,15.0302965
561754.0,561754.0,Eš,Czechia,Kraj Vysočina,CZ0633,49.4345962,15.0012956
547883.0,547883.0,Hojanovice,Czechia,Kraj Vysočina,CZ0633,49.597256,15.2655115
561096.0,561096.0,Hojovice,Czechia,Kraj Vysočina,CZ0633,49.3285905,14.9191688
547913.0,547913.0,Horní Cerekev,Czechia,Jihovýchod,CZ0633,49.3192961,15.3291878
551589.0,551589.0,Horní Rápotice,Czechia,Kraj Vysočina,CZ0633,49.5753245,15.3204821
547930.0,547930.0,Horní Ves,Czechia,Kraj Vysočina,CZ0633,49.2934047,15.3074515
547948.0,547948.0,Hořepník,Czechia,Kraj Vysočina,CZ0633,49.512465,15.1064647
547956.0,547956.0,Hořice,Czechia,Kraj Vysočina,CZ0633,49.5992597,15.1853982
547999.0,547999.0,Humpolec,Czechia,Jihovýchod,CZ0633,49.5418861,15.3586709
561339.0,561339.0,Chýstovice,Czechia,Kraj Vysočina,CZ0633,49.5856785,15.0795627
561321.0,561321.0,Chyšná,Czechia,Kraj Vysočina,CZ0633,49.5863649,15.0999255
561461.0,561461.0,Jankov,Czechia,Kraj Vysočina,CZ0633,49.4150939,15.3862162
548073.0,548073.0,Ježov,Czechia,Kraj Vysočina,CZ0633,49.6130252,15.2337157
548081.0,548081.0,Jiřice,Czechia,Kraj Vysočina,CZ0633,49.5532182,15.3183362
548090.0,548090.0,Kaliště,Czechia,Jihovýchod,CZ0633,49.5924885,15.303317
548103.0,548103.0,Kámen,Czechia,Kraj Vysočina,CZ0633,49.4232875,15.0158602
548111.0,548111.0,Kamenice nad Lipou,Czechia,Jihovýchod,CZ0633,49.303118,15.0754914
548120.0,548120.0,Kejžlice,Czechia,Kraj Vysočina,CZ0633,49.5898733,15.3920734
548146.0,548146.0,Koberovice,Czechia,Kraj Vysočina,CZ0633,49.5876534,15.2631745
598712.0,598712.0,Kojčice,Czechia,Kraj Vysočina,CZ0633,49.4760853,15.2557627
548162.0,548162.0,Komorovice,Czechia,Kraj Vysočina,CZ0633,49.5086913,15.3455211
548171.0,548171.0,Košetice,Czechia,Jihovýchod,CZ0633,49.5583099,15.1161555
561371.0,561371.0,Krasíkovice,Czechia,Kraj Vysočina,CZ0633,49.4616324,15.2286611
548201.0,548201.0,Křeč,Czechia,Kraj Vysočina,CZ0633,49.3892523,14.9169974
548219.0,548219.0,Křelovice,Czechia,Kraj Vysočina,CZ0633,49.5367181,15.1681581
548227.0,548227.0,Křešín,Czechia,Kraj Vysočina,CZ0633,49.5817217,15.0437149
548235.0,548235.0,Leskovice,Czechia,Kraj Vysočina,CZ0633,49.4298968,15.0811061
562041.0,562041.0,Lesná,Czechia,Kraj Vysočina,CZ0633,49.517913,15.0575577
561282.0,561282.0,Lhota-Vlasenice,Czechia,Jihovýchod,CZ0633,49.2948453,15.1305838
598721.0,598721.0,Libkova Voda,Czechia,Kraj Vysočina,CZ0633,49.3764921,15.1910091
561100.0,561100.0,Lidmaň,Czechia,Jihovýchod,CZ0633,49.3818353,15.0367227
561266.0,561266.0,Litohošť,Czechia,Kraj Vysočina,CZ0633,49.4496377,15.0909913
548332.0,548332.0,Lukavec,Czechia,Kraj Vysočina,CZ0633,49.5654085,14.9904124
561347.0,561347.0,Martinice u Onšova,Czechia,Jihovýchod,CZ0633,49.5798483,15.1153778
548367.0,548367.0,Mezilesí,Czechia,Kraj Vysočina,CZ0633,49.5409253,14.9490784
529834.0,529834.0,Mezná,Czechia,Kraj Vysočina,CZ0633,49.3470278,15.2113811
548383.0,548383.0,Mladé Bříště,Czechia,Kraj Vysočina,CZ0633,49.4914629,15.335168
548391.0,548391.0,Mnich,Czechia,Jihovýchod,CZ0633,49.2982286,14.9662777
548405.0,548405.0,Moraveč,Czechia,Kraj Vysočina,CZ0633,49.4086289,15.0771077
561819.0,561819.0,Mysletín,Czechia,Kraj Vysočina,CZ0633,49.476591,15.3682048
561177.0,561177.0,Nová Buková,Czechia,Kraj Vysočina,CZ0633,49.3459725,15.2969995
548456.0,548456.0,Nová Cerekev,Czechia,Jihovýchod,CZ0633,49.4172344,15.1167459
548464.0,548464.0,Nový Rychnov,Czechia,Kraj Vysočina,CZ0633,49.3834031,15.3660471
548472.0,548472.0,Obrataň,Czechia,Kraj Vysočina,CZ0633,49.4247261,14.9452214
561967.0,561967.0,Olešná,Czechia,Jihovýchod,CZ0633,49.4457452,15.26365
537691.0,537691.0,Ondřejov,Czechia,Kraj Vysočina,CZ0633,49.392701,15.1772426
548502.0,548502.0,Onšov,Czechia,Jihovýchod,CZ0633,49.5782242,15.1363732
548511.0,548511.0,Pacov,Czechia,Kraj Vysočina,CZ0633,49.4707194,15.0036121
561916.0,561916.0,Pavlov,Czechia,Kraj Vysočina,CZ0633,49.39867,15.2439772
547492.0,547492.0,Pelhřimov,Czechia,Kraj Vysočina,CZ0633,49.4308737,15.2232341
548545.0,548545.0,Píšť,Czechia,Kraj Vysočina,CZ0633,49.6017368,15.2034203
548561.0,548561.0,Počátky,Czechia,Jihovýchod,CZ0633,49.2602542,15.2404051
561436.0,561436.0,Polesí,Czechia,Kraj Vysočina,CZ0633,49.2931032,15.2464963
548600.0,548600.0,Pošná,Czechia,Jihovýchod,CZ0633,49.4587713,15.0422479
537829.0,537829.0,Proseč,Czechia,Jihovýchod,CZ0633,49.6007022,15.3290819
561941.0,561941.0,Proseč pod Křemešníkem,Czechia,Kraj Vysočina,CZ0633,49.4152446,15.2949429
598755.0,598755.0,Putimov,Czechia,Kraj Vysočina,CZ0633,49.4138226,15.2681826
561789.0,561789.0,Rodinov,Czechia,Jihovýchod,CZ0633,49.2827918,15.1038125
561274.0,561274.0,Rovná,Czechia,Kraj Vysočina,CZ0633,49.5101883,15.129398
562009.0,562009.0,Rynárec,Czechia,Kraj Vysočina,CZ0633,49.3898595,15.2344663
548715.0,548715.0,Řečice,Czechia,Jihovýchod,CZ0633,49.6028809,15.371621
548731.0,548731.0,Salačova Lhota,Czechia,Kraj Vysočina,CZ0633,49.5240331,14.9802255
548740.0,548740.0,Samšín,Czechia,Kraj Vysočina,CZ0633,49.4855587,15.0617084
548766.0,548766.0,Sedlice,Czechia,Kraj Vysočina,CZ0633,49.515141,15.2563391
548774.0,548774.0,Senožaty,Czechia,Kraj Vysočina,CZ0633,49.5690665,15.1980095
561843.0,561843.0,Staré Bříště,Czechia,Kraj Vysočina,CZ0633,49.4910337,15.3619902
561452.0,561452.0,Stojčín,Czechia,Jihovýchod,CZ0633,49.2376782,15.2218983
537594.0,537594.0,Střítež,Czechia,Kraj Vysočina,CZ0633,49.3639113,15.1265163
561487.0,561487.0,Střítež pod Křemešníkem,Czechia,Jihovýchod,CZ0633,49.434031,15.3201549
598763.0,598763.0,Svépravice,Czechia,Kraj Vysočina,CZ0633,49.4955919,15.2326888
598771.0,598771.0,Syrov,Czechia,Kraj Vysočina,CZ0633,49.577919,15.1776975
561355.0,561355.0,Těchobuz,Czechia,Kraj Vysočina,CZ0633,49.5100851,14.9306346
548936.0,548936.0,Těmice,Czechia,Kraj Vysočina,CZ0633,49.3517933,15.0604455
537608.0,537608.0,Ústrašín,Czechia,Kraj Vysočina,CZ0633,49.3826554,15.1677355
548987.0,548987.0,Útěchovice,Czechia,Kraj Vysočina,CZ0633,49.478071,15.1163823
562033.0,562033.0,Útěchovice pod Stražištěm,Czechia,Kraj Vysočina,CZ0633,49.5385759,15.0296761
537730.0,537730.0,Útěchovičky,Czechia,Kraj Vysočina,CZ0633,49.4605818,15.0996683
549002.0,549002.0,Včelnička,Czechia,Jihovýchod,CZ0633,49.3044027,15.0424051
549011.0,549011.0,Velká Chyška,Czechia,Kraj Vysočina,CZ0633,49.5117553,15.0372642
549045.0,549045.0,Velký Rybník,Czechia,Kraj Vysočina,CZ0633,49.4902289,15.3079711
549053.0,549053.0,Veselá,Czechia,Kraj Vysočina,CZ0633,49.319059,15.226738
549061.0,549061.0,Věžná,Czechia,Kraj Vysočina,CZ0633,49.414181,14.9887193
549126.0,549126.0,Vojslavice,Czechia,Kraj Vysočina,CZ0633,49.5931019,15.2289648
599239.0,599239.0,Vokov,Czechia,Kraj Vysočina,CZ0633,49.3955286,15.2197835
549134.0,549134.0,Vyklantice,Czechia,Kraj Vysočina,CZ0633,49.55448,15.0404132
549142.0,549142.0,Vyskytná,Czechia,Jihovýchod,CZ0633,49.4290839,15.3652559
561771.0,561771.0,Vysoká Lhota,Czechia,Kraj Vysočina,CZ0633,49.4167384,15.04226
561797.0,561797.0,Vystrkov,Czechia,Kraj Vysočina,CZ0633,49.5196785,15.348797
549177.0,549177.0,Zachotín,Czechia,Kraj Vysočina,CZ0633,49.4629538,15.3476248
561975.0,561975.0,Zajíčkov,Czechia,Kraj Vysočina,CZ0633,49.3779283,15.2585018
561363.0,561363.0,Zhořec,Czechia,Kraj Vysočina,CZ0633,49.4896377,14.9624525
598666.0,598666.0,Zlátenka,Czechia,Jihovýchod,CZ0633,49.4234508,15.058555
549215.0,549215.0,Želiv,Czechia,Kraj Vysočina,CZ0633,49.5299527,15.2212786
561908.0,561908.0,Žirov,Czechia,Kraj Vysočina,CZ0633,49.4642465,15.3236007
549231.0,549231.0,Žirovnice,Czechia,Jihovýchod,CZ0633,49.2531813,15.188238
590274.0,590274.0,Babice,Czechia,Kraj Vysočina,CZ0634,49.1242328,15.7688528
590282.0,590282.0,Bačice,Czechia,Kraj Vysočina,CZ0634,49.0838774,16.0274847
544833.0,544833.0,Bačkovice,Czechia,Jihovýchod,CZ0634,48.9678197,15.5888397
590304.0,590304.0,Benetice,Czechia,Kraj Vysočina,CZ0634,49.2976369,15.8673327
590312.0,590312.0,Biskupice-Pulkov,Czechia,Kraj Vysočina,CZ0634,49.0379337,16.0109772
590321.0,590321.0,Blatnice,Czechia,Kraj Vysočina,CZ0634,49.0701335,15.8713286
550400.0,550400.0,Bohušice,Czechia,Kraj Vysočina,CZ0634,49.0851054,15.8521234
590347.0,590347.0,Bochovice,Czechia,Kraj Vysočina,CZ0634,49.320823,15.89632
590363.0,590363.0,Bransouze,Czechia,Kraj Vysočina,CZ0634,49.3025529,15.7519503
590380.0,590380.0,Březník,Czechia,Jihovýchod,CZ0634,49.1719531,16.1946403
590401.0,590401.0,Budišov,Czechia,Jihovýchod,CZ0634,49.2712324,16.0037319
590410.0,590410.0,Budkov,Czechia,Kraj Vysočina,CZ0634,49.0544328,15.6581313
590428.0,590428.0,Cidlina,Czechia,Kraj Vysočina,CZ0634,49.128193,15.7355359
590436.0,590436.0,Čáslavice,Czechia,Kraj Vysočina,CZ0634,49.1522142,15.7724036
553964.0,553964.0,Častohostice,Czechia,Jihovýchod,CZ0634,49.0143811,15.8192004
590444.0,590444.0,Čechočovice,Czechia,Kraj Vysočina,CZ0634,49.2015594,15.7975323
590452.0,590452.0,Čechtín,Czechia,Kraj Vysočina,CZ0634,49.2930479,15.8198712
590461.0,590461.0,Červená Lhota,Czechia,Kraj Vysočina,CZ0634,49.2844622,15.8061939
590479.0,590479.0,Číhalín,Czechia,Kraj Vysočina,CZ0634,49.2684438,15.8120593
590487.0,590487.0,Číchov,Czechia,Kraj Vysočina,CZ0634,49.2836536,15.761649
590495.0,590495.0,Čikov,Czechia,Kraj Vysočina,CZ0634,49.2695042,16.1409075
590509.0,590509.0,Číměř,Czechia,Jihovýchod,CZ0634,49.2008298,15.9975699
590517.0,590517.0,Dalešice,Czechia,Kraj Vysočina,CZ0634,49.129026,16.0816581
590525.0,590525.0,Dědice,Czechia,Jihovýchod,CZ0634,49.0295832,15.7290069
590533.0,590533.0,Dešov,Czechia,Kraj Vysočina,CZ0634,48.9856084,15.7008992
587664.0,587664.0,Dolní Lažany,Czechia,Kraj Vysočina,CZ0634,49.0999324,15.822713
590550.0,590550.0,Dolní Vilémovice,Czechia,Kraj Vysočina,CZ0634,49.1535606,15.9771884
590568.0,590568.0,Domamil,Czechia,Kraj Vysočina,CZ0634,49.0832344,15.6955734
590576.0,590576.0,Dukovany,Czechia,Kraj Vysočina,CZ0634,49.0809441,16.1915279
590584.0,590584.0,Hartvíkovice,Czechia,Kraj Vysočina,CZ0634,49.1715259,16.090192
590592.0,590592.0,Heraltice,Czechia,Kraj Vysočina,CZ0634,49.2308314,15.7305449
590614.0,590614.0,Hluboké,Czechia,Kraj Vysočina,CZ0634,49.225883,16.2273479
590622.0,590622.0,Hodov,Czechia,Jihovýchod,CZ0634,49.2937515,15.9864995
590631.0,590631.0,Horní Heřmanice,Czechia,Kraj Vysočina,CZ0634,49.3293533,15.9203854
550612.0,550612.0,Horní Smrčné,Czechia,Kraj Vysočina,CZ0634,49.3285881,15.7560957
590649.0,590649.0,Horní Újezd,Czechia,Kraj Vysočina,CZ0634,49.142792,15.8421536
590657.0,590657.0,Horní Vilémovice,Czechia,Kraj Vysočina,CZ0634,49.2915593,15.8808057
590665.0,590665.0,Hornice,Czechia,Kraj Vysočina,CZ0634,48.9951859,15.6803627
590673.0,590673.0,Hrotovice,Czechia,Kraj Vysočina,CZ0634,49.1076992,16.0606741
550639.0,550639.0,Hroznatín,Czechia,Kraj Vysočina,CZ0634,49.2977385,15.9082677
590690.0,590690.0,Hvězdoňovice,Czechia,Kraj Vysočina,CZ0634,49.21991,15.7622147
590703.0,590703.0,Chlístov,Czechia,Kraj Vysočina,CZ0634,49.202056,15.743674
590711.0,590711.0,Chlum,Czechia,Kraj Vysočina,CZ0634,49.3135503,15.7669974
550477.0,550477.0,Chotěbudice,Czechia,Jihovýchod,CZ0634,49.0579842,15.5739974
590746.0,590746.0,Jakubov u Moravských Budějovic,Czechia,Kraj Vysočina,CZ0634,49.0810272,15.7611969
590754.0,590754.0,Jaroměřice nad Rokytnou,Czechia,Jihovýchod,CZ0634,49.0943503,15.8932579
590762.0,590762.0,Jasenice,Czechia,Kraj Vysočina,CZ0634,49.2581397,16.1635942
590789.0,590789.0,Jemnice,Czechia,Jihovýchod,CZ0634,49.0192524,15.5698865
590797.0,590797.0,Jinošov,Czechia,Kraj Vysočina,CZ0634,49.2313764,16.1934501
550591.0,550591.0,Jiratice,Czechia,Jihovýchod,CZ0634,48.9830725,15.6127653
590801.0,590801.0,Kamenná,Czechia,Jihovýchod,CZ0634,49.2724284,16.0603844
590819.0,590819.0,Kdousov,Czechia,Kraj Vysočina,CZ0634,48.9860986,15.6474675
590827.0,590827.0,Kladeruby nad Oslavou,Czechia,Jihovýchod,CZ0634,49.1446022,16.1717416
590835.0,590835.0,Klučov,Czechia,Kraj Vysočina,CZ0634,49.1669922,15.9350782
590851.0,590851.0,Kojatice,Czechia,Kraj Vysočina,CZ0634,48.9988458,15.7031214
510645.0,510645.0,Kojatín,Czechia,Kraj Vysočina,CZ0634,49.2428034,16.0088365
590860.0,590860.0,Kojetice,Czechia,Kraj Vysočina,CZ0634,49.1578234,15.8180395
590878.0,590878.0,Komárovice,Czechia,Kraj Vysočina,CZ0634,49.070155,15.7012067
590886.0,590886.0,Koněšín,Czechia,Kraj Vysočina,CZ0634,49.1906108,16.0411062
590894.0,590894.0,Kostníky,Czechia,Jihovýchod,CZ0634,48.9747054,15.6398072
590908.0,590908.0,Kouty,Czechia,Kraj Vysočina,CZ0634,49.3147335,15.7926915
590916.0,590916.0,Kozlany,Czechia,Kraj Vysočina,CZ0634,49.1797312,16.0611895
545309.0,545309.0,Kožichovice,Czechia,Kraj Vysočina,CZ0634,49.1998616,15.9219212
550710.0,550710.0,Krahulov,Czechia,Kraj Vysočina,CZ0634,49.2229056,15.808138
590941.0,590941.0,Kralice nad Oslavou,Czechia,Jihovýchod,CZ0634,49.1985797,16.2031234
590959.0,590959.0,Kramolín,Czechia,Jihovýchod,CZ0634,49.1342356,16.1318438
590967.0,590967.0,Krhov,Czechia,Kraj Vysočina,CZ0634,49.1003362,16.0194096
590975.0,590975.0,Krokočín,Czechia,Jihovýchod,CZ0634,49.2443292,16.2329812
550302.0,550302.0,Kuroslepy,Czechia,Jihovýchod,CZ0634,49.1544104,16.2103022
510556.0,510556.0,Láz,Czechia,Kraj Vysočina,CZ0634,49.012271,15.7850391
590983.0,590983.0,Lesná,Czechia,Kraj Vysočina,CZ0634,49.1728982,15.6788324
590991.0,590991.0,Lesní Jakubov,Czechia,Kraj Vysočina,CZ0634,49.2057777,16.2433608
591009.0,591009.0,Lesonice,Czechia,Kraj Vysočina,CZ0634,49.1081707,15.7566173
573485.0,573485.0,Lesůňky,Czechia,Kraj Vysočina,CZ0634,49.1070656,15.8423476
591025.0,591025.0,Lhánice,Czechia,Kraj Vysočina,CZ0634,49.1090913,16.2234038
544876.0,544876.0,Lhotice,Czechia,Kraj Vysočina,CZ0634,49.0192677,15.6070587
591041.0,591041.0,Lipník,Czechia,Kraj Vysočina,CZ0634,49.1442557,15.95062
550507.0,550507.0,Litohoř,Czechia,Kraj Vysočina,CZ0634,49.0667438,15.7683194
591068.0,591068.0,Litovany,Czechia,Kraj Vysočina,CZ0634,49.0549551,16.0439207
587605.0,587605.0,Lomy,Czechia,Jihovýchod,CZ0634,49.0655151,15.6010822
591092.0,591092.0,Loukovice,Czechia,Kraj Vysočina,CZ0634,49.1372258,15.7933621
544957.0,544957.0,Lovčovice,Czechia,Jihovýchod,CZ0634,48.9814755,15.5343194
550566.0,550566.0,Lukov,Czechia,Kraj Vysočina,CZ0634,49.0734998,15.8242336
591114.0,591114.0,Markvartice,Czechia,Kraj Vysočina,CZ0634,49.2008563,15.7673191
550388.0,550388.0,Martínkov,Czechia,Kraj Vysočina,CZ0634,49.0966575,15.7114023
591122.0,591122.0,Mastník,Czechia,Kraj Vysočina,CZ0634,49.1801917,15.8278301
545031.0,545031.0,Menhartice,Czechia,Jihovýchod,CZ0634,48.989953,15.5525097
591149.0,591149.0,Meziříčko,Czechia,Jihovýchod,CZ0634,49.1093206,15.6602312
591157.0,591157.0,Mikulovice,Czechia,Kraj Vysočina,CZ0634,49.1616635,15.8465898
591165.0,591165.0,Mladoňovice,Czechia,Kraj Vysočina,CZ0634,49.0100291,15.6443687
591173.0,591173.0,Mohelno,Czechia,Jihovýchod,CZ0634,49.1141217,16.1902193
591181.0,591181.0,Moravské Budějovice,Czechia,Kraj Vysočina,CZ0634,49.0525768,15.8092797
591190.0,591190.0,Myslibořice,Czechia,Kraj Vysočina,CZ0634,49.1028908,15.9845571
550779.0,550779.0,Naloučany,Czechia,Kraj Vysočina,CZ0634,49.2330449,16.1352092
591211.0,591211.0,Náměšť nad Oslavou,Czechia,Kraj Vysočina,CZ0634,49.2073771,16.1577984
591220.0,591220.0,Nárameč,Czechia,Jihovýchod,CZ0634,49.2644122,15.9747212
591238.0,591238.0,Nimpšov,Czechia,Kraj Vysočina,CZ0634,49.0226242,15.7474491
591246.0,591246.0,Nová Ves,Czechia,Kraj Vysočina,CZ0634,49.2485164,15.8038483
591254.0,591254.0,Nové Syrovice,Czechia,Kraj Vysočina,CZ0634,49.0176287,15.7734531
591262.0,591262.0,Nový Telečkov,Czechia,Kraj Vysočina,CZ0634,49.3210245,15.9379106
510980.0,510980.0,Ocmanice,Czechia,Kraj Vysočina,CZ0634,49.2331432,16.1252957
591289.0,591289.0,Odunec,Czechia,Kraj Vysočina,CZ0634,49.1202141,16.014269
591297.0,591297.0,Okarec,Czechia,Kraj Vysočina,CZ0634,49.2059565,16.0879295
546933.0,546933.0,Okřešice,Czechia,Kraj Vysočina,CZ0634,49.2592483,15.8516719
591301.0,591301.0,Okříšky,Czechia,Kraj Vysočina,CZ0634,49.2455475,15.7692189
591319.0,591319.0,Opatov,Czechia,Jihovýchod,CZ0634,49.2243334,15.6616655
591327.0,591327.0,Oponešice,Czechia,Kraj Vysočina,CZ0634,49.0377373,15.652046
591335.0,591335.0,Ostašov,Czechia,Kraj Vysočina,CZ0634,49.1555466,15.9179895
550469.0,550469.0,Pálovice,Czechia,Jihovýchod,CZ0634,49.005518,15.5375536
591360.0,591360.0,Petrovice,Czechia,Kraj Vysočina,CZ0634,49.2411819,15.7875872
591378.0,591378.0,Petrůvky,Czechia,Kraj Vysočina,CZ0634,49.1592101,15.9023133
550370.0,550370.0,Pokojovice,Czechia,Kraj Vysočina,CZ0634,49.2196402,15.7423545
591394.0,591394.0,Police,Czechia,Jihovýchod,CZ0634,48.9656205,15.6303894
591408.0,591408.0,Popůvky,Czechia,Jihovýchod,CZ0634,49.1590702,16.1273895
591416.0,591416.0,Pozďatín,Czechia,Kraj Vysočina,CZ0634,49.2357537,16.0378479
591424.0,591424.0,Přeckov,Czechia,Kraj Vysočina,CZ0634,49.2758376,15.9162969
591432.0,591432.0,Předín,Czechia,Kraj Vysočina,CZ0634,49.198286,15.673724
591441.0,591441.0,Přešovice,Czechia,Kraj Vysočina,CZ0634,49.0501044,16.0613424
591459.0,591459.0,Přibyslavice,Czechia,Kraj Vysočina,CZ0634,49.2606367,15.7783316
544752.0,544752.0,Příštpo,Czechia,Kraj Vysočina,CZ0634,49.0738396,15.9349011
591491.0,591491.0,Pucov,Czechia,Kraj Vysočina,CZ0634,49.2470469,16.1740707
591505.0,591505.0,Pyšel,Czechia,Kraj Vysočina,CZ0634,49.2505086,16.0664352
511307.0,511307.0,Rácovice,Czechia,Kraj Vysočina,CZ0634,49.0209583,15.6869178
591521.0,591521.0,Račice,Czechia,Kraj Vysočina,CZ0634,49.1078875,16.0244877
550493.0,550493.0,Radkovice u Budče,Czechia,Kraj Vysočina,CZ0634,49.0824912,15.6217417
591548.0,591548.0,Radkovice u Hrotovic,Czechia,Kraj Vysočina,CZ0634,49.0705384,16.00734
591556.0,591556.0,Radonín,Czechia,Kraj Vysočina,CZ0634,49.2796973,15.7241373
591564.0,591564.0,Radošov,Czechia,Kraj Vysočina,CZ0634,49.3350394,15.7864423
545040.0,545040.0,Radotice,Czechia,Jihovýchod,CZ0634,48.9800091,15.5901134
591581.0,591581.0,Rapotice,Czechia,Kraj Vysočina,CZ0634,49.1919651,16.2532705
591602.0,591602.0,Rohy,Czechia,Kraj Vysočina,CZ0634,49.305538,16.0055995
591611.0,591611.0,Rokytnice nad Rokytnou,Czechia,Kraj Vysočina,CZ0634,49.184355,15.7728667
591629.0,591629.0,Rouchovany,Czechia,Jihovýchod,CZ0634,49.07043,16.1072363
591637.0,591637.0,Rudíkov,Czechia,Jihovýchod,CZ0634,49.2894334,15.9488741
591645.0,591645.0,Římov,Czechia,Kraj Vysočina,CZ0634,49.1699809,15.7576928
511081.0,511081.0,Sedlec,Czechia,Jihovýchod,CZ0634,49.167573,16.1346693
591688.0,591688.0,Slavětice,Czechia,Kraj Vysočina,CZ0634,49.1035875,16.108855
591700.0,591700.0,Slavičky,Czechia,Kraj Vysočina,CZ0634,49.1747593,15.9678957
545180.0,545180.0,Slavíkovice,Czechia,Kraj Vysočina,CZ0634,49.0042892,15.6243519
591726.0,591726.0,Smrk,Czechia,Kraj Vysočina,CZ0634,49.2255793,16.001871
591742.0,591742.0,Stařeč,Czechia,Kraj Vysočina,CZ0634,49.1972445,15.826524
587460.0,587460.0,Stropešín,Czechia,Kraj Vysočina,CZ0634,49.1540427,16.0772483
554871.0,554871.0,Střítež,Czechia,Kraj Vysočina,CZ0634,49.1913157,15.893252
591769.0,591769.0,Studenec,Czechia,Kraj Vysočina,CZ0634,49.2003129,16.0647906
591777.0,591777.0,Studnice,Czechia,Kraj Vysočina,CZ0634,49.2909875,16.0289446
591785.0,591785.0,Sudice,Czechia,Kraj Vysočina,CZ0634,49.1818719,16.237772
591793.0,591793.0,Svatoslav,Czechia,Kraj Vysočina,CZ0634,49.3191084,15.8484955
591807.0,591807.0,Šebkovice,Czechia,Kraj Vysočina,CZ0634,49.1209273,15.8182028
591815.0,591815.0,Štěměchy,Czechia,Kraj Vysočina,CZ0634,49.1932918,15.7146656
591823.0,591823.0,Štěpkov,Czechia,Kraj Vysočina,CZ0634,49.0836693,15.6502159
591840.0,591840.0,Trnava,Czechia,Jihovýchod,CZ0634,49.2546831,15.9241436
591858.0,591858.0,Třebelovice,Czechia,Kraj Vysočina,CZ0634,49.0218328,15.6666071
591866.0,591866.0,Třebenice,Czechia,Kraj Vysočina,CZ0634,49.1629373,16.0161696
590266.0,590266.0,Třebíč,Czechia,Kraj Vysočina,CZ0634,49.2151907,15.8816091
550311.0,550311.0,Třesov,Czechia,Kraj Vysočina,CZ0634,49.1802347,16.082821
587699.0,587699.0,Valdíkov,Czechia,Jihovýchod,CZ0634,49.2470078,15.9852333
591874.0,591874.0,Valeč,Czechia,Kraj Vysočina,CZ0634,49.1443034,16.035687
588342.0,588342.0,Vícenice,Czechia,Kraj Vysočina,CZ0634,49.0890287,15.8121356
511242.0,511242.0,Vícenice u Náměště nad Oslavou,Czechia,Kraj Vysočina,CZ0634,49.20262,16.125992
591904.0,591904.0,Vladislav,Czechia,Jihovýchod,CZ0634,49.2108282,15.990582
591912.0,591912.0,Vlčatín,Czechia,Jihovýchod,CZ0634,49.305717,15.9493362
591939.0,591939.0,Výčapy,Czechia,Jihovýchod,CZ0634,49.1448069,15.877617
591947.0,591947.0,Zahrádka,Czechia,Kraj Vysočina,CZ0634,49.2440791,16.0978881
591955.0,591955.0,Zárubice,Czechia,Kraj Vysočina,CZ0634,49.1242261,15.981433
591963.0,591963.0,Zašovice,Czechia,Kraj Vysočina,CZ0634,49.2582357,15.7256774
591980.0,591980.0,Zvěrkovice,Czechia,Kraj Vysočina,CZ0634,49.0255288,15.8631663
591998.0,591998.0,Želetava,Czechia,Jihovýchod,CZ0634,49.1418717,15.6729986
595217.0,595217.0,Baliny,Czechia,Kraj Vysočina,CZ0635,49.3354674,15.9566253
595241.0,595241.0,Blažkov,Czechia,Kraj Vysočina,CZ0635,49.4730733,16.1851629
595250.0,595250.0,Blízkov,Czechia,Kraj Vysočina,CZ0635,49.4004829,15.9087064
595268.0,595268.0,Bobrová,Czechia,Jihovýchod,CZ0635,49.4755967,16.1184781
595276.0,595276.0,Bobrůvka,Czechia,Kraj Vysočina,CZ0635,49.4483692,16.0959424
595284.0,595284.0,Bohdalec,Czechia,Kraj Vysočina,CZ0635,49.4742834,16.0599261
595292.0,595292.0,Bohdalov,Czechia,Kraj Vysočina,CZ0635,49.4792115,15.8758191
595306.0,595306.0,Bohuňov,Czechia,Jihovýchod,CZ0635,49.5604081,16.202442
595322.0,595322.0,Borovnice,Czechia,Kraj Vysočina,CZ0635,49.6672289,16.2025492
595641.0,595641.0,Bory,Czechia,Kraj Vysočina,CZ0635,49.4254572,16.024663
595349.0,595349.0,Březejc,Czechia,Kraj Vysočina,CZ0635,49.3462981,16.0914576
595357.0,595357.0,Březí,Czechia,Kraj Vysočina,CZ0635,49.3436168,16.2151847
595365.0,595365.0,Březí nad Oslavou,Czechia,Kraj Vysočina,CZ0635,49.5028921,15.935593
595381.0,595381.0,Březské,Czechia,Kraj Vysočina,CZ0635,49.3301264,16.2378587
595390.0,595390.0,Budeč,Czechia,Kraj Vysočina,CZ0635,49.5363699,15.9123172
595403.0,595403.0,Bukov,Czechia,Kraj Vysočina,CZ0635,49.4543033,16.223561
595411.0,595411.0,Bystřice nad Pernštejnem,Czechia,Jihovýchod,CZ0635,49.5229885,16.2610589
595420.0,595420.0,Býšovec,Czechia,Jihovýchod,CZ0635,49.4761233,16.2874298
588016.0,588016.0,Cikháj,Czechia,Kraj Vysočina,CZ0635,49.6448467,15.9673854
595438.0,595438.0,Černá,Czechia,Kraj Vysočina,CZ0635,49.4260953,15.8634995
595454.0,595454.0,Dalečín,Czechia,Kraj Vysočina,CZ0635,49.5915559,16.2404292
595462.0,595462.0,Daňkovice,Czechia,Kraj Vysočina,CZ0635,49.6539822,16.1486064
595471.0,595471.0,Dlouhé,Czechia,Jihovýchod,CZ0635,49.5089805,16.1230431
595489.0,595489.0,Dobrá Voda,Czechia,Kraj Vysočina,CZ0635,49.3945559,16.0638001
595501.0,595501.0,Dolní Heřmanice,Czechia,Jihovýchod,CZ0635,49.3047506,16.060104
595519.0,595519.0,Dolní Libochová,Czechia,Kraj Vysočina,CZ0635,49.4082864,16.1846015
595535.0,595535.0,Dolní Rožínka,Czechia,Kraj Vysočina,CZ0635,49.4746071,16.2100968
595578.0,595578.0,Fryšava pod Žákovou horou,Czechia,Kraj Vysočina,CZ0635,49.6304118,16.0443294
595586.0,595586.0,Hamry nad Sázavou,Czechia,Kraj Vysočina,CZ0635,49.5660235,15.9016868
595594.0,595594.0,Herálec,Czechia,Kraj Vysočina,CZ0635,49.6891826,15.9942663
595608.0,595608.0,Heřmanov,Czechia,Kraj Vysočina,CZ0635,49.3791271,16.1815892
595624.0,595624.0,Hodíškov,Czechia,Jihovýchod,CZ0635,49.5034918,16.0380452
595659.0,595659.0,Horní Libochová,Czechia,Kraj Vysočina,CZ0635,49.4074679,16.1491106
595675.0,595675.0,Horní Radslavice,Czechia,Kraj Vysočina,CZ0635,49.3382384,15.9022599
595683.0,595683.0,Horní Rožínka,Czechia,Kraj Vysočina,CZ0635,49.5000001,16.1928952
595713.0,595713.0,Chlumek,Czechia,Kraj Vysočina,CZ0635,49.3744836,15.8547568
595721.0,595721.0,Chlumětín,Czechia,Kraj Vysočina,CZ0635,49.7274861,16.0030738
595705.0,595705.0,Chlum-Korouhvice,Czechia,Kraj Vysočina,CZ0635,49.5761996,16.3207917
595730.0,595730.0,Jabloňov,Czechia,Kraj Vysočina,CZ0635,49.3238493,16.0894351
595756.0,595756.0,Jámy,Czechia,Kraj Vysočina,CZ0635,49.5303208,16.006126
595748.0,595748.0,Javorek,Czechia,Kraj Vysočina,CZ0635,49.6501893,16.1738354
595772.0,595772.0,Jimramov,Czechia,Jihovýchod,CZ0635,49.6370219,16.2258757
595802.0,595802.0,Jívoví,Czechia,Kraj Vysočina,CZ0635,49.4053693,16.0907396
595811.0,595811.0,Kadolec,Czechia,Jihovýchod,CZ0635,49.3747008,16.141351
595829.0,595829.0,Kadov,Czechia,Kraj Vysočina,CZ0635,49.632566,16.0792173
595845.0,595845.0,Karlov,Czechia,Kraj Vysočina,CZ0635,49.6467411,15.915287
595853.0,595853.0,Kněževes,Czechia,Kraj Vysočina,CZ0635,49.4564784,15.9808196
595861.0,595861.0,Koroužné,Czechia,Jihovýchod,CZ0635,49.5274738,16.3476321
595870.0,595870.0,Kotlasy,Czechia,Kraj Vysočina,CZ0635,49.4927111,15.9460966
595888.0,595888.0,Kozlov,Czechia,Kraj Vysočina,CZ0635,49.3791447,16.0786689
595896.0,595896.0,Krásné,Czechia,Kraj Vysočina,CZ0635,49.677852,16.1450028
595900.0,595900.0,Krásněves,Czechia,Kraj Vysočina,CZ0635,49.4444092,15.9811577
587842.0,587842.0,Křídla,Czechia,Kraj Vysočina,CZ0635,49.5272295,16.1223465
595918.0,595918.0,Křižánky,Czechia,Jihovýchod,CZ0635,49.6866369,16.0649243
595926.0,595926.0,Křižanov,Czechia,Jihovýchod,CZ0635,49.3883815,16.1110351
595951.0,595951.0,Křoví,Czechia,Kraj Vysočina,CZ0635,49.3060831,16.2643042
595969.0,595969.0,Kuklík,Czechia,Kraj Vysočina,CZ0635,49.6299224,16.1131425
595977.0,595977.0,Kundratice,Czechia,Kraj Vysočina,CZ0635,49.4024944,16.1347056
596001.0,596001.0,Kyjov,Czechia,Kraj Vysočina,CZ0635,49.4434434,15.8815526
596019.0,596019.0,Lavičky,Czechia,Kraj Vysočina,CZ0635,49.3804964,15.96834
596035.0,596035.0,Lhotka,Czechia,Kraj Vysočina,CZ0635,49.5821811,16.0028734
596051.0,596051.0,Lísek,Czechia,Kraj Vysočina,CZ0635,49.5787979,16.1875119
596060.0,596060.0,Líšná,Czechia,Kraj Vysočina,CZ0635,49.6401717,16.1510504
596086.0,596086.0,Malá Losenice,Czechia,Kraj Vysočina,CZ0635,49.5999272,15.7965995
596094.0,596094.0,Martinice,Czechia,Kraj Vysočina,CZ0635,49.3720874,16.0387658
596108.0,596108.0,Matějov,Czechia,Kraj Vysočina,CZ0635,49.5285967,15.8630038
596116.0,596116.0,Měřín,Czechia,Kraj Vysočina,CZ0635,49.393211,15.883812
587516.0,587516.0,Meziříčko,Czechia,Kraj Vysočina,CZ0635,49.4051264,15.8443384
549835.0,549835.0,Milasín,Czechia,Kraj Vysočina,CZ0635,49.4662376,16.2288044
587770.0,587770.0,Milešín,Czechia,Kraj Vysočina,CZ0635,49.3683573,16.2017079
596132.0,596132.0,Mirošov,Czechia,Kraj Vysočina,CZ0635,49.465322,16.1560924
596141.0,596141.0,Moravec,Czechia,Kraj Vysočina,CZ0635,49.4400114,16.1430828
596159.0,596159.0,Moravecké Pavlovice,Czechia,Kraj Vysočina,CZ0635,49.4254343,16.2563206
596183.0,596183.0,Netín,Czechia,Kraj Vysočina,CZ0635,49.4129102,15.9506487
596205.0,596205.0,Nížkov,Czechia,Kraj Vysočina,CZ0635,49.5325638,15.8058415
596213.0,596213.0,Nová Ves,Czechia,Kraj Vysočina,CZ0635,49.391808,16.1966668
596221.0,596221.0,Nová Ves u Nového Města na Moravě,Czechia,Kraj Vysočina,CZ0635,49.5399288,16.0841002
587974.0,587974.0,Nové Dvory,Czechia,Kraj Vysočina,CZ0635,49.5643827,15.8088664
596230.0,596230.0,Nové Město na Moravě,Czechia,Kraj Vysočina,CZ0635,49.5616916,16.0744185
596248.0,596248.0,Nové Sady,Czechia,Kraj Vysočina,CZ0635,49.2937224,16.1936282
596256.0,596256.0,Nové Veselí,Czechia,Kraj Vysočina,CZ0635,49.5198752,15.9084979
596264.0,596264.0,Nový Jimramov,Czechia,Kraj Vysočina,CZ0635,49.6346223,16.18721
596272.0,596272.0,Nyklovice,Czechia,Kraj Vysočina,CZ0635,49.6038769,16.3449396
596281.0,596281.0,Obyčtov,Czechia,Kraj Vysočina,CZ0635,49.4998588,16.0015804
596329.0,596329.0,Ořechov,Czechia,Kraj Vysočina,CZ0635,49.350315,16.1388322
596337.0,596337.0,Oslavice,Czechia,Kraj Vysočina,CZ0635,49.3407713,15.9907027
511412.0,511412.0,Oslavička,Czechia,Kraj Vysočina,CZ0635,49.3154064,15.9668442
596345.0,596345.0,Osová Bítýška,Czechia,Kraj Vysočina,CZ0635,49.3250983,16.1681302
596353.0,596353.0,Osové,Czechia,Kraj Vysočina,CZ0635,49.3252223,16.015424
596361.0,596361.0,Ostrov nad Oslavou,Czechia,Kraj Vysočina,CZ0635,49.4873065,15.9898348
596370.0,596370.0,Otín,Czechia,Kraj Vysočina,CZ0635,49.3628644,15.9066017
596388.0,596388.0,Pavlínov,Czechia,Kraj Vysočina,CZ0635,49.3481149,15.8784604
596396.0,596396.0,Pavlov,Czechia,Kraj Vysočina,CZ0635,49.450746,15.913841
596418.0,596418.0,Petráveč,Czechia,Jihovýchod,CZ0635,49.3276462,16.0411316
549916.0,549916.0,Pikárec,Czechia,Kraj Vysočina,CZ0635,49.4309327,16.1122812
596434.0,596434.0,Písečné,Czechia,Jihovýchod,CZ0635,49.5679071,16.2366554
596442.0,596442.0,Počítky,Czechia,Kraj Vysočina,CZ0635,49.5886786,15.9718706
596451.0,596451.0,Poděšín,Czechia,Kraj Vysočina,CZ0635,49.5076674,15.8008888
596469.0,596469.0,Podolí,Czechia,Jihovýchod,CZ0635,49.4842597,16.0804482
596477.0,596477.0,Pokojov,Czechia,Kraj Vysočina,CZ0635,49.4818195,15.9065535
596485.0,596485.0,Polnička,Czechia,Kraj Vysočina,CZ0635,49.6074951,15.9163345
596493.0,596493.0,Prosetín,Czechia,Jihovýchod,CZ0635,49.526421,16.3953324
596507.0,596507.0,Račice,Czechia,Kraj Vysočina,CZ0635,49.4972735,16.1392493
588059.0,588059.0,Račín,Czechia,Kraj Vysočina,CZ0635,49.6174134,15.8669265
596515.0,596515.0,Radenice,Czechia,Kraj Vysočina,CZ0635,49.4272172,16.0645712
596523.0,596523.0,Radešín,Czechia,Kraj Vysočina,CZ0635,49.4704264,16.0878897
596531.0,596531.0,Radešínská Svratka,Czechia,Kraj Vysočina,CZ0635,49.5084458,16.0850382
549924.0,549924.0,Radkov,Czechia,Kraj Vysočina,CZ0635,49.423363,16.1580392
596540.0,596540.0,Radňoves,Czechia,Kraj Vysočina,CZ0635,49.3886167,16.2139695
596558.0,596558.0,Radňovice,Czechia,Kraj Vysočina,CZ0635,49.5640066,16.0349919
596566.0,596566.0,Radostín,Czechia,Kraj Vysočina,CZ0635,49.652715,15.8757634
596574.0,596574.0,Radostín nad Oslavou,Czechia,Kraj Vysočina,CZ0635,49.4619289,15.9651086
587737.0,587737.0,Rodkov,Czechia,Kraj Vysočina,CZ0635,49.5038564,16.2275739
549941.0,549941.0,Rosička,Czechia,Kraj Vysočina,CZ0635,49.5367766,15.8499854
596604.0,596604.0,Rousměrov,Czechia,Kraj Vysočina,CZ0635,49.4565391,16.0332099
596612.0,596612.0,Rovečné,Czechia,Jihovýchod,CZ0635,49.5776229,16.3625677
596639.0,596639.0,Rozseč,Czechia,Kraj Vysočina,CZ0635,49.3601373,16.2193572
596647.0,596647.0,Rozsochy,Czechia,Jihovýchod,CZ0635,49.5202165,16.2000968
596655.0,596655.0,Rožná,Czechia,Jihovýchod,CZ0635,49.4772678,16.2384849
596663.0,596663.0,Ruda,Czechia,Kraj Vysočina,CZ0635,49.3224834,16.1226923
596671.0,596671.0,Rudolec,Czechia,Kraj Vysočina,CZ0635,49.4768195,15.8302002
596680.0,596680.0,Řečice,Czechia,Jihovýchod,CZ0635,49.5129928,16.0638545
596701.0,596701.0,Sázava,Czechia,Kraj Vysočina,CZ0635,49.559801,15.8573798
588237.0,588237.0,Sazomín,Czechia,Kraj Vysočina,CZ0635,49.5087708,15.9809713
596710.0,596710.0,Sejřek,Czechia,Kraj Vysočina,CZ0635,49.4360952,16.3092568
596728.0,596728.0,Sirákov,Czechia,Kraj Vysočina,CZ0635,49.504806,15.8182087
596736.0,596736.0,Sklené,Czechia,Kraj Vysočina,CZ0635,49.6093955,16.0068656
596744.0,596744.0,Sklené nad Oslavou,Czechia,Kraj Vysočina,CZ0635,49.4389717,16.056413
596752.0,596752.0,Skorotice,Czechia,Jihovýchod,CZ0635,49.45735,16.3591725
596761.0,596761.0,Skřinářov,Czechia,Kraj Vysočina,CZ0635,49.3470462,16.1719953
596787.0,596787.0,Sněžné,Czechia,Jihovýchod,CZ0635,49.6456645,16.1214343
596795.0,596795.0,Spělkov,Czechia,Kraj Vysočina,CZ0635,49.6747617,16.1609434
596809.0,596809.0,Strachujov,Czechia,Jihovýchod,CZ0635,49.6131339,16.2264971
596817.0,596817.0,Stránecká Zhoř,Czechia,Kraj Vysočina,CZ0635,49.3801173,15.9270795
596825.0,596825.0,Strážek,Czechia,Kraj Vysočina,CZ0635,49.4398347,16.1956198
549886.0,549886.0,Střítež,Czechia,Kraj Vysočina,CZ0635,49.4408195,16.2553907
596833.0,596833.0,Sulkovec,Czechia,Kraj Vysočina,CZ0635,49.6093122,16.3094041
596841.0,596841.0,Světnov,Czechia,Kraj Vysočina,CZ0635,49.6205305,15.9552132
596850.0,596850.0,Sviny,Czechia,Kraj Vysočina,CZ0635,49.3641882,16.0850078
596868.0,596868.0,Svratka,Czechia,Jihovýchod,CZ0635,49.7111798,16.0315815
596876.0,596876.0,Škrdlovice,Czechia,Jihovýchod,CZ0635,49.6346722,15.9259334
596884.0,596884.0,Štěpánov nad Svratkou,Czechia,Jihovýchod,CZ0635,49.5045836,16.3389986
591831.0,591831.0,Tasov,Czechia,Jihovýchod,CZ0635,49.2882177,16.0939534
587753.0,587753.0,Tři Studně,Czechia,Jihovýchod,CZ0635,49.6128414,16.0364939
549959.0,549959.0,Ubušínek,Czechia,Kraj Vysočina,CZ0635,49.6104814,16.2816891
596906.0,596906.0,Uhřínov,Czechia,Kraj Vysočina,CZ0635,49.3498298,15.937953
596914.0,596914.0,Ujčov,Czechia,Kraj Vysočina,CZ0635,49.4883588,16.3310828
596922.0,596922.0,Újezd,Czechia,Kraj Vysočina,CZ0635,49.5094912,15.8702651
596931.0,596931.0,Unčín,Czechia,Kraj Vysočina,CZ0635,49.6076627,16.2456811
596949.0,596949.0,Vatín,Czechia,Kraj Vysočina,CZ0635,49.5248213,15.9668138
596957.0,596957.0,Věcov,Czechia,Kraj Vysočina,CZ0635,49.6161411,16.1699427
596965.0,596965.0,Věchnov,Czechia,Jihovýchod,CZ0635,49.4995348,16.2791482
596973.0,596973.0,Velká Bíteš,Czechia,Jihovýchod,CZ0635,49.2883646,16.2271255
596981.0,596981.0,Velká Losenice,Czechia,Kraj Vysočina,CZ0635,49.5808517,15.8362896
596990.0,596990.0,Velké Janovice,Czechia,Kraj Vysočina,CZ0635,49.587842,16.2200476
597007.0,597007.0,Velké Meziříčí,Czechia,Kraj Vysočina,CZ0635,49.3554996,16.0121507
587893.0,587893.0,Velké Tresné,Czechia,Jihovýchod,CZ0635,49.5751463,16.3804806
597015.0,597015.0,Vepřová,Czechia,Kraj Vysočina,CZ0635,49.612445,15.827376
597031.0,597031.0,Věstín,Czechia,Jihovýchod,CZ0635,49.5668773,16.339911
597040.0,597040.0,Věžná,Czechia,Kraj Vysočina,CZ0635,49.4601671,16.268545
597058.0,597058.0,Vídeň,Czechia,Kraj Vysočina,CZ0635,49.3921258,16.0316259
597066.0,597066.0,Vidonín,Czechia,Kraj Vysočina,CZ0635,49.3797412,16.2224415
597074.0,597074.0,Vír,Czechia,Jihovýchod,CZ0635,49.5575662,16.3235683
587869.0,587869.0,Vlachovice,Czechia,Jihovýchod,CZ0635,49.5970348,16.0411615
597082.0,597082.0,Vlkov,Czechia,Kraj Vysočina,CZ0635,49.3243789,16.2002886
597091.0,597091.0,Vojnův Městec,Czechia,Kraj Vysočina,CZ0635,49.6794545,15.8782847
588334.0,588334.0,Vysoké,Czechia,Kraj Vysočina,CZ0635,49.5818,15.9652101
597112.0,597112.0,Záblatí,Czechia,Kraj Vysočina,CZ0635,49.3207488,16.1663342
597121.0,597121.0,Zadní Zhořec,Czechia,Kraj Vysočina,CZ0635,49.4310739,15.9392046
597139.0,597139.0,Znětínek,Czechia,Kraj Vysočina,CZ0635,49.4695534,15.9265398
597147.0,597147.0,Zubří,Czechia,Kraj Vysočina,CZ0635,49.5711085,16.1236867
597155.0,597155.0,Zvole,Czechia,Jihovýchod,CZ0635,49.4944447,16.1748438
597163.0,597163.0,Ždánice,Czechia,Jihovýchod,CZ0635,49.54746,16.262086
595209.0,595209.0,Žďár nad Sázavou,Czechia,Jihovýchod,CZ0635,49.5629014,15.9391924
581291.0,581291.0,Adamov,Czechia,Jihomoravský kraj,CZ0641,49.300901,16.6544811
581313.0,581313.0,Bedřichov,Czechia,Jihomoravský kraj,CZ0641,49.4630918,16.4609483
581330.0,581330.0,Benešov,Czechia,Jihovýchod,CZ0641,49.5094712,16.7701962
581283.0,581283.0,Blansko,Czechia,Jihomoravský kraj,CZ0641,49.3636494,16.6442394
581356.0,581356.0,Borotín,Czechia,Jihomoravský kraj,CZ0641,49.5813049,16.6714605
581364.0,581364.0,Bořitov,Czechia,Jihomoravský kraj,CZ0641,49.4265568,16.590423
581372.0,581372.0,Boskovice,Czechia,Jihovýchod,CZ0641,49.4877983,16.66016
581381.0,581381.0,Brťov-Jeneč,Czechia,Jihomoravský kraj,CZ0641,49.4138231,16.5168673
581445.0,581445.0,Bukovina,Czechia,Jihomoravský kraj,CZ0641,49.2974402,16.7732698
581453.0,581453.0,Bukovinka,Czechia,Jihomoravský kraj,CZ0641,49.2941796,16.8049334
581461.0,581461.0,Býkovice,Czechia,Jihomoravský kraj,CZ0641,49.4302031,16.53828
581470.0,581470.0,Cetkovice,Czechia,Jihomoravský kraj,CZ0641,49.5787852,16.7212454
554162.0,554162.0,Crhov,Czechia,Jihovýchod,CZ0641,49.5448422,16.4360594
581496.0,581496.0,Černá Hora,Czechia,Jihomoravský kraj,CZ0641,49.413498,16.5804128
581500.0,581500.0,Černovice,Czechia,Jihovýchod,CZ0641,49.4835306,16.4229125
581518.0,581518.0,Deštná,Czechia,Jihomoravský kraj,CZ0641,49.6125536,16.5635535
581526.0,581526.0,Dlouhá Lhota,Czechia,Jihomoravský kraj,CZ0641,49.4286623,16.509833
581542.0,581542.0,Doubravice nad Svitavou,Czechia,Jihomoravský kraj,CZ0641,49.435856,16.6297712
581551.0,581551.0,Drnovice,Czechia,Jihovýchod,CZ0641,49.4680432,16.540633
581569.0,581569.0,Habrůvka,Czechia,Jihomoravský kraj,CZ0641,49.3028318,16.7236967
581593.0,581593.0,Hodonín,Czechia,Jihomoravský kraj,CZ0641,49.5011839,16.4102744
581615.0,581615.0,Holštejn,Czechia,Jihomoravský kraj,CZ0641,49.4063213,16.7776603
581631.0,581631.0,Horní Poříčí,Czechia,Jihovýchod,CZ0641,49.5875968,16.4773314
513695.0,513695.0,Horní Smržov,Czechia,Jihomoravský kraj,CZ0641,49.6182586,16.5769795
581534.0,581534.0,Chrudichromy,Czechia,Jihomoravský kraj,CZ0641,49.5028969,16.6279926
581666.0,581666.0,Jabloňany,Czechia,Jihomoravský kraj,CZ0641,49.4653514,16.6071315
581682.0,581682.0,Jedovnice,Czechia,Jihovýchod,CZ0641,49.3445314,16.7559491
581721.0,581721.0,Kněževes,Czechia,Jihomoravský kraj,CZ0641,49.5870281,16.424095
581739.0,581739.0,Knínice,Czechia,Jihomoravský kraj,CZ0641,49.5396842,16.6949654
581755.0,581755.0,Kořenec,Czechia,Jihomoravský kraj,CZ0641,49.5299637,16.7538341
581763.0,581763.0,Kotvrdovice,Czechia,Jihomoravský kraj,CZ0641,49.3551061,16.7843532
581771.0,581771.0,Kozárov,Czechia,Jihomoravský kraj,CZ0641,49.4438353,16.4586566
581780.0,581780.0,Krasová,Czechia,Jihomoravský kraj,CZ0641,49.3613761,16.7679289
581798.0,581798.0,Krhov,Czechia,Jihomoravský kraj,CZ0641,49.4602599,16.5838181
581801.0,581801.0,Křetín,Czechia,Jihomoravský kraj,CZ0641,49.5631047,16.5044008
581810.0,581810.0,Křtěnov,Czechia,Jihovýchod,CZ0641,49.5452601,16.4193902
581828.0,581828.0,Křtiny,Czechia,Jihomoravský kraj,CZ0641,49.2968704,16.7433382
581836.0,581836.0,Kulířov,Czechia,Jihomoravský kraj,CZ0641,49.3793222,16.8468083
581844.0,581844.0,Kunčina Ves,Czechia,Jihomoravský kraj,CZ0641,49.4469803,16.4752608
581852.0,581852.0,Kunice,Czechia,Jihomoravský kraj,CZ0641,49.4788539,16.4907003
581861.0,581861.0,Kuničky,Czechia,Jihomoravský kraj,CZ0641,49.4349265,16.6813622
581879.0,581879.0,Kunštát,Czechia,Jihovýchod,CZ0641,49.5072078,16.5184624
581887.0,581887.0,Lazinov,Czechia,Jihomoravský kraj,CZ0641,49.5638133,16.5233895
581909.0,581909.0,Lažany,Czechia,Jihovýchod,CZ0641,49.354368,16.5500118
581917.0,581917.0,Letovice,Czechia,Jihovýchod,CZ0641,49.5467115,16.5738843
581925.0,581925.0,Lhota Rapotina,Czechia,Jihomoravský kraj,CZ0641,49.4660468,16.6248483
581933.0,581933.0,Lhota u Lysic,Czechia,Jihomoravský kraj,CZ0641,49.469979,16.4962596
581941.0,581941.0,Lhota u Olešnice,Czechia,Jihomoravský kraj,CZ0641,49.5448092,16.3907243
581950.0,581950.0,Lipovec,Czechia,Jihomoravský kraj,CZ0641,49.3839404,16.8058321
581968.0,581968.0,Lipůvka,Czechia,Jihovýchod,CZ0641,49.3392318,16.5527421
553875.0,553875.0,Louka,Czechia,Jihomoravský kraj,CZ0641,49.5291692,16.4310446
581992.0,581992.0,Lubě,Czechia,Jihomoravský kraj,CZ0641,49.3961739,16.5259625
531006.0,531006.0,Ludíkov,Czechia,Jihomoravský kraj,CZ0641,49.4553936,16.7317818
582018.0,582018.0,Lysice,Czechia,Jihomoravský kraj,CZ0641,49.4517461,16.5365508
582026.0,582026.0,Makov,Czechia,Jihomoravský kraj,CZ0641,49.5191474,16.4836856
582034.0,582034.0,Malá Lhota,Czechia,Jihomoravský kraj,CZ0641,49.3918905,16.5495308
582042.0,582042.0,Malá Roudka,Czechia,Jihomoravský kraj,CZ0641,49.6017475,16.6446577
582069.0,582069.0,Míchov,Czechia,Jihovýchod,CZ0641,49.5240323,16.6157521
582077.0,582077.0,Milonice,Czechia,Jihomoravský kraj,CZ0641,49.3665612,16.5664077
582085.0,582085.0,Němčice,Czechia,Jihomoravský kraj,CZ0641,49.4499656,16.7179516
582107.0,582107.0,Nýrov,Czechia,Jihovýchod,CZ0641,49.5252981,16.5426232
582115.0,582115.0,Obora,Czechia,Jihomoravský kraj,CZ0641,49.4522117,16.6056205
582131.0,582131.0,Okrouhlá,Czechia,Jihomoravský kraj,CZ0641,49.5075045,16.7319973
582158.0,582158.0,Olešnice,Czechia,Jihomoravský kraj,CZ0641,49.5577012,16.4223306
582166.0,582166.0,Olomučany,Czechia,Jihomoravský kraj,CZ0641,49.3308697,16.6716851
582182.0,582182.0,Ostrov u Macochy,Czechia,Jihomoravský kraj,CZ0641,49.3881529,16.7489318
582191.0,582191.0,Pamětice,Czechia,Jihomoravský kraj,CZ0641,49.5497279,16.6446971
582204.0,582204.0,Petrov,Czechia,Jihomoravský kraj,CZ0641,49.5336782,16.4893354
582212.0,582212.0,Petrovice,Czechia,Jihomoravský kraj,CZ0641,49.4128505,16.6998313
582221.0,582221.0,Prostřední Poříčí,Czechia,Jihomoravský kraj,CZ0641,49.5721687,16.4975474
582239.0,582239.0,Rájec-Jestřebí,Czechia,Jihomoravský kraj,CZ0641,49.409145,16.6270226
582247.0,582247.0,Ráječko,Czechia,Jihomoravský kraj,CZ0641,49.3939012,16.6438712
513709.0,513709.0,Roubanina,Czechia,Jihomoravský kraj,CZ0641,49.61541,16.5940618
582271.0,582271.0,Rozseč nad Kunštátem,Czechia,Jihomoravský kraj,CZ0641,49.5244186,16.4629625
582280.0,582280.0,Rozsíčka,Czechia,Jihomoravský kraj,CZ0641,49.552283,16.4669848
582298.0,582298.0,Rudice,Czechia,Jihomoravský kraj,CZ0641,49.3372988,16.7256625
582310.0,582310.0,Sebranice,Czechia,Jihomoravský kraj,CZ0641,49.4983304,16.5727867
582328.0,582328.0,Senetářov,Czechia,Jihovýchod,CZ0641,49.3547618,16.8040385
582336.0,582336.0,Skalice nad Svitavou,Czechia,Jihomoravský kraj,CZ0641,49.480837,16.6073215
582344.0,582344.0,Skrchov,Czechia,Jihomoravský kraj,CZ0641,49.5776115,16.5490652
582352.0,582352.0,Sloup,Czechia,Jihomoravský kraj,CZ0641,49.4148654,16.7396127
556963.0,556963.0,Spešov,Czechia,Jihomoravský kraj,CZ0641,49.3947699,16.6289031
582620.0,582620.0,Stvolová,Czechia,Jihomoravský kraj,CZ0641,49.5892539,16.5402643
582395.0,582395.0,Sudice,Czechia,Jihomoravský kraj,CZ0641,49.5299009,16.6685228
582409.0,582409.0,Suchý,Czechia,Jihomoravský kraj,CZ0641,49.4829363,16.7623219
582417.0,582417.0,Sulíkov,Czechia,Jihomoravský kraj,CZ0641,49.5445918,16.4896109
586064.0,586064.0,Světlá,Czechia,Jihomoravský kraj,CZ0641,49.5656665,16.7180937
582433.0,582433.0,Svinošice,Czechia,Jihovýchod,CZ0641,49.3346295,16.5774196
582441.0,582441.0,Svitávka,Czechia,Jihomoravský kraj,CZ0641,49.5017765,16.5979316
582468.0,582468.0,Šebetov,Czechia,Jihomoravský kraj,CZ0641,49.5486196,16.711622
582476.0,582476.0,Šebrov-Kateřina,Czechia,Jihomoravský kraj,CZ0641,49.3296156,16.5986378
582484.0,582484.0,Šošůvka,Czechia,Jihomoravský kraj,CZ0641,49.4105331,16.7518791
582492.0,582492.0,Štěchov,Czechia,Jihomoravský kraj,CZ0641,49.4528909,16.5050738
582506.0,582506.0,Tasovice,Czechia,Jihomoravský kraj,CZ0641,49.4960259,16.4412634
582531.0,582531.0,Uhřice,Czechia,Jihomoravský kraj,CZ0641,49.5950652,16.735005
534692.0,534692.0,Újezd u Boskovic,Czechia,Jihovýchod,CZ0641,49.4638989,16.6541632
582557.0,582557.0,Újezd u Černé Hory,Czechia,Jihomoravský kraj,CZ0641,49.3687061,16.540111
582573.0,582573.0,Úsobrno,Czechia,Jihomoravský kraj,CZ0641,49.5889245,16.7628827
553883.0,553883.0,Ústup,Czechia,Jihomoravský kraj,CZ0641,49.5646605,16.4634253
582581.0,582581.0,Valchov,Czechia,Jihomoravský kraj,CZ0641,49.4702817,16.719709
582590.0,582590.0,Vanovice,Czechia,Jihomoravský kraj,CZ0641,49.5673414,16.6660708
582603.0,582603.0,Vavřinec,Czechia,Jihomoravský kraj,CZ0641,49.4025617,16.7198739
582611.0,582611.0,Vážany,Czechia,Jihomoravský kraj,CZ0641,49.5311903,16.6886931
530824.0,530824.0,Velenov,Czechia,Jihomoravský kraj,CZ0641,49.4868406,16.7327643
582646.0,582646.0,Velké Opatovice,Czechia,Jihomoravský kraj,CZ0641,49.6126397,16.6794242
582654.0,582654.0,Vilémovice,Czechia,Jihomoravský kraj,CZ0641,49.363839,16.7465622
582662.0,582662.0,Vísky,Czechia,Jihomoravský kraj,CZ0641,49.5390503,16.6259509
582671.0,582671.0,Voděrady,Czechia,Jihomoravský kraj,CZ0641,49.4814985,16.5580747
582689.0,582689.0,Vranová,Czechia,Jihomoravský kraj,CZ0641,49.5540416,16.5247523
582701.0,582701.0,Vysočany,Czechia,Jihomoravský kraj,CZ0641,49.4300329,16.8039503
586005.0,586005.0,Závist,Czechia,Jihomoravský kraj,CZ0641,49.3775991,16.5725909
582727.0,582727.0,Zbraslavec,Czechia,Jihovýchod,CZ0641,49.4838994,16.5283899
582743.0,582743.0,Žďár,Czechia,Jihomoravský kraj,CZ0641,49.4209288,16.6995482
582751.0,582751.0,Žďárná,Czechia,Jihomoravský kraj,CZ0641,49.4686388,16.7585066
582760.0,582760.0,Žernovník,Czechia,Jihomoravský kraj,CZ0641,49.4071517,16.5455472
582778.0,582778.0,Žerůtky,Czechia,Jihomoravský kraj,CZ0641,49.4403841,16.5366784
582786.0,582786.0,Brno,Czechia,Jihovýchod,CZ0642,49.1922443,16.6113382
582794.0,582794.0,Babice nad Svitavou,Czechia,Jihomoravský kraj,CZ0643,49.2826362,16.6980974
582808.0,582808.0,Babice u Rosic,Czechia,Jihomoravský kraj,CZ0643,49.1729776,16.3581686
581321.0,581321.0,Běleč,Czechia,Jihomoravský kraj,CZ0643,49.4339359,16.3831302
582824.0,582824.0,Bílovice nad Svitavou,Czechia,Jihomoravský kraj,CZ0643,49.2471499,16.6723637
582832.0,582832.0,Biskoupky,Czechia,Jihomoravský kraj,CZ0643,49.0976886,16.2812818
582841.0,582841.0,Blažovice,Czechia,Jihomoravský kraj,CZ0643,49.165706,16.7858382
582859.0,582859.0,Blučina,Czechia,Jihomoravský kraj,CZ0643,49.0552106,16.6451368
595314.0,595314.0,Borač,Czechia,Jihomoravský kraj,CZ0643,49.4008152,16.3611119
595331.0,595331.0,Borovník,Czechia,Jihomoravský kraj,CZ0643,49.3555554,16.2293512
582875.0,582875.0,Braníškov,Czechia,Jihomoravský kraj,CZ0643,49.2943693,16.345657
593834.0,593834.0,Branišovice,Czechia,Jihomoravský kraj,CZ0643,48.9628106,16.431847
582883.0,582883.0,Bratčice,Czechia,Jihomoravský kraj,CZ0643,49.0651464,16.5230794
581402.0,581402.0,Brumov,Czechia,Jihomoravský kraj,CZ0643,49.4623844,16.425751
581429.0,581429.0,Březina,Czechia,Jihomoravský kraj,CZ0643,49.2815982,16.7495168
582891.0,582891.0,Březina,Czechia,Jihomoravský kraj,CZ0643,49.2815982,16.7495168
581437.0,581437.0,Bukovice,Czechia,Jihomoravský kraj,CZ0643,49.4067634,16.4893318
550272.0,550272.0,Cvrčovice,Czechia,Jihomoravský kraj,CZ0643,48.9936682,16.5144768
582913.0,582913.0,Čebín,Czechia,Jihomoravský kraj,CZ0643,49.3082989,16.479781
595446.0,595446.0,Černvír,Czechia,Jihovýchod,CZ0643,49.4453126,16.346181
582921.0,582921.0,Česká,Czechia,Jihomoravský kraj,CZ0643,49.280078,16.5654048
582930.0,582930.0,Čučice,Czechia,Jihomoravský kraj,CZ0643,49.1382316,16.2763813
582948.0,582948.0,Deblín,Czechia,Jihomoravský kraj,CZ0643,49.3205381,16.3462457
582956.0,582956.0,Dolní Kounice,Czechia,Jihomoravský kraj,CZ0643,49.0702561,16.4649901
595527.0,595527.0,Dolní Loučky,Czechia,Jihomoravský kraj,CZ0643,49.3609921,16.3587072
582964.0,582964.0,Domašov,Czechia,Jihomoravský kraj,CZ0643,49.2451957,16.343862
595551.0,595551.0,Doubravník,Czechia,Jihomoravský kraj,CZ0643,49.4245996,16.3520722
595560.0,595560.0,Drahonín,Czechia,Jihomoravský kraj,CZ0643,49.4140613,16.2769004
582972.0,582972.0,Drásov,Czechia,Jihomoravský kraj,CZ0643,49.3320138,16.4781153
582999.0,582999.0,Hajany,Czechia,Jihomoravský kraj,CZ0643,49.1108159,16.5549847
583014.0,583014.0,Heroltice,Czechia,Jihomoravský kraj,CZ0643,49.3114133,16.4127991
583022.0,583022.0,Hlína,Czechia,Jihomoravský kraj,CZ0643,49.1136172,16.4261634
581577.0,581577.0,Hluboké Dvory,Czechia,Jihomoravský kraj,CZ0643,49.3831412,16.5142039
583031.0,583031.0,Holasice,Czechia,Jihomoravský kraj,CZ0643,49.0758558,16.6075621
595667.0,595667.0,Horní Loučky,Czechia,Jihomoravský kraj,CZ0643,49.3668061,16.3413943
583057.0,583057.0,Hostěnice,Czechia,Jihomoravský kraj,CZ0643,49.2365416,16.7765464
583065.0,583065.0,Hradčany,Czechia,Jihomoravský kraj,CZ0643,49.3279317,16.4423375
583081.0,583081.0,Hrušovany u Brna,Czechia,Jihomoravský kraj,CZ0643,49.0388625,16.5944125
583090.0,583090.0,Hvozdec,Czechia,Jihovýchod,CZ0643,49.2471043,16.4256537
583111.0,583111.0,Chudčice,Czechia,Jihovýchod,CZ0643,49.2884909,16.4587237
584517.0,584517.0,Ivaň,Czechia,Jihomoravský kraj,CZ0643,48.9296273,16.5758117
583120.0,583120.0,Ivančice,Czechia,Jihovýchod,CZ0643,49.1015881,16.3776051
583154.0,583154.0,Javůrek,Czechia,Jihovýchod,CZ0643,49.2555275,16.3621786
583171.0,583171.0,Jinačovice,Czechia,Jihomoravský kraj,CZ0643,49.2678029,16.5294859
583189.0,583189.0,Jiříkovice,Czechia,Jihomoravský kraj,CZ0643,49.1671269,16.7584954
595837.0,595837.0,Kaly,Czechia,Jihomoravský kraj,CZ0643,49.3793217,16.351601
583197.0,583197.0,Kanice,Czechia,Jihomoravský kraj,CZ0643,49.2637745,16.7142041
587907.0,587907.0,Katov,Czechia,Jihomoravský kraj,CZ0643,49.3326927,16.2787567
583201.0,583201.0,Ketkovice,Czechia,Jihovýchod,CZ0643,49.1589884,16.2631155
583219.0,583219.0,Kobylnice,Czechia,Jihomoravský kraj,CZ0643,49.1380337,16.7318245
583227.0,583227.0,Kovalovice,Czechia,Jihomoravský kraj,CZ0643,49.2046209,16.8190335
583235.0,583235.0,Kratochvilka,Czechia,Jihomoravský kraj,CZ0643,49.1567587,16.3763444
595934.0,595934.0,Křižínkov,Czechia,Jihomoravský kraj,CZ0643,49.3257991,16.2701335
583243.0,583243.0,Kupařovice,Czechia,Jihomoravský kraj,CZ0643,49.0432139,16.4907113
583251.0,583251.0,Kuřim,Czechia,Jihovýchod,CZ0643,49.2987857,16.531396
595985.0,595985.0,Kuřimská Nová Ves,Czechia,Jihomoravský kraj,CZ0643,49.3457648,16.2969704
595993.0,595993.0,Kuřimské Jestřabí,Czechia,Jihomoravský kraj,CZ0643,49.3465754,16.313927
583260.0,583260.0,Lažánky,Czechia,Jihomoravský kraj,CZ0643,49.2789457,16.3880626
583278.0,583278.0,Ledce,Czechia,Jihomoravský kraj,CZ0643,49.0515031,16.5570155
583286.0,583286.0,Lelekovice,Czechia,Jihomoravský kraj,CZ0643,49.2950898,16.5828498
583294.0,583294.0,Lesní Hluboké,Czechia,Jihomoravský kraj,CZ0643,49.2687764,16.3063419
583308.0,583308.0,Litostrov,Czechia,Jihomoravský kraj,CZ0643,49.2243773,16.3294174
594377.0,594377.0,Loděnice,Czechia,Jihomoravský kraj,CZ0643,49.0115976,16.463072
581976.0,581976.0,Lomnice,Czechia,Jihomoravský kraj,CZ0643,49.404466,16.413603
583316.0,583316.0,Lomnička,Czechia,Jihomoravský kraj,CZ0643,49.3670315,16.4305208
596078.0,596078.0,Lubné,Czechia,Jihomoravský kraj,CZ0643,49.3541679,16.2752098
583324.0,583324.0,Lukovany,Czechia,Jihomoravský kraj,CZ0643,49.1624723,16.2978497
583332.0,583332.0,Malešovice,Czechia,Jihomoravský kraj,CZ0643,49.0234571,16.5014914
583341.0,583341.0,Malhostovice,Czechia,Jihomoravský kraj,CZ0643,49.3335986,16.5022167
583359.0,583359.0,Maršov,Czechia,Jihomoravský kraj,CZ0643,49.28368,16.3597493
583367.0,583367.0,Medlov,Czechia,Jihomoravský kraj,CZ0643,49.0350896,16.5223776
583375.0,583375.0,Mělčany,Czechia,Jihomoravský kraj,CZ0643,49.0761421,16.4921954
583383.0,583383.0,Měnín,Czechia,Jihomoravský kraj,CZ0643,49.0823951,16.6942374
583391.0,583391.0,Modřice,Czechia,Jihovýchod,CZ0643,49.1288791,16.6137074
583405.0,583405.0,Mokrá-Horákov,Czechia,Jihomoravský kraj,CZ0643,49.2232246,16.7514592
583413.0,583413.0,Moravany,Czechia,Jihovýchod,CZ0643,49.1468868,16.5768919
583421.0,583421.0,Moravské Bránice,Czechia,Jihomoravský kraj,CZ0643,49.0832736,16.4362839
583430.0,583430.0,Moravské Knínice,Czechia,Jihovýchod,CZ0643,49.288854,16.4924841
583448.0,583448.0,Moutnice,Czechia,Jihomoravský kraj,CZ0643,49.0492374,16.7374146
583456.0,583456.0,Nebovidy,Czechia,Jihovýchod,CZ0643,49.1413315,16.5513708
596175.0,596175.0,Nedvědice,Czechia,Jihovýchod,CZ0643,49.4570501,16.3337065
583464.0,583464.0,Nelepeč-Žernůvka,Czechia,Jihomoravský kraj,CZ0643,49.3423127,16.3765579
583472.0,583472.0,Němčičky,Czechia,Jihomoravský kraj,CZ0643,49.0505843,16.5009083
583481.0,583481.0,Neslovice,Czechia,Jihomoravský kraj,CZ0643,49.1422123,16.3877784
583499.0,583499.0,Nesvačilka,Czechia,Jihovýchod,CZ0643,49.0640241,16.753999
596191.0,596191.0,Níhov,Czechia,Jihomoravský kraj,CZ0643,49.3416912,16.2575411
584720.0,584720.0,Nosislav,Czechia,Jihovýchod,CZ0643,49.0120481,16.6554908
583502.0,583502.0,Nová Ves,Czechia,Jihomoravský kraj,CZ0643,49.1081117,16.3108395
583511.0,583511.0,Nové Bránice,Czechia,Jihovýchod,CZ0643,49.0711485,16.4417503
583529.0,583529.0,Odrovice,Czechia,Jihomoravský kraj,CZ0643,49.010807,16.5090144
583537.0,583537.0,Ochoz u Brna,Czechia,Jihomoravský kraj,CZ0643,49.254202,16.7372324
582123.0,582123.0,Ochoz u Tišnova,Czechia,Jihomoravský kraj,CZ0643,49.4255931,16.394233
596302.0,596302.0,Olší,Czechia,Jihomoravský kraj,CZ0643,49.4212179,16.2902978
583545.0,583545.0,Omice,Czechia,Jihomoravský kraj,CZ0643,49.169933,16.451729
583553.0,583553.0,Opatovice,Czechia,Jihomoravský kraj,CZ0643,49.0755159,16.6409492
583561.0,583561.0,Ořechov,Czechia,Jihovýchod,CZ0643,49.1111793,16.5232869
582174.0,582174.0,Osiky,Czechia,Jihovýchod,CZ0643,49.4561944,16.4215826
583588.0,583588.0,Oslavany,Czechia,Jihomoravský kraj,CZ0643,49.1236142,16.3364832
583596.0,583596.0,Ostopovice,Czechia,Jihomoravský kraj,CZ0643,49.1610664,16.5460487
583600.0,583600.0,Ostrovačice,Czechia,Jihomoravský kraj,CZ0643,49.2110757,16.4095786
506699.0,506699.0,Otmarov,Czechia,Jihovýchod,CZ0643,49.1005134,16.6726777
584762.0,584762.0,Pasohlávky,Czechia,Jihomoravský kraj,CZ0643,48.9029363,16.5433777
596400.0,596400.0,Pernštejnské Jestřabí,Czechia,Jihomoravský kraj,CZ0643,49.4063169,16.3256049
583634.0,583634.0,Podolí,Czechia,Jihomoravský kraj,CZ0643,49.1904244,16.7208449
584801.0,584801.0,Pohořelice,Czechia,Jihovýchod,CZ0643,48.9816868,16.5242181
549738.0,549738.0,Ponětovice,Czechia,Jihomoravský kraj,CZ0643,49.1521571,16.7422852
583651.0,583651.0,Popovice,Czechia,Jihovýchod,CZ0643,49.1062167,16.6157441
583669.0,583669.0,Popůvky,Czechia,Jihomoravský kraj,CZ0643,49.1773947,16.4877634
583677.0,583677.0,Pozořice,Czechia,Jihomoravský kraj,CZ0643,49.2097639,16.7907416
583685.0,583685.0,Prace,Czechia,Jihomoravský kraj,CZ0643,49.1413037,16.7652026
583693.0,583693.0,Pravlov,Czechia,Jihomoravský kraj,CZ0643,49.0556789,16.4876812
583707.0,583707.0,Prštice,Czechia,Jihomoravský kraj,CZ0643,49.1150174,16.4707614
549746.0,549746.0,Předklášteří,Czechia,Jihomoravský kraj,CZ0643,49.3525299,16.4024073
584843.0,584843.0,Přibice,Czechia,Jihomoravský kraj,CZ0643,48.9616246,16.5733354
583715.0,583715.0,Příbram na Moravě,Czechia,Jihovýchod,CZ0643,49.1954826,16.299071
583723.0,583723.0,Přibyslavice,Czechia,Jihomoravský kraj,CZ0643,49.2787763,16.2656176
583731.0,583731.0,Přísnotice,Czechia,Jihovýchod,CZ0643,49.003219,16.6132838
583740.0,583740.0,Radostice,Czechia,Jihomoravský kraj,CZ0643,49.1336068,16.4770079
583758.0,583758.0,Rajhrad,Czechia,Jihovýchod,CZ0643,49.0890629,16.6030548
583766.0,583766.0,Rajhradice,Czechia,Jihomoravský kraj,CZ0643,49.0918042,16.6323115
582255.0,582255.0,Rašov,Czechia,Jihomoravský kraj,CZ0643,49.4155452,16.4537251
583774.0,583774.0,Rebešovice,Czechia,Jihovýchod,CZ0643,49.1043792,16.6364612
582263.0,582263.0,Rohozec,Czechia,Jihomoravský kraj,CZ0643,49.390315,16.4828464
596582.0,596582.0,Rojetín,Czechia,Jihomoravský kraj,CZ0643,49.366646,16.2573735
583782.0,583782.0,Rosice,Czechia,Jihomoravský kraj,CZ0643,49.1825874,16.3878251
583791.0,583791.0,Rozdrojovice,Czechia,Jihovýchod,CZ0643,49.2546441,16.5099282
583804.0,583804.0,Rudka,Czechia,Jihomoravský kraj,CZ0643,49.2419852,16.3327955
583821.0,583821.0,Řícmanice,Czechia,Jihomoravský kraj,CZ0643,49.2574642,16.6939395
583839.0,583839.0,Říčany,Czechia,Jihomoravský kraj,CZ0643,49.2151397,16.3933259
549789.0,549789.0,Říčky,Czechia,Jihomoravský kraj,CZ0643,49.2329241,16.355841
596698.0,596698.0,Řikonín,Czechia,Jihomoravský kraj,CZ0643,49.3644062,16.3056963
591661.0,591661.0,Senorady,Czechia,Jihovýchod,CZ0643,49.1241714,16.2457885
583847.0,583847.0,Sentice,Czechia,Jihomoravský kraj,CZ0643,49.3106949,16.4464014
583855.0,583855.0,Silůvky,Czechia,Jihomoravský kraj,CZ0643,49.1059745,16.4679353
583863.0,583863.0,Sivice,Czechia,Jihomoravský kraj,CZ0643,49.2037069,16.7825412
545295.0,545295.0,Skalička,Czechia,Jihomoravský kraj,CZ0643,49.3578722,16.5161776
549894.0,549894.0,Skryje,Czechia,Jihomoravský kraj,CZ0643,49.3935628,16.3106847
583880.0,583880.0,Sobotovice,Czechia,Jihomoravský kraj,CZ0643,49.0600835,16.5567924
583898.0,583898.0,Sokolnice,Czechia,Jihomoravský kraj,CZ0643,49.1136525,16.7210969
583901.0,583901.0,Stanoviště,Czechia,Jihomoravský kraj,CZ0643,49.2390968,16.2534909
582379.0,582379.0,Strhaře,Czechia,Jihomoravský kraj,CZ0643,49.4356144,16.4362959
583910.0,583910.0,Střelice,Czechia,Jihovýchod,CZ0643,49.1522119,16.5039853
583928.0,583928.0,Svatoslav,Czechia,Jihomoravský kraj,CZ0643,49.3017701,16.3087914
582450.0,582450.0,Synalov,Czechia,Jihomoravský kraj,CZ0643,49.4324038,16.4138381
583936.0,583936.0,Syrovice,Czechia,Jihomoravský kraj,CZ0643,49.0799072,16.5460683
583944.0,583944.0,Šerkovice,Czechia,Jihomoravský kraj,CZ0643,49.3855804,16.4299579
583952.0,583952.0,Šlapanice,Czechia,Jihovýchod,CZ0643,49.1688974,16.7272687
583961.0,583961.0,Štěpánovice,Czechia,Jihovýchod,CZ0643,49.372952,16.3875784
594903.0,594903.0,Šumice,Czechia,Jihomoravský kraj,CZ0643,48.9918961,16.4372143
583979.0,583979.0,Telnice,Czechia,Jihomoravský kraj,CZ0643,49.1019235,16.7177934
583995.0,583995.0,Těšany,Czechia,Jihomoravský kraj,CZ0643,49.0393815,16.7701274
583987.0,583987.0,Tetčice,Czechia,Jihomoravský kraj,CZ0643,49.1702477,16.405632
584002.0,584002.0,Tišnov,Czechia,Jihovýchod,CZ0643,49.348838,16.4244906
596892.0,596892.0,Tišnovská Nová Ves,Czechia,Jihomoravský kraj,CZ0643,49.3838764,16.293239
584011.0,584011.0,Trboušany,Czechia,Jihomoravský kraj,CZ0643,49.0508088,16.4627267
594962.0,594962.0,Troskotovice,Czechia,Jihovýchod,CZ0643,48.9190187,16.43754
584029.0,584029.0,Troubsko,Czechia,Jihovýchod,CZ0643,49.1695454,16.5106999
584037.0,584037.0,Tvarožná,Czechia,Jihomoravský kraj,CZ0643,49.1917701,16.7714571
584045.0,584045.0,Újezd u Brna,Czechia,Jihovýchod,CZ0643,49.1043477,16.7573682
584053.0,584053.0,Újezd u Rosic,Czechia,Jihomoravský kraj,CZ0643,49.2224116,16.2536442
549908.0,549908.0,Újezd u Tišnova,Czechia,Jihomoravský kraj,CZ0643,49.3655216,16.3245451
582565.0,582565.0,Unín,Czechia,Jihomoravský kraj,CZ0643,49.3821766,16.4913509
584061.0,584061.0,Unkovice,Czechia,Jihomoravský kraj,CZ0643,49.0192179,16.6040416
584070.0,584070.0,Úsuší,Czechia,Jihomoravský kraj,CZ0643,49.3347444,16.3559842
584096.0,584096.0,Velatice,Czechia,Jihovýchod,CZ0643,49.1973731,16.7535786
584100.0,584100.0,Veverská Bítýška,Czechia,Jihomoravský kraj,CZ0643,49.2756422,16.4370099
584118.0,584118.0,Veverské Knínice,Czechia,Jihomoravský kraj,CZ0643,49.2368966,16.4018268
584126.0,584126.0,Viničné Šumice,Czechia,Jihomoravský kraj,CZ0643,49.2135782,16.825406
585025.0,585025.0,Vlasatice,Czechia,Jihomoravský kraj,CZ0643,48.9336642,16.4845317
584134.0,584134.0,Vohančice,Czechia,Jihomoravský kraj,CZ0643,49.3215917,16.3938553
584142.0,584142.0,Vojkovice,Czechia,Jihomoravský kraj,CZ0643,49.05138,16.608203
584151.0,584151.0,Vranov,Czechia,Jihomoravský kraj,CZ0643,49.3094064,16.6131768
585033.0,585033.0,Vranovice,Czechia,Jihomoravský kraj,CZ0643,48.9659971,16.6066028
597104.0,597104.0,Vratislávka,Czechia,Jihomoravský kraj,CZ0643,49.3864129,16.2440322
584169.0,584169.0,Všechovice,Czechia,Jihomoravský kraj,CZ0643,49.3571148,16.4940772
584177.0,584177.0,Vysoké Popovice,Czechia,Jihomoravský kraj,CZ0643,49.1830796,16.2849523
584185.0,584185.0,Zakřany,Czechia,Jihovýchod,CZ0643,49.1705404,16.3252561
584193.0,584193.0,Zálesná Zhoř,Czechia,Jihomoravský kraj,CZ0643,49.2501859,16.2897459
584207.0,584207.0,Zastávka,Czechia,Jihomoravský kraj,CZ0643,49.1885443,16.365508
584215.0,584215.0,Zbraslav,Czechia,Jihomoravský kraj,CZ0643,49.221003,16.2938559
584223.0,584223.0,Zbýšov,Czechia,Jihomoravský kraj,CZ0643,49.1552431,16.3495114
582735.0,582735.0,Zhoř,Czechia,Jihomoravský kraj,CZ0643,49.4150307,16.4801582
584231.0,584231.0,Žabčice,Czechia,Jihovýchod,CZ0643,49.0115967,16.6025722
584240.0,584240.0,Žatčany,Czechia,Jihovýchod,CZ0643,49.0878859,16.7337431
597171.0,597171.0,Žďárec,Czechia,Jihomoravský kraj,CZ0643,49.3797667,16.2664578
584266.0,584266.0,Želešice,Czechia,Jihomoravský kraj,CZ0643,49.1168862,16.5813739
584274.0,584274.0,Železné,Czechia,Jihomoravský kraj,CZ0643,49.3596176,16.4504447
584282.0,584282.0,Židlochovice,Czechia,Jihovýchod,CZ0643,49.0379775,16.6171639
584304.0,584304.0,Bavory,Czechia,Jihomoravský kraj,CZ0644,48.8348416,16.622394
584321.0,584321.0,Boleradice,Czechia,Jihomoravský kraj,CZ0644,48.9666763,16.8139207
584339.0,584339.0,Borkovany,Czechia,Jihomoravský kraj,CZ0644,49.0281639,16.8101057
584347.0,584347.0,Bořetice,Czechia,Jihomoravský kraj,CZ0644,48.9130249,16.8530627
584355.0,584355.0,Brod nad Dyjí,Czechia,Jihovýchod,CZ0644,48.875209,16.5353783
584363.0,584363.0,Brumovice,Czechia,Jihomoravský kraj,CZ0644,48.9609601,16.8962625
584291.0,584291.0,Břeclav,Czechia,Jihovýchod,CZ0644,48.7594008,16.8813137
584371.0,584371.0,Březí,Czechia,Jihovýchod,CZ0644,48.8200704,16.5654272
584380.0,584380.0,Bulhary,Czechia,Jihomoravský kraj,CZ0644,48.8314661,16.7487387
584401.0,584401.0,Diváky,Czechia,Jihomoravský kraj,CZ0644,48.9884375,16.7911427
584410.0,584410.0,Dobré Pole,Czechia,Jihovýchod,CZ0644,48.8260464,16.5355581
584428.0,584428.0,Dolní Dunajovice,Czechia,Jihovýchod,CZ0644,48.85468,16.5922756
584436.0,584436.0,Dolní Věstonice,Czechia,Jihovýchod,CZ0644,48.8881911,16.6445792
584444.0,584444.0,Drnholec,Czechia,Jihomoravský kraj,CZ0644,48.8572958,16.4858072
584452.0,584452.0,Hlohovec,Czechia,Jihomoravský kraj,CZ0644,48.7739869,16.7623
584461.0,584461.0,Horní Bojanovice,Czechia,Jihomoravský kraj,CZ0644,48.9497051,16.8001463
584479.0,584479.0,Horní Věstonice,Czechia,Jihovýchod,CZ0644,48.8748042,16.6257661
584487.0,584487.0,Hrušky,Czechia,Jihovýchod,CZ0644,48.7927237,16.9740444
584495.0,584495.0,Hustopeče,Czechia,Jihovýchod,CZ0644,48.9399831,16.7369738
584525.0,584525.0,Jevišovka,Czechia,Jihomoravský kraj,CZ0644,48.828692,16.4683693
550256.0,550256.0,Kašnice,Czechia,Jihomoravský kraj,CZ0644,48.9964365,16.8828389
584541.0,584541.0,Klentnice,Czechia,Jihovýchod,CZ0644,48.8446701,16.6449405
584550.0,584550.0,Klobouky u Brna,Czechia,Jihovýchod,CZ0644,48.9951795,16.8597347
584568.0,584568.0,Kobylí,Czechia,Jihovýchod,CZ0644,48.9328594,16.8915857
584576.0,584576.0,Kostice,Czechia,Jihovýchod,CZ0644,48.746851,16.9786886
584584.0,584584.0,Krumvíř,Czechia,Jihovýchod,CZ0644,48.9890059,16.9102728
584592.0,584592.0,Křepice,Czechia,Jihomoravský kraj,CZ0644,48.9997187,16.7213829
555282.0,555282.0,Kurdějov,Czechia,Jihomoravský kraj,CZ0644,48.9577741,16.7634511
558443.0,558443.0,Ladná,Czechia,Jihomoravský kraj,CZ0644,48.8053968,16.8723069
584622.0,584622.0,Lanžhot,Czechia,Jihovýchod,CZ0644,48.7245476,16.9667035
584631.0,584631.0,Lednice,Czechia,Jihovýchod,CZ0644,48.8001413,16.8039515
584649.0,584649.0,Mikulov,Czechia,Jihovýchod,CZ0644,48.8068577,16.6383914
584657.0,584657.0,Milovice,Czechia,Jihomoravský kraj,CZ0644,48.8524884,16.6981427
584665.0,584665.0,Moravská Nová Ves,Czechia,Jihovýchod,CZ0644,48.8032919,17.013905
584673.0,584673.0,Moravský Žižkov,Czechia,Jihovýchod,CZ0644,48.8328083,16.9313873
584681.0,584681.0,Morkůvky,Czechia,Jihomoravský kraj,CZ0644,48.9661279,16.8622133
584703.0,584703.0,Němčičky,Czechia,Jihomoravský kraj,CZ0644,48.9355904,16.8242587
584711.0,584711.0,Nikolčice,Czechia,Jihomoravský kraj,CZ0644,48.9933232,16.753806
584746.0,584746.0,Novosedly,Czechia,Jihomoravský kraj,CZ0644,48.8369264,16.4934479
584754.0,584754.0,Nový Přerov,Czechia,Jihovýchod,CZ0644,48.8080976,16.4937281
584771.0,584771.0,Pavlov,Czechia,Jihovýchod,CZ0644,48.8743696,16.6710217
584789.0,584789.0,Perná,Czechia,Jihomoravský kraj,CZ0644,48.8522201,16.6244227
584797.0,584797.0,Podivín,Czechia,Jihomoravský kraj,CZ0644,48.8282341,16.8501418
584819.0,584819.0,Popice,Czechia,Jihovýchod,CZ0644,48.9281893,16.6648811
584835.0,584835.0,Pouzdřany,Czechia,Jihovýchod,CZ0644,48.9344301,16.6249112
584851.0,584851.0,Přítluky,Czechia,Jihovýchod,CZ0644,48.8550478,16.7741087
584860.0,584860.0,Rakvice,Czechia,Jihovýchod,CZ0644,48.858359,16.8127181
584878.0,584878.0,Sedlec,Czechia,Jihovýchod,CZ0644,48.7789364,16.6933293
584894.0,584894.0,Starovice,Czechia,Jihovýchod,CZ0644,48.9535475,16.7047478
584908.0,584908.0,Starovičky,Czechia,Jihomoravský kraj,CZ0644,48.9076626,16.7757423
584916.0,584916.0,Strachotín,Czechia,Jihomoravský kraj,CZ0644,48.9054423,16.6522419
584924.0,584924.0,Šakvice,Czechia,Jihomoravský kraj,CZ0644,48.8975177,16.716549
584932.0,584932.0,Šitbořice,Czechia,Jihomoravský kraj,CZ0644,49.0143272,16.779755
584941.0,584941.0,Tvrdonice,Czechia,Jihovýchod,CZ0644,48.7602075,16.9944292
584959.0,584959.0,Týnec,Czechia,Jihovýchod,CZ0644,48.7794323,17.0132188
584967.0,584967.0,Uherčice,Czechia,Jihovýchod,CZ0644,48.9678025,16.6534414
584975.0,584975.0,Valtice,Czechia,Jihovýchod,CZ0644,48.7412949,16.755758
584983.0,584983.0,Velké Bílovice,Czechia,Jihovýchod,CZ0644,48.8493878,16.892052
584991.0,584991.0,Velké Hostěrádky,Czechia,Jihovýchod,CZ0644,49.0331878,16.8701231
585009.0,585009.0,Velké Němčice,Czechia,Jihomoravský kraj,CZ0644,48.9945743,16.6746562
585017.0,585017.0,Velké Pavlovice,Czechia,Jihovýchod,CZ0644,48.9044074,16.8164581
585041.0,585041.0,Vrbice,Czechia,Jihovýchod,CZ0644,48.9150847,16.8977876
585050.0,585050.0,Zaječí,Czechia,Jihovýchod,CZ0644,48.8731686,16.7668189
586030.0,586030.0,Archlebov,Czechia,Jihovýchod,CZ0645,49.0435892,17.0048047
586048.0,586048.0,Blatnice pod Svatým Antonínkem,Czechia,Jihovýchod,CZ0645,48.9467242,17.4659603
586056.0,586056.0,Blatnička,Czechia,Jihovýchod,CZ0645,48.9357354,17.5293963
586072.0,586072.0,Bukovany,Czechia,Jihovýchod,CZ0645,49.0421671,17.1008545
586081.0,586081.0,Bzenec,Czechia,Jihovýchod,CZ0645,48.9736321,17.2668112
586099.0,586099.0,Čejč,Czechia,Jihovýchod,CZ0645,48.9465319,16.9651081
586102.0,586102.0,Čejkovice,Czechia,Jihovýchod,CZ0645,48.9059197,16.9423033
586111.0,586111.0,Čeložnice,Czechia,Jihovýchod,CZ0645,49.0518642,17.1546527
586129.0,586129.0,Dambořice,Czechia,Jihovýchod,CZ0645,49.0382834,16.917572
586137.0,586137.0,Dolní Bojanovice,Czechia,Jihovýchod,CZ0645,48.858608,17.0285852
586145.0,586145.0,Domanín,Czechia,Jihovýchod,CZ0645,49.001671,17.2847612
586153.0,586153.0,Dražůvky,Czechia,Jihovýchod,CZ0645,49.0305337,17.0189718
586161.0,586161.0,Dubňany,Czechia,Jihovýchod,CZ0645,48.9175078,17.0955296
586021.0,586021.0,Hodonín,Czechia,Jihovýchod,CZ0645,48.8563914,17.1234655
586170.0,586170.0,Hovorany,Czechia,Jihovýchod,CZ0645,48.9549308,16.993456
586188.0,586188.0,Hroznová Lhota,Czechia,Jihovýchod,CZ0645,48.9078412,17.4169732
586196.0,586196.0,Hrubá Vrbka,Czechia,Jihovýchod,CZ0645,48.8718783,17.4770104
586200.0,586200.0,Hýsly,Czechia,Jihovýchod,CZ0645,49.023288,17.1798268
586218.0,586218.0,Javorník,Czechia,Jihovýchod,CZ0645,48.8620746,17.5333944
586226.0,586226.0,Ježov,Czechia,Jihovýchod,CZ0645,49.0269774,17.2100078
586234.0,586234.0,Josefov,Czechia,Jihovýchod,CZ0645,48.8394301,17.0096402
586242.0,586242.0,Karlín,Czechia,Jihovýchod,CZ0645,48.9757758,16.9772999
586251.0,586251.0,Kelčany,Czechia,Jihovýchod,CZ0645,49.0052195,17.173794
586269.0,586269.0,Kněždub,Czechia,Jihovýchod,CZ0645,48.8866619,17.3954635
586277.0,586277.0,Kostelec,Czechia,Jihovýchod,CZ0645,49.0268308,17.1531989
586285.0,586285.0,Kozojídky,Czechia,Jihovýchod,CZ0645,48.918645,17.3996248
586293.0,586293.0,Kuželov,Czechia,Jihovýchod,CZ0645,48.859638,17.4888239
586307.0,586307.0,Kyjov,Czechia,Jihovýchod,CZ0645,49.0104456,17.1224867
586315.0,586315.0,Labuty,Czechia,Jihovýchod,CZ0645,49.0466394,17.21448
586323.0,586323.0,Lipov,Czechia,Jihovýchod,CZ0645,48.9049471,17.4617114
586331.0,586331.0,Louka,Czechia,Jihovýchod,CZ0645,48.9151758,17.4888664
586340.0,586340.0,Lovčice,Czechia,Jihovýchod,CZ0645,49.0635824,17.0542829
586358.0,586358.0,Lužice,Czechia,Jihovýchod,CZ0645,48.8409783,17.0710388
586366.0,586366.0,Malá Vrbka,Czechia,Jihovýchod,CZ0645,48.8694056,17.4591981
586374.0,586374.0,Mikulčice,Czechia,Jihovýchod,CZ0645,48.8164595,17.0510244
586382.0,586382.0,Milotice,Czechia,Jihovýchod,CZ0645,48.9556412,17.1414569
586391.0,586391.0,Moravany,Czechia,Jihovýchod,CZ0645,49.0401166,17.1690198
586404.0,586404.0,Moravský Písek,Czechia,Jihovýchod,CZ0645,48.9901643,17.3326865
593354.0,593354.0,Mouchnice,Czechia,Jihovýchod,CZ0645,49.1119728,17.1357798
586412.0,586412.0,Mutěnice,Czechia,Jihovýchod,CZ0645,48.9043578,17.0293787
586421.0,586421.0,Násedlovice,Czechia,Jihovýchod,CZ0645,49.0125571,16.960431
586439.0,586439.0,Nechvalín,Czechia,Jihovýchod,CZ0645,49.0545428,17.0805821
586447.0,586447.0,Nenkovice,Czechia,Jihovýchod,CZ0645,49.0030513,17.0109334
586455.0,586455.0,Nová Lhota,Czechia,Jihovýchod,CZ0645,48.8609484,17.5933083
586463.0,586463.0,Nový Poddvorov,Czechia,Jihovýchod,CZ0645,48.8683482,16.9610197
586471.0,586471.0,Ostrovánky,Czechia,Jihovýchod,CZ0645,49.0426933,17.080327
586480.0,586480.0,Petrov,Czechia,Jihovýchod,CZ0645,48.8818521,17.2771299
586498.0,586498.0,Prušánky,Czechia,Jihovýchod,CZ0645,48.8286211,16.9805101
586501.0,586501.0,Radějov,Czechia,Jihovýchod,CZ0645,48.8593767,17.3446119
586510.0,586510.0,Ratíškovice,Czechia,Jihovýchod,CZ0645,48.9197267,17.1657321
586528.0,586528.0,Rohatec,Czechia,Jihovýchod,CZ0645,48.8803982,17.1833008
586536.0,586536.0,Skalka,Czechia,Jihovýchod,CZ0645,49.0357778,17.2072249
586544.0,586544.0,Skoronice,Czechia,Jihovýchod,CZ0645,48.9813283,17.1534273
586552.0,586552.0,Sobůlky,Czechia,Jihovýchod,CZ0645,49.0196402,17.0789339
586561.0,586561.0,Starý Poddvorov,Czechia,Jihovýchod,CZ0645,48.8745896,16.9883359
586579.0,586579.0,Stavěšice,Czechia,Jihovýchod,CZ0645,49.0016393,17.0304585
586587.0,586587.0,Strážnice,Czechia,Jihovýchod,CZ0645,48.9018932,17.314434
586595.0,586595.0,Strážovice,Czechia,Jihovýchod,CZ0645,49.0092077,17.0474049
586609.0,586609.0,Sudoměřice,Czechia,Jihovýchod,CZ0645,48.8670999,17.2566881
586617.0,586617.0,Suchov,Czechia,Jihovýchod,CZ0645,48.9074227,17.5634524
586625.0,586625.0,Svatobořice-Mistřín,Czechia,Jihovýchod,CZ0645,48.9777681,17.0915368
586633.0,586633.0,Syrovín,Czechia,Jihovýchod,CZ0645,49.025823,17.263931
586641.0,586641.0,Šardice,Czechia,Jihovýchod,CZ0645,48.9640286,17.0281152
586650.0,586650.0,Tasov,Czechia,Jihovýchod,CZ0645,48.9068653,17.4296588
586668.0,586668.0,Těmice,Czechia,Jihovýchod,CZ0645,49.0015506,17.2649181
586676.0,586676.0,Terezín,Czechia,Jihovýchod,CZ0645,48.9555362,16.9425533
586684.0,586684.0,Tvarožná Lhota,Czechia,Jihovýchod,CZ0645,48.8773874,17.3592928
586692.0,586692.0,Uhřice,Czechia,Jihovýchod,CZ0645,49.0503478,16.9475752
586706.0,586706.0,Vacenovice,Czechia,Jihovýchod,CZ0645,48.9451042,17.1740388
586714.0,586714.0,Velká nad Veličkou,Czechia,Jihovýchod,CZ0645,48.8827446,17.5202893
586722.0,586722.0,Veselí nad Moravou,Czechia,Jihovýchod,CZ0645,48.9540796,17.379034
586731.0,586731.0,Věteřov,Czechia,Jihovýchod,CZ0645,49.0285251,17.0561411
586749.0,586749.0,Vlkoš,Czechia,Jihovýchod,CZ0645,48.9896015,17.163559
586757.0,586757.0,Vnorovy,Czechia,Jihovýchod,CZ0645,48.9309642,17.3505008
586765.0,586765.0,Vracov,Czechia,Jihovýchod,CZ0645,48.9738808,17.2120968
586773.0,586773.0,Vřesovice,Czechia,Jihovýchod,CZ0645,49.0590827,17.2150066
586781.0,586781.0,Žádovice,Czechia,Jihovýchod,CZ0645,49.0133631,17.1969241
586790.0,586790.0,Žarošice,Czechia,Jihovýchod,CZ0645,49.0406479,16.9671322
586803.0,586803.0,Ždánice,Czechia,Jihovýchod,CZ0645,49.0672875,17.0275122
586811.0,586811.0,Želetice,Czechia,Jihovýchod,CZ0645,49.0151701,17.0093044
586820.0,586820.0,Žeravice,Czechia,Jihovýchod,CZ0645,49.0228844,17.2372628
586838.0,586838.0,Žeraviny,Czechia,Jihovýchod,CZ0645,48.9082292,17.3915161
592897.0,592897.0,Bohaté Málkovice,Czechia,Jihomoravský kraj,CZ0646,49.1888531,17.0164237
592901.0,592901.0,Bohdalice-Pavlovice,Czechia,Jihomoravský kraj,CZ0646,49.2161981,17.0651588
592919.0,592919.0,Bošovice,Czechia,Jihomoravský kraj,CZ0646,49.0535094,16.8367623
592927.0,592927.0,Brankovice,Czechia,Jihovýchod,CZ0646,49.1559818,17.1348042
592935.0,592935.0,Březina,Czechia,Jihovýchod,CZ0646,49.3680981,16.9615671
592943.0,592943.0,Bučovice,Czechia,Jihovýchod,CZ0646,49.1492236,17.001864
592978.0,592978.0,Dětkovice,Czechia,Jihomoravský kraj,CZ0646,49.2726832,17.1442091
592986.0,592986.0,Dobročkovice,Czechia,Jihomoravský kraj,CZ0646,49.1629358,17.1089924
592994.0,592994.0,Dražovice,Czechia,Jihovýchod,CZ0646,49.1947426,16.9433776
593001.0,593001.0,Drnovice,Czechia,Jihomoravský kraj,CZ0646,49.2762951,16.951463
593010.0,593010.0,Drysice,Czechia,Jihomoravský kraj,CZ0646,49.3345421,17.0577393
593028.0,593028.0,Habrovany,Czechia,Jihomoravský kraj,CZ0646,49.2328343,16.8782868
550213.0,550213.0,Heršpice,Czechia,Jihovýchod,CZ0646,49.1197695,16.9135619
593036.0,593036.0,Hlubočany,Czechia,Jihomoravský kraj,CZ0646,49.2304194,17.000362
593044.0,593044.0,Hodějice,Czechia,Jihomoravský kraj,CZ0646,49.1414949,16.9136861
550825.0,550825.0,Holubice,Czechia,Jihomoravský kraj,CZ0646,49.1774879,16.8121367
593052.0,593052.0,Hostěrádky-Rešov,Czechia,Jihomoravský kraj,CZ0646,49.1176511,16.7843002
593061.0,593061.0,Hoštice-Heroltice,Czechia,Jihovýchod,CZ0646,49.2874356,17.066488
593079.0,593079.0,Hrušky,Czechia,Jihomoravský kraj,CZ0646,49.1292013,16.833477
593087.0,593087.0,Hvězdlice,Czechia,Jihovýchod,CZ0646,49.2002368,17.0816385
593095.0,593095.0,Chvalkovice,Czechia,Jihomoravský kraj,CZ0646,49.1870257,17.110105
593117.0,593117.0,Ivanovice na Hané,Czechia,Jihomoravský kraj,CZ0646,49.305449,17.0936032
593125.0,593125.0,Ježkovice,Czechia,Jihomoravský kraj,CZ0646,49.2979738,16.8925277
593141.0,593141.0,Kobeřice u Brna,Czechia,Jihovýchod,CZ0646,49.0921841,16.8858128
593150.0,593150.0,Kojátky,Czechia,Jihomoravský kraj,CZ0646,49.1718034,17.0261307
593168.0,593168.0,Komořany,Czechia,Jihomoravský kraj,CZ0646,49.2163459,16.9067818
550108.0,550108.0,Kozlany,Czechia,Jihomoravský kraj,CZ0646,49.2040701,17.0352087
593184.0,593184.0,Kožušice,Czechia,Jihomoravský kraj,CZ0646,49.1550907,17.1847831
593192.0,593192.0,Krásensko,Czechia,Jihomoravský kraj,CZ0646,49.3645346,16.8298713
593214.0,593214.0,Křenovice,Czechia,Jihovýchod,CZ0646,49.1421614,16.8293197
593222.0,593222.0,Křižanovice,Czechia,Jihomoravský kraj,CZ0646,49.1423281,16.9390482
593231.0,593231.0,Křižanovice u Vyškova,Czechia,Jihovýchod,CZ0646,49.2876583,17.0401978
593249.0,593249.0,Kučerov,Czechia,Jihomoravský kraj,CZ0646,49.218586,17.0053254
593257.0,593257.0,Letonice,Czechia,Jihovýchod,CZ0646,49.1772603,16.9591311
593265.0,593265.0,Lovčičky,Czechia,Jihomoravský kraj,CZ0646,49.0679094,16.8502032
593273.0,593273.0,Luleč,Czechia,Jihomoravský kraj,CZ0646,49.2534925,16.9286484
593281.0,593281.0,Lysovice,Czechia,Jihomoravský kraj,CZ0646,49.2177143,16.970744
593290.0,593290.0,Malínky,Czechia,Jihomoravský kraj,CZ0646,49.1592766,17.1603848
550141.0,550141.0,Medlovice,Czechia,Jihomoravský kraj,CZ0646,49.274293,17.0926775
593320.0,593320.0,Milešovice,Czechia,Jihomoravský kraj,CZ0646,49.0827458,16.854249
593338.0,593338.0,Milonice,Czechia,Jihomoravský kraj,CZ0646,49.1593709,17.0711187
593346.0,593346.0,Moravské Málkovice,Czechia,Jihomoravský kraj,CZ0646,49.2569514,17.0904647
557048.0,557048.0,Mouřínov,Czechia,Jihovýchod,CZ0646,49.121463,16.978488
593371.0,593371.0,Němčany,Czechia,Jihomoravský kraj,CZ0646,49.1644571,16.9195383
593389.0,593389.0,Nemochovice,Czechia,Jihomoravský kraj,CZ0646,49.1804404,17.1349486
593397.0,593397.0,Nemojany,Czechia,Jihomoravský kraj,CZ0646,49.2467125,16.9135111
593401.0,593401.0,Nemotice,Czechia,Jihovýchod,CZ0646,49.1293272,17.1250326
593419.0,593419.0,Nesovice,Czechia,Jihomoravský kraj,CZ0646,49.1511058,17.0809468
593427.0,593427.0,Nevojice,Czechia,Jihovýchod,CZ0646,49.1353165,17.0496451
593435.0,593435.0,Nížkovice,Czechia,Jihomoravský kraj,CZ0646,49.1095369,16.9016869
593443.0,593443.0,Nové Sady,Czechia,Jihomoravský kraj,CZ0646,49.4087897,16.9018408
550132.0,550132.0,Olšany,Czechia,Jihomoravský kraj,CZ0646,49.2480364,16.8660543
593460.0,593460.0,Orlovice,Czechia,Jihomoravský kraj,CZ0646,49.2392192,17.0936678
593478.0,593478.0,Otnice,Czechia,Jihomoravský kraj,CZ0646,49.086417,16.8144276
550795.0,550795.0,Podbřežice,Czechia,Jihomoravský kraj,CZ0646,49.2124629,16.9280855
593486.0,593486.0,Podivice,Czechia,Jihomoravský kraj,CZ0646,49.3657427,17.0102889
550175.0,550175.0,Podomí,Czechia,Jihomoravský kraj,CZ0646,49.3447183,16.8332127
593494.0,593494.0,Prusy-Boškůvky,Czechia,Jihomoravský kraj,CZ0646,49.2530533,17.0588095
593508.0,593508.0,Pustiměř,Czechia,Jihovýchod,CZ0646,49.3225148,17.0279229
593516.0,593516.0,Račice-Pístovice,Czechia,Jihomoravský kraj,CZ0646,49.2815959,16.8833145
593524.0,593524.0,Radslavice,Czechia,Jihomoravský kraj,CZ0646,49.3229135,17.0038252
593532.0,593532.0,Rašovice,Czechia,Jihomoravský kraj,CZ0646,49.1209646,16.9482222
554898.0,554898.0,Rostěnice-Zvonovice,Czechia,Jihomoravský kraj,CZ0646,49.2363526,16.9642969
593559.0,593559.0,Rousínov,Czechia,Jihomoravský kraj,CZ0646,49.2015498,16.8821032
593567.0,593567.0,Ruprechtov,Czechia,Jihomoravský kraj,CZ0646,49.3286502,16.8513877
553972.0,553972.0,Rybníček,Czechia,Jihomoravský kraj,CZ0646,49.2738764,17.0737958
593583.0,593583.0,Slavkov u Brna,Czechia,Jihomoravský kraj,CZ0646,49.1535759,16.8763606
593591.0,593591.0,Snovídky,Czechia,Jihovýchod,CZ0646,49.1325405,17.1065438
593605.0,593605.0,Studnice,Czechia,Jihomoravský kraj,CZ0646,49.3756017,16.8809215
593613.0,593613.0,Šaratice,Czechia,Jihomoravský kraj,CZ0646,49.1174637,16.8035069
593621.0,593621.0,Švábenice,Czechia,Jihomoravský kraj,CZ0646,49.2785458,17.12371
593630.0,593630.0,Topolany,Czechia,Jihovýchod,CZ0646,49.2773514,17.0403041
593648.0,593648.0,Tučapy,Czechia,Jihomoravský kraj,CZ0646,49.2333461,16.9183681
550191.0,550191.0,Uhřice,Czechia,Jihomoravský kraj,CZ0646,49.1724375,17.0783914
593656.0,593656.0,Vážany,Czechia,Jihomoravský kraj,CZ0646,49.245387,17.0519353
593664.0,593664.0,Vážany nad Litavou,Czechia,Jihomoravský kraj,CZ0646,49.1288189,16.8570718
593681.0,593681.0,Velešovice,Czechia,Jihomoravský kraj,CZ0646,49.1791611,16.8491355
592889.0,592889.0,Vyškov,Czechia,Jihovýchod,CZ0646,49.2778194,16.9994446
593699.0,593699.0,Zbýšov,Czechia,Jihovýchod,CZ0646,49.1312609,16.8061681
593702.0,593702.0,Zelená Hora,Czechia,Jihomoravský kraj,CZ0646,49.3289834,17.0137138
593729.0,593729.0,Bantice,Czechia,Jihomoravský kraj,CZ0647,48.8830865,16.1823913
593737.0,593737.0,Běhařovice,Czechia,Jihomoravský kraj,CZ0647,49.0039623,16.0788482
593745.0,593745.0,Bezkov,Czechia,Jihomoravský kraj,CZ0647,48.8712205,15.9512512
593753.0,593753.0,Bítov,Czechia,Jihomoravský kraj,CZ0647,48.9365145,15.7290268
593761.0,593761.0,Blanné,Czechia,Jihomoravský kraj,CZ0647,48.9919354,15.8832438
593770.0,593770.0,Blížkovice,Czechia,Jihomoravský kraj,CZ0647,49.0000208,15.8352074
593788.0,593788.0,Bohutice,Czechia,Jihomoravský kraj,CZ0647,48.99129,16.3572487
593796.0,593796.0,Bojanovice,Czechia,Jihomoravský kraj,CZ0647,48.9681586,15.9890574
593800.0,593800.0,Borotice,Czechia,Jihomoravský kraj,CZ0647,48.8572905,16.2426085
593818.0,593818.0,Boskovštejn,Czechia,Jihomoravský kraj,CZ0647,48.9826957,15.929552
593826.0,593826.0,Božice,Czechia,Jihomoravský kraj,CZ0647,48.8368673,16.2887534
593842.0,593842.0,Břežany,Czechia,Jihovýchod,CZ0647,48.8699232,16.3417497
593851.0,593851.0,Citonice,Czechia,Jihomoravský kraj,CZ0647,48.8839544,15.9644657
593869.0,593869.0,Ctidružice,Czechia,Jihomoravský kraj,CZ0647,48.9825144,15.8599883
593877.0,593877.0,Čejkovice,Czechia,Jihomoravský kraj,CZ0647,48.8777011,16.2873252
593885.0,593885.0,Čermákovice,Czechia,Jihomoravský kraj,CZ0647,49.0320528,16.1949693
593893.0,593893.0,Černín,Czechia,Jihomoravský kraj,CZ0647,48.9829525,16.0209103
593907.0,593907.0,Damnice,Czechia,Jihovýchod,CZ0647,48.920312,16.3741
593923.0,593923.0,Dobelice,Czechia,Jihovýchod,CZ0647,49.0169007,16.2780738
593931.0,593931.0,Dobřínsko,Czechia,Jihomoravský kraj,CZ0647,49.0522114,16.2616661
546941.0,546941.0,Dobšice,Czechia,Jihovýchod,CZ0647,48.8483464,16.0854109
593958.0,593958.0,Dolenice,Czechia,Jihomoravský kraj,CZ0647,48.9093279,16.3649551
593966.0,593966.0,Dolní Dubňany,Czechia,Jihomoravský kraj,CZ0647,49.0557654,16.2267335
593974.0,593974.0,Dyjákovice,Czechia,Jihovýchod,CZ0647,48.7720718,16.3012013
593982.0,593982.0,Dyjákovičky,Czechia,Jihovýchod,CZ0647,48.7823,16.0956268
593991.0,593991.0,Dyje,Czechia,Jihovýchod,CZ0647,48.8470392,16.1167758
594008.0,594008.0,Džbánice,Czechia,Jihomoravský kraj,CZ0647,49.0012607,16.2109348
594016.0,594016.0,Grešlové Mýto,Czechia,Jihomoravský kraj,CZ0647,48.980753,15.8861673
594024.0,594024.0,Havraníky,Czechia,Jihovýchod,CZ0647,48.8113029,16.0084476
594032.0,594032.0,Hevlín,Czechia,Jihovýchod,CZ0647,48.7520911,16.3813119
594041.0,594041.0,Hluboké Mašůvky,Czechia,Jihomoravský kraj,CZ0647,48.9236568,16.0255486
594059.0,594059.0,Hnanice,Czechia,Jihovýchod,CZ0647,48.7984864,15.9866795
594067.0,594067.0,Hodonice,Czechia,Jihomoravský kraj,CZ0647,48.8368228,16.1634429
594075.0,594075.0,Horní Břečkov,Czechia,Jihovýchod,CZ0647,48.8899544,15.8984582
594083.0,594083.0,Horní Dubňany,Czechia,Jihomoravský kraj,CZ0647,49.0640263,16.2016362
594091.0,594091.0,Horní Dunajovice,Czechia,Jihomoravský kraj,CZ0647,48.9502433,16.1615243
594105.0,594105.0,Horní Kounice,Czechia,Jihomoravský kraj,CZ0647,49.0259933,16.1522635
594113.0,594113.0,Hostěradice,Czechia,Jihomoravský kraj,CZ0647,48.9500554,16.2593131
594121.0,594121.0,Hostim,Czechia,Jihovýchod,CZ0647,49.0185896,15.8948929
594130.0,594130.0,Hrabětice,Czechia,Jihovýchod,CZ0647,48.7967174,16.3954754
594148.0,594148.0,Hrádek,Czechia,Jihovýchod,CZ0647,48.7731024,16.2717745
594156.0,594156.0,Hrušovany nad Jevišovkou,Czechia,Jihovýchod,CZ0647,48.8299011,16.4022403
594164.0,594164.0,Chvalatice,Czechia,Jihomoravský kraj,CZ0647,48.9480243,15.7505244
594172.0,594172.0,Chvalovice,Czechia,Jihovýchod,CZ0647,48.7865769,16.0823483
594181.0,594181.0,Jamolice,Czechia,Jihomoravský kraj,CZ0647,49.0725293,16.2529835
594199.0,594199.0,Jaroslavice,Czechia,Jihovýchod,CZ0647,48.7567077,16.2302825
594202.0,594202.0,Jevišovice,Czechia,Jihomoravský kraj,CZ0647,48.9874765,15.9896915
594211.0,594211.0,Jezeřany-Maršovice,Czechia,Jihomoravský kraj,CZ0647,49.0291682,16.4376641
594229.0,594229.0,Jiřice u Miroslavi,Czechia,Jihomoravský kraj,CZ0647,48.9206172,16.3917784
550841.0,550841.0,Jiřice u Moravských Budějovic,Czechia,Jihomoravský kraj,CZ0647,48.9938733,15.9253872
594237.0,594237.0,Kadov,Czechia,Jihomoravský kraj,CZ0647,48.9824374,16.2873462
594253.0,594253.0,Korolupy,Czechia,Jihomoravský kraj,CZ0647,48.9302046,15.6458973
594261.0,594261.0,Kravsko,Czechia,Jihomoravský kraj,CZ0647,48.9214957,15.986323
594270.0,594270.0,Krhovice,Czechia,Jihomoravský kraj,CZ0647,48.8156498,16.1734773
594288.0,594288.0,Křepice,Czechia,Jihomoravský kraj,CZ0647,48.9873895,16.0974029
550086.0,550086.0,Křídlůvky,Czechia,Jihovýchod,CZ0647,48.7821093,16.237733
594296.0,594296.0,Kubšice,Czechia,Jihomoravský kraj,CZ0647,49.0006644,16.4130603
594300.0,594300.0,Kuchařovice,Czechia,Jihomoravský kraj,CZ0647,48.8759568,16.0769696
594318.0,594318.0,Kyjovice,Czechia,Jihovýchod,CZ0647,48.9137172,16.1665148
594326.0,594326.0,Lančov,Czechia,Jihomoravský kraj,CZ0647,48.9070583,15.7678004
594334.0,594334.0,Lechovice,Czechia,Jihomoravský kraj,CZ0647,48.8728526,16.221819
594342.0,594342.0,Lesná,Czechia,Jihomoravský kraj,CZ0647,48.907176,15.8687233
594351.0,594351.0,Lesonice,Czechia,Jihomoravský kraj,CZ0647,49.0033567,16.3103769
594369.0,594369.0,Litobratřice,Czechia,Jihomoravský kraj,CZ0647,48.8870493,16.4025004
594385.0,594385.0,Lubnice,Czechia,Jihovýchod,CZ0647,48.9388693,15.6138082
594393.0,594393.0,Lukov,Czechia,Jihovýchod,CZ0647,48.8615841,15.9106927
594407.0,594407.0,Mackovice,Czechia,Jihomoravský kraj,CZ0647,48.8836115,16.3093423
594415.0,594415.0,Mašovice,Czechia,Jihovýchod,CZ0647,48.857214,15.9732187
594423.0,594423.0,Medlice,Czechia,Jihomoravský kraj,CZ0647,49.0029805,16.1213008
594431.0,594431.0,Mikulovice,Czechia,Jihovýchod,CZ0647,48.9567778,16.0946777
594440.0,594440.0,Milíčovice,Czechia,Jihomoravský kraj,CZ0647,48.8917754,15.9312525
594458.0,594458.0,Miroslav,Czechia,Jihomoravský kraj,CZ0647,48.9473112,16.3134526
594466.0,594466.0,Miroslavské Knínice,Czechia,Jihomoravský kraj,CZ0647,48.9774765,16.3220498
594474.0,594474.0,Morašice,Czechia,Jihomoravský kraj,CZ0647,48.9575274,16.2085879
594482.0,594482.0,Moravský Krumlov,Czechia,Jihovýchod,CZ0647,49.0492698,16.3115273
594512.0,594512.0,Našiměřice,Czechia,Jihomoravský kraj,CZ0647,48.9685313,16.3727557
594521.0,594521.0,Němčičky,Czechia,Jihomoravský kraj,CZ0647,48.9422448,16.0884062
587729.0,587729.0,Nový Šaldorf-Sedlešovice,Czechia,Jihomoravský kraj,CZ0647,48.8290199,16.0619757
594555.0,594555.0,Olbramkostel,Czechia,Jihomoravský kraj,CZ0647,48.9217141,15.9496026
594563.0,594563.0,Olbramovice,Czechia,Jihomoravský kraj,CZ0647,48.9848041,16.4023938
594571.0,594571.0,Oleksovice,Czechia,Jihomoravský kraj,CZ0647,48.902058,16.2484019
594580.0,594580.0,Onšov,Czechia,Jihomoravský kraj,CZ0647,48.9052838,15.8342265
594598.0,594598.0,Oslnovice,Czechia,Jihomoravský kraj,CZ0647,48.9320871,15.6873987
594601.0,594601.0,Pavlice,Czechia,Jihomoravský kraj,CZ0647,48.9714933,15.898675
594610.0,594610.0,Petrovice,Czechia,Jihomoravský kraj,CZ0647,49.0067628,16.2920121
594628.0,594628.0,Plaveč,Czechia,Jihovýchod,CZ0647,48.9289835,16.0798402
550051.0,550051.0,Plenkovice,Czechia,Jihomoravský kraj,CZ0647,48.9189118,16.0024537
594636.0,594636.0,Podhradí nad Dyjí,Czechia,Jihomoravský kraj,CZ0647,48.900244,15.686416
594644.0,594644.0,Podmolí,Czechia,Jihovýchod,CZ0647,48.8506375,15.9400667
594652.0,594652.0,Podmyče,Czechia,Jihovýchod,CZ0647,48.8875997,15.7822405
594679.0,594679.0,Práče,Czechia,Jihomoravský kraj,CZ0647,48.8770372,16.2011771
594687.0,594687.0,Pravice,Czechia,Jihomoravský kraj,CZ0647,48.8433565,16.3610503
594695.0,594695.0,Prokopov,Czechia,Jihomoravský kraj,CZ0647,48.9983371,15.8959827
594709.0,594709.0,Prosiměřice,Czechia,Jihovýchod,CZ0647,48.9027025,16.191965
550078.0,550078.0,Přeskače,Czechia,Jihomoravský kraj,CZ0647,49.0124296,16.106898
594725.0,594725.0,Rešice,Czechia,Jihomoravský kraj,CZ0647,49.053365,16.1714684
594733.0,594733.0,Rozkoš,Czechia,Jihovýchod,CZ0647,49.0285949,15.9776566
594741.0,594741.0,Rudlice,Czechia,Jihovýchod,CZ0647,48.9484872,16.0656968
594750.0,594750.0,Rybníky,Czechia,Jihomoravský kraj,CZ0647,49.0262648,16.2793668
594768.0,594768.0,Skalice,Czechia,Jihomoravský kraj,CZ0647,48.9644284,16.2247985
594776.0,594776.0,Slatina,Czechia,Jihomoravský kraj,CZ0647,49.0196479,16.0183486
594784.0,594784.0,Slup,Czechia,Jihovýchod,CZ0647,48.7815036,16.1991859
594792.0,594792.0,Stálky,Czechia,Jihovýchod,CZ0647,48.8701253,15.6846802
594806.0,594806.0,Starý Petřín,Czechia,Jihomoravský kraj,CZ0647,48.890036,15.7340877
594814.0,594814.0,Stošíkovice na Louce,Czechia,Jihomoravský kraj,CZ0647,48.8965883,16.2148722
594822.0,594822.0,Strachotice,Czechia,Jihovýchod,CZ0647,48.7962155,16.1722533
594831.0,594831.0,Střelice,Czechia,Jihomoravský kraj,CZ0647,48.9940796,15.983165
555231.0,555231.0,Suchohrdly,Czechia,Jihovýchod,CZ0647,48.8661181,16.0890196
594849.0,594849.0,Suchohrdly u Miroslavi,Czechia,Jihomoravský kraj,CZ0647,48.9430563,16.3631986
594865.0,594865.0,Šafov,Czechia,Jihovýchod,CZ0647,48.8668045,15.7346554
594873.0,594873.0,Šanov,Czechia,Jihovýchod,CZ0647,48.8007285,16.3778238
594881.0,594881.0,Šatov,Czechia,Jihovýchod,CZ0647,48.7931741,16.0099232
594890.0,594890.0,Štítary,Czechia,Jihomoravský kraj,CZ0647,48.9351007,15.8442861
594911.0,594911.0,Šumná,Czechia,Jihomoravský kraj,CZ0647,48.922426,15.8709526
594920.0,594920.0,Tasovice,Czechia,Jihomoravský kraj,CZ0647,48.8360958,16.1555848
594938.0,594938.0,Tavíkovice,Czechia,Jihovýchod,CZ0647,49.033745,16.1031618
594946.0,594946.0,Těšetice,Czechia,Jihomoravský kraj,CZ0647,48.8888441,16.1582019
594954.0,594954.0,Trnové Pole,Czechia,Jihovýchod,CZ0647,48.9449402,16.4094741
594971.0,594971.0,Trstěnice,Czechia,Jihomoravský kraj,CZ0647,48.9867611,16.1954191
594989.0,594989.0,Tulešice,Czechia,Jihomoravský kraj,CZ0647,49.0385451,16.2071313
594997.0,594997.0,Tvořihráz,Czechia,Jihomoravský kraj,CZ0647,48.9175487,16.1357753
595004.0,595004.0,Uherčice,Czechia,Jihovýchod,CZ0647,48.9132346,15.6303763
595012.0,595012.0,Újezd,Czechia,Jihomoravský kraj,CZ0647,49.0235463,16.053258
595021.0,595021.0,Únanov,Czechia,Jihomoravský kraj,CZ0647,48.9008228,16.0635066
595039.0,595039.0,Valtrovice,Czechia,Jihomoravský kraj,CZ0647,48.7936504,16.2210549
595047.0,595047.0,Vedrovice,Czechia,Jihomoravský kraj,CZ0647,49.0202855,16.3770785
545325.0,545325.0,Velký Karlov,Czechia,Jihovýchod,CZ0647,48.8045329,16.3054606
595055.0,595055.0,Vémyslice,Czechia,Jihomoravský kraj,CZ0647,49.0219707,16.2572537
595063.0,595063.0,Vevčice,Czechia,Jihomoravský kraj,CZ0647,48.9622044,16.0444311
595071.0,595071.0,Višňové,Czechia,Jihomoravský kraj,CZ0647,48.9824147,16.1502546
595080.0,595080.0,Vítonice,Czechia,Jihomoravský kraj,CZ0647,48.919367,16.1988822
550019.0,550019.0,Vracovice,Czechia,Jihomoravský kraj,CZ0647,48.9021238,15.8986906
595098.0,595098.0,Vranov nad Dyjí,Czechia,Jihovýchod,CZ0647,48.8946664,15.8124841
595101.0,595101.0,Vranovská Ves,Czechia,Jihomoravský kraj,CZ0647,48.9514911,15.9184842
595110.0,595110.0,Vratěnín,Czechia,Jihovýchod,CZ0647,48.9040845,15.5951776
595128.0,595128.0,Vrbovec,Czechia,Jihovýchod,CZ0647,48.799778,16.1006148
595136.0,595136.0,Výrovice,Czechia,Jihomoravský kraj,CZ0647,48.9282554,16.1202887
595144.0,595144.0,Vysočany,Czechia,Jihomoravský kraj,CZ0647,48.940724,15.6893967
595152.0,595152.0,Zálesí,Czechia,Jihomoravský kraj,CZ0647,48.9541306,15.7820543
595161.0,595161.0,Zblovice,Czechia,Jihomoravský kraj,CZ0647,48.9577366,15.7052088
593711.0,593711.0,Znojmo,Czechia,Jihovýchod,CZ0647,48.8554341,16.0489457
595179.0,595179.0,Želetice,Czechia,Jihomoravský kraj,CZ0647,48.9363277,16.1828107
595187.0,595187.0,Žerotice,Czechia,Jihomoravský kraj,CZ0647,48.92671,16.1687444
595195.0,595195.0,Žerůtky,Czechia,Jihovýchod,CZ0647,48.9059037,15.9630924
523917.0,523917.0,Bělá pod Pradědem,Czechia,Střední Morava,CZ0711,50.1318638,17.2158062
524891.0,524891.0,Bernartice,Czechia,Střední Morava,CZ0711,50.389811,17.0782743
525227.0,525227.0,Bílá Voda,Czechia,Střední Morava,CZ0711,50.4419479,16.9156914
533491.0,533491.0,Černá Voda,Czechia,Střední Morava,CZ0711,50.3082159,17.1469952
569356.0,569356.0,Česká Ves,Czechia,Střední Morava,CZ0711,50.2573582,17.2280484
553301.0,553301.0,Hradec-Nová Ves,Czechia,Střední Morava,CZ0711,50.2831583,17.2799173
536148.0,536148.0,Javorník,Czechia,Střední Morava,CZ0711,50.3919833,17.0025022
536385.0,536385.0,Jeseník,Czechia,Střední Morava,CZ0711,50.2296385,17.2046012
557218.0,557218.0,Kobylá nad Vidnavkou,Czechia,Střední Morava,CZ0711,50.3423492,17.1238343
540030.0,540030.0,Lipová-lázně,Czechia,Střední Morava,CZ0711,50.2277696,17.1404453
540382.0,540382.0,Mikulovice,Czechia,Střední Morava,CZ0711,50.2986064,17.3217014
569330.0,569330.0,Ostružná,Czechia,Střední Morava,CZ0711,50.1849527,17.0516796
540684.0,540684.0,Písečná,Czechia,Střední Morava,CZ0711,50.2733866,17.2536709
553484.0,553484.0,Skorošice,Czechia,Střední Morava,CZ0711,50.3088146,17.0805908
541036.0,541036.0,Stará Červená Voda,Czechia,Střední Morava,CZ0711,50.3293351,17.2011518
541117.0,541117.0,Supíkovice,Czechia,Střední Morava,CZ0711,50.2978325,17.2550947
541214.0,541214.0,Uhelná,Czechia,Střední Morava,CZ0711,50.3650289,17.0273981
541249.0,541249.0,Vápenná,Czechia,Střední Morava,CZ0711,50.2833765,17.0976172
553468.0,553468.0,Velká Kraš,Czechia,Střední Morava,CZ0711,50.3630798,17.1463827
569453.0,569453.0,Velké Kunětice,Czechia,Střední Morava,CZ0711,50.3165765,17.265929
541303.0,541303.0,Vidnava,Czechia,Střední Morava,CZ0711,50.372434,17.1861229
541346.0,541346.0,Vlčice,Czechia,Střední Morava,CZ0711,50.3453618,17.045944
597996.0,597996.0,Zlaté Hory,Czechia,Střední Morava,CZ0711,50.2637622,17.3953643
541575.0,541575.0,Žulová,Czechia,Střední Morava,CZ0711,50.3092956,17.0982234
552356.0,552356.0,Babice,Czechia,Střední Morava,CZ0712,49.7378307,17.2608592
500526.0,500526.0,Bělkovice-Lašťany,Czechia,Střední Morava,CZ0712,49.6697764,17.3181635
500623.0,500623.0,Bílá Lhota,Czechia,Střední Morava,CZ0712,49.7095303,16.975074
552062.0,552062.0,Bílsko,Czechia,Střední Morava,CZ0712,49.6440534,17.0212014
500801.0,500801.0,Blatec,Czechia,Střední Morava,CZ0712,49.5283995,17.2377312
500852.0,500852.0,Bohuňovice,Czechia,Střední Morava,CZ0712,49.6628901,17.2863707
500861.0,500861.0,Bouzov,Czechia,Střední Morava,CZ0712,49.7042923,16.8928546
552402.0,552402.0,Bukovany,Czechia,Střední Morava,CZ0712,49.6052618,17.3434873
500879.0,500879.0,Bystročice,Czechia,Střední Morava,CZ0712,49.5362482,17.1935195
547026.0,547026.0,Bystrovany,Czechia,Střední Morava,CZ0712,49.596248,17.3249925
552186.0,552186.0,Červenka,Czechia,Střední Morava,CZ0712,49.7186878,17.0853904
552445.0,552445.0,Daskabát,Czechia,Střední Morava,CZ0712,49.5785437,17.4472422
501476.0,501476.0,Dlouhá Loučka,Czechia,Střední Morava,CZ0712,49.8160707,17.178642
501646.0,501646.0,Dolany,Czechia,Střední Morava,CZ0712,49.6500055,17.3203533
568392.0,568392.0,Doloplazy,Czechia,Střední Morava,CZ0712,49.5671778,17.4114741
545279.0,545279.0,Domašov nad Bystřicí,Czechia,Střední Morava,CZ0712,49.7421347,17.4451954
552313.0,552313.0,Domašov u Šternberka,Czechia,Střední Morava,CZ0712,49.7057876,17.3378934
501751.0,501751.0,Drahanovice,Czechia,Střední Morava,CZ0712,49.5785573,17.0770128
501794.0,501794.0,Dub nad Moravou,Czechia,Střední Morava,CZ0712,49.4824865,17.2772326
552071.0,552071.0,Dubčany,Czechia,Střední Morava,CZ0712,49.6489667,17.0780777
501841.0,501841.0,Grygov,Czechia,Střední Morava,CZ0712,49.5376286,17.310008
552178.0,552178.0,Haňovice,Czechia,Střední Morava,CZ0712,49.681057,17.0450462
552330.0,552330.0,Hlásnice,Czechia,Střední Morava,CZ0712,49.7533137,17.294107
502146.0,502146.0,Hlubočky,Czechia,Střední Morava,CZ0712,49.6280891,17.4024155
552020.0,552020.0,Hlušovice,Czechia,Střední Morava,CZ0712,49.6380941,17.2773878
502235.0,502235.0,Hněvotín,Czechia,Střední Morava,CZ0712,49.572698,17.1805004
502405.0,502405.0,Hnojice,Czechia,Střední Morava,CZ0712,49.7155507,17.2243226
502545.0,502545.0,Horka nad Moravou,Czechia,Střední Morava,CZ0712,49.6400872,17.2106994
569798.0,569798.0,Horní Loděnice,Czechia,Střední Morava,CZ0712,49.7710994,17.376223
546976.0,546976.0,Hraničné Petrovice,Czechia,Střední Morava,CZ0712,49.7392345,17.402194
597414.0,597414.0,Huzová,Czechia,Střední Morava,CZ0712,49.8202358,17.2984381
568872.0,568872.0,Charváty,Czechia,Střední Morava,CZ0712,49.5182996,17.2535988
502839.0,502839.0,Cholina,Czechia,Střední Morava,CZ0712,49.6560994,17.0544072
503142.0,503142.0,Jívová,Czechia,Střední Morava,CZ0712,49.7088257,17.3932563
547123.0,547123.0,Komárov,Czechia,Střední Morava,CZ0712,49.7639048,17.2409399
500135.0,500135.0,Kozlov,Czechia,Střední Morava,CZ0712,49.6036273,17.5356541
503304.0,503304.0,Kožušany-Tážaly,Czechia,Střední Morava,CZ0712,49.5359096,17.2538203
552437.0,552437.0,Krčmaň,Czechia,Střední Morava,CZ0712,49.5205849,17.3436019
554901.0,554901.0,Křelov-Břuchotín,Czechia,Střední Morava,CZ0712,49.618481,17.1884771
503941.0,503941.0,Libavá,Czechia,Střední Morava,CZ0712,49.6719731,17.5472768
569003.0,569003.0,Liboš,Czechia,Střední Morava,CZ0712,49.6915295,17.2250207
552305.0,552305.0,Lipina,Czechia,Střední Morava,CZ0712,49.7417677,17.3237537
540005.0,540005.0,Lipinka,Czechia,Střední Morava,CZ0712,49.8377773,17.0499489
503444.0,503444.0,Litovel,Czechia,Střední Morava,CZ0712,49.7013305,17.0758784
552232.0,552232.0,Loučany,Czechia,Střední Morava,CZ0712,49.6018971,17.0826589
552038.0,552038.0,Loučka,Czechia,Střední Morava,CZ0712,49.6566625,17.0111504
552216.0,552216.0,Luběnice,Czechia,Střední Morava,CZ0712,49.576176,17.1204719
503622.0,503622.0,Luká,Czechia,Střední Morava,CZ0712,49.6491442,16.9472773
503657.0,503657.0,Lutín,Czechia,Střední Morava,CZ0712,49.5587043,17.1372983
569844.0,569844.0,Lužice,Czechia,Střední Morava,CZ0712,49.7157385,17.2605503
503738.0,503738.0,Majetín,Czechia,Střední Morava,CZ0712,49.4984155,17.3328917
552372.0,552372.0,Medlov,Czechia,Střední Morava,CZ0712,49.787541,17.0626103
568911.0,568911.0,Měrotín,Czechia,Střední Morava,CZ0712,49.6924729,17.0017118
500160.0,500160.0,Město Libavá,Czechia,Střední Morava,CZ0712,49.721889,17.520088
504246.0,504246.0,Mladeč,Czechia,Střední Morava,CZ0712,49.7056027,17.0200299
552348.0,552348.0,Mladějovice,Czechia,Střední Morava,CZ0712,49.7526064,17.2309543
597678.0,597678.0,Moravský Beroun,Czechia,Střední Morava,CZ0712,49.7939027,17.4427357
554944.0,554944.0,Mrsklesy,Czechia,Střední Morava,CZ0712,49.6022142,17.4015328
547093.0,547093.0,Mutkov,Czechia,Střední Morava,CZ0712,49.8018422,17.2848358
504441.0,504441.0,Náklo,Czechia,Střední Morava,CZ0712,49.6548279,17.1315608
504505.0,504505.0,Náměšť na Hané,Czechia,Střední Morava,CZ0712,49.6024996,17.0650198
597686.0,597686.0,Norberčany,Czechia,Střední Morava,CZ0712,49.7539506,17.5062373
552381.0,552381.0,Nová Hradečná,Czechia,Střední Morava,CZ0712,49.8346481,17.077313
552259.0,552259.0,Olbramice,Czechia,Střední Morava,CZ0712,49.6134919,17.0014701
500496.0,500496.0,Olomouc,Czechia,Střední Morava,CZ0712,49.5940567,17.251143
504785.0,504785.0,Paseka,Czechia,Střední Morava,CZ0712,49.796212,17.2231017
552160.0,552160.0,Pňovice,Czechia,Střední Morava,CZ0712,49.7212875,17.1618172
552411.0,552411.0,Přáslavice,Czechia,Střední Morava,CZ0712,49.5872206,17.3876793
505013.0,505013.0,Příkazy,Czechia,Střední Morava,CZ0712,49.6436003,17.1433735
554103.0,554103.0,Řídeč,Czechia,Střední Morava,CZ0712,49.765879,17.2569787
547077.0,547077.0,Samotišky,Czechia,Střední Morava,CZ0712,49.6295413,17.3283712
505081.0,505081.0,Senice na Hané,Czechia,Střední Morava,CZ0712,49.6240114,17.0857754
552267.0,552267.0,Senička,Czechia,Střední Morava,CZ0712,49.6322179,17.0562841
552151.0,552151.0,Skrbeň,Czechia,Střední Morava,CZ0712,49.6416153,17.1780836
505111.0,505111.0,Slatinice,Czechia,Střední Morava,CZ0712,49.5615531,17.0999198
552194.0,552194.0,Slavětín,Czechia,Střední Morava,CZ0712,49.6727852,16.9651742
569054.0,569054.0,Strukov,Czechia,Střední Morava,CZ0712,49.7328534,17.1753752
547018.0,547018.0,Střeň,Czechia,Střední Morava,CZ0712,49.6915767,17.1531102
569771.0,569771.0,Suchonice,Czechia,Střední Morava,CZ0712,49.5270395,17.3819064
552429.0,552429.0,Svésedlice,Czechia,Střední Morava,CZ0712,49.5729655,17.3811327
552011.0,552011.0,Štarnov,Czechia,Střední Morava,CZ0712,49.685987,17.2737411
505161.0,505161.0,Štěpánov,Czechia,Střední Morava,CZ0712,49.6849637,17.216893
505188.0,505188.0,Šternberk,Czechia,Střední Morava,CZ0712,49.730712,17.2988474
505218.0,505218.0,Šumvald,Czechia,Střední Morava,CZ0712,49.8310379,17.1327453
505269.0,505269.0,Těšetice,Czechia,Střední Morava,CZ0712,49.5931737,17.1260686
552089.0,552089.0,Tovéř,Czechia,Střední Morava,CZ0712,49.6400264,17.3190128
505293.0,505293.0,Troubelice,Czechia,Střední Morava,CZ0712,49.8172471,17.0810755
505366.0,505366.0,Tršice,Czechia,Střední Morava,CZ0712,49.5412342,17.4269805
505501.0,505501.0,Újezd,Czechia,Střední Morava,CZ0712,49.763264,17.1797777
505587.0,505587.0,Uničov,Czechia,Střední Morava,CZ0712,49.7711837,17.1213944
552364.0,552364.0,Ústín,Czechia,Střední Morava,CZ0712,49.5865472,17.1584368
505609.0,505609.0,Velká Bystřice,Czechia,Střední Morava,CZ0712,49.5947568,17.3654414
505650.0,505650.0,Velký Týnec,Czechia,Střední Morava,CZ0712,49.5509249,17.3337381
505668.0,505668.0,Velký Újezd,Czechia,Střední Morava,CZ0712,49.5785222,17.4830217
552119.0,552119.0,Věrovany,Czechia,Střední Morava,CZ0712,49.4610853,17.287947
568961.0,568961.0,Vilémov,Czechia,Střední Morava,CZ0712,49.6354697,16.9953038
552399.0,552399.0,Želechovice,Czechia,Střední Morava,CZ0712,49.754098,17.1439409
505862.0,505862.0,Žerotín,Czechia,Střední Morava,CZ0712,49.7237032,17.1895974
506761.0,506761.0,Alojzov,Czechia,Střední Morava,CZ0713,49.4234413,17.0414823
589268.0,589268.0,Bedihošť,Czechia,Střední Morava,CZ0713,49.448273,17.1663103
589276.0,589276.0,Bílovice-Lutotín,Czechia,Střední Morava,CZ0713,49.5112564,17.0400101
589284.0,589284.0,Biskupice,Czechia,Střední Morava,CZ0713,49.4596745,17.2365914
589292.0,589292.0,Bohuslavice,Czechia,Střední Morava,CZ0713,49.6208534,16.9544488
589306.0,589306.0,Bousín,Czechia,Střední Morava,CZ0713,49.4551076,16.8897409
589314.0,589314.0,Brodek u Konice,Czechia,Střední Morava,CZ0713,49.5486922,16.8328645
589322.0,589322.0,Brodek u Prostějova,Czechia,Střední Morava,CZ0713,49.3699652,17.0900567
589331.0,589331.0,Březsko,Czechia,Střední Morava,CZ0713,49.6085939,16.8924331
589349.0,589349.0,Budětsko,Czechia,Střední Morava,CZ0713,49.5870302,16.9268741
589357.0,589357.0,Buková,Czechia,Střední Morava,CZ0713,49.5094845,16.829186
589365.0,589365.0,Čehovice,Czechia,Střední Morava,CZ0713,49.4322291,17.1753544
589381.0,589381.0,Čechy pod Kosířem,Czechia,Střední Morava,CZ0713,49.5509618,17.0376686
589390.0,589390.0,Čelčice,Czechia,Střední Morava,CZ0713,49.4123298,17.1936332
589403.0,589403.0,Čelechovice na Hané,Czechia,Střední Morava,CZ0713,49.51627,17.093701
589420.0,589420.0,Dětkovice,Czechia,Střední Morava,CZ0713,49.4153582,17.0821791
589438.0,589438.0,Dobrochov,Czechia,Střední Morava,CZ0713,49.385862,17.1055658
589446.0,589446.0,Dobromilice,Czechia,Střední Morava,CZ0713,49.3573001,17.1385542
589454.0,589454.0,Doloplazy,Czechia,Střední Morava,CZ0713,49.3502124,17.1599943
589462.0,589462.0,Drahany,Czechia,Střední Morava,CZ0713,49.43326,16.8973813
558419.0,558419.0,Držovice,Czechia,Střední Morava,CZ0713,49.4910793,17.1338622
589489.0,589489.0,Dřevnovice,Czechia,Střední Morava,CZ0713,49.3280872,17.143257
589497.0,589497.0,Dzbel,Czechia,Střední Morava,CZ0713,49.612894,16.8508787
549967.0,549967.0,Hačky,Czechia,Střední Morava,CZ0713,49.6223609,16.9373901
589501.0,589501.0,Hluchov,Czechia,Střední Morava,CZ0713,49.5413972,16.9966405
589519.0,589519.0,Horní Štěpánov,Czechia,Střední Morava,CZ0713,49.549007,16.7907763
589527.0,589527.0,Hradčany-Kobeřice,Czechia,Střední Morava,CZ0713,49.3689288,17.1199551
589535.0,589535.0,Hrdibořice,Czechia,Střední Morava,CZ0713,49.4784756,17.2204139
589543.0,589543.0,Hrubčice,Czechia,Střední Morava,CZ0713,49.4500155,17.1930896
543543.0,543543.0,Hruška,Czechia,Střední Morava,CZ0713,49.3586116,17.2264315
589560.0,589560.0,Hvozd,Czechia,Střední Morava,CZ0713,49.636204,16.9100754
589578.0,589578.0,Ivaň,Czechia,Střední Morava,CZ0713,49.4245951,17.2513466
589586.0,589586.0,Jesenec,Czechia,Střední Morava,CZ0713,49.6084128,16.862078
589594.0,589594.0,Kladky,Czechia,Střední Morava,CZ0713,49.6501563,16.8420507
589608.0,589608.0,Klenovice na Hané,Czechia,Střední Morava,CZ0713,49.402918,17.2111296
589616.0,589616.0,Klopotovice,Czechia,Střední Morava,CZ0713,49.4461184,17.2507639
589624.0,589624.0,Konice,Czechia,Střední Morava,CZ0713,49.5905186,16.8894268
589632.0,589632.0,Kostelec na Hané,Czechia,Střední Morava,CZ0713,49.5139792,17.0582398
589641.0,589641.0,Koválovice-Osíčany,Czechia,Střední Morava,CZ0713,49.280532,17.1734531
589659.0,589659.0,Kralice na Hané,Czechia,Střední Morava,CZ0713,49.4629629,17.1804764
589667.0,589667.0,Krumsín,Czechia,Střední Morava,CZ0713,49.4459194,17.001452
589675.0,589675.0,Laškov,Czechia,Střední Morava,CZ0713,49.5840141,17.0021292
589683.0,589683.0,Lešany,Czechia,Střední Morava,CZ0713,49.4996802,17.0240646
589691.0,589691.0,Lipová,Czechia,Střední Morava,CZ0713,49.525966,16.861785
589705.0,589705.0,Ludmírov,Czechia,Střední Morava,CZ0713,49.6413188,16.8732137
589713.0,589713.0,Malé Hradisko,Czechia,Střední Morava,CZ0713,49.4933143,16.8765835
589721.0,589721.0,Mořice,Czechia,Střední Morava,CZ0713,49.3304749,17.1968882
589730.0,589730.0,Mostkovice,Czechia,Střední Morava,CZ0713,49.4721471,17.0521162
589748.0,589748.0,Myslejovice,Czechia,Střední Morava,CZ0713,49.4064478,17.027552
589756.0,589756.0,Němčice nad Hanou,Czechia,Střední Morava,CZ0713,49.3420839,17.2056673
589764.0,589764.0,Nezamyslice,Czechia,Střední Morava,CZ0713,49.3254267,17.1732583
589772.0,589772.0,Niva,Czechia,Střední Morava,CZ0713,49.4452152,16.8518052
589799.0,589799.0,Obědkovice,Czechia,Střední Morava,CZ0713,49.3942484,17.2254871
589802.0,589802.0,Ohrozim,Czechia,Střední Morava,CZ0713,49.4863641,17.0205469
589811.0,589811.0,Ochoz,Czechia,Střední Morava,CZ0713,49.600132,16.9150027
589829.0,589829.0,Olšany u Prostějova,Czechia,Střední Morava,CZ0713,49.5361314,17.1642087
589837.0,589837.0,Ondratice,Czechia,Střední Morava,CZ0713,49.3631598,17.0636849
589845.0,589845.0,Otaslavice,Czechia,Střední Morava,CZ0713,49.3885952,17.0710377
589853.0,589853.0,Otinoves,Czechia,Střední Morava,CZ0713,49.4211754,16.8716771
557196.0,557196.0,Pavlovice u Kojetína,Czechia,Střední Morava,CZ0713,49.3019547,17.2125098
589870.0,589870.0,Pěnčín,Czechia,Střední Morava,CZ0713,49.567195,17.0131274
589888.0,589888.0,Pivín,Czechia,Střední Morava,CZ0713,49.3846861,17.1848259
589896.0,589896.0,Plumlov,Czechia,Střední Morava,CZ0713,49.4661363,17.0150159
549983.0,549983.0,Polomí,Czechia,Střední Morava,CZ0713,49.6314419,16.9493903
589250.0,589250.0,Prostějov,Czechia,Střední Morava,CZ0713,49.4721467,17.1117979
589918.0,589918.0,Prostějovičky,Czechia,Střední Morava,CZ0713,49.4259984,16.9964103
589926.0,589926.0,Protivanov,Czechia,Střední Morava,CZ0713,49.4835146,16.8359409
589934.0,589934.0,Přemyslovice,Czechia,Střední Morava,CZ0713,49.5563734,16.9558083
589942.0,589942.0,Ptení,Czechia,Střední Morava,CZ0713,49.5116296,16.9610991
589951.0,589951.0,Raková u Konice,Czechia,Střední Morava,CZ0713,49.6072486,16.9508247
589969.0,589969.0,Rakůvka,Czechia,Střední Morava,CZ0713,49.6096568,16.9375871
589977.0,589977.0,Rozstání,Czechia,Střední Morava,CZ0713,49.3976954,16.8403497
506770.0,506770.0,Seloutky,Czechia,Střední Morava,CZ0713,49.4414,17.0632966
589993.0,589993.0,Skalka,Czechia,Střední Morava,CZ0713,49.4030863,17.1698079
590002.0,590002.0,Skřípov,Czechia,Střední Morava,CZ0713,49.5835321,16.8202238
590011.0,590011.0,Slatinky,Czechia,Střední Morava,CZ0713,49.5486881,17.0939818
590029.0,590029.0,Smržice,Czechia,Střední Morava,CZ0713,49.505709,17.106857
590045.0,590045.0,Srbce,Czechia,Střední Morava,CZ0713,49.302311,17.229025
590053.0,590053.0,Stařechovice,Czechia,Střední Morava,CZ0713,49.5328858,17.0537187
590061.0,590061.0,Stínava,Czechia,Střední Morava,CZ0713,49.495209,16.9345046
590070.0,590070.0,Stražisko,Czechia,Střední Morava,CZ0713,49.5434112,16.9300843
590088.0,590088.0,Suchdol,Czechia,Střední Morava,CZ0713,49.54717,16.8966666
590096.0,590096.0,Šubířov,Czechia,Střední Morava,CZ0713,49.6021654,16.8133382
590100.0,590100.0,Tištín,Czechia,Střední Morava,CZ0713,49.3068883,17.1653976
590118.0,590118.0,Tvorovice,Czechia,Střední Morava,CZ0713,49.3741729,17.2213867
590126.0,590126.0,Určice,Czechia,Střední Morava,CZ0713,49.4304515,17.0729086
590134.0,590134.0,Víceměřice,Czechia,Střední Morava,CZ0713,49.344057,17.1718017
590142.0,590142.0,Vícov,Czechia,Střední Morava,CZ0713,49.4884739,16.9595566
544710.0,544710.0,Vincencov,Czechia,Střední Morava,CZ0713,49.4057046,17.0624646
590151.0,590151.0,Vitčice,Czechia,Střední Morava,CZ0713,49.3118392,17.2408532
590177.0,590177.0,Vranovice-Kelčice,Czechia,Střední Morava,CZ0713,49.4027113,17.1081966
590185.0,590185.0,Vrbátky,Czechia,Střední Morava,CZ0713,49.5080474,17.1999444
590193.0,590193.0,Vrchoslavice,Czechia,Střední Morava,CZ0713,49.3330077,17.2183348
590207.0,590207.0,Vřesovice,Czechia,Střední Morava,CZ0713,49.4018207,17.1389629
590215.0,590215.0,Výšovice,Czechia,Střední Morava,CZ0713,49.4165412,17.1390851
590223.0,590223.0,Zdětín,Czechia,Střední Morava,CZ0713,49.5058514,16.9887797
590240.0,590240.0,Želeč,Czechia,Střední Morava,CZ0713,49.3459658,17.0977895
512231.0,512231.0,Bělotín,Czechia,Střední Morava,CZ0714,49.591202,17.8065396
512281.0,512281.0,Beňov,Czechia,Střední Morava,CZ0714,49.4175143,17.502582
512401.0,512401.0,Bezuchov,Czechia,Střední Morava,CZ0714,49.4627721,17.6091765
569178.0,569178.0,Bohuslávky,Czechia,Střední Morava,CZ0714,49.5551575,17.5677783
512532.0,512532.0,Bochoř,Czechia,Střední Morava,CZ0714,49.4213759,17.4283515
512800.0,512800.0,Brodek u Přerova,Czechia,Střední Morava,CZ0714,49.4841899,17.3382463
512826.0,512826.0,Buk,Czechia,Střední Morava,CZ0714,49.5044457,17.4687138
512877.0,512877.0,Býškovice,Czechia,Střední Morava,CZ0714,49.4672665,17.7153253
569135.0,569135.0,Císařov,Czechia,Střední Morava,CZ0714,49.4660357,17.3526035
512982.0,512982.0,Citov,Czechia,Střední Morava,CZ0714,49.4677199,17.3254541
552771.0,552771.0,Čechy,Czechia,Střední Morava,CZ0714,49.4290555,17.534326
513059.0,513059.0,Čelechovice,Czechia,Střední Morava,CZ0714,49.5099914,17.3720942
513067.0,513067.0,Černotín,Czechia,Střední Morava,CZ0714,49.531876,17.7721226
513105.0,513105.0,Dobrčice,Czechia,Střední Morava,CZ0714,49.4019501,17.4797844
569259.0,569259.0,Dolní Nětčice,Czechia,Střední Morava,CZ0714,49.476175,17.6750122
552984.0,552984.0,Dolní Těšice,Czechia,Střední Morava,CZ0714,49.4949674,17.8065296
513199.0,513199.0,Dolní Újezd,Czechia,Střední Morava,CZ0714,49.5460926,17.5347977
513211.0,513211.0,Domaželice,Czechia,Střední Morava,CZ0714,49.4280847,17.5448737
513229.0,513229.0,Dřevohostice,Czechia,Střední Morava,CZ0714,49.426187,17.5914716
569194.0,569194.0,Grymov,Czechia,Střední Morava,CZ0714,49.4810096,17.4980056
569267.0,569267.0,Hlinsko,Czechia,Střední Morava,CZ0714,49.4945407,17.5791433
513491.0,513491.0,Horní Moštěnice,Czechia,Střední Morava,CZ0714,49.4137379,17.4592997
569275.0,569275.0,Horní Nětčice,Czechia,Střední Morava,CZ0714,49.4701464,17.6843896
552968.0,552968.0,Horní Těšice,Czechia,Střední Morava,CZ0714,49.4956765,17.7858498
569542.0,569542.0,Horní Újezd,Czechia,Střední Morava,CZ0714,49.4474845,17.7269954
513636.0,513636.0,Hrabůvka,Czechia,Střední Morava,CZ0714,49.5783839,17.6896915
513733.0,513733.0,Hradčany,Czechia,Střední Morava,CZ0714,49.452615,17.5716292
513750.0,513750.0,Hranice,Czechia,Střední Morava,CZ0714,49.5481764,17.7347407
513768.0,513768.0,Hustopeče nad Bečvou,Czechia,Střední Morava,CZ0714,49.5302107,17.8703421
556998.0,556998.0,Jezernice,Czechia,Střední Morava,CZ0714,49.5477743,17.6248997
513873.0,513873.0,Jindřichov,Czechia,Střední Morava,CZ0714,49.6445947,17.7482368
569283.0,569283.0,Kladníky,Czechia,Střední Morava,CZ0714,49.4838215,17.6035068
514047.0,514047.0,Klokočí,Czechia,Střední Morava,CZ0714,49.5601936,17.6822687
514055.0,514055.0,Kojetín,Czechia,Střední Morava,CZ0714,49.3523028,17.3026301
514152.0,514152.0,Kokory,Czechia,Střední Morava,CZ0714,49.4946551,17.3744053
569143.0,569143.0,Křenovice,Czechia,Střední Morava,CZ0714,49.330311,17.2724319
552780.0,552780.0,Křtomil,Czechia,Střední Morava,CZ0714,49.4090725,17.6260584
514446.0,514446.0,Lazníčky,Czechia,Střední Morava,CZ0714,49.5456249,17.4601909
514471.0,514471.0,Lazníky,Czechia,Střední Morava,CZ0714,49.5244528,17.4634172
514497.0,514497.0,Lhota,Czechia,Střední Morava,CZ0714,49.4971765,17.6158468
514527.0,514527.0,Lhotka,Czechia,Střední Morava,CZ0714,49.499737,17.4100587
514705.0,514705.0,Lipník nad Bečvou,Czechia,Střední Morava,CZ0714,49.5273114,17.5861035
514772.0,514772.0,Lipová,Czechia,Střední Morava,CZ0714,49.4097025,17.6142916
514802.0,514802.0,Líšná,Czechia,Střední Morava,CZ0714,49.4115848,17.5473424
515191.0,515191.0,Lobodice,Czechia,Střední Morava,CZ0714,49.3954603,17.2919237
500151.0,500151.0,Luboměř pod Strážnou,Czechia,Střední Morava,CZ0714,49.6891192,17.6637449
515329.0,515329.0,Malhotice,Czechia,Střední Morava,CZ0714,49.4896682,17.7645093
552909.0,552909.0,Měrovice nad Hanou,Czechia,Střední Morava,CZ0714,49.3415703,17.2458474
515418.0,515418.0,Milenov,Czechia,Střední Morava,CZ0714,49.5625854,17.667012
515477.0,515477.0,Milotice nad Bečvou,Czechia,Střední Morava,CZ0714,49.5365094,17.839755
552810.0,552810.0,Nahošovice,Czechia,Střední Morava,CZ0714,49.4375319,17.5782109
515787.0,515787.0,Nelešovice,Czechia,Střední Morava,CZ0714,49.5106009,17.3881394
515825.0,515825.0,Oldřichov,Czechia,Střední Morava,CZ0714,49.497461,17.5392203
552844.0,552844.0,Olšovec,Czechia,Střední Morava,CZ0714,49.5901136,17.717169
516201.0,516201.0,Opatovice,Czechia,Střední Morava,CZ0714,49.4992152,17.7387801
553000.0,553000.0,Oplocany,Czechia,Střední Morava,CZ0714,49.4095638,17.2602036
516350.0,516350.0,Oprostovice,Czechia,Střední Morava,CZ0714,49.4698223,17.6204601
516619.0,516619.0,Osek nad Bečvou,Czechia,Střední Morava,CZ0714,49.5115706,17.5282197
516635.0,516635.0,Paršovice,Czechia,Střední Morava,CZ0714,49.5006046,17.707209
516686.0,516686.0,Partutovice,Czechia,Střední Morava,CZ0714,49.6313204,17.7080933
516694.0,516694.0,Pavlovice u Přerova,Czechia,Střední Morava,CZ0714,49.4698837,17.55055
516864.0,516864.0,Podolí,Czechia,Střední Morava,CZ0714,49.4453663,17.5302267
516899.0,516899.0,Polkovice,Czechia,Střední Morava,CZ0714,49.3917309,17.2591676
516911.0,516911.0,Polom,Czechia,Střední Morava,CZ0714,49.5746486,17.8388349
517101.0,517101.0,Potštát,Czechia,Střední Morava,CZ0714,49.6371952,17.6516964
517151.0,517151.0,Prosenice,Czechia,Střední Morava,CZ0714,49.4888051,17.4841797
517208.0,517208.0,Provodovice,Czechia,Střední Morava,CZ0714,49.4509561,17.7682395
511382.0,511382.0,Přerov,Czechia,Střední Morava,CZ0714,49.4553775,17.4508621
517224.0,517224.0,Přestavlky,Czechia,Střední Morava,CZ0714,49.3899924,17.4799025
517275.0,517275.0,Radíkov,Czechia,Střední Morava,CZ0714,49.596091,17.6721852
517321.0,517321.0,Radkova Lhota,Czechia,Střední Morava,CZ0714,49.4417509,17.6205479
517437.0,517437.0,Radkovy,Czechia,Střední Morava,CZ0714,49.4361231,17.6148272
517445.0,517445.0,Radotín,Czechia,Střední Morava,CZ0714,49.4793052,17.632219
517534.0,517534.0,Radslavice,Czechia,Střední Morava,CZ0714,49.4781697,17.5165587
517569.0,517569.0,Radvanice,Czechia,Střední Morava,CZ0714,49.5097953,17.4768894
517585.0,517585.0,Rakov,Czechia,Střední Morava,CZ0714,49.4917025,17.7077676
517607.0,517607.0,Rokytnice,Czechia,Střední Morava,CZ0714,49.4659238,17.3912001
517615.0,517615.0,Rouské,Czechia,Střední Morava,CZ0714,49.4720193,17.7794623
517666.0,517666.0,Říkovice,Czechia,Střední Morava,CZ0714,49.3815801,17.4494143
517747.0,517747.0,Skalička,Czechia,Střední Morava,CZ0714,49.5187694,17.7948798
517844.0,517844.0,Soběchleby,Czechia,Střední Morava,CZ0714,49.4788638,17.6515322
517836.0,517836.0,Sobíšky,Czechia,Střední Morava,CZ0714,49.5037578,17.4507688
517887.0,517887.0,Stará Ves,Czechia,Střední Morava,CZ0714,49.3801865,17.4889579
552887.0,552887.0,Stříbrnice,Czechia,Střední Morava,CZ0714,49.3284539,17.2460626
517909.0,517909.0,Střítež nad Ludinou,Czechia,Střední Morava,CZ0714,49.608868,17.7381965
518026.0,518026.0,Sušice,Czechia,Střední Morava,CZ0714,49.4856986,17.5375695
552950.0,552950.0,Šišma,Czechia,Střední Morava,CZ0714,49.4639116,17.5880357
570061.0,570061.0,Špičky,Czechia,Střední Morava,CZ0714,49.5481595,17.8077766
519031.0,519031.0,Teplice nad Bečvou,Czechia,Střední Morava,CZ0714,49.5285434,17.7400947
519146.0,519146.0,Tovačov,Czechia,Střední Morava,CZ0714,49.4305415,17.2880579
519651.0,519651.0,Troubky,Czechia,Střední Morava,CZ0714,49.4321487,17.3491428
520047.0,520047.0,Tučín,Czechia,Střední Morava,CZ0714,49.4539906,17.5150195
552836.0,552836.0,Turovice,Czechia,Střední Morava,CZ0714,49.4234373,17.5814831
570079.0,570079.0,Týn nad Bečvou,Czechia,Střední Morava,CZ0714,49.5170178,17.6184856
552879.0,552879.0,Uhřičice,Czechia,Střední Morava,CZ0714,49.371574,17.2903275
520306.0,520306.0,Ústí,Czechia,Střední Morava,CZ0714,49.5168459,17.766368
520420.0,520420.0,Veselíčko,Czechia,Střední Morava,CZ0714,49.5324505,17.5117139
552755.0,552755.0,Věžky,Czechia,Střední Morava,CZ0714,49.4050203,17.4231723
547433.0,547433.0,Vlkoš,Czechia,Střední Morava,CZ0714,49.394951,17.4196334
521531.0,521531.0,Všechovice,Czechia,Střední Morava,CZ0714,49.461491,17.7596205
547450.0,547450.0,Výkleky,Czechia,Střední Morava,CZ0714,49.5548991,17.4756201
547514.0,547514.0,Zábeštní Lhota,Czechia,Střední Morava,CZ0714,49.5118664,17.4311098
522775.0,522775.0,Zámrsky,Czechia,Střední Morava,CZ0714,49.5063513,17.8278197
523453.0,523453.0,Žákovice,Czechia,Střední Morava,CZ0714,49.4542461,17.6599658
523640.0,523640.0,Želatovice,Czechia,Střední Morava,CZ0714,49.4440806,17.5065159
525588.0,525588.0,Bludov,Czechia,Střední Morava,CZ0715,49.940833,16.9283927
525804.0,525804.0,Bohdíkov,Czechia,Střední Morava,CZ0715,50.0099611,16.9043329
525880.0,525880.0,Bohuslavice,Czechia,Střední Morava,CZ0715,49.8261001,16.9405018
525979.0,525979.0,Bohutín,Czechia,Střední Morava,CZ0715,49.9535082,16.8814907
526169.0,526169.0,Branná,Czechia,Střední Morava,CZ0715,50.1531944,17.0114658
569437.0,569437.0,Bratrušov,Czechia,Střední Morava,CZ0715,50.0093485,16.9496224
530727.0,530727.0,Brníčko,Czechia,Střední Morava,CZ0715,49.8948849,16.9682031
532894.0,532894.0,Bušín,Czechia,Střední Morava,CZ0715,49.9761294,16.8378734
533688.0,533688.0,Dlouhomilov,Czechia,Střední Morava,CZ0715,49.9068993,16.9913052
553379.0,553379.0,Dolní Studénky,Czechia,Střední Morava,CZ0715,49.9349838,16.9709352
570141.0,570141.0,Drozdov,Czechia,Střední Morava,CZ0715,49.9077376,16.7873446
534927.0,534927.0,Dubicko,Czechia,Střední Morava,CZ0715,49.8280613,16.9626634
535532.0,535532.0,Hanušovice,Czechia,Střední Morava,CZ0715,50.0784174,16.9347166
535770.0,535770.0,Horní Studénky,Czechia,Střední Morava,CZ0715,49.952639,16.8118385
535885.0,535885.0,Hoštejn,Czechia,Střední Morava,CZ0715,49.8749964,16.7754155
553387.0,553387.0,Hraběšice,Czechia,Střední Morava,CZ0715,49.9766327,17.0795179
536091.0,536091.0,Hrabišín,Czechia,Střední Morava,CZ0715,49.9140046,17.0360593
553221.0,553221.0,Hrabová,Czechia,Střední Morava,CZ0715,49.8454502,16.9538456
536113.0,536113.0,Hynčina,Czechia,Střední Morava,CZ0715,49.8485114,16.7931947
569305.0,569305.0,Chromeč,Czechia,Střední Morava,CZ0715,49.9337484,16.8936741
553344.0,553344.0,Jakubovice,Czechia,Střední Morava,CZ0715,49.9943071,16.8287702
553212.0,553212.0,Janoušov,Czechia,Střední Morava,CZ0715,50.0131287,16.8449188
536288.0,536288.0,Jedlí,Czechia,Střední Morava,CZ0715,49.9312145,16.7947334
536393.0,536393.0,Jestřebí,Czechia,Střední Morava,CZ0715,49.8521016,16.8686306
536521.0,536521.0,Jindřichov,Czechia,Střední Morava,CZ0715,50.0957942,16.9849011
536571.0,536571.0,Kamenná,Czechia,Střední Morava,CZ0715,49.8593379,17.0310366
536687.0,536687.0,Klopina,Czechia,Střední Morava,CZ0715,49.8185627,17.0193887
536733.0,536733.0,Kolšov,Czechia,Střední Morava,CZ0715,49.9030781,16.9474267
553247.0,553247.0,Kopřivná,Czechia,Střední Morava,CZ0715,50.0463779,16.9467579
536814.0,536814.0,Kosov,Czechia,Střední Morava,CZ0715,49.8831354,16.7987148
569372.0,569372.0,Krchleby,Czechia,Střední Morava,CZ0715,49.8207166,16.8336167
537284.0,537284.0,Lesnice,Czechia,Střední Morava,CZ0715,49.8837622,16.9412195
537713.0,537713.0,Leština,Czechia,Střední Morava,CZ0715,49.8687854,16.9274822
539961.0,539961.0,Libina,Czechia,Střední Morava,CZ0715,49.8767927,17.0826615
540161.0,540161.0,Líšnice,Czechia,Střední Morava,CZ0715,49.7559483,16.8761782
540196.0,540196.0,Loštice,Czechia,Střední Morava,CZ0715,49.7449432,16.9281353
540226.0,540226.0,Loučná nad Desnou,Czechia,Střední Morava,CZ0715,50.0716024,17.0904492
540234.0,540234.0,Lukavice,Czechia,Střední Morava,CZ0715,49.8229045,16.920398
540331.0,540331.0,Malá Morava,Czechia,Střední Morava,CZ0715,50.0965365,16.8273811
540366.0,540366.0,Maletín,Czechia,Střední Morava,CZ0715,49.7984475,16.7827947
569381.0,569381.0,Mírov,Czechia,Střední Morava,CZ0715,49.798099,16.8474842
540471.0,540471.0,Mohelnice,Czechia,Střední Morava,CZ0715,49.7769472,16.9196183
540480.0,540480.0,Moravičany,Czechia,Střední Morava,CZ0715,49.7569362,16.9604209
553476.0,553476.0,Nemile,Czechia,Střední Morava,CZ0715,49.8747685,16.8474481
540501.0,540501.0,Nový Malín,Czechia,Střední Morava,CZ0715,49.9428867,17.0321084
540510.0,540510.0,Olšany,Czechia,Střední Morava,CZ0715,49.9650883,16.8589408
540544.0,540544.0,Oskava,Czechia,Střední Morava,CZ0715,49.8952316,17.1321432
540595.0,540595.0,Palonín,Czechia,Střední Morava,CZ0715,49.729131,16.9527081
540609.0,540609.0,Pavlov,Czechia,Střední Morava,CZ0715,49.7427915,16.879246
500020.0,500020.0,Petrov nad Desnou,Czechia,Střední Morava,CZ0715,50.0054388,17.044275
540650.0,540650.0,Písařov,Czechia,Střední Morava,CZ0715,50.0049678,16.8015028
540731.0,540731.0,Police,Czechia,Střední Morava,CZ0715,49.8146799,16.9962338
540773.0,540773.0,Postřelmov,Czechia,Střední Morava,CZ0715,49.9074565,16.9118357
553352.0,553352.0,Postřelmůvek,Czechia,Střední Morava,CZ0715,49.9226243,16.879103
540854.0,540854.0,Rájec,Czechia,Střední Morava,CZ0715,49.8564796,16.9029626
540862.0,540862.0,Rapotín,Czechia,Střední Morava,CZ0715,50.000762,17.0190305
553395.0,553395.0,Rejchartice,Czechia,Střední Morava,CZ0715,50.0282512,16.9779147
540871.0,540871.0,Rohle,Czechia,Střední Morava,CZ0715,49.8599135,17.0153148
540919.0,540919.0,Rovensko,Czechia,Střední Morava,CZ0715,49.9076874,16.8762422
540978.0,540978.0,Ruda nad Moravou,Czechia,Střední Morava,CZ0715,49.9809972,16.8778195
540986.0,540986.0,Sobotín,Czechia,Střední Morava,CZ0715,50.0117002,17.090751
541079.0,541079.0,Staré Město,Czechia,Střední Morava,CZ0715,50.1617351,16.9473409
570281.0,570281.0,Stavenice,Czechia,Střední Morava,CZ0715,49.7868443,16.9736269
541109.0,541109.0,Sudkov,Czechia,Střední Morava,CZ0715,49.9190251,16.9451631
541125.0,541125.0,Svébohov,Czechia,Střední Morava,CZ0715,49.9199422,16.8391713
570117.0,570117.0,Šléglov,Czechia,Střední Morava,CZ0715,50.1531163,16.9821553
541168.0,541168.0,Štíty,Czechia,Střední Morava,CZ0715,49.9612234,16.7657581
523704.0,523704.0,Šumperk,Czechia,Střední Morava,CZ0715,49.9655521,16.9705651
553336.0,553336.0,Třeština,Czechia,Střední Morava,CZ0715,49.7962079,16.9638814
541222.0,541222.0,Úsov,Czechia,Střední Morava,CZ0715,49.7983079,17.0105488
541265.0,541265.0,Velké Losiny,Czechia,Střední Morava,CZ0715,50.0315957,17.039832
554146.0,554146.0,Vernířovice,Czechia,Střední Morava,CZ0715,50.031689,17.1303279
553191.0,553191.0,Vikantice,Czechia,Střední Morava,CZ0715,50.1360297,16.9926809
569445.0,569445.0,Vikýřovice,Czechia,Střední Morava,CZ0715,49.9779246,17.0123401
570095.0,570095.0,Vyšehoří,Czechia,Střední Morava,CZ0715,49.9336127,16.878375
541354.0,541354.0,Zábřeh,Czechia,Střední Morava,CZ0715,49.88287,16.8721836
570338.0,570338.0,Zborov,Czechia,Střední Morava,CZ0715,49.9436563,16.8358593
541478.0,541478.0,Zvole,Czechia,Střední Morava,CZ0715,49.8398169,16.9143399
588300.0,588300.0,Bařice-Velké Těšany,Czechia,Střední Morava,CZ0721,49.2448088,17.409684
588326.0,588326.0,Bezměrov,Czechia,Střední Morava,CZ0721,49.3298197,17.3348198
542318.0,542318.0,Blazice,Czechia,Střední Morava,CZ0721,49.4424709,17.6452928
549690.0,549690.0,Bořenovice,Czechia,Střední Morava,CZ0721,49.3615187,17.5643639
588377.0,588377.0,Brusné,Czechia,Střední Morava,CZ0721,49.3634081,17.6603535
588385.0,588385.0,Břest,Czechia,Střední Morava,CZ0721,49.3508321,17.4413561
588393.0,588393.0,Bystřice pod Hostýnem,Czechia,Střední Morava,CZ0721,49.399451,17.6737912
588407.0,588407.0,Cetechovice,Czechia,Střední Morava,CZ0721,49.172541,17.2614116
588431.0,588431.0,Dřínov,Czechia,Střední Morava,CZ0721,49.2929136,17.2332449
588458.0,588458.0,Holešov,Czechia,Střední Morava,CZ0721,49.333718,17.5786751
542342.0,542342.0,Honětice,Czechia,Střední Morava,CZ0721,49.2037068,17.2531078
588474.0,588474.0,Horní Lapač,Czechia,Střední Morava,CZ0721,49.3009238,17.6174133
588482.0,588482.0,Hoštice,Czechia,Střední Morava,CZ0721,49.2084441,17.2337718
588491.0,588491.0,Hulín,Czechia,Střední Morava,CZ0721,49.3170041,17.4634978
588504.0,588504.0,Chomýž,Czechia,Střední Morava,CZ0721,49.3623734,17.6454044
588512.0,588512.0,Chropyně,Czechia,Střední Morava,CZ0721,49.3567094,17.3644698
506737.0,506737.0,Chvalčov,Czechia,Střední Morava,CZ0721,49.389182,17.711486
588547.0,588547.0,Chvalnov-Lísky,Czechia,Střední Morava,CZ0721,49.1653873,17.2275797
588555.0,588555.0,Jankovice,Czechia,Střední Morava,CZ0721,49.3561413,17.6214196
588563.0,588563.0,Jarohněvice,Czechia,Střední Morava,CZ0721,49.2670768,17.3775637
587354.0,587354.0,Karolín,Czechia,Střední Morava,CZ0721,49.2305941,17.434502
588598.0,588598.0,Komárno,Czechia,Střední Morava,CZ0721,49.4345609,17.7802532
588601.0,588601.0,Koryčany,Czechia,Střední Morava,CZ0721,49.1063907,17.1643277
588521.0,588521.0,Kostelany,Czechia,Střední Morava,CZ0721,49.2030212,17.3828309
588610.0,588610.0,Kostelec u Holešova,Czechia,Střední Morava,CZ0721,49.3744458,17.5133973
588296.0,588296.0,Kroměříž,Czechia,Střední Morava,CZ0721,49.2984191,17.3929804
588628.0,588628.0,Kunkovice,Czechia,Střední Morava,CZ0721,49.1827215,17.1742499
588636.0,588636.0,Kurovice,Czechia,Střední Morava,CZ0721,49.2891356,17.5155599
588644.0,588644.0,Kvasice,Czechia,Střední Morava,CZ0721,49.2422372,17.4700571
588652.0,588652.0,Kyselovice,Czechia,Střední Morava,CZ0721,49.3767568,17.4018287
588661.0,588661.0,Lechotice,Czechia,Střední Morava,CZ0721,49.2738648,17.5875501
588695.0,588695.0,Litenčice,Czechia,Střední Morava,CZ0721,49.2019736,17.2084956
588709.0,588709.0,Loukov,Czechia,Střední Morava,CZ0721,49.4216538,17.7209512
588717.0,588717.0,Lubná,Czechia,Střední Morava,CZ0721,49.2207467,17.397947
588725.0,588725.0,Ludslavice,Czechia,Střední Morava,CZ0721,49.2995473,17.5408186
588733.0,588733.0,Lutopecny,Czechia,Střední Morava,CZ0721,49.3013795,17.3443831
588741.0,588741.0,Martinice,Czechia,Střední Morava,CZ0721,49.3103083,17.6010794
588750.0,588750.0,Míškovice,Czechia,Střední Morava,CZ0721,49.2766302,17.5488394
588768.0,588768.0,Morkovice-Slížany,Czechia,Střední Morava,CZ0721,49.2484586,17.2079269
553905.0,553905.0,Mrlínek,Czechia,Střední Morava,CZ0721,49.4283223,17.6781294
588784.0,588784.0,Němčice,Czechia,Střední Morava,CZ0721,49.3644817,17.4985851
588806.0,588806.0,Nítkovice,Czechia,Střední Morava,CZ0721,49.2036268,17.165897
588814.0,588814.0,Nová Dědina,Czechia,Střední Morava,CZ0721,49.2101128,17.4537126
588822.0,588822.0,Osíčko,Czechia,Střední Morava,CZ0721,49.4300495,17.7512969
588831.0,588831.0,Pacetluky,Czechia,Střední Morava,CZ0721,49.3792781,17.5655073
588849.0,588849.0,Pačlavice,Czechia,Střední Morava,CZ0721,49.2596705,17.1689043
588865.0,588865.0,Počenice-Tetětice,Czechia,Střední Morava,CZ0721,49.272306,17.2388779
588873.0,588873.0,Podhradní Lhota,Czechia,Střední Morava,CZ0721,49.4209551,17.7949093
587397.0,587397.0,Prasklice,Czechia,Střední Morava,CZ0721,49.2687738,17.1868108
588890.0,588890.0,Pravčice,Czechia,Střední Morava,CZ0721,49.3244874,17.4954826
588903.0,588903.0,Prusinovice,Czechia,Střední Morava,CZ0721,49.3786628,17.5874259
549720.0,549720.0,Přílepy,Czechia,Střední Morava,CZ0721,49.3207526,17.6138204
588920.0,588920.0,Rajnochovice,Czechia,Střední Morava,CZ0721,49.4129761,17.8125812
588938.0,588938.0,Rataje,Czechia,Střední Morava,CZ0721,49.2713003,17.335548
588946.0,588946.0,Roštění,Czechia,Střední Morava,CZ0721,49.3662228,17.5333828
588954.0,588954.0,Roštín,Czechia,Střední Morava,CZ0721,49.1887886,17.2860489
588962.0,588962.0,Rusava,Czechia,Střední Morava,CZ0721,49.3469875,17.6846484
588971.0,588971.0,Rymice,Czechia,Střední Morava,CZ0721,49.3422707,17.5270518
588989.0,588989.0,Skaštice,Czechia,Střední Morava,CZ0721,49.3324161,17.4173451
588997.0,588997.0,Slavkov pod Hostýnem,Czechia,Střední Morava,CZ0721,49.3769521,17.6699939
589004.0,589004.0,Soběsuky,Czechia,Střední Morava,CZ0721,49.2335883,17.3594836
589039.0,589039.0,Střílky,Czechia,Střední Morava,CZ0721,49.1401232,17.2146073
589047.0,589047.0,Střížovice,Czechia,Střední Morava,CZ0721,49.2571018,17.4495516
589055.0,589055.0,Sulimov,Czechia,Střední Morava,CZ0721,49.2266828,17.4228734
557188.0,557188.0,Šelešovice,Czechia,Střední Morava,CZ0721,49.2548968,17.3598793
589080.0,589080.0,Troubky-Zdislavice,Czechia,Střední Morava,CZ0721,49.2270865,17.2654406
589098.0,589098.0,Třebětice,Czechia,Střední Morava,CZ0721,49.3194415,17.5192898
589110.0,589110.0,Uhřice,Czechia,Střední Morava,CZ0721,49.2817742,17.2012431
589128.0,589128.0,Věžky,Czechia,Střední Morava,CZ0721,49.2855534,17.2807331
589136.0,589136.0,Vítonice,Czechia,Střední Morava,CZ0721,49.4486782,17.6903241
542393.0,542393.0,Vrbka,Czechia,Střední Morava,CZ0721,49.22823,17.4131248
589152.0,589152.0,Zahnašovice,Czechia,Střední Morava,CZ0721,49.3043556,17.5599109
589161.0,589161.0,Záříčí,Czechia,Střední Morava,CZ0721,49.3822695,17.3526588
587257.0,587257.0,Zástřizly,Czechia,Střední Morava,CZ0721,49.1498443,17.2351023
589187.0,589187.0,Zborovice,Czechia,Střední Morava,CZ0721,49.2488899,17.2846428
589195.0,589195.0,Zdounky,Czechia,Střední Morava,CZ0721,49.228119,17.3206694
589217.0,589217.0,Zlobice,Czechia,Střední Morava,CZ0721,49.3023556,17.3124574
589225.0,589225.0,Žalkovice,Czechia,Střední Morava,CZ0721,49.3719051,17.4359339
589233.0,589233.0,Žeranovice,Czechia,Střední Morava,CZ0721,49.2914745,17.6044187
592013.0,592013.0,Babice,Czechia,Střední Morava,CZ0722,49.1216616,17.4767566
592021.0,592021.0,Bánov,Czechia,Střední Morava,CZ0722,48.9877423,17.7155659
592030.0,592030.0,Bílovice,Czechia,Střední Morava,CZ0722,49.0996498,17.549607
592048.0,592048.0,Bojkovice,Czechia,Střední Morava,CZ0722,49.0389132,17.8148347
592064.0,592064.0,Boršice,Czechia,Střední Morava,CZ0722,49.0625776,17.3510075
592056.0,592056.0,Boršice u Blatnice,Czechia,Střední Morava,CZ0722,48.9321908,17.5757858
592072.0,592072.0,Břestek,Czechia,Střední Morava,CZ0722,49.0948851,17.3559152
592081.0,592081.0,Březolupy,Czechia,Střední Morava,CZ0722,49.1213841,17.5803418
592099.0,592099.0,Březová,Czechia,Střední Morava,CZ0722,48.9254222,17.7397171
592102.0,592102.0,Buchlovice,Czechia,Střední Morava,CZ0722,49.0862718,17.3385196
592111.0,592111.0,Bystřice pod Lopeníkem,Czechia,Střední Morava,CZ0722,48.9748217,17.7640486
592137.0,592137.0,Částkov,Czechia,Střední Morava,CZ0722,49.104126,17.6195553
592145.0,592145.0,Dolní Němčí,Czechia,Střední Morava,CZ0722,48.9684218,17.5853622
592153.0,592153.0,Drslavice,Czechia,Střední Morava,CZ0722,49.0471585,17.6000453
592170.0,592170.0,Hluk,Czechia,Střední Morava,CZ0722,48.988328,17.5268918
592188.0,592188.0,Horní Němčí,Czechia,Střední Morava,CZ0722,48.9332935,17.6238886
592196.0,592196.0,Hostějov,Czechia,Střední Morava,CZ0722,49.0401539,17.2573583
550736.0,550736.0,Hostětín,Czechia,Střední Morava,CZ0722,49.0498054,17.8792208
592200.0,592200.0,Hradčovice,Czechia,Střední Morava,CZ0722,49.0497686,17.5820914
592218.0,592218.0,Huštěnovice,Czechia,Střední Morava,CZ0722,49.106629,17.4656561
592226.0,592226.0,Jalubí,Czechia,Střední Morava,CZ0722,49.1162598,17.4278761
592234.0,592234.0,Jankovice,Czechia,Střední Morava,CZ0722,49.1542503,17.3884055
592269.0,592269.0,Kněžpole,Czechia,Střední Morava,CZ0722,49.0985474,17.5167082
592277.0,592277.0,Komňa,Czechia,Střední Morava,CZ0722,48.9937945,17.800724
592285.0,592285.0,Korytná,Czechia,Střední Morava,CZ0722,48.9410629,17.6652769
592293.0,592293.0,Kostelany nad Moravou,Czechia,Střední Morava,CZ0722,49.0454802,17.4068755
592307.0,592307.0,Košíky,Czechia,Střední Morava,CZ0722,49.1574776,17.416751
592323.0,592323.0,Kudlovice,Czechia,Střední Morava,CZ0722,49.1306856,17.4559677
550744.0,550744.0,Kunovice,Czechia,Střední Morava,CZ0722,49.0419134,17.4661484
592340.0,592340.0,Lopeník,Czechia,Střední Morava,CZ0722,48.94543,17.7914119
592366.0,592366.0,Medlovice,Czechia,Střední Morava,CZ0722,49.049601,17.270804
592382.0,592382.0,Mistřice,Czechia,Střední Morava,CZ0722,49.0861838,17.5358687
592391.0,592391.0,Modrá,Czechia,Střední Morava,CZ0722,49.1120214,17.4033993
592404.0,592404.0,Nedachlebice,Czechia,Střední Morava,CZ0722,49.0992136,17.5888008
592412.0,592412.0,Nedakonice,Czechia,Střední Morava,CZ0722,49.0315949,17.3814113
592421.0,592421.0,Nezdenice,Czechia,Střední Morava,CZ0722,49.0168036,17.7522917
592439.0,592439.0,Nivnice,Czechia,Střední Morava,CZ0722,48.9762719,17.6449068
592447.0,592447.0,Ořechov,Czechia,Střední Morava,CZ0722,49.0307241,17.3005801
592455.0,592455.0,Ostrožská Lhota,Czechia,Střední Morava,CZ0722,48.9769843,17.4685218
592463.0,592463.0,Ostrožská Nová Ves,Czechia,Střední Morava,CZ0722,49.0043387,17.4363185
592471.0,592471.0,Osvětimany,Czechia,Střední Morava,CZ0722,49.0562306,17.2504462
592480.0,592480.0,Pašovice,Czechia,Střední Morava,CZ0722,49.079531,17.644336
592498.0,592498.0,Pitín,Czechia,Střední Morava,CZ0722,49.0382904,17.8503708
592501.0,592501.0,Podolí,Czechia,Střední Morava,CZ0722,49.041325,17.5283825
592510.0,592510.0,Polešovice,Czechia,Střední Morava,CZ0722,49.0338994,17.3406375
592528.0,592528.0,Popovice,Czechia,Střední Morava,CZ0722,49.0525519,17.5271232
592536.0,592536.0,Prakšice,Czechia,Střední Morava,CZ0722,49.0689034,17.6330348
592552.0,592552.0,Rudice,Czechia,Střední Morava,CZ0722,49.056303,17.7374264
592561.0,592561.0,Salaš,Czechia,Střední Morava,CZ0722,49.1403932,17.3429877
592579.0,592579.0,Slavkov,Czechia,Střední Morava,CZ0722,48.9468388,17.6116635
592587.0,592587.0,Staré Hutě,Czechia,Střední Morava,CZ0722,49.1294687,17.2773045
550752.0,550752.0,Staré Město,Czechia,Střední Morava,CZ0722,49.0756787,17.4391956
592609.0,592609.0,Starý Hrozenkov,Czechia,Střední Morava,CZ0722,48.965861,17.8627599
592617.0,592617.0,Strání,Czechia,Střední Morava,CZ0722,48.902045,17.7064961
592625.0,592625.0,Stříbrnice,Czechia,Střední Morava,CZ0722,49.057496,17.3088025
592633.0,592633.0,Stupava,Czechia,Střední Morava,CZ0722,49.1171666,17.2486589
592641.0,592641.0,Suchá Loz,Czechia,Střední Morava,CZ0722,48.9700308,17.7139761
592650.0,592650.0,Sušice,Czechia,Střední Morava,CZ0722,49.1222462,17.4522222
592668.0,592668.0,Svárov,Czechia,Střední Morava,CZ0722,49.1164391,17.6245302
592676.0,592676.0,Šumice,Czechia,Střední Morava,CZ0722,49.0285829,17.7220503
592692.0,592692.0,Topolná,Czechia,Střední Morava,CZ0722,49.1218671,17.5443354
592706.0,592706.0,Traplice,Czechia,Střední Morava,CZ0722,49.1309532,17.4361903
592714.0,592714.0,Tučapy,Czechia,Střední Morava,CZ0722,49.0481134,17.3314176
592722.0,592722.0,Tupesy,Czechia,Střední Morava,CZ0722,49.0842692,17.3698271
592005.0,592005.0,Uherské Hradiště,Czechia,Střední Morava,CZ0722,49.0681018,17.4663899
592731.0,592731.0,Uherský Brod,Czechia,Střední Morava,CZ0722,49.0253139,17.6464437
592749.0,592749.0,Uherský Ostroh,Czechia,Střední Morava,CZ0722,48.985558,17.3898443
592757.0,592757.0,Újezdec,Czechia,Střední Morava,CZ0722,49.0361356,17.2721745
592773.0,592773.0,Vápenice,Czechia,Střední Morava,CZ0722,48.9680799,17.8413902
592781.0,592781.0,Vážany,Czechia,Střední Morava,CZ0722,49.0344522,17.3119273
592790.0,592790.0,Velehrad,Czechia,Střední Morava,CZ0722,49.1054277,17.3942636
592803.0,592803.0,Veletiny,Czechia,Střední Morava,CZ0722,49.0371091,17.5625449
592820.0,592820.0,Vlčnov,Czechia,Střední Morava,CZ0722,49.0099715,17.5819505
592838.0,592838.0,Vyškovec,Czechia,Střední Morava,CZ0722,48.9404588,17.8524836
592846.0,592846.0,Záhorovice,Czechia,Střední Morava,CZ0722,49.0227015,17.7797947
592854.0,592854.0,Zlámanec,Czechia,Střední Morava,CZ0722,49.1298546,17.6281993
592862.0,592862.0,Zlechov,Czechia,Střední Morava,CZ0722,49.0739594,17.3793824
592871.0,592871.0,Žítková,Czechia,Střední Morava,CZ0722,48.9801017,17.880373
541648.0,541648.0,Branky,Czechia,Střední Morava,CZ0723,49.4609269,17.8930607
541711.0,541711.0,Bystřička,Czechia,Střední Morava,CZ0723,49.415664,17.9738836
541800.0,541800.0,Dolní Bečva,Czechia,Střední Morava,CZ0723,49.4549771,18.1941873
542644.0,542644.0,Francova Lhota,Czechia,Střední Morava,CZ0723,49.2017418,18.1117479
542679.0,542679.0,Halenkov,Czechia,Střední Morava,CZ0723,49.3162725,18.1453573
542687.0,542687.0,Horní Bečva,Czechia,Střední Morava,CZ0723,49.4321611,18.2885902
542725.0,542725.0,Horní Lideč,Czechia,Střední Morava,CZ0723,49.1814895,18.0621791
542750.0,542750.0,Hošťálková,Czechia,Střední Morava,CZ0723,49.3546749,17.8694385
542768.0,542768.0,Hovězí,Czechia,Střední Morava,CZ0723,49.3036454,18.0606232
542784.0,542784.0,Huslenky,Czechia,Střední Morava,CZ0723,49.3031744,18.0903679
542814.0,542814.0,Hutisko-Solanec,Czechia,Střední Morava,CZ0723,49.431264,18.2141269
542831.0,542831.0,Choryně,Czechia,Střední Morava,CZ0723,49.4957473,17.8986127
542865.0,542865.0,Jablůnka,Czechia,Střední Morava,CZ0723,49.3835517,17.9502069
570346.0,570346.0,Janová,Czechia,Střední Morava,CZ0723,49.3121102,18.020297
542903.0,542903.0,Jarcová,Czechia,Střední Morava,CZ0723,49.4362206,17.9479167
542911.0,542911.0,Karolinka,Czechia,Střední Morava,CZ0723,49.3512769,18.2400622
542946.0,542946.0,Kateřinice,Czechia,Střední Morava,CZ0723,49.3821078,17.8857845
542989.0,542989.0,Kelč,Czechia,Střední Morava,CZ0723,49.4787107,17.8152939
542997.0,542997.0,Kladeruby,Czechia,Střední Morava,CZ0723,49.4923671,17.8653869
500062.0,500062.0,Krhová,Czechia,Střední Morava,CZ0723,49.4940693,18.0076772
543021.0,543021.0,Kunovice,Czechia,Střední Morava,CZ0723,49.4442439,17.809882
543098.0,543098.0,Lačnov,Czechia,Střední Morava,CZ0723,49.1786068,18.0164473
544264.0,544264.0,Leskovec,Czechia,Střední Morava,CZ0723,49.2842014,17.9987442
544302.0,544302.0,Lešná,Czechia,Střední Morava,CZ0723,49.5203958,17.9298913
556866.0,556866.0,Lhota u Vsetína,Czechia,Střední Morava,CZ0723,49.3040992,17.957215
544370.0,544370.0,Lidečko,Czechia,Střední Morava,CZ0723,49.2029429,18.0512352
544396.0,544396.0,Liptál,Czechia,Střední Morava,CZ0723,49.2912841,17.9217685
544418.0,544418.0,Loučka,Czechia,Střední Morava,CZ0723,49.4386923,17.8326551
544434.0,544434.0,Lužná,Czechia,Střední Morava,CZ0723,49.2415457,18.0202109
544469.0,544469.0,Malá Bystřice,Czechia,Střední Morava,CZ0723,49.4094046,18.0485197
544507.0,544507.0,Mikulůvka,Czechia,Střední Morava,CZ0723,49.413515,17.9250573
544566.0,544566.0,Nový Hrozenkov,Czechia,Střední Morava,CZ0723,49.3369685,18.1979346
544574.0,544574.0,Oznice,Czechia,Střední Morava,CZ0723,49.4325446,17.9178691
569496.0,569496.0,Podolí,Czechia,Střední Morava,CZ0723,49.430259,17.8571418
544621.0,544621.0,Police,Czechia,Střední Morava,CZ0723,49.4567901,17.8673738
500071.0,500071.0,Poličná,Czechia,Střední Morava,CZ0723,49.467984,17.9478693
544655.0,544655.0,Pozděchov,Czechia,Střední Morava,CZ0723,49.2332057,17.9555281
544671.0,544671.0,Prlov,Czechia,Střední Morava,CZ0723,49.2478329,17.9616753
544698.0,544698.0,Prostřední Bečva,Czechia,Střední Morava,CZ0723,49.4360928,18.2519953
544728.0,544728.0,Pržno,Czechia,Střední Morava,CZ0723,49.3874698,17.9428469
544787.0,544787.0,Ratiboř,Czechia,Střední Morava,CZ0723,49.3676934,17.9149865
544841.0,544841.0,Rožnov pod Radhoštěm,Czechia,Střední Morava,CZ0723,49.4587958,18.1429843
544850.0,544850.0,Růžďka,Czechia,Střední Morava,CZ0723,49.3931971,17.994751
544906.0,544906.0,Seninka,Czechia,Střední Morava,CZ0723,49.2731928,17.9648104
544914.0,544914.0,Střelná,Czechia,Střední Morava,CZ0723,49.1772695,18.0977088
544922.0,544922.0,Střítež nad Bečvou,Czechia,Střední Morava,CZ0723,49.458576,18.0568094
570371.0,570371.0,Ústí,Czechia,Střední Morava,CZ0723,49.3082912,18.0032146
544949.0,544949.0,Valašská Bystřice,Czechia,Střední Morava,CZ0723,49.4146817,18.1101768
544990.0,544990.0,Valašská Polanka,Czechia,Střední Morava,CZ0723,49.2624491,17.9963591
553026.0,553026.0,Valašská Senice,Czechia,Střední Morava,CZ0723,49.2252779,18.1169486
545058.0,545058.0,Valašské Meziříčí,Czechia,Střední Morava,CZ0723,49.4716056,17.971593
545147.0,545147.0,Velká Lhota,Czechia,Střední Morava,CZ0723,49.4377478,18.0354957
545163.0,545163.0,Velké Karlovice,Czechia,Střední Morava,CZ0723,49.3606361,18.2835533
545198.0,545198.0,Vidče,Czechia,Střední Morava,CZ0723,49.4414233,18.0935866
545210.0,545210.0,Vigantice,Czechia,Střední Morava,CZ0723,49.443411,18.185181
541630.0,541630.0,Vsetín,Czechia,Střední Morava,CZ0723,49.3389775,17.9961534
545236.0,545236.0,Zašová,Czechia,Střední Morava,CZ0723,49.4753282,18.0439053
545244.0,545244.0,Zděchov,Czechia,Střední Morava,CZ0723,49.2609681,18.077832
545252.0,545252.0,Zubří,Czechia,Střední Morava,CZ0723,49.4661007,18.092283
588318.0,588318.0,Bělov,Czechia,Střední Morava,CZ0724,49.2159907,17.4847703
585076.0,585076.0,Biskupice,Czechia,Střední Morava,CZ0724,49.0831083,17.7104173
557102.0,557102.0,Bohuslavice nad Vláří,Czechia,Střední Morava,CZ0724,49.0901938,17.9266201
585092.0,585092.0,Bohuslavice u Zlína,Czechia,Střední Morava,CZ0724,49.163101,17.6367547
585106.0,585106.0,Bratřejov,Czechia,Střední Morava,CZ0724,49.2223431,17.9134604
585114.0,585114.0,Brumov-Bylnice,Czechia,Střední Morava,CZ0724,49.0914652,18.0226805
538744.0,538744.0,Březnice,Czechia,Střední Morava,CZ0724,49.1864313,17.6627735
585131.0,585131.0,Březová,Czechia,Střední Morava,CZ0724,49.260158,17.7911393
585149.0,585149.0,Březůvky,Czechia,Střední Morava,CZ0724,49.153328,17.699618
585157.0,585157.0,Dešná,Czechia,Střední Morava,CZ0724,49.2666598,17.8464297
585165.0,585165.0,Dobrkovice,Czechia,Střední Morava,CZ0724,49.0937915,17.66923
585173.0,585173.0,Dolní Lhota,Czechia,Střední Morava,CZ0724,49.1371713,17.8123529
585181.0,585181.0,Doubravy,Czechia,Střední Morava,CZ0724,49.1424475,17.6681012
585190.0,585190.0,Drnovice,Czechia,Střední Morava,CZ0724,49.1788758,17.9576093
585203.0,585203.0,Držková,Czechia,Střední Morava,CZ0724,49.3191425,17.7855109
585211.0,585211.0,Fryšták,Czechia,Střední Morava,CZ0724,49.2852044,17.6834631
585220.0,585220.0,Halenkovice,Czechia,Střední Morava,CZ0724,49.1710221,17.4715556
585238.0,585238.0,Haluzice,Czechia,Střední Morava,CZ0724,49.1378731,17.8972952
585246.0,585246.0,Horní Lhota,Czechia,Střední Morava,CZ0724,49.1544953,17.803965
585254.0,585254.0,Hostišová,Czechia,Střední Morava,CZ0724,49.2536656,17.591117
585262.0,585262.0,Hrobice,Czechia,Střední Morava,CZ0724,49.2774641,17.7880079
585271.0,585271.0,Hřivínův Újezd,Czechia,Střední Morava,CZ0724,49.1241638,17.6918728
585289.0,585289.0,Hvozdná,Czechia,Střední Morava,CZ0724,49.248482,17.751632
585301.0,585301.0,Jasenná,Czechia,Střední Morava,CZ0724,49.2535828,17.89426
585319.0,585319.0,Jestřabí,Czechia,Střední Morava,CZ0724,49.068036,17.9558694
585327.0,585327.0,Kaňovice,Czechia,Střední Morava,CZ0724,49.109054,17.6987461
587052.0,587052.0,Karlovice,Czechia,Střední Morava,CZ0724,49.1763643,17.5859565
585343.0,585343.0,Kašava,Czechia,Střední Morava,CZ0724,49.2955164,17.7856353
592251.0,592251.0,Kelníky,Czechia,Střední Morava,CZ0724,49.1108994,17.6446009
549436.0,549436.0,Komárov,Czechia,Střední Morava,CZ0724,49.1507357,17.5688728
586960.0,586960.0,Křekov,Czechia,Střední Morava,CZ0724,49.1295185,17.9677921
573434.0,573434.0,Lhota,Czechia,Střední Morava,CZ0724,49.1691627,17.6024379
549550.0,549550.0,Lhotsko,Czechia,Střední Morava,CZ0724,49.2121965,17.8833679
549622.0,549622.0,Lípa,Czechia,Střední Morava,CZ0724,49.2152839,17.7687317
586871.0,586871.0,Lipová,Czechia,Střední Morava,CZ0724,49.1218993,17.8796144
585432.0,585432.0,Loučka,Czechia,Střední Morava,CZ0724,49.169632,17.8767626
585441.0,585441.0,Ludkovice,Czechia,Střední Morava,CZ0724,49.1147363,17.7266096
585459.0,585459.0,Luhačovice,Czechia,Střední Morava,CZ0724,49.0997324,17.7577004
585467.0,585467.0,Lukov,Czechia,Střední Morava,CZ0724,49.2923297,17.7330974
557145.0,557145.0,Lukoveček,Czechia,Střední Morava,CZ0724,49.3033294,17.668759
585483.0,585483.0,Lutonina,Czechia,Střední Morava,CZ0724,49.2385386,17.8828051
585491.0,585491.0,Machová,Czechia,Střední Morava,CZ0724,49.2543014,17.5449443
585505.0,585505.0,Mysločovice,Czechia,Střední Morava,CZ0724,49.2559652,17.5658465
585513.0,585513.0,Napajedla,Czechia,Střední Morava,CZ0724,49.1715891,17.5113718
585521.0,585521.0,Návojná,Czechia,Střední Morava,CZ0724,49.1083972,18.0531361
585530.0,585530.0,Nedašov,Czechia,Střední Morava,CZ0724,49.1077847,18.0703558
585548.0,585548.0,Nedašova Lhota,Czechia,Střední Morava,CZ0724,49.1214018,18.0798652
585556.0,585556.0,Neubuz,Czechia,Střední Morava,CZ0724,49.2604166,17.8253443
549444.0,549444.0,Oldřichovice,Czechia,Střední Morava,CZ0724,49.1817628,17.5614329
557170.0,557170.0,Ostrata,Czechia,Střední Morava,CZ0724,49.2709376,17.7667383
585599.0,585599.0,Otrokovice,Czechia,Střední Morava,CZ0724,49.2088284,17.5353865
556874.0,556874.0,Petrůvka,Czechia,Střední Morava,CZ0724,49.1048849,17.8099123
534811.0,534811.0,Podhradí,Czechia,Střední Morava,CZ0724,49.1399575,17.7738091
585611.0,585611.0,Podkopná Lhota,Czechia,Střední Morava,CZ0724,49.3056533,17.8313601
549461.0,549461.0,Pohořelice,Czechia,Střední Morava,CZ0724,49.1765653,17.5378455
549533.0,549533.0,Poteč,Czechia,Střední Morava,CZ0724,49.1543011,18.0355053
549401.0,549401.0,Pozlovice,Czechia,Střední Morava,CZ0724,49.1292132,17.7692535
585661.0,585661.0,Provodov,Czechia,Střední Morava,CZ0724,49.160393,17.7366533
585670.0,585670.0,Racková,Czechia,Střední Morava,CZ0724,49.2773205,17.6250938
556980.0,556980.0,Rokytnice,Czechia,Střední Morava,CZ0724,49.06614,17.9113588
586919.0,586919.0,Rudimov,Czechia,Střední Morava,CZ0724,49.0797962,17.8279788
585726.0,585726.0,Sazovice,Czechia,Střední Morava,CZ0724,49.2410174,17.5688191
585734.0,585734.0,Sehradice,Czechia,Střední Morava,CZ0724,49.1442684,17.8241586
585751.0,585751.0,Slavičín,Czechia,Střední Morava,CZ0724,49.0889594,17.874808
585769.0,585769.0,Slopné,Czechia,Střední Morava,CZ0724,49.1567124,17.8470475
585777.0,585777.0,Slušovice,Czechia,Střední Morava,CZ0724,49.2479338,17.8012424
585793.0,585793.0,Spytihněv,Czechia,Střední Morava,CZ0724,49.1404849,17.4976903
585807.0,585807.0,Šanov,Czechia,Střední Morava,CZ0724,49.0454648,17.8984023
585815.0,585815.0,Šarovy,Czechia,Střední Morava,CZ0724,49.1485821,17.6068568
585831.0,585831.0,Štítná nad Vláří-Popov,Czechia,Střední Morava,CZ0724,49.0697672,17.9752145
544931.0,544931.0,Študlov,Czechia,Střední Morava,CZ0724,49.16127,18.0840617
549649.0,549649.0,Tečovice,Czechia,Střední Morava,CZ0724,49.2210676,17.5873342
535184.0,535184.0,Tichov,Czechia,Střední Morava,CZ0724,49.1773864,17.9826299
585858.0,585858.0,Tlumačov,Czechia,Střední Morava,CZ0724,49.2537152,17.495883
585866.0,585866.0,Trnava,Czechia,Střední Morava,CZ0724,49.2960327,17.8419071
585874.0,585874.0,Ublo,Czechia,Střední Morava,CZ0724,49.2330566,17.9011208
585882.0,585882.0,Újezd,Czechia,Střední Morava,CZ0724,49.1687725,17.9064268
585891.0,585891.0,Valašské Klobouky,Czechia,Střední Morava,CZ0724,49.1409048,18.0075634
545112.0,545112.0,Valašské Příkazy,Czechia,Střední Morava,CZ0724,49.1662499,18.0538837
585912.0,585912.0,Velký Ořechov,Czechia,Střední Morava,CZ0724,49.1093647,17.6684345
585921.0,585921.0,Veselá,Czechia,Střední Morava,CZ0724,49.2374921,17.7754509
585939.0,585939.0,Vizovice,Czechia,Střední Morava,CZ0724,49.2231391,17.8545076
586994.0,586994.0,Vlachova Lhota,Czechia,Střední Morava,CZ0724,49.1498683,17.9534454
585955.0,585955.0,Vlachovice,Czechia,Střední Morava,CZ0724,49.1236156,17.9401829
585963.0,585963.0,Vlčková,Czechia,Střední Morava,CZ0724,49.3106987,17.7627607
585971.0,585971.0,Všemina,Czechia,Střední Morava,CZ0724,49.281097,17.8770217
585980.0,585980.0,Vysoké Pole,Czechia,Střední Morava,CZ0724,49.1775082,17.9374247
585998.0,585998.0,Zádveřice-Raková,Czechia,Střední Morava,CZ0724,49.2162533,17.8035414
585068.0,585068.0,Zlín,Czechia,Střední Morava,CZ0724,49.226766,17.6667415
500011.0,500011.0,Želechovice nad Dřevnicí,Czechia,Střední Morava,CZ0724,49.2178513,17.7461278
586013.0,586013.0,Žlutava,Czechia,Střední Morava,CZ0724,49.199816,17.4903339
551929.0,551929.0,Andělská Hora,Czechia,Moravskoslezsko,CZ0801,50.0608138,17.3890959
597198.0,597198.0,Bílčice,Czechia,Moravskoslezsko,CZ0801,49.8698249,17.5659095
597201.0,597201.0,Bohušov,Czechia,Moravskoslezsko,CZ0801,50.2432927,17.713858
597210.0,597210.0,Brantice,Czechia,Moravskoslezsko,CZ0801,50.0635625,17.6290411
597180.0,597180.0,Bruntál,Czechia,Moravskoslezsko,CZ0801,49.9885113,17.4652901
597228.0,597228.0,Břidličná,Czechia,Moravskoslezsko,CZ0801,49.9116692,17.3710729
569607.0,569607.0,Býkov-Láryšov,Czechia,Moravskoslezsko,CZ0801,50.0529004,17.6892703
552003.0,552003.0,Čaková,Czechia,Moravskoslezsko,CZ0801,50.0502561,17.5481384
597252.0,597252.0,Dětřichov nad Bystřicí,Czechia,Moravskoslezsko,CZ0801,49.8322331,17.4014392
551864.0,551864.0,Dívčí Hrad,Czechia,Moravskoslezsko,CZ0801,50.2437649,17.6340751
551708.0,551708.0,Dlouhá Stráň,Czechia,Moravskoslezsko,CZ0801,49.9599806,17.5008035
597287.0,597287.0,Dolní Moravice,Czechia,Moravskoslezsko,CZ0801,49.977876,17.3231489
597317.0,597317.0,Dvorce,Czechia,Moravskoslezsko,CZ0801,49.8333181,17.5476189
597325.0,597325.0,Heřmanovice,Czechia,Moravskoslezsko,CZ0801,50.1932956,17.3977667
551872.0,551872.0,Hlinka,Czechia,Moravskoslezsko,CZ0801,50.2800095,17.6721488
597341.0,597341.0,Holčovice,Czechia,Moravskoslezsko,CZ0801,50.157076,17.485502
597350.0,597350.0,Horní Benešov,Czechia,Moravskoslezsko,CZ0801,49.9668211,17.6026237
597368.0,597368.0,Horní Město,Czechia,Moravskoslezsko,CZ0801,49.9084482,17.2111153
551805.0,551805.0,Horní Životice,Czechia,Moravskoslezsko,CZ0801,49.9688872,17.6407937
597392.0,597392.0,Hošťálkovy,Czechia,Moravskoslezsko,CZ0801,50.1116045,17.5995213
597431.0,597431.0,Janov,Czechia,Moravskoslezsko,CZ0801,50.2448527,17.4811891
597449.0,597449.0,Jindřichov,Czechia,Moravskoslezsko,CZ0801,50.251836,17.5190264
597457.0,597457.0,Jiříkov,Czechia,Moravskoslezsko,CZ0801,49.8542782,17.2783377
597473.0,597473.0,Karlova Studánka,Czechia,Moravskoslezsko,CZ0801,50.0730874,17.3066265
597481.0,597481.0,Karlovice,Czechia,Moravskoslezsko,CZ0801,50.1056397,17.4456327
597511.0,597511.0,Krasov,Czechia,Moravskoslezsko,CZ0801,50.091772,17.5461012
597520.0,597520.0,Krnov,Czechia,Moravskoslezsko,CZ0801,50.089894,17.7040842
597538.0,597538.0,Křišťanovice,Czechia,Moravskoslezsko,CZ0801,49.8508136,17.5110339
597546.0,597546.0,Leskovec nad Moravicí,Czechia,Moravskoslezsko,CZ0801,49.9058569,17.5745459
597554.0,597554.0,Lichnov,Czechia,Moravskoslezsko,CZ0801,50.0078615,17.626404
597571.0,597571.0,Liptaň,Czechia,Moravskoslezsko,CZ0801,50.2222708,17.6054159
597589.0,597589.0,Lomnice,Czechia,Moravskoslezsko,CZ0801,49.8708882,17.414482
551996.0,551996.0,Ludvíkov,Czechia,Moravskoslezsko,CZ0801,50.1074347,17.342246
597601.0,597601.0,Malá Morávka,Czechia,Moravskoslezsko,CZ0801,50.0215781,17.3118481
551902.0,551902.0,Malá Štáhle,Czechia,Moravskoslezsko,CZ0801,49.951403,17.3414534
597635.0,597635.0,Město Albrechtice,Czechia,Moravskoslezsko,CZ0801,50.1631183,17.5750385
551724.0,551724.0,Mezina,Czechia,Moravskoslezsko,CZ0801,49.9585048,17.4770553
569526.0,569526.0,Milotice nad Opavou,Czechia,Moravskoslezsko,CZ0801,49.9956946,17.542046
551732.0,551732.0,Moravskoslezský Kočov,Czechia,Moravskoslezsko,CZ0801,49.9605338,17.4410123
546950.0,546950.0,Nová Pláň,Czechia,Moravskoslezsko,CZ0801,49.9219107,17.4750953
569551.0,569551.0,Nové Heřminovy,Czechia,Moravskoslezsko,CZ0801,50.0234783,17.5281944
569577.0,569577.0,Oborná,Czechia,Moravskoslezsko,CZ0801,50.0030638,17.4968981
597716.0,597716.0,Osoblaha,Czechia,Moravskoslezsko,CZ0801,50.2751715,17.7152325
551848.0,551848.0,Petrovice,Czechia,Moravskoslezsko,CZ0801,50.2389277,17.448383
597724.0,597724.0,Razová,Czechia,Moravskoslezsko,CZ0801,49.9313036,17.531996
597741.0,597741.0,Roudno,Czechia,Moravskoslezsko,CZ0801,49.8961266,17.5137564
551945.0,551945.0,Rudná pod Pradědem,Czechia,Moravskoslezsko,CZ0801,50.0185374,17.3446722
597775.0,597775.0,Rusín,Czechia,Moravskoslezsko,CZ0801,50.2097878,17.7342179
597783.0,597783.0,Rýmařov,Czechia,Moravskoslezsko,CZ0801,49.9320352,17.2714574
597791.0,597791.0,Ryžoviště,Czechia,Moravskoslezsko,CZ0801,49.875477,17.358565
551881.0,551881.0,Slezské Pavlovice,Czechia,Moravskoslezsko,CZ0801,50.3099954,17.7017557
597813.0,597813.0,Slezské Rudoltice,Czechia,Moravskoslezsko,CZ0801,50.2047485,17.689208
551911.0,551911.0,Stará Ves,Czechia,Moravskoslezsko,CZ0801,49.9569909,17.2388792
551813.0,551813.0,Staré Heřminovy,Czechia,Moravskoslezsko,CZ0801,49.9331534,17.6256586
551767.0,551767.0,Staré Město,Czechia,Moravskoslezsko,CZ0801,50.0035596,17.4320677
597872.0,597872.0,Světlá Hora,Czechia,Moravskoslezsko,CZ0801,50.0455667,17.4008804
597881.0,597881.0,Svobodné Heřmanice,Czechia,Moravskoslezsko,CZ0801,49.9460497,17.6742589
597899.0,597899.0,Široká Niva,Czechia,Moravskoslezsko,CZ0801,50.0674752,17.485208
597911.0,597911.0,Třemešná,Czechia,Moravskoslezsko,CZ0801,50.2052342,17.5749245
551821.0,551821.0,Tvrdkov,Czechia,Moravskoslezsko,CZ0801,49.8954943,17.1780961
597937.0,597937.0,Úvalno,Czechia,Moravskoslezsko,CZ0801,50.0471497,17.7450967
597945.0,597945.0,Václavov u Bruntálu,Czechia,Moravskoslezsko,CZ0801,49.9749044,17.3762377
551783.0,551783.0,Valšov,Czechia,Moravskoslezsko,CZ0801,49.9333585,17.4381339
551694.0,551694.0,Velká Štáhle,Czechia,Moravskoslezsko,CZ0801,49.9295982,17.3567927
597961.0,597961.0,Vrbno pod Pradědem,Czechia,Moravskoslezsko,CZ0801,50.1209513,17.3831569
597970.0,597970.0,Vysoká,Czechia,Moravskoslezsko,CZ0801,50.2613934,17.5902392
597988.0,597988.0,Zátor,Czechia,Moravskoslezsko,CZ0801,50.0304049,17.5861238
598011.0,598011.0,Baška,Czechia,Moravskoslezsko,CZ0802,49.6458449,18.3723334
598020.0,598020.0,Bílá,Czechia,Moravskoslezsko,CZ0802,49.4420083,18.4531685
511633.0,511633.0,Bocanovice,Czechia,Moravskoslezsko,CZ0802,49.5690743,18.7384027
598038.0,598038.0,Brušperk,Czechia,Moravskoslezsko,CZ0802,49.7003751,18.2216061
598046.0,598046.0,Bruzovice,Czechia,Moravskoslezsko,CZ0802,49.7175887,18.4098489
511935.0,511935.0,Bukovec,Czechia,Moravskoslezsko,CZ0802,49.5511438,18.8268293
598062.0,598062.0,Bystřice,Czechia,Moravskoslezsko,CZ0802,49.6363495,18.7204916
598071.0,598071.0,Čeladná,Czechia,Moravskoslezsko,CZ0802,49.5487297,18.3375869
598089.0,598089.0,Dobrá,Czechia,Moravskoslezsko,CZ0802,49.6738284,18.4139273
552542.0,552542.0,Dobratice,Czechia,Moravskoslezsko,CZ0802,49.6603922,18.4922636
598101.0,598101.0,Dolní Domaslavice,Czechia,Moravskoslezsko,CZ0802,49.7098311,18.4773505
511951.0,511951.0,Dolní Lomná,Czechia,Moravskoslezsko,CZ0802,49.5481948,18.7058493
552607.0,552607.0,Dolní Tošanovice,Czechia,Moravskoslezsko,CZ0802,49.6842527,18.4884327
598135.0,598135.0,Fryčovice,Czechia,Moravskoslezsko,CZ0802,49.6667685,18.2232057
598003.0,598003.0,Frýdek-Místek,Czechia,Moravskoslezsko,CZ0802,49.685635,18.3483416
598143.0,598143.0,Frýdlant nad Ostravicí,Czechia,Moravskoslezsko,CZ0802,49.5930718,18.3596301
598160.0,598160.0,Hnojník,Czechia,Moravskoslezsko,CZ0802,49.6822843,18.5412827
512192.0,512192.0,Horní Domaslavice,Czechia,Moravskoslezsko,CZ0802,49.6956992,18.4592603
511986.0,511986.0,Horní Lomná,Czechia,Moravskoslezsko,CZ0802,49.5278659,18.6376859
552631.0,552631.0,Horní Tošanovice,Czechia,Moravskoslezsko,CZ0802,49.6921704,18.5063469
512176.0,512176.0,Hrádek,Czechia,Moravskoslezsko,CZ0802,49.6166128,18.7373112
598232.0,598232.0,Hrčava,Czechia,Moravskoslezsko,CZ0802,49.5201686,18.8332414
598691.0,598691.0,Hukvaldy,Czechia,Moravskoslezsko,CZ0802,49.6238084,18.2218883
598259.0,598259.0,Jablunkov,Czechia,Moravskoslezsko,CZ0802,49.5767408,18.7645761
507423.0,507423.0,Janovice,Czechia,Moravskoslezsko,CZ0802,49.6213598,18.4065695
598275.0,598275.0,Kaňovice,Czechia,Moravskoslezsko,CZ0802,49.7445125,18.3959001
507237.0,507237.0,Komorní Lhotka,Czechia,Moravskoslezsko,CZ0802,49.6581632,18.5276332
507458.0,507458.0,Košařiska,Czechia,Moravskoslezsko,CZ0802,49.590086,18.6946435
598321.0,598321.0,Kozlovice,Czechia,Moravskoslezsko,CZ0802,49.5905254,18.2562756
549673.0,549673.0,Krásná,Czechia,Moravskoslezsko,CZ0802,49.5811183,18.4768665
598348.0,598348.0,Krmelín,Czechia,Moravskoslezsko,CZ0802,49.7292599,18.235441
598356.0,598356.0,Kunčice pod Ondřejníkem,Czechia,Moravskoslezsko,CZ0802,49.5432079,18.2747022
598364.0,598364.0,Lhotka,Czechia,Moravskoslezsko,CZ0802,49.5972489,18.2982364
598399.0,598399.0,Lučina,Czechia,Moravskoslezsko,CZ0802,49.7164003,18.4496165
552593.0,552593.0,Malenovice,Czechia,Moravskoslezsko,CZ0802,49.579585,18.4103057
512184.0,512184.0,Metylovice,Czechia,Moravskoslezsko,CZ0802,49.6066569,18.3391124
507547.0,507547.0,Milíkov,Czechia,Moravskoslezsko,CZ0802,49.5856503,18.7194293
598445.0,598445.0,Morávka,Czechia,Moravskoslezsko,CZ0802,49.5960703,18.5247134
598453.0,598453.0,Mosty u Jablunkova,Czechia,Moravskoslezsko,CZ0802,49.5275936,18.7541357
554014.0,554014.0,Návsí,Czechia,Moravskoslezsko,CZ0802,49.5873223,18.7584931
552526.0,552526.0,Nižní Lhoty,Czechia,Moravskoslezsko,CZ0802,49.6461184,18.4367594
552518.0,552518.0,Nošovice,Czechia,Moravskoslezsko,CZ0802,49.6606723,18.426381
507091.0,507091.0,Nýdek,Czechia,Moravskoslezsko,CZ0802,49.6561015,18.7567275
598542.0,598542.0,Ostravice,Czechia,Moravskoslezsko,CZ0802,49.5381161,18.3931771
598551.0,598551.0,Palkovice,Czechia,Moravskoslezsko,CZ0802,49.6346717,18.3150758
598569.0,598569.0,Paskov,Czechia,Moravskoslezsko,CZ0802,49.7317867,18.2903689
552500.0,552500.0,Pazderna,Czechia,Moravskoslezsko,CZ0802,49.7041224,18.4347202
557226.0,557226.0,Písečná,Czechia,Moravskoslezsko,CZ0802,49.5746703,18.7873568
512028.0,512028.0,Písek,Czechia,Moravskoslezsko,CZ0802,49.5595167,18.8020143
568813.0,568813.0,Pražmo,Czechia,Moravskoslezsko,CZ0802,49.6087639,18.4861699
507181.0,507181.0,Pržno,Czechia,Moravskoslezsko,CZ0802,49.6133003,18.3616224
552577.0,552577.0,Pstruží,Czechia,Moravskoslezsko,CZ0802,49.5663586,18.3324644
549665.0,549665.0,Raškovice,Czechia,Moravskoslezsko,CZ0802,49.6197465,18.472864
556971.0,556971.0,Ropice,Czechia,Moravskoslezsko,CZ0802,49.7053597,18.6134497
552640.0,552640.0,Řeka,Czechia,Moravskoslezsko,CZ0802,49.6409973,18.5712416
568830.0,568830.0,Řepiště,Czechia,Moravskoslezsko,CZ0802,49.7335348,18.3169767
598674.0,598674.0,Sedliště,Czechia,Moravskoslezsko,CZ0802,49.7183621,18.3686875
552658.0,552658.0,Smilovice,Czechia,Moravskoslezsko,CZ0802,49.6607703,18.5717656
568791.0,568791.0,Soběšovice,Czechia,Moravskoslezsko,CZ0802,49.7248905,18.4661906
598747.0,598747.0,Staré Hamry,Czechia,Moravskoslezsko,CZ0802,49.4726546,18.4463082
552551.0,552551.0,Staré Město,Czechia,Moravskoslezsko,CZ0802,49.6701891,18.3634595
552569.0,552569.0,Staříč,Czechia,Moravskoslezsko,CZ0802,49.6859423,18.272807
552674.0,552674.0,Střítež,Czechia,Moravskoslezsko,CZ0802,49.6793114,18.5691037
569631.0,569631.0,Sviadnov,Czechia,Moravskoslezsko,CZ0802,49.6893357,18.3274763
552623.0,552623.0,Třanovice,Czechia,Moravskoslezsko,CZ0802,49.7127232,18.5291523
598810.0,598810.0,Třinec,Czechia,Moravskoslezsko,CZ0802,49.6779212,18.6711993
552615.0,552615.0,Vělopolí,Czechia,Moravskoslezsko,CZ0802,49.7004345,18.5709024
554928.0,554928.0,Vendryně,Czechia,Moravskoslezsko,CZ0802,49.6666154,18.7130749
552488.0,552488.0,Vojkovice,Czechia,Moravskoslezsko,CZ0802,49.6820417,18.4685185
552682.0,552682.0,Vyšní Lhoty,Czechia,Moravskoslezsko,CZ0802,49.6358084,18.4569126
552691.0,552691.0,Žabeň,Czechia,Moravskoslezsko,CZ0802,49.7087771,18.3042074
568163.0,568163.0,Žermanice,Czechia,Moravskoslezsko,CZ0802,49.736745,18.4414624
598925.0,598925.0,Albrechtice,Czechia,Moravskoslezsko,CZ0803,49.7863609,18.5246402
599051.0,599051.0,Bohumín,Czechia,Moravskoslezsko,CZ0803,49.9041537,18.3574288
598933.0,598933.0,Český Těšín,Czechia,Moravskoslezsko,CZ0803,49.7464018,18.6260976
598941.0,598941.0,Dětmarovice,Czechia,Moravskoslezsko,CZ0803,49.8942584,18.4605013
598968.0,598968.0,Dolní Lutyně,Czechia,Moravskoslezsko,CZ0803,49.8988168,18.4281743
568864.0,568864.0,Doubrava,Czechia,Moravskoslezsko,CZ0803,49.8588022,18.4801908
555088.0,555088.0,Havířov,Czechia,Moravskoslezsko,CZ0803,49.7801136,18.4368451
598178.0,598178.0,Horní Bludovice,Czechia,Moravskoslezsko,CZ0803,49.7496509,18.4367722
552739.0,552739.0,Horní Suchá,Czechia,Moravskoslezsko,CZ0803,49.7977588,18.4816244
555291.0,555291.0,Chotěbuz,Czechia,Moravskoslezsko,CZ0803,49.7684932,18.5691225
598917.0,598917.0,Karviná,Czechia,Moravskoslezsko,CZ0803,49.8542719,18.5416556
599069.0,599069.0,Orlová,Czechia,Moravskoslezsko,CZ0803,49.8459427,18.4309274
599077.0,599077.0,Petrovice u Karviné,Czechia,Moravskoslezsko,CZ0803,49.8958672,18.5477896
599085.0,599085.0,Petřvald,Czechia,Moravskoslezsko,CZ0803,49.8310682,18.3898338
599107.0,599107.0,Rychvald,Czechia,Moravskoslezsko,CZ0803,49.8663296,18.376392
599140.0,599140.0,Stonava,Czechia,Moravskoslezsko,CZ0803,49.8169885,18.5250675
599158.0,599158.0,Těrlicko,Czechia,Moravskoslezsko,CZ0803,49.7520345,18.4828608
568741.0,568741.0,Albrechtičky,Czechia,Moravskoslezsko,CZ0804,49.7018858,18.0955719
599212.0,599212.0,Bartošovice,Czechia,Moravskoslezsko,CZ0804,49.6688413,18.0546068
568481.0,568481.0,Bernartice nad Odrou,Czechia,Moravskoslezsko,CZ0804,49.6101089,17.9477758
546984.0,546984.0,Bílov,Czechia,Moravskoslezsko,CZ0804,49.7344041,18.00187
599247.0,599247.0,Bílovec,Czechia,Moravskoslezsko,CZ0804,49.7567664,18.01623
554936.0,554936.0,Bítov,Czechia,Moravskoslezsko,CZ0804,49.8003243,18.0474839
568431.0,568431.0,Bordovice,Czechia,Moravskoslezsko,CZ0804,49.5468806,18.1526188
556858.0,556858.0,Bravantice,Czechia,Moravskoslezsko,CZ0804,49.7571201,18.082755
599344.0,599344.0,Frenštát pod Radhoštěm,Czechia,Moravskoslezsko,CZ0804,49.5474224,18.2117067
599352.0,599352.0,Fulnek,Czechia,Moravskoslezsko,CZ0804,49.7126449,17.9031553
568562.0,568562.0,Heřmanice u Oder,Czechia,Moravskoslezsko,CZ0804,49.7136768,17.8053349
568571.0,568571.0,Heřmánky,Czechia,Moravskoslezsko,CZ0804,49.7070469,17.7681327
569666.0,569666.0,Hladké Životice,Czechia,Moravskoslezsko,CZ0804,49.6826105,17.9579149
599409.0,599409.0,Hodslavice,Czechia,Moravskoslezsko,CZ0804,49.5385617,18.0236738
568511.0,568511.0,Hostašovice,Czechia,Moravskoslezsko,CZ0804,49.5343584,17.9974005
554065.0,554065.0,Jakubčovice nad Odrou,Czechia,Moravskoslezsko,CZ0804,49.6950401,17.7876732
599468.0,599468.0,Jeseník nad Odrou,Czechia,Moravskoslezsko,CZ0804,49.6119412,17.9052561
599506.0,599506.0,Jistebník,Czechia,Moravskoslezsko,CZ0804,49.7539958,18.1306303
568643.0,568643.0,Kateřinice,Czechia,Moravskoslezsko,CZ0804,49.6691896,18.188175
599565.0,599565.0,Kopřivnice,Czechia,Moravskoslezsko,CZ0804,49.598913,18.1452134
555312.0,555312.0,Kujavy,Czechia,Moravskoslezsko,CZ0804,49.7033134,17.9725284
568546.0,568546.0,Kunín,Czechia,Moravskoslezsko,CZ0804,49.6337712,17.989647
500046.0,500046.0,Libhošť,Czechia,Moravskoslezsko,CZ0804,49.6274511,18.0762564
599603.0,599603.0,Lichnov,Czechia,Moravskoslezsko,CZ0804,49.5642288,18.1689759
599646.0,599646.0,Luboměř,Czechia,Moravskoslezsko,CZ0804,49.6886562,17.706476
568589.0,568589.0,Mankovice,Czechia,Moravskoslezsko,CZ0804,49.6374611,17.8801402
599689.0,599689.0,Mořkov,Czechia,Moravskoslezsko,CZ0804,49.5369703,18.0597045
568686.0,568686.0,Mošnov,Czechia,Moravskoslezsko,CZ0804,49.6891917,18.1318889
599191.0,599191.0,Nový Jičín,Czechia,Moravskoslezsko,CZ0804,49.594881,18.0102584
599701.0,599701.0,Odry,Czechia,Moravskoslezsko,CZ0804,49.6622193,17.8303013
599743.0,599743.0,Petřvald,Czechia,Moravskoslezsko,CZ0804,49.7087171,18.1571921
599808.0,599808.0,Příbor,Czechia,Moravskoslezsko,CZ0804,49.6401091,18.1438062
568775.0,568775.0,Pustějov,Czechia,Moravskoslezsko,CZ0804,49.7005076,18.0037267
568554.0,568554.0,Rybí,Czechia,Moravskoslezsko,CZ0804,49.6005141,18.0755384
599832.0,599832.0,Sedlnice,Czechia,Moravskoslezsko,CZ0804,49.657775,18.0875698
568716.0,568716.0,Skotnice,Czechia,Moravskoslezsko,CZ0804,49.6575654,18.1339419
568406.0,568406.0,Slatina,Czechia,Moravskoslezsko,CZ0804,49.7928371,17.9807387
599867.0,599867.0,Spálov,Czechia,Moravskoslezsko,CZ0804,49.7041054,17.7224064
599905.0,599905.0,Starý Jičín,Czechia,Moravskoslezsko,CZ0804,49.5770392,17.9601825
599921.0,599921.0,Studénka,Czechia,Moravskoslezsko,CZ0804,49.7137494,18.0610845
599930.0,599930.0,Suchdol nad Odrou,Czechia,Moravskoslezsko,CZ0804,49.6557221,17.928155
554171.0,554171.0,Šenov u Nového Jičína,Czechia,Moravskoslezsko,CZ0804,49.6049791,18.0038333
599948.0,599948.0,Štramberk,Czechia,Moravskoslezsko,CZ0804,49.591233,18.1170378
599956.0,599956.0,Tichá,Czechia,Moravskoslezsko,CZ0804,49.5699873,18.2214789
599964.0,599964.0,Tísek,Czechia,Moravskoslezsko,CZ0804,49.7927259,18.0142788
569755.0,569755.0,Trnávka,Czechia,Moravskoslezsko,CZ0804,49.6853274,18.1778799
599999.0,599999.0,Trojanovice,Czechia,Moravskoslezsko,CZ0804,49.5203949,18.2380031
568422.0,568422.0,Velké Albrechtice,Czechia,Moravskoslezsko,CZ0804,49.7504394,18.0439367
500259.0,500259.0,Veřovice,Czechia,Moravskoslezsko,CZ0804,49.539165,18.1142521
554910.0,554910.0,Vražné,Czechia,Moravskoslezsko,CZ0804,49.6286902,17.8666652
569747.0,569747.0,Vrchy,Czechia,Moravskoslezsko,CZ0804,49.7509819,17.8710837
568473.0,568473.0,Závišice,Czechia,Moravskoslezsko,CZ0804,49.6132582,18.1030048
568732.0,568732.0,Ženklava,Czechia,Moravskoslezsko,CZ0804,49.5637085,18.1072205
547000.0,547000.0,Životice u Nového Jičína,Czechia,Moravskoslezsko,CZ0804,49.5571246,18.0472431
512974.0,512974.0,Bělá,Czechia,Moravskoslezsko,CZ0805,49.9733337,18.1463119
506192.0,506192.0,Bohuslavice,Czechia,Moravskoslezsko,CZ0805,49.9423182,18.1286573
506214.0,506214.0,Bolatice,Czechia,Moravskoslezsko,CZ0805,49.9518373,18.0834921
554197.0,554197.0,Branka u Opavy,Czechia,Moravskoslezsko,CZ0805,49.8879597,17.8826467
553107.0,553107.0,Bratříkovice,Czechia,Moravskoslezsko,CZ0805,49.9325174,17.6880608
506320.0,506320.0,Brumovice,Czechia,Moravskoslezsko,CZ0805,50.0152938,17.7504033
506451.0,506451.0,Březová,Czechia,Moravskoslezsko,CZ0805,49.7915803,17.8655563
506460.0,506460.0,Budišov nad Budišovkou,Czechia,Moravskoslezsko,CZ0805,49.7949749,17.6289202
568261.0,568261.0,Budišovice,Czechia,Moravskoslezsko,CZ0805,49.861474,18.0390707
569950.0,569950.0,Čermná ve Slezsku,Czechia,Moravskoslezsko,CZ0805,49.7823022,17.7019405
568228.0,568228.0,Darkovice,Czechia,Moravskoslezsko,CZ0805,49.9359191,18.2221271
568236.0,568236.0,Děhylov,Czechia,Moravskoslezsko,CZ0805,49.8693836,18.1633237
569895.0,569895.0,Dobroslavice,Czechia,Moravskoslezsko,CZ0805,49.8803361,18.1409218
506702.0,506702.0,Dolní Benešov,Czechia,Moravskoslezsko,CZ0805,49.9210128,18.1083515
553051.0,553051.0,Dolní Životice,Czechia,Moravskoslezsko,CZ0805,49.897321,17.77969
506753.0,506753.0,Háj ve Slezsku,Czechia,Moravskoslezsko,CZ0805,49.8999332,18.0937793
568210.0,568210.0,Hať,Czechia,Moravskoslezsko,CZ0805,49.9464431,18.2393133
553093.0,553093.0,Hlavnice,Czechia,Moravskoslezsko,CZ0805,49.9243898,17.7278569
568368.0,568368.0,Hlubočec,Czechia,Moravskoslezsko,CZ0805,49.8405686,17.9703231
507016.0,507016.0,Hlučín,Czechia,Moravskoslezsko,CZ0805,49.896755,18.1870424
507105.0,507105.0,Hněvošice,Czechia,Moravskoslezsko,CZ0805,50.0031461,18.0091685
507113.0,507113.0,Holasovice,Czechia,Moravskoslezsko,CZ0805,49.9984283,17.8084675
507261.0,507261.0,Hrabyně,Czechia,Moravskoslezsko,CZ0805,49.8815877,18.0543817
507270.0,507270.0,Hradec nad Moravicí,Czechia,Moravskoslezsko,CZ0805,49.8709009,17.8754742
512923.0,512923.0,Chlebičov,Czechia,Moravskoslezsko,CZ0805,49.9594199,17.9674828
507334.0,507334.0,Chuchelná,Czechia,Moravskoslezsko,CZ0805,49.9887516,18.1193728
569909.0,569909.0,Chvalíkovice,Czechia,Moravskoslezsko,CZ0805,49.8856406,17.9109454
507377.0,507377.0,Jakartovice,Czechia,Moravskoslezsko,CZ0805,49.9150983,17.6840018
547191.0,547191.0,Jezdkovice,Czechia,Moravskoslezsko,CZ0805,49.9230321,17.7748053
507504.0,507504.0,Kobeřice,Czechia,Moravskoslezsko,CZ0805,49.9855334,18.0521114
547182.0,547182.0,Kozmice,Czechia,Moravskoslezsko,CZ0805,49.9128025,18.1558425
507580.0,507580.0,Kravaře,Czechia,Moravskoslezsko,CZ0805,49.9321321,18.0044266
568180.0,568180.0,Kružberk,Czechia,Moravskoslezsko,CZ0805,49.8317833,17.6831896
512907.0,512907.0,Kyjovice,Czechia,Moravskoslezsko,CZ0805,49.8324646,18.0419522
553115.0,553115.0,Lhotka u Litultovic,Czechia,Moravskoslezsko,CZ0805,49.8728074,17.7307507
507920.0,507920.0,Litultovice,Czechia,Moravskoslezsko,CZ0805,49.9035356,17.7473619
507971.0,507971.0,Ludgeřovice,Czechia,Moravskoslezsko,CZ0805,49.8903906,18.2401116
508128.0,508128.0,Markvartovice,Czechia,Moravskoslezsko,CZ0805,49.9059513,18.2360227
508144.0,508144.0,Melč,Czechia,Moravskoslezsko,CZ0805,49.8499267,17.7577991
568279.0,568279.0,Mikolajice,Czechia,Moravskoslezsko,CZ0805,49.8771605,17.7933184
553042.0,553042.0,Mladecko,Czechia,Moravskoslezsko,CZ0805,49.8982375,17.7081719
508373.0,508373.0,Mokré Lazce,Czechia,Moravskoslezsko,CZ0805,49.9046163,18.0295367
569097.0,569097.0,Moravice,Czechia,Moravskoslezsko,CZ0805,49.8577899,17.7203897
553158.0,553158.0,Neplachovice,Czechia,Moravskoslezsko,CZ0805,49.9922818,17.8098634
512893.0,512893.0,Nové Lublice,Czechia,Moravskoslezsko,CZ0805,49.8627776,17.6780243
555274.0,555274.0,Nové Sedlice,Czechia,Moravskoslezsko,CZ0805,49.9021251,18.0012187
509574.0,509574.0,Oldřišov,Czechia,Moravskoslezsko,CZ0805,49.9912978,17.9607387
505927.0,505927.0,Opava,Czechia,Moravskoslezsko,CZ0805,49.9389004,17.9024174
509612.0,509612.0,Otice,Czechia,Moravskoslezsko,CZ0805,49.9168422,17.86982
509647.0,509647.0,Píšť,Czechia,Moravskoslezsko,CZ0805,49.9782887,18.1933381
509736.0,509736.0,Pustá Polom,Czechia,Moravskoslezsko,CZ0805,49.8491737,17.997898
568317.0,568317.0,Radkov,Czechia,Moravskoslezsko,CZ0805,49.8263922,17.7701906
509841.0,509841.0,Raduň,Czechia,Moravskoslezsko,CZ0805,49.892873,17.9432426
568376.0,568376.0,Rohov,Czechia,Moravskoslezsko,CZ0805,50.0157836,18.0714341
510131.0,510131.0,Skřipov,Czechia,Moravskoslezsko,CZ0805,49.8187471,17.9104879
510289.0,510289.0,Slavkov,Czechia,Moravskoslezsko,CZ0805,49.9218024,17.8364126
510297.0,510297.0,Služovice,Czechia,Moravskoslezsko,CZ0805,49.9884688,17.9950202
597821.0,597821.0,Sosnová,Czechia,Moravskoslezsko,CZ0805,49.9985228,17.6624799
568198.0,568198.0,Staré Těchanovice,Czechia,Moravskoslezsko,CZ0805,49.8182827,17.6919705
510343.0,510343.0,Stěbořice,Czechia,Moravskoslezsko,CZ0805,49.937084,17.8054682
512869.0,512869.0,Strahovice,Czechia,Moravskoslezsko,CZ0805,50.0021355,18.087586
510378.0,510378.0,Sudice,Czechia,Moravskoslezsko,CZ0805,50.0311056,18.0677093
547131.0,547131.0,Svatoňovice,Czechia,Moravskoslezsko,CZ0805,49.7935092,17.6672221
510432.0,510432.0,Šilheřovice,Czechia,Moravskoslezsko,CZ0805,49.926277,18.2710007
568333.0,568333.0,Štáblovice,Czechia,Moravskoslezsko,CZ0805,49.8800336,17.8185327
510483.0,510483.0,Štěpánkovice,Czechia,Moravskoslezsko,CZ0805,49.9578896,18.0387601
510491.0,510491.0,Štítina,Czechia,Moravskoslezsko,CZ0805,49.9148086,18.0125993
512745.0,512745.0,Těškovice,Czechia,Moravskoslezsko,CZ0805,49.8155594,18.0180273
569101.0,569101.0,Třebom,Czechia,Moravskoslezsko,CZ0805,50.046291,18.0256591
568341.0,568341.0,Uhlířov,Czechia,Moravskoslezsko,CZ0805,49.8970566,17.8412952
510891.0,510891.0,Velké Heraltice,Czechia,Moravskoslezsko,CZ0805,49.9749281,17.7287903
510939.0,510939.0,Velké Hoštice,Czechia,Moravskoslezsko,CZ0805,49.935318,17.9732977
570036.0,570036.0,Větřkovice,Czechia,Moravskoslezsko,CZ0805,49.7805079,17.8204508
511021.0,511021.0,Vítkov,Czechia,Moravskoslezsko,CZ0805,49.7758144,17.7517864
511161.0,511161.0,Vršovice,Czechia,Moravskoslezsko,CZ0805,49.8848276,17.9353136
568244.0,568244.0,Vřesina,Czechia,Moravskoslezsko,CZ0805,49.9458083,18.1900501
553492.0,553492.0,Závada,Czechia,Moravskoslezsko,CZ0805,49.9540378,18.1656527
569119.0,569119.0,Čavisov,Czechia,Moravskoslezsko,CZ0806,49.8294791,18.0806898
506711.0,506711.0,Dolní Lhota,Czechia,Moravskoslezsko,CZ0806,49.8423607,18.0924095
569500.0,569500.0,Horní Lhota,Czechia,Moravskoslezsko,CZ0806,49.8530442,18.0683779
599549.0,599549.0,Klimkovice,Czechia,Moravskoslezsko,CZ0806,49.7884424,18.1254099
554049.0,554049.0,Olbramice,Czechia,Moravskoslezsko,CZ0806,49.7895525,18.0889479
554821.0,554821.0,Ostrava,Czechia,Moravskoslezsko,CZ0806,49.8349139,18.2820084
598739.0,598739.0,Stará Ves nad Ondřejnicí,Czechia,Moravskoslezsko,CZ0806,49.7280282,18.1885913
598798.0,598798.0,Šenov,Czechia,Moravskoslezsko,CZ0806,49.7931698,18.3756285
598836.0,598836.0,Václavovice,Czechia,Moravskoslezsko,CZ0806,49.7553053,18.3722027
510882.0,510882.0,Velká Polom,Czechia,Moravskoslezsko,CZ0806,49.8641818,18.0938867
598879.0,598879.0,Vratimov,Czechia,Moravskoslezsko,CZ0806,49.7697532,18.3102044
500291.0,500291.0,Vřesina,Czechia,Moravskoslezsko,CZ0806,49.8239079,18.125592
568449.0,568449.0,Zbyslavice,Czechia,Moravskoslezsko,CZ0806,49.8053431,18.075468
