"rok_platnosti","icz_nazev","ico","icz","okres","typsub","STAN","JIP","LDN","OSET","OLU","HOSP","NIP","DIOP","pocet_od_akutni_stan","pocet_od_akutni_int","pocet_od_nasledna"
2011,"HVĚZDA z.ú.","70829560","82072000","CZ0724","LZ hospicového typu poskytující paliativní péči",0,0,0,14,0,0,0,0,0,0,3868
2011,"ADP - SANCO s.r.o.","27685934","78004000","CZ0713","Nemocnice následné (ošetřovatelské) péče",0,0,0,30,0,0,0,0,0,0,14804
2011,"AESKULAP spol. s r.o.","60913266","70006000","CZ0534","Léčebna pro dlouhodobě nemocné (LDN)",0,0,81,0,0,0,0,0,0,0,24247
2011,"AGEL Středomoravská nemocniční a.s.","27797660","78006000","CZ0713","Nemocnice",848,86,0,0,0,0,10,0,260699,29814,81
2011,"AGEL Středomoravská nemocniční a.s.","27797660","78007000","CZ0713","Léčebna pro dlouhodobě nemocné (LDN)",0,0,197,0,0,0,0,0,0,0,75216
2011,"AHC Centrum následné péče Sedlec-Prčice","25579282","20110000","CZ020B","Léčebna pro dlouhodobě nemocné (LDN)",0,0,110,0,0,0,0,0,0,0,25940
2011,"AHC Centrum následné péče Trutnov s.r.o.","10913416","69006000","CZ0525","Nemocnice následné (ošetřovatelské) péče",0,0,0,30,0,0,0,0,0,0,8691
2011,"AHC Nemocnice Duchcov s.r.o.","61537713","58102000","CZ0426","Nemocnice",75,5,0,0,0,0,0,0,19894,953,167
2011,"AHC Nemocnice Duchcov s.r.o.","61537713","58535000","CZ0426","Nemocnice následné (ošetřovatelské) péče",0,0,0,48,0,0,0,0,0,0,13146
2011,"AHC Rehabilitační centrum Meziboří s.r.o","47283661","57541000","CZ0425","Nemocnice následné (ošetřovatelské) péče",0,0,0,0,46,0,0,0,0,0,15922
2011,"ALBERTINUM,odborný léčebný ústav,Žamberk","00196096","70008000","CZ0534","Odborné léčebné ústavy",0,0,0,0,142,0,0,0,0,0,36787
2011,"ALBERTINUM,odborný léčebný ústav,Žamberk","00196096","70058000","CZ0534","Léčebna pro dlouhodobě nemocné (LDN)",0,0,70,0,0,0,0,0,0,0,23005
2011,"ALMEDA, a.s.","25079174","25310000","CZ0206","Nemocnice",92,5,0,0,0,0,0,0,13131,1732,26
2011,"ALMEDA, a.s.","25079174","25312000","CZ0206","Samostatné lůžkové zařízení s péčí DIP, NIOP, NIP",0,0,0,0,0,0,12,0,0,0,3973
2011,"AMICA CENTRUM s.r.o.","18233392","41281000","CZ0411","Léčebna pro dlouhodobě nemocné (LDN)",0,0,0,120,0,0,0,0,0,0,36053
2011,"ANESAN, s.r.o.","61677540","23111000","CZ0204","Samostatné lůžkové zařízení s péčí DIP, NIOP, NIP",0,0,0,0,0,0,15,0,0,0,3540
2011,"BH - Nemocnice Vimperk a.s.","29015839","37105000","CZ0315","Léčebna pro dlouhodobě nemocné (LDN)",0,0,60,0,0,0,0,0,0,0,17538
2011,"BMI Chirurgie, a.s.","25314394","72834000","CZ0642","Nemocnice",11,0,0,0,0,0,0,0,964,0,0
2011,"Bohumínská městská nemocnice, a.s.","26834022","87003000","CZ0803","Nemocnice",94,9,25,70,0,0,0,0,21652,3364,17990
2011,"Bílovecká nemocnice, a.s.","26865858","88015000","CZ0804","Nemocnice",72,6,0,0,0,0,0,0,19086,2752,0
2011,"Bílovecká nemocnice, a.s.","26865858","88016000","CZ0804","Léčebna pro dlouhodobě nemocné (LDN)",0,0,80,0,0,0,0,0,0,0,27641
2011,"CARVAC s.r.o.","63504260","41182000","CZ0411","Léčebna pro dlouhodobě nemocné (LDN)",0,0,0,70,0,0,0,0,0,0,30882
2011,"CLINICUM a.s.","25093126","09001000","CZ0100","Samostatná ordinace lékaře specialisty",15,0,0,48,0,0,0,0,10511,1942,16322
2011,"CNS-CENTRUM TŘINEC s.r.o.","26816407","86112000","CZ0802","Nemocnice",42,0,0,0,0,0,0,0,13025,0,0
2011,"Centrum kardiovaskulární a TCH Brno","00209775","72932000","CZ0642","Nemocnice",59,34,0,0,0,0,0,0,15250,9927,0
2011,"Centrum léčby pohybového aparátu, s.r.o.","26432471","09438000","CZ0100","Nemocnice",33,0,0,0,0,0,0,0,5233,0,0
2011,"Charita Ostrava - Hospic sv. Lukáše","44940998","91997300","CZ0806","LZ hospicového typu poskytující paliativní péči",0,0,0,0,0,30,0,0,0,0,7514
2011,"DOP - HC s.r.o.","26356589","48004000","CZ0413","Léčebna pro dlouhodobě nemocné (LDN)",0,0,82,0,0,0,0,0,0,0,32261
2011,"Diakonie Valašské Meziříčí","73632783","94203000","CZ0723","Nemocnice následné (ošetřovatelské) péče",0,0,0,8,0,15,0,0,0,0,7171
2011,"Diecézní charita Brno,OCH Rajhrad","44990260","73006000","CZ0643","LZ hospicového typu poskytující paliativní péči",0,0,0,0,0,50,0,0,0,0,13974
2011,"Dlouhodobá intenzivní oš. péče","05212146","31500000","CZ020C","Samostatné lůžkové zařízení s péčí DIP, NIOP, NIP",0,0,0,0,0,0,0,10,0,0,3002
2011,"Domažlická nemocnice, a.s.","26361078","40001000","CZ0321","Nemocnice",142,10,0,0,0,0,0,0,40537,2951,0
2011,"Domažlická nemocnice, a.s. - LDN","26361078","40501000","CZ0321","Léčebna pro dlouhodobě nemocné (LDN)",0,0,50,0,0,0,0,0,0,0,15601
2011,"Domov sv.Karla Boromejského","65400143","06353000","CZ0100","Léčebna pro dlouhodobě nemocné (LDN)",0,0,79,0,0,0,0,0,0,0,27973
2011,"Dopravní zdravotnictví a.s.","25903659","02368000","CZ0100","Léčebna pro dlouhodobě nemocné (LDN)",0,0,42,0,0,0,0,0,0,0,6781
2011,"Dětská odb.léčebna Ch.G.Masaryk,p.s.ČČK","42726646","30148000","CZ020B","Odborné léčebné ústavy",0,0,0,0,120,0,0,0,0,0,16396
2011,"Dětská psychiatrická nemocnice","00842052","84420000","CZ0635","Odborné léčebné ústavy",0,0,0,0,50,0,0,0,0,0,17331
2011,"Dětská psychiatrická nemocnice Louny","00831034","56004000","CZ0424","Odborné léčebné ústavy",0,0,0,0,50,0,0,0,0,0,16515
2011,"Dětská psychiatrická nemocnice Opařany","00667421","39801000","CZ0317","Odborné léčebné ústavy",0,0,0,0,160,0,0,0,0,0,42365
2011,"Dům Kochova, s.r.o.","28624858","87053000","CZ0803","Nemocnice následné (ošetřovatelské) péče",0,0,0,60,0,0,0,0,0,0,18627
2011,"Dům klidného stáří, spol. s r.o.","26369427","48006000","CZ0413","Léčebna pro dlouhodobě nemocné (LDN)",0,0,30,0,0,0,0,0,0,0,9074
2011,"ETOILE CZ a.s.","28973976","10663000","CZ0100","Samostatné lůžkové zařízení s péčí DIP, NIOP, NIP",0,0,0,0,0,0,15,0,0,0,3570
2011,"EUC Klinika Kladno s.r.o.","47539771","22105000","CZ0203","Nemocnice",20,0,0,0,0,0,0,0,4279,0,0
2011,"EUC Klinika Zlín a.s.","60726636","82002000","CZ0724","Nemocnice",80,7,0,0,0,0,0,0,17501,1427,0
2011,"EUC Klinika Zlín a.s.","60726636","82053000","CZ0724","Léčebna pro dlouhodobě nemocné (LDN)",0,0,20,0,0,0,0,0,0,0,5390
2011,"Fakultní Thomayerova nemocnice","00064190","04005000","CZ0100","Nemocnice",819,78,0,0,0,0,0,0,169707,18915,48
2011,"Fakultní Thomayerova nemocnice","00064190","04679000","CZ0100","Léčebna pro dlouhodobě nemocné (LDN)",0,0,240,0,0,0,0,0,0,0,85814
2011,"Fakultní Thomayerova nemocnice","00064190","04775000","CZ0100","Odborné léčebné ústavy",0,0,0,0,35,0,0,0,0,0,6656
2011,"Fakultní nemocnice Brno","65269705","72100000","CZ0642","Fakultní nemocnice",1698,296,0,0,0,0,0,0,420164,83983,0
2011,"Fakultní nemocnice Bulovka","00064211","08006000","CZ0100","Nemocnice",944,102,0,0,0,0,0,0,220560,30679,30
2011,"Fakultní nemocnice Bulovka","00064211","08368000","CZ0100","Nemocnice následné (ošetřovatelské) péče",0,0,0,34,0,0,0,0,0,0,10292
2011,"Fakultní nemocnice Hradec Králové","00179906","61004000","CZ0521","Fakultní nemocnice",1241,183,0,0,0,0,0,0,277736,55431,0
2011,"Fakultní nemocnice Hradec Králové","00179906","61778000","CZ0521","Odborné léčebné ústavy",0,0,0,18,56,0,0,0,0,0,18049
2011,"Fakultní nemocnice Královské Vinohrady","00064173","10002000","CZ0100","Fakultní nemocnice",846,194,0,0,0,0,0,0,203127,43503,0
2011,"Fakultní nemocnice Královské Vinohrady","00064173","10433000","CZ0100","Léčebna pro dlouhodobě nemocné (LDN)",0,0,70,0,0,0,0,0,0,0,17315
2011,"Fakultní nemocnice Olomouc","00098892","89301000","CZ0712","Fakultní nemocnice",1053,145,0,0,0,0,0,0,311431,38603,0
2011,"Fakultní nemocnice Ostrava","00843989","91009000","CZ0806","Fakultní nemocnice",971,194,0,0,0,0,0,0,237959,55981,0
2011,"Fakultní nemocnice Ostrava","00843989","91009888","CZ0805","Léčebna pro dlouhodobě nemocné (LDN)",0,0,150,0,0,0,0,0,0,0,45746
2011,"Fakultní nemocnice Plzeň","00669806","44101000","CZ0323","Fakultní nemocnice",1492,178,0,0,0,0,10,0,386158,50781,1733
2011,"Fakultní nemocnice Plzeň","00669806","44117000","CZ0323","Léčebna pro dlouhodobě nemocné (LDN)",0,0,75,0,0,0,0,0,0,0,23774
2011,"Fakultní nemocnice u sv. Anny v Brně","00159816","72001000","CZ0642","Fakultní nemocnice",680,109,0,0,0,0,0,0,171902,32506,0
2011,"Fakultní nemocnice u sv. Anny v Brně","00159816","72056000","CZ0642","Odborné léčebné ústavy",0,0,0,0,115,0,0,0,0,0,39648
2011,"Fakultní nemocnice v Motole","00064203","05002000","CZ0100","Fakultní nemocnice",1567,368,0,0,0,0,0,0,328110,112901,0
2011,"Fakultní nemocnice v Motole","00064203","05434000","CZ0100","Léčebna pro dlouhodobě nemocné (LDN)",0,0,381,0,0,0,0,0,0,0,105267
2011,"GARC Kladno, s.r.o.,","27371794","22128000","CZ0203","Léčebna pro dlouhodobě nemocné (LDN)",0,0,112,0,40,0,0,0,0,0,57620
2011,"Gaudium Frýdek-Místek s.r.o.","26788799","86111000","CZ0802","Léčebna pro dlouhodobě nemocné (LDN)",0,0,0,60,0,0,0,0,0,0,20526
2011,"Gerontologické centrum","45250022","08299000","CZ0100","Léčebna pro dlouhodobě nemocné (LDN)",0,0,46,0,0,0,0,0,0,0,10999
2011,"GynCentrum, spol. s r.o.","45316783","09262000","CZ0100","Nemocnice",27,4,0,0,0,0,0,0,4416,947,0
2011,"HOSPIC Frýdek-Místek, p.o.","72046546","86114000","CZ0802","LZ hospicového typu poskytující paliativní péči",0,0,0,0,0,30,0,0,0,0,2145
2011,"HOSPIC v MOSTĚ, o.p.s.","25419561","57623000","CZ0425","LZ hospicového typu poskytující paliativní péči",0,0,0,15,0,0,0,0,0,0,4460
2011,"HOSPIC ŠTRASBURK o.p.s.","61383457","08277000","CZ0100","LZ hospicového typu poskytující paliativní péči",0,0,0,0,0,55,0,0,0,0,9637
2011,"Hamzova odborná léčebna pro děti a dosp.","00183024","62901000","CZ0531","Odborné léčebné ústavy",0,0,0,0,505,0,0,0,0,0,172548
2011,"Hornická NsP - LDN","61325422","58105000","CZ0426","Léčebna pro dlouhodobě nemocné (LDN)",0,0,75,0,0,0,0,0,0,0,31194
2011,"Hospic Chrudim z.ú.","26625385","62421000","CZ0531","LZ hospicového typu poskytující paliativní péči",0,0,0,0,0,27,0,0,0,0,9104
2011,"Hospic na Svatém Kopečku","73634671","89163000","CZ0712","LZ hospicového typu poskytující paliativní péči",0,0,0,30,0,0,0,0,0,0,9364
2011,"Hospic sv. Alžběty o.p.s.","26604582","72058000","CZ0642","LZ hospicového typu poskytující paliativní péči",0,0,0,0,0,20,0,0,0,0,7661
2011,"Hospic sv. Jana N. Neumanna, o.p.s.","70853517","37106000","CZ0315","LZ hospicového typu poskytující paliativní péči",0,0,0,0,0,30,0,0,0,0,7153
2011,"Hospic sv. Štěpána, z.s.","65081374","55038000","CZ0423","LZ hospicového typu poskytující paliativní péči",0,0,0,0,0,26,0,0,0,0,7114
2011,"Hospic svatého Lazara","66361508","44107000","CZ0323","LZ hospicového typu poskytující paliativní péči",0,0,0,0,0,28,0,0,0,0,7283
2011,"ISCARE I.V.F. a.s.","61858366","07202000","CZ0100","Nemocnice",10,3,0,0,0,0,0,0,8,0,0
2011,"Institut klin.a exper.medicíny v Praze","00023001","04002000","CZ0100","Fakultní nemocnice",193,111,0,0,0,0,0,0,50584,31596,0
2011,"Interna Zábřeh, s. r. o.","60774916","93203000","CZ0715","Nemocnice následné (ošetřovatelské) péče",0,0,0,32,0,0,0,0,0,0,7994
2011,"JESSENIA a.s. - Rehabilitační Nem.Beroun","26752051","21001000","CZ0202","Nemocnice",86,7,0,0,0,0,0,0,33401,3131,0
2011,"Jihomoravské dětské léčebny, p.o.","00386766","71103000","CZ0641","Odborné léčebné ústavy",0,0,0,0,40,0,0,0,0,0,13547
2011,"Jihomoravské dětské léčebny, p.o.","00386766","71105000","CZ0641","Odborné léčebné ústavy",0,0,0,0,42,0,0,0,0,0,11333
2011,"Jihomoravské dětské léčebny, p.o.","00386766","71108000","CZ0641","Odborné léčebné ústavy",0,0,0,0,30,0,0,0,0,0,5874
2011,"KARDIOLOGIE NA BULOVCE, s.r.o.","49679236","08075000","CZ0100","Nemocnice",12,0,0,0,0,0,0,0,4993,0,0
2011,"KZ, a.s. - Nemocnice Chomutov, o.z.","25488627","52111000","CZ0422","Léčebna pro dlouhodobě nemocné (LDN)",0,0,81,0,0,0,0,0,0,0,28139
2011,"KZ,a.s.-oddělení následné péče Most","25488627","57015000","CZ0425","Léčebna pro dlouhodobě nemocné (LDN)",0,0,106,7,0,0,0,0,0,0,42374
2011,"Karlovarská krajská nemocnice a.s.","26365804","42008000","CZ0412","Nemocnice",608,64,0,0,0,0,0,0,134872,15788,0
2011,"Karlovarská krajská nemocnice a.s.","26365804","42616000","CZ0412","Nemocnice následné (ošetřovatelské) péče",0,0,0,8,0,0,0,0,0,0,2702
2011,"Karvinská hornická nemocnice a.s.","60793490","87013000","CZ0803","Nemocnice",128,17,0,0,0,0,0,0,32287,4947,0
2011,"Klatovská nemocnice, a.s.","26360527","43001000","CZ0322","Nemocnice",297,18,0,0,0,0,5,0,61613,4868,174
2011,"Klatovská nemocnice, a.s.","26360527","43006000","CZ0322","Léčebna pro dlouhodobě nemocné (LDN)",0,0,20,0,0,0,0,0,0,0,180
2011,"Klinika Dr. Pírka s. r. o.","47540265","26007000","CZ0207","Nemocnice",47,4,0,0,0,0,0,0,11409,1570,0
2011,"Krajská nemocnice Liberec, a.s.","27283933","54100000","CZ0513","Nemocnice",734,94,0,0,0,0,0,0,169619,31594,0
2011,"Krajská nemocnice Liberec, a.s. - Turnov","27283933","67104000","CZ0514","Nemocnice",132,11,0,0,0,0,0,0,28806,3062,0
2011,"Krajská nemocnice Liberec, a.s. - Turnov","27283933","67174000","CZ0514","Léčebna pro dlouhodobě nemocné (LDN)",0,0,36,0,0,0,0,0,0,0,9484
2011,"Krajská nemocnice Liberec, a.s. Frýdlant","27283933","54209000","CZ0513","Léčebna pro dlouhodobě nemocné (LDN)",0,0,0,25,0,0,0,5,0,0,8841
2011,"Krajská nemocnice Liberec, a.s.- LDN","27283933","54103000","CZ0513","Léčebna pro dlouhodobě nemocné (LDN)",0,0,142,0,0,0,0,0,0,0,44126
2011,"Krajská nemocnice T. Bati, a. s.","27661989","82001000","CZ0724","Nemocnice",768,85,0,16,0,0,7,8,206333,24518,5139
2011,"Krajská nemocnice T. Bati, a. s.","27661989","82050000","CZ0724","Léčebna pro dlouhodobě nemocné (LDN)",0,0,120,0,0,0,0,0,0,0,36535
2011,"Krajská zdravotní, a.s.","25488627","59001000","CZ0427","Fakultní nemocnice",1032,120,0,0,0,0,0,0,206407,30386,0
2011,"Krajská zdravotní, a.s.","25488627","59287000","CZ0427","Léčebna pro dlouhodobě nemocné (LDN)",0,0,115,0,0,0,0,0,0,0,37276
2011,"Krajská zdravotní, a.s.","25488627","59326000","CZ0427","Fakultní nemocnice",0,0,0,30,0,0,0,0,0,0,5597
2011,"Krajská zdravotní, a.s.-Nemoc.Děčín,o.z.","25488627","51100000","CZ0421","Nemocnice",283,24,0,22,0,0,0,0,54666,7509,3235
2011,"Krajská zdravotní, a.s.-Nemoc.Most,o.z.","25488627","57001000","CZ0425","Nemocnice",594,65,0,0,0,0,0,0,147143,19695,0
2011,"Krajská zdravotní,a.s.-N.Litoměřice,o.z.","25488627","55021000","CZ0423","Nemocnice",393,37,0,0,0,0,0,0,93667,6915,0
2011,"Krajská zdravotní,a.s.-N.Litoměřice,o.z.","25488627","55037000","CZ0423","Léčebna pro dlouhodobě nemocné (LDN)",0,0,130,0,0,0,0,0,0,0,44374
2011,"Krajská zdravotní,a.s.-Nem.Chomutov,o.z.","25488627","52110000","CZ0422","Nemocnice",391,38,0,0,0,0,0,0,78197,6529,0
2011,"Krajská zdravotní,a.s.-Nemocnice Teplice","25488627","58101000","CZ0426","Nemocnice",420,49,0,0,0,0,0,0,92969,10763,0
2011,"Krajská zdravotní,a.s.-Nemocnice Teplice","25488627","58106000","CZ0426","Léčebna pro dlouhodobě nemocné (LDN)",0,0,51,0,0,0,0,0,0,0,10124
2011,"Kroměřížská nemocnice a.s.","27660532","77001000","CZ0721","Nemocnice",420,34,0,0,0,0,0,0,95136,9161,0
2011,"Krušnohorská poliklinika s.r.o.","25030302","57622000","CZ0425","Nemocnice následné (ošetřovatelské) péče",0,0,0,30,0,0,0,0,0,0,15838
2011,"LRS Chvaly, o.p.s.","24805807","09514000","CZ0100","Odborné léčebné ústavy",0,0,0,0,50,0,0,0,0,0,14082
2011,"Levitovo centrum následné péče p.o.- LDN","00190217","63113000","CZ0522","Léčebna pro dlouhodobě nemocné (LDN)",0,0,110,0,0,0,0,0,0,0,42579
2011,"Lužická nemocnice a poliklinika, a.s.","61538990","51300000","CZ0421","Nemocnice",125,14,0,30,0,0,0,0,28734,3822,9715
2011,"Lázně Slatinice a.s.","25367757","89875000","CZ0712","Odborné léčebné ústavy",0,0,0,0,28,0,0,0,0,0,10030
2011,"Lázně Teplice nad Bečvou a.s.","45192570","92374000","CZ0714","Odborné léčebné ústavy",0,0,0,0,90,0,0,0,0,0,26915
2011,"Léčebna dlouhodobě nemocných","05212146","31093000","CZ020C","Léčebna pro dlouhodobě nemocné (LDN)",0,0,52,0,0,0,0,0,0,0,15328
2011,"Léčebna dlouhodobě nemocných Opočno","00191744","66232000","CZ0524","Léčebna pro dlouhodobě nemocné (LDN)",0,0,52,0,0,0,0,0,0,0,16370
2011,"Léčebna dlouhodobě nemocných Rybitví","00190560","65360000","CZ0532","Léčebna pro dlouhodobě nemocné (LDN)",0,0,105,0,0,0,0,0,0,0,34186
2011,"Léčebna dlouhodobě nemocných Vršovice","00879649","10499000","CZ0100","Léčebna pro dlouhodobě nemocné (LDN)",0,0,109,0,0,0,0,0,0,0,28604
2011,"Léčebna dlouhodobě nemocných na Vojkově","27256391","28015000","CZ0209","Léčebna pro dlouhodobě nemocné (LDN)",0,0,100,0,0,0,0,0,0,0,36396
2011,"Léčebna dlouhodobě nemocných v Praze 6","45243956","06372000","CZ0100","Léčebna pro dlouhodobě nemocné (LDN)",0,0,100,0,0,0,0,0,0,0,27197
2011,"Léčebna pro dlouhodobě nemocné HK","00180092","61358000","CZ0521","Léčebna pro dlouhodobě nemocné (LDN)",0,0,99,0,0,0,0,0,0,0,33199
2011,"Léčebna respiračních nemocí Cvikov,p.o.,","00673951","50213000","CZ0511","Odborné léčebné ústavy",0,0,0,0,72,0,0,0,0,0,23976
2011,"Léčebna respiračních nemocí Cvikov,p.o.,","00673951","50280000","CZ0511","Odborné léčebné ústavy",0,0,0,0,85,0,0,0,0,0,23429
2011,"Léčebna tuberkulozy a respiračních nem.","00512117","35010000","CZ0633","Odborné léčebné ústavy",0,0,0,0,80,0,0,0,0,0,22463
2011,"MEDI HELP s.r.o., Masarykovo sanatorium","46359443","30515000","CZ020B","Nemocnice následné (ošetřovatelské) péče",0,0,0,120,0,0,0,0,0,0,45742
2011,"MEDI HELP, S.R.O. MASARYKOVO SANATORIUM Dobříš","46359443","30503000","CZ020B","Léčebna pro dlouhodobě nemocné (LDN)",0,0,50,0,0,0,0,0,0,0,18587
2011,"MEDICINA, spol. s r.o. - LDN","49904035","56009000","CZ0424","Léčebna pro dlouhodobě nemocné (LDN)",0,0,82,0,0,0,0,0,0,0,29828
2011,"MEDICON Hospitals s.r.o.","25634691","04757000","CZ0100","Léčebna pro dlouhodobě nemocné (LDN)",0,0,30,30,0,0,0,0,0,0,19273
2011,"MEDITERRA - Sedlčany, s.r.o.","26429683","30529000","CZ020B","Nemocnice následné (ošetřovatelské) péče",0,0,0,34,0,0,0,0,0,0,11343
2011,"MEDITERRA Sedlčany s.r.o.","26429683","30520000","CZ020B","Nemocnice",53,4,0,0,0,0,0,0,12267,1472,0
2011,"MEDITERRA Sedlčany, s.r.o.  - NIP, DIOP","26429683","30530000","CZ020B","Samostatné lůžkové zařízení s péčí DIP, NIOP, NIP",0,0,0,0,0,0,14,0,0,0,2470
2011,"MEDITERRA s.r.o.","49686356","05522000","CZ0100","Samostatné lůžkové zařízení s péčí DIP, NIOP, NIP",0,0,0,0,0,0,16,0,0,0,4860
2011,"MEDITERRA s.r.o.","49686356","05523000","CZ0100","Odborné léčebné ústavy",0,0,0,0,142,0,0,0,0,0,33894
2011,"MEDITERRA s.r.o.","49686356","05656000","CZ0100","Nemocnice",20,3,0,0,0,0,0,0,528,210,0
2011,"MMN, a.s.","05421888","67101000","CZ0514","Nemocnice",77,9,0,0,0,0,0,0,19817,2658,0
2011,"MMN, a.s.","05421888","67102000","CZ0514","Nemocnice",191,13,0,0,0,0,0,0,35436,3610,0
2011,"MMN, a.s.","05421888","67171000","CZ0514","Léčebna pro dlouhodobě nemocné (LDN)",0,0,55,0,0,0,0,0,0,0,10715
2011,"MSCARE s.r.o.","28509480","10637000","CZ0100","Léčebna pro dlouhodobě nemocné (LDN)",0,0,42,0,0,0,0,0,0,0,13998
2011,"Masarykova nemocnice Rakovník s.r.o.","05212146","31001000","CZ020C","Nemocnice",207,17,0,0,0,0,0,0,43979,3955,0
2011,"Masarykův onkologický ústav","00209805","72931000","CZ0642","Nemocnice",228,16,0,0,0,0,0,0,63704,6487,0
2011,"MediCentrum Praha a.s.","64949486","04727000","CZ0100","Odborné léčebné ústavy",0,0,0,0,30,0,0,0,0,0,16609
2011,"Mulačova nemocnice s. r. o.","25202189","44105000","CZ0323","Nemocnice",160,12,0,0,0,0,0,0,37742,1770,0
2011,"Mělnická zdravotní, a.s.","27958639","25110000","CZ0206","Nemocnice",236,26,0,0,0,0,0,0,50061,6103,0
2011,"Mělnická zdravotní, a.s.","27958639","25119000","CZ0206","Nemocnice následné (ošetřovatelské) péče",0,0,0,93,0,0,0,0,72,33,30991
2011,"Městská nemocnice Městec Králové a.s.","26495015","27002000","CZ0208","Nemocnice",44,4,0,0,0,0,0,0,13614,1193,0
2011,"Městská nemocnice Městec Králové a.s.","26495015","27011000","CZ0208","Léčebna pro dlouhodobě nemocné (LDN)",0,0,140,0,0,0,0,0,0,0,44417
2011,"Městská nemocnice Městec Králové, a.s.","26495015","27015000","CZ0208","Samostatné lůžkové zařízení s péčí DIP, NIOP, NIP",0,0,0,0,0,0,10,6,0,0,4469
2011,"Městská nemocnice Ostrava","00635162","91001000","CZ0806","Nemocnice",678,71,0,0,0,0,0,0,162996,19958,0
2011,"Městská nemocnice Ostrava","00635162","91001680","CZ0806","Léčebna pro dlouhodobě nemocné (LDN)",0,0,94,30,0,0,0,0,0,0,44492
2011,"Městská nemocnice Slavičín","62181378","82052000","CZ0724","Léčebna pro dlouhodobě nemocné (LDN)",0,0,50,0,0,0,0,0,0,0,16381
2011,"Městská nemocnice následné péče","45245843","09004000","CZ0100","Nemocnice následné (ošetřovatelské) péče",0,0,0,128,0,0,0,0,0,0,46444
2011,"Městská nemocnice s pol. Uh. Brod, s.r.o","25583905","80020000","CZ0722","Léčebna pro dlouhodobě nemocné (LDN)",0,0,90,0,0,0,0,0,0,0,22896
2011,"Městská nemocnice v Odrách, p.o.","66183596","88005000","CZ0804","Nemocnice",34,4,75,0,0,0,0,0,10083,1041,20607
2011,"Městská nemocnice Čáslav","00873764","24200000","CZ0205","Nemocnice",159,10,0,0,0,0,0,0,41333,1776,0
2011,"Městská nemocnice Čáslav","00873764","24451000","CZ0205","Léčebna pro dlouhodobě nemocné (LDN)",0,0,30,0,0,0,0,0,0,0,13148
2011,"Městská nemocnice, a.s.","25262238","69002000","CZ0525","Nemocnice",109,7,0,0,0,0,0,0,29480,999,0
2011,"Městská nemocnice, a.s.","25262238","69005000","CZ0525","Nemocnice následné (ošetřovatelské) péče",0,0,0,50,0,0,0,0,0,0,13890
2011,"NEMOS PLUS s.r.o.","47714913","42638000","CZ0412","Nemocnice",0,0,0,0,0,0,14,0,0,0,5641
2011,"NH Hospital a.s. - Nemocnice Hořovice","27872963","21002000","CZ0202","Nemocnice",223,20,0,0,0,0,0,0,65726,7302,0
2011,"Nem. Milos. sester sv. Vincence de Paul","17809193","77910000","CZ0721","Léčebna pro dlouhodobě nemocné (LDN)",0,0,105,0,0,0,0,0,0,0,38383
2011,"Nem. násl. péče LDN Horažďovice, s.r.o.","26360870","43030000","CZ0322","Léčebna pro dlouhodobě nemocné (LDN)",0,0,140,0,0,0,0,0,0,0,42885
2011,"Nem.Mil.sester sv.K.Boromej.v Praze","73634085","01002000","CZ0100","Nemocnice",145,14,0,30,0,0,0,0,32146,3629,4745
2011,"Nemocnice  Prachatice, a.s. - LDN","26095165","37104000","CZ0315","Léčebna pro dlouhodobě nemocné (LDN)",0,0,25,0,0,0,0,0,0,0,7852
2011,"Nemocnice  Slaný","00875295","22102000","CZ0203","Nemocnice",254,20,0,40,0,0,0,0,73423,6153,13283
2011,"Nemocnice AGEL Jeseník a.s.","47973927","95202000","CZ0711","Nemocnice",121,5,0,0,0,0,0,0,25545,1197,0
2011,"Nemocnice AGEL Jeseník a.s.","47973927","95206000","CZ0711","Léčebna pro dlouhodobě nemocné (LDN)",0,0,30,0,0,0,0,0,0,0,9747
2011,"Nemocnice AGEL Louny a.s. - LDN","27332730","56012000","CZ0424","Léčebna pro dlouhodobě nemocné (LDN)",0,0,90,0,0,0,0,10,0,0,34012
2011,"Nemocnice AGEL Nový Jičín a.s.","25886207","88001000","CZ0804","Nemocnice",378,34,0,0,0,0,0,0,100559,12370,79
2011,"Nemocnice AGEL Nový Jičín a.s.","25886207","88014000","CZ0804","Léčebna pro dlouhodobě nemocné (LDN)",0,0,40,0,0,0,0,0,0,0,11585
2011,"Nemocnice AGEL Ostrava-Vítkovice a.s.","60793201","91950000","CZ0806","Nemocnice",344,38,0,0,0,0,0,0,70565,8896,0
2011,"Nemocnice AGEL Podhorská a.s.","47668989","85200000","CZ0801","Nemocnice",108,9,0,0,0,0,0,0,20402,2694,0
2011,"Nemocnice AGEL Podhorská a.s.","47668989","85291000","CZ0801","Nemocnice následné (ošetřovatelské) péče",0,0,0,40,0,0,0,0,0,0,8618
2011,"Nemocnice AGEL Třinec-Podlesí a.s.","48401129","86106000","CZ0802","Nemocnice",113,38,0,0,0,0,0,0,26470,9337,0
2011,"Nemocnice AGEL Valašské Meziříčí a.s.","26822105","94102000","CZ0723","Nemocnice",200,26,0,0,0,0,0,0,58113,8290,0
2011,"Nemocnice AGEL Valašské Meziříčí a.s.","26822105","94220000","CZ0723","Léčebna pro dlouhodobě nemocné (LDN)",0,0,78,0,0,0,0,0,0,0,28006
2011,"Nemocnice AGEL Český Těšín a.s.","25897551","87029000","CZ0803","Nemocnice",75,6,24,34,0,0,0,0,20254,1714,12815
2011,"Nemocnice AGEL Říčany a.s.","27365867","28003000","CZ0209","Nemocnice",41,4,0,0,0,0,0,0,18072,1565,0
2011,"Nemocnice AGEL Říčany a.s.","27365867","28658000","CZ0209","Léčebna pro dlouhodobě nemocné (LDN)",0,0,30,0,0,0,0,0,0,0,11245
2011,"Nemocnice Beroun - LDN","26752051","21003000","CZ0202","Léčebna pro dlouhodobě nemocné (LDN)",0,0,42,0,0,0,0,0,0,0,17458
2011,"Nemocnice Blansko","00386634","71101000","CZ0641","Nemocnice",153,12,0,0,0,0,0,0,50322,4006,0
2011,"Nemocnice Blansko","00386634","71110000","CZ0641","Léčebna pro dlouhodobě nemocné (LDN)",0,0,30,0,0,0,0,0,0,0,10700
2011,"Nemocnice Boskovice s.r.o.","26925974","71113000","CZ0641","Nemocnice",237,24,0,0,0,0,0,0,57907,8267,0
2011,"Nemocnice Břeclav, p. o.","00390780","74001000","CZ0644","Nemocnice",395,46,0,0,0,0,0,0,104271,9822,0
2011,"Nemocnice Dačice, a.s.","28113195","34013000","CZ0313","Léčebna pro dlouhodobě nemocné (LDN)",0,0,38,0,0,0,0,0,0,0,15749
2011,"Nemocnice Frýdlant s.r.o.","47311576","54200000","CZ0513","Nemocnice",86,10,0,0,0,0,0,0,18337,2571,0
2011,"Nemocnice Havlíčkův Brod, přísp. org.","00179540","60001000","CZ0631","Nemocnice",448,43,0,0,0,0,0,0,124204,12227,0
2011,"Nemocnice Havlíčkův Brod, přísp. org.","00179540","60223000","CZ0631","Léčebna pro dlouhodobě nemocné (LDN)",0,0,44,0,0,0,0,0,0,0,16987
2011,"Nemocnice Havířov, příspěv. organizace","00844896","87004000","CZ0803","Nemocnice",348,36,0,0,0,0,0,0,94648,11647,17
2011,"Nemocnice Havířov, příspěv. organizace","00844896","87054000","CZ0803","Léčebna pro dlouhodobě nemocné (LDN)",0,0,40,0,0,0,0,0,0,0,12160
2011,"Nemocnice Hranice a.s.","47677406","92002000","CZ0714","Nemocnice",124,15,0,0,0,0,0,0,27897,3699,0
2011,"Nemocnice Hranice a.s.","47677406","92283000","CZ0714","Léčebna pro dlouhodobě nemocné (LDN)",0,0,80,0,0,0,0,0,0,0,28135
2011,"Nemocnice Hustopeče p.o.","04212029","74022000","CZ0644","Nemocnice",50,6,0,70,0,0,0,0,16953,1796,18849
2011,"Nemocnice Ivančice, příspěvková organiz.","00225827","73303000","CZ0643","Léčebna pro dlouhodobě nemocné (LDN)",0,0,60,0,0,0,0,0,0,0,19532
2011,"Nemocnice Ivančice,příspěvková organiz.","00225827","73003000","CZ0643","Nemocnice",151,10,0,0,0,0,0,0,43602,3598,0
2011,"Nemocnice Jablonec n. N., p.o.","00829838","53201000","CZ0512","Nemocnice",273,31,0,0,0,0,0,0,73976,8287,0
2011,"Nemocnice Jablonec n. N.. p. o.","00829838","53212000","CZ0512","Léčebna pro dlouhodobě nemocné (LDN)",0,0,0,30,0,0,0,0,0,0,10821
2011,"Nemocnice Jablonec nad Nisou  MUDR. Vít NĚMEČEK, MBA","00829838","53213000","CZ0512","Léčebna pro dlouhodobě nemocné (LDN)",0,0,0,37,0,0,0,0,0,0,11706
2011,"Nemocnice Jihlava, p. o.","00090638","76001000","CZ0632","Nemocnice",624,47,0,0,0,0,0,0,122161,11738,0
2011,"Nemocnice Jihlava,příspěvková organizace","00090638","76002000","CZ0632","Léčebna pro dlouhodobě nemocné (LDN)",0,0,0,88,0,0,0,0,0,0,19306
2011,"Nemocnice Jindřichův Hradec, a.s.","26095157","34001000","CZ0313","Nemocnice",290,30,0,0,0,0,0,0,65650,6859,0
2011,"Nemocnice Jindřichův Hradec, a.s.","26095157","34011000","CZ0313","Léčebna pro dlouhodobě nemocné (LDN)",0,0,52,0,0,0,0,0,0,0,17897
2011,"Nemocnice Kadaň, s.r.o.","25479300","52120000","CZ0422","Nemocnice",179,13,0,0,0,0,0,0,40529,2152,0
2011,"Nemocnice Kadaň, s.r.o.","25479300","52121000","CZ0422","Léčebna pro dlouhodobě nemocné (LDN)",0,0,30,0,0,0,0,0,0,0,10186
2011,"Nemocnice Karviná - Ráj, příspěvková org","00844853","87001000","CZ0803","Nemocnice",371,48,125,0,0,0,10,5,100488,12561,30458
2011,"Nemocnice Kyjov, příspěvková organizace","00226912","75002000","CZ0645","Nemocnice",403,35,0,0,0,0,0,0,128706,11908,1791
2011,"Nemocnice Kyjov, příspěvková organizace","00226912","75007000","CZ0645","Nemocnice následné (ošetřovatelské) péče",0,0,0,60,0,0,0,0,0,0,15032
2011,"Nemocnice Letovice p.o.","00387134","71107000","CZ0641","Léčebna pro dlouhodobě nemocné (LDN)",0,0,120,0,0,0,0,0,0,0,39733
2011,"Nemocnice Mariánské Lázně s.r.o.","26376709","41003000","CZ0411","Nemocnice",83,4,0,0,0,0,0,0,18925,1405,0
2011,"Nemocnice Mariánské Lázně s.r.o.","26376709","41191000","CZ0411","Nemocnice následné (ošetřovatelské) péče",0,0,0,40,0,0,0,0,0,0,13382
2011,"Nemocnice Milosrdných bratří, p.o.","48512478","72048000","CZ0642","Nemocnice",216,18,0,0,0,0,0,0,68824,5607,0
2011,"Nemocnice Milosrdných bratří, p.o.","48512478","72052000","CZ0642","Léčebna pro dlouhodobě nemocné (LDN)",0,0,243,0,0,0,0,0,0,0,81855
2011,"Nemocnice Měšice - CIOP, z.s.","65401921","28004000","CZ0209","Nemocnice následné (ošetřovatelské) péče",0,0,0,80,0,0,0,0,0,0,38482
2011,"Nemocnice Na Františku","00879444","01003000","CZ0100","Nemocnice",171,20,0,0,0,0,0,0,40752,4974,0
2011,"Nemocnice Na Františku","00879444","01311000","CZ0100","Léčebna pro dlouhodobě nemocné (LDN)",0,0,26,0,0,0,0,0,0,0,9110
2011,"Nemocnice Na Homolce","00023884","05004000","CZ0100","Fakultní nemocnice",217,129,0,0,0,0,0,0,62198,37446,0
2011,"Nemocnice Na Pleši s.r.o.","27207064","30006000","CZ020B","Nemocnice",91,6,0,0,0,0,0,0,12270,935,0
2011,"Nemocnice Na Pleši s.r.o.","27207064","30522000","CZ020B","Odborné léčebné ústavy",0,0,0,0,105,0,0,0,0,0,37599
2011,"Nemocnice Na Pleši s.r.o.","27207064","30605000","CZ020B","Nemocnice následné (ošetřovatelské) péče",0,0,0,30,0,0,0,0,0,0,2736
2011,"Nemocnice Nové Město na Moravě, p. o.","00842001","84231000","CZ0635","Nemocnice",394,35,0,0,0,0,0,0,91565,8155,0
2011,"Nemocnice Nové Město na Moravě, p. o.","00842001","84425000","CZ0635","Léčebna pro dlouhodobě nemocné (LDN)",0,0,50,0,0,0,0,0,0,0,13492
2011,"Nemocnice Nové Město na Moravě, p.o.","00842001","84429000","CZ0635","Odborné léčebné ústavy",0,0,0,0,76,0,0,0,0,0,11528
2011,"Nemocnice Nymburk s.r.o.","28762886","27001000","CZ0208","Nemocnice",159,11,0,0,0,0,0,0,36107,4163,0
2011,"Nemocnice Ostrov s.r.o.","47714913","42010000","CZ0412","Nemocnice",178,13,0,0,0,0,0,0,43333,2915,2250
2011,"Nemocnice Ostrov s.r.o.","47714913","42452000","CZ0412","Léčebna pro dlouhodobě nemocné (LDN)",0,0,40,0,0,0,0,0,0,0,9590
2011,"Nemocnice Ostrov s.r.o.","47714913","42639000","CZ0412","Nemocnice",0,0,0,0,0,0,0,14,0,0,5006
2011,"Nemocnice Pardubického kraje, a.s.","27520536","62001000","CZ0531","Nemocnice",249,29,0,0,0,0,10,0,60197,7219,2892
2011,"Nemocnice Pardubického kraje, a.s.","27520536","62002000","CZ0531","Léčebna pro dlouhodobě nemocné (LDN)",0,0,89,0,0,0,0,10,0,0,26407
2011,"Nemocnice Pardubického kraje, a.s.","27520536","65001000","CZ0532","Nemocnice",793,86,0,0,0,0,0,0,168740,17933,60
2011,"Nemocnice Pardubického kraje, a.s.","27520536","65361000","CZ0532","Léčebna pro dlouhodobě nemocné (LDN)",0,0,66,0,0,0,0,0,0,0,18606
2011,"Nemocnice Pardubického kraje, a.s.","27520536","68001000","CZ0533","Nemocnice",239,14,0,0,0,0,0,0,54970,4522,0
2011,"Nemocnice Pardubického kraje, a.s.","27520536","68002000","CZ0533","Nemocnice",245,20,0,0,0,0,0,0,54426,5706,0
2011,"Nemocnice Pardubického kraje, a.s.","27520536","68011000","CZ0533","Léčebna pro dlouhodobě nemocné (LDN)",0,0,23,0,0,0,0,0,0,0,6734
2011,"Nemocnice Pardubického kraje, a.s.","27520536","68012000","CZ0533","Léčebna pro dlouhodobě nemocné (LDN)",0,0,40,0,0,0,0,0,0,0,12821
2011,"Nemocnice Pardubického kraje, a.s.","27520536","70001000","CZ0534","Nemocnice",306,26,0,0,0,0,0,0,69361,6646,0
2011,"Nemocnice Pelhřimov, příspěvková org.","00511951","35001000","CZ0633","Nemocnice",279,25,0,0,0,0,0,0,67455,6701,0
2011,"Nemocnice Pelhřimov, příspěvková org.","00511951","35040000","CZ0633","Léčebna pro dlouhodobě nemocné (LDN)",0,0,46,0,0,0,0,0,0,0,15898
2011,"Nemocnice Počátky, s.r.o.","26216701","35043000","CZ0633","Léčebna pro dlouhodobě nemocné (LDN)",0,0,120,0,0,0,0,0,0,0,35327
2011,"Nemocnice Prachatice, a.s.","26095165","37101000","CZ0315","Nemocnice",151,9,0,0,0,0,0,0,33900,2673,0
2011,"Nemocnice Písek, a.s.","26095190","36101000","CZ0314","Nemocnice",351,45,0,0,0,0,0,5,77155,8847,911
2011,"Nemocnice Písek, a.s.","26095190","36102000","CZ0314","Léčebna pro dlouhodobě nemocné (LDN)",0,0,36,0,0,0,0,0,0,0,9532
2011,"Nemocnice Roudnice nad Labem s.r.o.","25443801","55039000","CZ0423","Nemocnice",146,8,0,0,0,0,0,0,30983,2401,73
2011,"Nemocnice Roudnice nad Labem s.r.o.","25443801","55040000","CZ0423","Léčebna pro dlouhodobě nemocné (LDN)",0,0,43,0,0,0,0,0,0,0,11680
2011,"Nemocnice Roudnice nad Labem s.r.o.","25443801","55044000","CZ0423","Nemocnice následné (ošetřovatelské) péče",0,0,0,28,0,0,0,0,0,0,8024
2011,"Nemocnice Rudolfa a Stefanie Benešov,a.s","27253236","20101000","CZ0201","Nemocnice",298,31,0,58,0,0,0,0,73336,6843,17446
2011,"Nemocnice Sokolov s.r.o.","24747246","48008000","CZ0413","Nemocnice",252,29,0,0,0,0,0,0,61580,8722,0
2011,"Nemocnice Sokolov s.r.o.","24747246","48009000","CZ0413","Léčebna pro dlouhodobě nemocné (LDN)",0,0,50,0,0,0,0,0,0,0,16563
2011,"Nemocnice Strakonice, a.s.","26095181","38001000","CZ0316","Nemocnice",264,20,0,0,0,0,0,0,57699,4871,0
2011,"Nemocnice Strakonice, a.s.","26095181","38005001","CZ0316","Léčebna pro dlouhodobě nemocné (LDN)",0,0,36,0,0,0,0,5,0,0,11838
2011,"Nemocnice Sv. Kříže Žižkov, s.r.o.","47124733","03324000","CZ0100","Nemocnice následné (ošetřovatelské) péče",0,0,0,67,0,0,0,0,0,0,20946
2011,"Nemocnice Sv. Kříže Žižkov, s.r.o.","47124733","03325000","CZ0100","Samostatné lůžkové zařízení s péčí DIP, NIOP, NIP",0,0,0,0,0,0,0,10,0,0,3289
2011,"Nemocnice TGM Hodonín, příspěvková org.","00226637","75001000","CZ0645","Nemocnice",133,24,0,0,0,0,0,0,42596,7932,0
2011,"Nemocnice TGM Hodonín, příspěvková org.","00226637","75008000","CZ0645","Nemocnice následné (ošetřovatelské) péče",0,0,0,31,0,0,0,0,0,0,7299
2011,"Nemocnice Tanvald s.r.o. POSKOČIL Robert Ing.","63145766","53287000","CZ0512","Nemocnice",0,0,0,0,0,0,15,0,0,0,3696
2011,"Nemocnice Tanvald, s. r. o.","63145766","53208000","CZ0512","Nemocnice následné (ošetřovatelské) péče",0,0,0,20,0,0,0,8,0,0,10621
2011,"Nemocnice Tanvald, s.r.o","63145766","53286000","CZ0512","Nemocnice",24,3,0,0,0,0,0,0,11847,1197,0
2011,"Nemocnice Tišnov, příspěvková organizace","44947909","73005000","CZ0643","Sdružení ambulantních zařízení",45,5,0,0,0,0,0,0,11747,1601,0
2011,"Nemocnice Tišnov,příspěvková organizace","44947909","73007000","CZ0643","Léčebna pro dlouhodobě nemocné (LDN)",0,0,48,0,0,0,0,0,0,0,15566
2011,"Nemocnice Tábor, a.s.","26095203","39001000","CZ0317","Nemocnice",397,31,0,0,0,0,0,0,98633,7325,0
2011,"Nemocnice Tábor, a.s.","26095203","39007000","CZ0317","Léčebna pro dlouhodobě nemocné (LDN)",0,0,69,0,0,0,0,0,0,0,24345
2011,"Nemocnice Třebotov a.s.","28061543","29003000","CZ020A","Léčebna pro dlouhodobě nemocné (LDN)",0,0,75,0,0,0,0,0,0,0,25892
2011,"Nemocnice Třebíč, příspěvková organizace","00839396","79001000","CZ0634","Nemocnice",428,40,0,0,0,0,0,0,101868,9806,0
2011,"Nemocnice Třebíč, příspěvková organizace","00839396","79002000","CZ0634","Léčebna pro dlouhodobě nemocné (LDN)",0,0,80,0,0,0,0,0,0,0,15994
2011,"Nemocnice Třebíč, příspěvková organizace","00839396","79003000","CZ0634","Nemocnice následné (ošetřovatelské) péče",0,0,47,0,0,0,0,5,0,0,15707
2011,"Nemocnice Třinec, příspěvková organizace","00534242","86102000","CZ0802","Nemocnice",313,32,0,20,0,0,0,0,84694,9217,2365
2011,"Nemocnice Valtice s.r.o.","63488329","74021000","CZ0644","Léčebna pro dlouhodobě nemocné (LDN)",0,0,164,0,0,0,0,0,0,0,56129
2011,"Nemocnice Varnsdorf- LDN","49888498","51303000","CZ0421","Léčebna pro dlouhodobě nemocné (LDN)",0,0,100,0,0,0,0,0,0,0,33869
2011,"Nemocnice Volyně s.r.o.","25155946","38033001","CZ0316","Léčebna pro dlouhodobě nemocné (LDN)",0,0,66,0,0,0,0,0,0,0,16017
2011,"Nemocnice Vrchlabí, s.r.o.","64827232","69003000","CZ0525","Nemocnice",94,5,0,0,0,0,0,0,15922,1635,0
2011,"Nemocnice Vrchlabí, s.r.o.","64827232","69008000","CZ0525","Nemocnice následné (ošetřovatelské) péče",0,0,0,40,0,0,0,0,0,0,9851
2011,"Nemocnice Vyškov, příspěvková organizace","00839205","81001000","CZ0646","Nemocnice",302,26,90,0,0,0,0,0,101702,8076,24243
2011,"Nemocnice Znojmo,příspěvková organizace","00092584","83001000","CZ0647","Nemocnice",491,34,0,0,0,0,0,0,112619,7791,0
2011,"Nemocnice Znojmo,příspěvková organizace","00092584","83002000","CZ0647","Léčebna pro dlouhodobě nemocné (LDN)",0,0,115,0,0,0,0,0,0,0,39775
2011,"Nemocnice následné péče Moravská Třebová","00193895","68013000","CZ0533","Léčebna pro dlouhodobě nemocné (LDN)",0,0,80,0,0,0,0,0,0,0,24060
2011,"Nemocnice následné péče Praha s.r.o.","45789924","06408000","CZ0100","Léčebna pro dlouhodobě nemocné (LDN)",0,0,85,0,0,0,0,0,0,0,29503
2011,"Nemocnice následné péče Svatá Anna,s.r.o","26360896","49008000","CZ0327","Léčebna pro dlouhodobě nemocné (LDN)",0,0,90,0,0,0,0,0,0,0,29917
2011,"Nemocnice následné péče VIA, s.r.o.","02390221","51262000","CZ0421","Léčebna pro dlouhodobě nemocné (LDN)",0,0,100,0,0,0,0,0,0,0,49704
2011,"Nemocnice následné péče s pol. Lom. n/P","00854875","67130000","CZ0514","Léčebna pro dlouhodobě nemocné (LDN)",0,0,0,59,0,0,0,0,0,0,19940
2011,"Nemocnice s pol.Česká Lípa,a.s Léčeb.dlouhodobě nem.Nový Bor","27283518","50294000","CZ0511","Léčebna pro dlouhodobě nemocné (LDN)",0,0,62,0,0,0,0,0,0,0,16620
2011,"Nemocnice s poliklinikou Česká Lípa a.s.","27283518","50292000","CZ0511","Léčebna pro dlouhodobě nemocné (LDN)",0,0,60,0,0,0,0,0,0,0,16886
2011,"Nemocnice s poliklinikou Česká Lípa,a.s.","27283518","50100000","CZ0511","Nemocnice",347,28,0,0,0,0,0,0,73620,8044,0
2011,"Nemocnice sv. Alžběty Na Slupi, s.r.o.","07579969","02259000","CZ0100","Léčebna pro dlouhodobě nemocné (LDN)",0,0,89,0,0,0,0,0,0,0,21545
2011,"Nemocnice sv.Zdislavy,a.s.","25542681","84427000","CZ0635","Nemocnice",40,6,0,0,0,0,0,0,18492,2426,0
2011,"Nemocnice sv.Zdislavy,a.s.","25542681","84428000","CZ0635","Léčebna pro dlouhodobě nemocné (LDN)",0,0,80,0,0,0,0,0,0,0,23505
2011,"Nemocnice u Sv. Jiří s. r. o.","49786954","44613000","CZ0323","Nemocnice",28,5,0,0,0,0,0,0,1585,1176,0
2011,"Nemocnice ve Frýdku-Místku, přís. organ.","00534188","86101000","CZ0802","Nemocnice",373,34,0,32,0,0,0,0,99769,10701,7517
2011,"Nemocnice České Budějovice, a.s.","26068877","32006000","CZ0311","Nemocnice",1029,172,0,0,0,0,0,0,242416,41075,0
2011,"Nemocnice České Budějovice, a.s.","26068877","32067000","CZ0311","Léčebna pro dlouhodobě nemocné (LDN)",0,0,237,0,0,0,0,0,0,0,81296
2011,"Nemocnice České Budějovice, a.s.","26068877","32070000","CZ0311","Odborné léčebné ústavy",0,0,0,0,50,0,0,0,0,0,8912
2011,"Nemocnice Český Krumlov, a.s.","26095149","33100000","CZ0312","Nemocnice",180,14,0,0,0,0,0,0,42836,3831,0
2011,"Nemocnice Český Krumlov, a.s.","26095149","33103000","CZ0312","Léčebna pro dlouhodobě nemocné (LDN)",0,0,88,0,0,0,0,0,0,0,31415
2011,"Nemocnice Šumperk a.s.","47682795","93008000","CZ0715","Nemocnice následné (ošetřovatelské) péče",0,0,0,57,0,0,0,0,0,0,21926
2011,"Nemocnice Šumperk a.s.","47682795","93201000","CZ0715","Nemocnice",375,31,0,0,0,0,0,0,96016,8613,0
2011,"Nemocnice Žatec, o.p.s.","25026259","56007000","CZ0424","Nemocnice",127,11,0,0,0,0,0,0,32491,3014,0
2011,"Nemocnice Žatec, o.p.s. - LDN","25026259","56010000","CZ0424","Léčebna pro dlouhodobě nemocné (LDN)",0,0,50,0,0,0,0,0,0,0,15101
2011,"Neurologie, s.r.o. - léč. dlouh. nem.","49900391","51276000","CZ0421","Odborné léčebné ústavy",0,0,20,0,0,0,0,0,0,0,7256
2011,"Národní ústav duševního zdraví","00023752","08002000","CZ0209","Nemocnice",51,0,0,0,0,0,0,0,14418,0,0
2011,"OLÚ Metylovice-Moravskosl. sanator.,p.o.","00534200","86404000","CZ0802","Odborné léčebné ústavy",0,0,0,0,62,0,0,0,0,0,11694
2011,"ORTHES, spol. s r.o.","60718048","94125000","CZ0723","Nemocnice",10,3,0,0,0,0,0,0,2897,687,0
2011,"ORTO - REHA, s.r.o.","29032806","08439000","CZ0100","Nemocnice",20,0,0,0,0,0,0,0,1336,0,0
2011,"Oblastní charita ČK - HOSPIC A. České","48623814","64306000","CZ0523","LZ hospicového typu poskytující paliativní péči",0,0,0,0,0,30,0,0,0,0,9704
2011,"Oblastní charita Červený Kostelec","48623814","69007000","CZ0525","Nemocnice následné (ošetřovatelské) péče",0,0,0,28,0,0,0,0,0,0,6989
2011,"Oblastní nemocnice Jičín a.s.","26001551","63101000","CZ0522","Nemocnice",346,21,0,0,0,0,0,0,91497,7798,0
2011,"Oblastní nemocnice Jičín a.s.","26001551","63112000","CZ0521","Léčebna pro dlouhodobě nemocné (LDN)",0,0,95,51,0,0,0,0,0,0,47063
2011,"Oblastní nemocnice Kladno, a.s.,","27256537","22101000","CZ0203","Nemocnice",513,54,0,0,0,0,0,0,162338,20875,0
2011,"Oblastní nemocnice Kolín, a.s.","27256391","23100000","CZ0204","Odborné léčebné ústavy",0,0,0,0,20,0,0,0,0,0,5345
2011,"Oblastní nemocnice Kolín, a.s.","27256391","23101000","CZ0204","Nemocnice",551,53,0,0,0,0,0,0,137408,17522,153
2011,"Oblastní nemocnice Kolín, a.s.","27256391","23200000","CZ0205","Léčebna pro dlouhodobě nemocné (LDN)",0,0,82,0,0,0,0,0,0,0,33159
2011,"Oblastní nemocnice Mladá Boleslav, a. s.","27256456","26001000","CZ0207","Nemocnice",466,52,0,0,0,0,0,0,108547,16716,0
2011,"Oblastní nemocnice Mladá Boleslav, a.s.","27256456","26012000","CZ0207","Léčebna pro dlouhodobě nemocné (LDN)",0,0,128,0,0,0,0,0,0,0,38230
2011,"Oblastní nemocnice Náchod a.s.","26000202","64001000","CZ0523","Nemocnice",408,23,0,0,0,0,0,0,90433,7031,0
2011,"Oblastní nemocnice Náchod a.s.","26000202","64007000","CZ0523","Léčebna pro dlouhodobě nemocné (LDN)",0,0,83,82,0,0,0,0,0,0,47765
2011,"Oblastní nemocnice Příbram, a. s.","27085031","30601000","CZ020B","Nemocnice následné (ošetřovatelské) péče",0,0,0,30,0,0,0,0,0,0,10378
2011,"Oblastní nemocnice Příbram, a. s.","27085031","30602000","CZ020B","Léčebna pro dlouhodobě nemocné (LDN)",0,0,30,0,0,0,0,0,0,0,9060
2011,"Oblastní nemocnice Příbram, a.s.","27085031","30531000","CZ020B","Nemocnice",437,41,0,0,0,0,0,0,83750,9934,0
2011,"Oblastní nemocnice Rychnov n/Kněžnou a.s","25999249","66001000","CZ0524","Nemocnice",223,15,0,0,0,0,0,0,50956,3970,120
2011,"Oblastní nemocnice Rychnov n/Kněžnou a.s","25999249","66001300","CZ0524","Nemocnice následné (ošetřovatelské) péče",0,0,0,31,0,0,0,0,0,0,8853
2011,"Oblastní nemocnice Trutnov a.s.","26000237","69001000","CZ0525","Nemocnice",321,18,0,0,0,0,0,0,62907,3447,0
2011,"Oblastní spolek ČČK Mladá Boleslav","00425788","26014000","CZ0207","Nemocnice následné (ošetřovatelské) péče",0,0,0,15,0,0,0,0,0,0,3684
2011,"Odborný lečebný ústav Paseka, p.o.","00849081","89316000","CZ0712","Léčebna pro dlouhodobě nemocné (LDN)",0,0,135,0,0,0,0,0,0,0,50252
2011,"Odborný léčebný ústav Jevíčko","00193976","68005000","CZ0533","Odborné léčebné ústavy",0,0,0,0,176,0,0,0,0,0,62136
2011,"Odborný léčebný ústav Paseka, p.o.","00849081","89723000","CZ0712","Odborné léčebné ústavy",0,0,0,0,193,0,0,0,0,0,68049
2011,"Odborný léčebný ústav neurologicko-geriatrický Moravský Beroun, p.o.","00600946","89199000","CZ0712","Léčebna pro dlouhodobě nemocné (LDN)",0,0,118,0,0,0,0,10,0,0,38224
2011,"Olivova dětská léčebna, o.p.s.","25689371","28005000","CZ0209","Odborné léčebné ústavy",0,0,0,0,64,0,0,0,0,0,13862
2011,"Ošetřovatelská lůžka","05212146","31110000","CZ020C","Nemocnice následné (ošetřovatelské) péče",0,0,0,16,0,0,0,0,0,0,5130
2011,"PATEB s.r.o.","26940281","79591000","CZ0634","Odborné léčebné ústavy",0,0,0,0,45,0,0,0,0,0,19068
2011,"PP Hospitals, s.r.o.","26085011","28002000","CZ0209","Nemocnice",124,10,0,0,0,0,0,0,27301,3907,0
2011,"PP Hospitals, s.r.o.","26085011","28660000","CZ0209","Léčebna pro dlouhodobě nemocné (LDN)",0,0,35,0,0,0,0,0,0,1,11826
2011,"PRIVAMED a.s.","46885251","44103000","CZ0323","Nemocnice",170,12,0,0,0,0,0,0,40963,2231,0
2011,"PRIVAMED a.s.","46885251","44106000","CZ0323","Léčebna pro dlouhodobě nemocné (LDN)",0,0,190,0,0,0,0,10,0,0,90258
2011,"PRVNÍ PRIVÁTNÍ CHIRURGICKÉ CENTRUM spol.","49813692","61303000","CZ0521","Nemocnice",47,8,0,0,0,0,0,0,8025,711,0
2011,"Poliklinika Prosek a.s.","28495306","09362000","CZ0100","Nemocnice následné (ošetřovatelské) péče",0,0,0,20,0,0,0,0,0,0,8350
2011,"Poličská nemocnice, s.r.o.","25296094","68019000","CZ0533","Léčebna pro dlouhodobě nemocné (LDN)",0,0,120,0,0,0,0,0,0,0,41677
2011,"Psychiatric. nemocnice Marianny Oranžské","00851388","95020000","CZ0711","Odborné léčebné ústavy",0,0,0,0,150,0,0,0,0,0,51890
2011,"Psychiatrická léčebna Lnáře","00668168","38002000","CZ0316","Odborné léčebné ústavy",0,0,0,0,70,0,0,0,0,0,22678
2011,"Psychiatrická léčebna Petrohrad, p.o.","00829137","56005000","CZ0424","Odborné léčebné ústavy",0,0,0,0,150,0,0,0,0,0,32984
2011,"Psychiatrická léčebna Červený Dvůr","00583600","33200000","CZ0312","Odborné léčebné ústavy",0,0,0,0,103,0,0,0,0,0,36979
2011,"Psychiatrická léčebna Šternberk","00843954","89303000","CZ0712","Odborné léčebné ústavy",0,0,0,0,520,0,0,0,0,0,171043
2011,"Psychiatrická nemocnice Bohnice","00064220","08005000","CZ0100","Odborné léčebné ústavy",0,0,0,0,1291,0,0,0,0,0,363016
2011,"Psychiatrická nemocnice Bohnice","00064220","08279000","CZ0100","Léčebna pro dlouhodobě nemocné (LDN)",0,0,63,0,0,0,0,0,0,0,13888
2011,"Psychiatrická nemocnice Brno","00160105","72935000","CZ0642","Odborné léčebné ústavy",0,0,0,0,841,0,0,0,0,0,231704
2011,"Psychiatrická nemocnice Havlíčkův Brod","00179230","60006000","CZ0631","Odborné léčebné ústavy",0,0,0,0,750,0,0,0,0,0,192938
2011,"Psychiatrická nemocnice Horní Beřkovice","00673552","55024000","CZ0423","Odborné léčebné ústavy",0,0,0,0,507,0,0,0,0,0,148830
2011,"Psychiatrická nemocnice Jihlava","00600601","76021000","CZ0632","Odborné léčebné ústavy",0,0,0,0,520,0,0,0,0,0,115100
2011,"Psychiatrická nemocnice Kosmonosy","00068691","26003000","CZ0207","Odborné léčebné ústavy",0,0,0,0,600,0,0,0,0,0,113140
2011,"Psychiatrická nemocnice Písek a.s.","28092732","36896000","CZ0314","Odborné léčebné ústavy",0,0,0,0,57,0,0,0,0,0,20205
2011,"Psychiatrická nemocnice v Dobřanech","00669792","45901000","CZ0324","Odborné léčebné ústavy",0,0,0,0,1210,0,0,0,0,0,298634
2011,"Psychiatrická nemocnice v Kroměříži","00567914","77951000","CZ0721","Odborné léčebné ústavy",0,0,0,0,1050,0,0,0,0,0,305104
2011,"Psychiatrická nemocnice v Opavě","00844004","90224000","CZ0805","Odborné léčebné ústavy",0,0,0,0,942,0,0,0,0,0,298828
2011,"REHAMEDICA Žacléř, a. s.","27550176","69004000","CZ0525","Nemocnice",51,0,0,0,0,0,0,0,17206,0,0
2011,"RHG spol. s r. o.","61852287","29004000","CZ020A","Léčebna pro dlouhodobě nemocné (LDN)",0,0,0,77,0,0,0,0,0,0,20082
2011,"RHG spol. s.r.o.","61852287","25211000","CZ0206","Nemocnice následné (ošetřovatelské) péče",0,0,0,132,0,0,0,0,0,0,35863
2011,"Rehabilit.ústav pro cévní choroby mozk.","49813447","60190000","CZ0631","Odborné léčebné ústavy",0,0,0,0,39,0,0,0,0,0,14938
2011,"Rehabilitační centrum Čeladná s.r.o.","25868951","86110000","CZ0802","Odborné léčebné ústavy",0,0,0,0,221,0,0,0,0,0,68544
2011,"Rehabilitační ústav Brandýs nad Orlicí","00853879","70012000","CZ0534","Odborné léčebné ústavy",0,0,0,0,163,0,0,0,0,0,58701
2011,"Rehabilitační ústav Hrabyně","00601233","90158000","CZ0805","Odborné léčebné ústavy",0,0,0,0,373,0,0,0,0,0,142451
2011,"Rehabilitační ústav Kladruby","00068705","20105000","CZ0201","Odborné léčebné ústavy",0,0,0,0,235,0,0,0,0,0,88956
2011,"Revmatologický ústav","00023728","02001000","CZ0100","Fakultní nemocnice",54,0,0,0,0,0,0,0,14955,0,0
2011,"Rokycanská nemocnice,  a.s.","26360900","47113000","CZ0326","Nemocnice následné (ošetřovatelské) péče",0,0,0,30,0,0,0,0,0,0,2314
2011,"Rokycanská nemocnice, a.s.","26360900","47101000","CZ0326","Nemocnice",117,9,0,0,0,0,0,0,32823,1901,0
2011,"SANATORIUM EDEL s.r.o.","49609599","95683000","CZ0711","Odborné léčebné ústavy",0,0,0,0,93,0,0,0,0,0,26014
2011,"SENIOR CZ, s.r.o.","25413244","59314000","CZ0427","Odborné léčebné ústavy",0,0,0,0,30,0,0,0,0,0,4795
2011,"SOaL okresu Trutnov","00195201","69034000","CZ0525","Odborné léčebné ústavy",0,0,0,0,159,0,0,0,0,0,49371
2011,"SOaL okresu Trutnov","00195201","69034002","CZ0525","Odborné léčebné ústavy",0,0,0,0,30,0,0,0,0,0,7181
2011,"Sanatorium Jablunkov, a.s.","27835545","86113000","CZ0802","Léčebna pro dlouhodobě nemocné (LDN)",0,0,30,36,105,0,0,0,0,0,53879
2011,"Sdružené zdravotnické zařízení Krnov, příspěvková organizace","00844641","85781000","CZ0801","Jednodenní chirurgie",0,0,45,0,0,0,0,0,0,0,15819
2011,"Sdružené zdravotnické zařízení Krnov, příspěvková organizace","00844641","85782000","CZ0801","Jednodenní chirurgie",0,0,0,0,25,0,0,0,0,0,7647
2011,"Sdružené zdravotnické zařízení Krnov, příspěvková organizace","00844641","85783000","CZ0801","Nemocnice následné (ošetřovatelské) péče",0,0,0,150,0,0,0,0,0,0,41681
2011,"Sdružené zdravotnické zařízení Krnov,p.o","00844641","85600000","CZ0801","Nemocnice",275,32,0,0,0,0,0,8,65579,8290,3491
2011,"Slezská nemocnice v Opavě, příspěv. org.","47813750","90001000","CZ0805","Nemocnice",482,44,0,0,0,0,0,0,114648,12010,0
2011,"Slezská nemocnice v Opavě, příspěv. org.","47813750","90604000","CZ0805","Léčebna pro dlouhodobě nemocné (LDN)",0,0,48,0,0,0,0,0,0,0,14834
2011,"Soc. a zdravotní centrum Letiny s.r.o.","63504502","44109000","CZ0324","Nemocnice následné (ošetřovatelské) péče",0,0,0,30,0,0,0,0,0,0,10816
2011,"Stodská nemocnice, a.s.","26361086","45001000","CZ0324","Nemocnice",147,8,0,0,0,0,0,0,34118,2404,0
2011,"Stodská nemocnice, a.s. - LDN","26361086","45002000","CZ0324","Léčebna pro dlouhodobě nemocné (LDN)",0,0,57,0,0,0,0,0,0,0,16627
2011,"SurGal Clinic s.r.o.","46965033","72186000","CZ0642","Nemocnice",49,6,0,0,0,0,10,0,7496,1673,2066
2011,"Sušická nemocnice s.r.o.","08176302","43010000","CZ0322","Nemocnice",86,8,65,0,0,0,0,0,18672,1988,18916
2011,"THERÁPON 98, a. s.","25399195","88012000","CZ0804","Léčebna pro dlouhodobě nemocné (LDN)",0,0,41,0,0,0,0,0,0,0,14490
2011,"TRN - Léčebna v Mirošově - Janově","00669784","47102000","CZ0326","Odborné léčebné ústavy",0,0,0,0,130,0,0,0,0,0,36801
2011,"TŘI, z.ú.","18623433","20121000","CZ0201","LZ hospicového typu poskytující paliativní péči",0,0,0,0,0,30,0,0,0,0,8499
2011,"Uherskohradištská nemocnice a.s.","27660915","80006000","CZ0722","Nemocnice následné (ošetřovatelské) péče",0,0,0,30,0,0,0,0,0,0,1598
2011,"Uherskohradišťská nemocnice a.s.","27660915","80001000","CZ0722","Nemocnice",532,44,0,0,0,0,10,0,129678,12029,2556
2011,"Uherskohradišťská nemocnice a.s.","27660915","80003000","CZ0722","Léčebna pro dlouhodobě nemocné (LDN)",0,0,83,0,0,0,0,0,0,0,29413
2011,"Vazební věznice a ÚpVZD Brno","00212423","72046000","CZ0642","Nemocnice",93,0,0,0,0,0,0,0,14601,0,0
2011,"Vazební věznice a ÚpVZD Brno","00212423","72059000","CZ0642","Nemocnice následné (ošetřovatelské) péče",0,0,0,20,0,0,0,0,0,0,4510
2011,"Vojenská nemocnice Brno","60555530","72037000","CZ0642","Nemocnice",209,20,0,0,0,0,0,0,51804,5257,0
2011,"Vojenská nemocnice Olomouc","60800691","89382000","CZ0712","Léčebna pro dlouhodobě nemocné (LDN)",0,0,23,0,0,0,0,0,0,0,4398
2011,"Vojenská nemocnice Olomouc","60800691","89903000","CZ0712","Nemocnice",217,15,0,0,0,0,10,0,56446,3740,411
2011,"Vojenský rehabilitační ústav","00000582","29005000","CZ020A","Odborné léčebné ústavy",0,0,0,0,150,0,0,0,0,0,54592
2011,"Vsetínská nemocnice a.s.","26871068","94101000","CZ0723","Nemocnice",301,24,0,0,0,0,0,0,53579,6202,0
2011,"Vsetínská nemocnice a.s.","26871068","94210000","CZ0723","Léčebna pro dlouhodobě nemocné (LDN)",0,0,85,0,0,0,0,0,0,0,25965
2011,"Vysokomýtská nemocnice","71207856","70052000","CZ0534","Léčebna pro dlouhodobě nemocné (LDN)",0,0,120,0,0,0,0,0,0,0,33133
2011,"Vysočinské nemocnice s.r.o.","25257005","60224000","CZ0633","Léčebna pro dlouhodobě nemocné (LDN)",0,0,177,15,0,0,0,0,0,0,46221
2011,"Všeobecná fakultní nemocnice v Praze","00064165","02004000","CZ0100","Fakultní nemocnice",1391,243,0,20,0,0,0,0,283143,65052,6975
2011,"Všeobecná fakultní nemocnice v Praze","00064165","02276000","CZ0100","Odborné léčebné ústavy",0,0,0,0,66,0,0,0,0,0,16717
2011,"Zařízení následné reh. a hosp. péče,p.o.","69979821","42441000","CZ0412","Léčebna pro dlouhodobě nemocné (LDN)",0,0,90,0,0,0,0,0,0,0,31422
2011,"ÚVN-Vojenská fakultní nemocnice Praha","61383082","06051000","CZ0100","Fakultní nemocnice",480,76,0,28,0,0,0,0,123482,21458,5004
2011,"ÚVN-Vojenská fakultní nemocnice Praha","61383082","06419000","CZ0100","Odborné léčebné ústavy",0,0,0,0,14,0,0,0,0,0,4229
2011,"ÚVN-Vojenská fakultní nemocnice Praha","61383082","06530000","CZ0100","Léčebna pro dlouhodobě nemocné (LDN)",0,0,26,0,0,0,0,0,0,0,9840
2011,"ÚVN-Vojenská fakultní nemocnice Praha","61383082","06566000","CZ0100","Samostatné lůžkové zařízení s péčí DIP, NIOP, NIP",0,0,0,0,0,0,0,10,0,0,2357
2011,"Úrazová nemocnice v Brně","00209813","72933000","CZ0642","Nemocnice",142,40,0,0,0,0,0,0,43032,14817,0
2011,"Ústav chirurgie ruky a plast. chirurgie","00193011","67711000","CZ0514","Nemocnice",52,0,0,0,0,0,0,0,10477,0,0
2011,"Ústav hematologie a krevní transfuze","00023736","02002000","CZ0100","Fakultní nemocnice",16,21,0,0,0,0,0,0,6177,5192,0
2011,"Ústav leteckého zdravotnictví Praha","61382981","06039000","CZ0100","Samostatná ordinace lékaře specialisty",10,0,0,0,0,0,0,0,3603,0,0
2011,"Ústav pro péči o matku a dítě","00023698","04004000","CZ0100","Fakultní nemocnice",222,35,0,0,0,0,0,0,59902,12014,0
2011,"ČR, VS ČR, VV a ÚpVZD Praha Pankrác","00212423","04150000","CZ0100","Nemocnice",97,0,0,0,0,0,0,0,23159,0,0
2011,"Českobrodská nemocnice, s.r.o.","28529421","23147000","CZ0204","Léčebna pro dlouhodobě nemocné (LDN)",0,0,60,83,0,0,0,10,0,0,32483
2011,"Českomoravská provincie Hospitálského ř.","44995776","82051000","CZ0724","Léčebna pro dlouhodobě nemocné (LDN)",0,0,65,0,0,0,0,0,0,0,21178
2014,"HVĚZDA z.ú.","70829560","82072000","CZ0724","LZ hospicového typu poskytující paliativní péči",0,0,0,0,0,14,0,0,0,0,6951
2014,"soft palm"" o. s.","01327216","14274000","CZ0100","LZ hospicového typu poskytující paliativní péči",0,0,0,0,0,30,0,0,0,0,1689
2014,"ADP - SANCO s.r.o.","27685934","78004000","CZ0713","Nemocnice následné (ošetřovatelské) péče",0,0,0,50,0,0,0,0,0,0,14970
2014,"AESKULAP spol. s r.o.","60913266","70006000","CZ0534","Léčebna pro dlouhodobě nemocné (LDN)",0,0,81,0,0,0,0,0,0,0,38686
2014,"AGEL Středomoravská nemocniční a.s.","27797660","78006000","CZ0713","Nemocnice",816,86,0,0,0,0,10,0,195327,23391,3685
2014,"AGEL Středomoravská nemocniční a.s.","27797660","78007000","CZ0713","Léčebna pro dlouhodobě nemocné (LDN)",0,0,197,0,0,0,0,0,0,0,63890
2014,"AHC Centrum následné péče Sedlec-Prčice","25579282","20110000","CZ020B","Léčebna pro dlouhodobě nemocné (LDN)",0,0,110,0,0,0,0,0,0,0,32697
2014,"AHC Centrum následné péče Trutnov s.r.o.","10913416","69006000","CZ0525","Nemocnice následné (ošetřovatelské) péče",0,0,0,30,0,0,0,0,0,0,9620
2014,"AHC Nemocnice Duchcov s.r.o.","61537713","58102000","CZ0426","Nemocnice",40,3,0,0,0,0,0,0,8504,311,0
2014,"AHC Nemocnice Duchcov s.r.o.","61537713","58535000","CZ0426","Nemocnice následné (ošetřovatelské) péče",0,0,0,68,0,0,0,0,0,0,26381
2014,"AHC Rehabilitační centrum Meziboří s.r.o","47283661","57541000","CZ0425","Nemocnice následné (ošetřovatelské) péče",0,0,0,0,46,0,0,0,0,0,15462
2014,"ALBERTINUM,odborný léčebný ústav,Žamberk","00196096","70008000","CZ0534","Odborné léčebné ústavy",0,0,0,0,142,0,0,0,0,0,36806
2014,"ALBERTINUM,odborný léčebný ústav,Žamberk","00196096","70058000","CZ0534","Léčebna pro dlouhodobě nemocné (LDN)",0,0,70,0,0,0,0,0,0,0,21827
2014,"ALMEDA, a.s.","25079174","25310000","CZ0206","Nemocnice",56,6,0,0,0,0,0,0,13298,1607,0
2014,"ALMEDA, a.s.","25079174","25312000","CZ0206","Samostatné lůžkové zařízení s péčí DIP, NIOP, NIP",0,0,0,0,0,0,15,12,0,0,12156
2014,"AMICA CENTRUM s.r.o.","18233392","41281000","CZ0411","Léčebna pro dlouhodobě nemocné (LDN)",0,0,0,120,0,0,0,0,0,0,36644
2014,"ANESAN, s.r.o.","61677540","23111000","CZ0204","Samostatné lůžkové zařízení s péčí DIP, NIOP, NIP",0,0,0,0,0,0,15,0,0,0,4131
2014,"AquaKlim, s. r. o.","27849562","91791100","CZ0806","Odborné léčebné ústavy",0,0,0,0,30,0,0,0,0,0,913
2014,"BH - Nemocnice Vimperk a.s.","29015839","37105000","CZ0315","Léčebna pro dlouhodobě nemocné (LDN)",0,0,60,0,0,0,0,0,0,0,14803
2014,"Bohumínská městská nemocnice, a.s.","26834022","87003000","CZ0803","Nemocnice",79,9,25,50,0,0,0,0,21062,3024,11882
2014,"Bílovecká nemocnice, a.s.","26865858","88015000","CZ0804","Nemocnice",46,4,0,0,0,0,0,0,13394,1606,0
2014,"Bílovecká nemocnice, a.s.","26865858","88016000","CZ0804","Léčebna pro dlouhodobě nemocné (LDN)",0,0,80,0,0,0,0,0,0,0,27378
2014,"CARVAC s.r.o.","63504260","41182000","CZ0411","Léčebna pro dlouhodobě nemocné (LDN)",0,0,0,110,0,0,0,0,0,0,30250
2014,"CNS-CENTRUM TŘINEC s.r.o.","26816407","86112000","CZ0802","Nemocnice",42,0,0,0,0,0,0,0,14268,0,0
2014,"Centrum kardiovaskulární a TCH Brno","00209775","72932000","CZ0642","Nemocnice",56,34,0,0,0,0,0,0,15739,9725,0
2014,"Centrum léčby pohybového aparátu, s.r.o.","26432471","09438000","CZ0100","Nemocnice",33,0,0,0,0,0,0,0,7595,0,0
2014,"Charita Ostrava - Hospic sv. Lukáše","44940998","91997300","CZ0806","LZ hospicového typu poskytující paliativní péči",0,0,0,0,0,30,0,0,0,0,8258
2014,"DOP - HC s.r.o.","26356589","48004000","CZ0413","Léčebna pro dlouhodobě nemocné (LDN)",0,0,82,0,0,0,0,0,0,0,21224
2014,"Diakonie Valašské Meziříčí","73632783","94203000","CZ0723","Nemocnice následné (ošetřovatelské) péče",0,0,0,8,0,15,0,0,0,0,6201
2014,"Diecézní charita Brno,OCH Rajhrad","44990260","73006000","CZ0643","LZ hospicového typu poskytující paliativní péči",0,0,0,0,0,50,0,0,0,0,14100
2014,"Dlouhodobá intenzivní oš. péče","05212146","31500000","CZ020C","Samostatné lůžkové zařízení s péčí DIP, NIOP, NIP",0,0,0,0,0,0,1,10,0,0,1918
2014,"Domažlická nemocnice, a.s.","26361078","40001000","CZ0321","Nemocnice",135,10,0,0,0,0,0,0,34238,2440,0
2014,"Domažlická nemocnice, a.s. - LDN","26361078","40501000","CZ0321","Léčebna pro dlouhodobě nemocné (LDN)",0,0,50,0,0,0,0,0,0,0,15271
2014,"Domov sv.Karla Boromejského","65400143","06353000","CZ0100","Léčebna pro dlouhodobě nemocné (LDN)",0,0,79,0,0,0,0,0,0,0,23448
2014,"Dopravní zdravotnictví a.s.","25903659","02368000","CZ0100","Léčebna pro dlouhodobě nemocné (LDN)",0,0,42,0,0,0,0,0,0,0,12046
2014,"Dětská odb.léčebna Ch.G.Masaryk,p.s.ČČK","42726646","30148000","CZ020B","Odborné léčebné ústavy",0,0,0,0,120,0,0,0,0,0,10786
2014,"Dětská psychiatrická nemocnice","00842052","84420000","CZ0635","Odborné léčebné ústavy",0,0,0,0,50,0,0,0,0,0,15899
2014,"Dětská psychiatrická nemocnice Louny","00831034","56004000","CZ0424","Odborné léčebné ústavy",0,0,0,0,50,0,0,0,0,0,13054
2014,"Dětská psychiatrická nemocnice Opařany","00667421","39801000","CZ0317","Odborné léčebné ústavy",0,0,0,0,150,0,0,0,0,0,35175
2014,"Dům klidného stáří, spol. s r.o.","26369427","48006000","CZ0413","Léčebna pro dlouhodobě nemocné (LDN)",0,0,30,0,0,0,0,0,0,0,8816
2014,"ETOILE CZ a.s.","28973976","10663000","CZ0100","Samostatné lůžkové zařízení s péčí DIP, NIOP, NIP",0,0,0,0,0,0,30,0,0,0,8506
2014,"EUC Klinika Zlín a.s.","60726636","82002000","CZ0724","Nemocnice",45,7,0,0,0,0,0,0,11708,1112,0
2014,"Fakultní Thomayerova nemocnice","00064190","04005000","CZ0100","Nemocnice",712,76,0,0,0,0,0,0,172610,19903,47
2014,"Fakultní Thomayerova nemocnice","00064190","04679000","CZ0100","Léčebna pro dlouhodobě nemocné (LDN)",0,0,240,0,0,0,0,0,0,0,81788
2014,"Fakultní Thomayerova nemocnice","00064190","04775000","CZ0100","Odborné léčebné ústavy",0,0,0,0,35,0,0,0,0,0,8540
2014,"Fakultní nemocnice Brno","65269705","72100000","CZ0642","Fakultní nemocnice",1605,301,0,0,0,0,0,0,387181,76867,0
2014,"Fakultní nemocnice Bulovka","00064211","08006000","CZ0100","Nemocnice",848,99,0,0,0,0,0,0,207402,27654,0
2014,"Fakultní nemocnice Bulovka","00064211","08368000","CZ0100","Nemocnice následné (ošetřovatelské) péče",0,0,0,54,0,0,0,0,0,0,12521
2014,"Fakultní nemocnice Hradec Králové","00179906","61004000","CZ0521","Fakultní nemocnice",1125,169,0,0,0,0,0,0,285127,52934,0
2014,"Fakultní nemocnice Hradec Králové","00179906","61778000","CZ0521","Odborné léčebné ústavy",0,0,0,18,56,0,0,0,0,0,18549
2014,"Fakultní nemocnice Královské Vinohrady","00064173","10002000","CZ0100","Fakultní nemocnice",849,194,0,0,0,0,0,0,185141,39651,0
2014,"Fakultní nemocnice Královské Vinohrady","00064173","10433000","CZ0100","Léčebna pro dlouhodobě nemocné (LDN)",0,0,70,0,0,0,0,0,0,0,10374
2014,"Fakultní nemocnice Olomouc","00098892","89301000","CZ0712","Fakultní nemocnice",985,148,0,0,0,0,0,0,247323,40863,0
2014,"Fakultní nemocnice Ostrava","00843989","91009000","CZ0806","Fakultní nemocnice",889,204,0,0,0,0,0,0,239187,58238,0
2014,"Fakultní nemocnice Ostrava","00843989","91009888","CZ0805","Léčebna pro dlouhodobě nemocné (LDN)",0,0,140,0,0,0,0,0,0,0,43947
2014,"Fakultní nemocnice Plzeň","00669806","44101000","CZ0323","Fakultní nemocnice",1401,178,0,0,0,0,10,0,378638,51721,2056
2014,"Fakultní nemocnice Plzeň","00669806","44117000","CZ0323","Léčebna pro dlouhodobě nemocné (LDN)",0,0,75,0,0,0,0,0,0,0,26357
2014,"Fakultní nemocnice u sv. Anny v Brně","00159816","72001000","CZ0642","Fakultní nemocnice",680,118,0,0,0,0,0,0,162756,30324,0
2014,"Fakultní nemocnice u sv. Anny v Brně","00159816","72056000","CZ0642","Odborné léčebné ústavy",0,0,0,0,115,0,0,0,0,0,40568
2014,"Fakultní nemocnice v Motole","00064203","05002000","CZ0100","Fakultní nemocnice",1428,380,0,0,0,0,0,0,318740,109618,0
2014,"Fakultní nemocnice v Motole","00064203","05434000","CZ0100","Léčebna pro dlouhodobě nemocné (LDN)",0,0,381,0,0,0,0,0,0,0,117324
2014,"GARC Kladno, s.r.o.,","27371794","22128000","CZ0203","Léčebna pro dlouhodobě nemocné (LDN)",0,0,112,0,40,0,0,0,0,0,47066
2014,"Gaudium Frýdek-Místek s.r.o.","26788799","86111000","CZ0802","Léčebna pro dlouhodobě nemocné (LDN)",0,0,0,60,0,0,0,0,0,0,21258
2014,"Gerontologické centrum","45250022","08299000","CZ0100","Léčebna pro dlouhodobě nemocné (LDN)",0,0,46,0,0,0,0,0,0,0,13019
2014,"GynCentrum, spol. s r.o.","45316783","09262000","CZ0100","Nemocnice",27,4,0,0,0,0,0,0,2945,491,0
2014,"HOSPIC Frýdek-Místek, p.o.","72046546","86114000","CZ0802","LZ hospicového typu poskytující paliativní péči",0,0,0,0,0,30,0,0,0,0,8482
2014,"HOSPIC v MOSTĚ, o.p.s.","25419561","57623000","CZ0425","LZ hospicového typu poskytující paliativní péči",0,0,0,15,0,0,0,0,0,0,3987
2014,"HOSPIC ŠTRASBURK o.p.s.","61383457","08277000","CZ0100","LZ hospicového typu poskytující paliativní péči",0,0,0,0,0,25,0,0,0,0,7047
2014,"Hamzova odborná léčebna pro děti a dosp.","00183024","62901000","CZ0531","Odborné léčebné ústavy",0,0,0,85,398,0,0,0,0,0,160063
2014,"Hornická NsP - LDN","61325422","58105000","CZ0426","Léčebna pro dlouhodobě nemocné (LDN)",0,0,75,0,0,0,0,0,0,0,29434
2014,"Hospic Chrudim z.ú.","26625385","62421000","CZ0531","LZ hospicového typu poskytující paliativní péči",0,0,0,0,0,27,0,0,0,0,10391
2014,"Hospic na Svatém Kopečku","73634671","89163000","CZ0712","LZ hospicového typu poskytující paliativní péči",0,0,0,0,0,30,0,0,0,0,7663
2014,"Hospic sv. Alžběty o.p.s.","26604582","72058000","CZ0642","LZ hospicového typu poskytující paliativní péči",0,0,0,0,0,20,0,0,0,0,8119
2014,"Hospic sv. Jana N. Neumanna, o.p.s.","70853517","37106000","CZ0315","LZ hospicového typu poskytující paliativní péči",0,0,0,0,0,30,0,0,0,0,5315
2014,"Hospic sv. Štěpána, z.s.","65081374","55038000","CZ0423","LZ hospicového typu poskytující paliativní péči",0,0,0,0,0,26,0,0,0,0,6351
2014,"Hospic svatého Lazara","66361508","44107000","CZ0323","LZ hospicového typu poskytující paliativní péči",0,0,0,0,0,28,0,0,0,0,6599
2014,"Institut klin.a exper.medicíny v Praze","00023001","04002000","CZ0100","Fakultní nemocnice",193,111,0,0,0,0,0,0,54421,29162,0
2014,"Interna Zábřeh, s. r. o.","60774916","93203000","CZ0715","Nemocnice následné (ošetřovatelské) péče",0,0,0,32,0,0,0,0,0,0,5523
2014,"JESSENIA a.s. - Rehabilitační Nem.Beroun","26752051","21001000","CZ0202","Nemocnice",97,7,0,0,0,0,0,0,46238,2051,0
2014,"Jihomoravské dětské léčebny, p.o.","00386766","71103000","CZ0641","Odborné léčebné ústavy",0,0,0,0,40,0,0,0,0,0,14576
2014,"Jihomoravské dětské léčebny, p.o.","00386766","71105000","CZ0641","Odborné léčebné ústavy",0,0,0,0,42,0,0,0,0,0,10240
2014,"Jihomoravské dětské léčebny, p.o.","00386766","71108000","CZ0641","Odborné léčebné ústavy",0,0,0,0,30,0,0,0,0,0,6836
2014,"KARDIOLOGIE NA BULOVCE, s.r.o.","49679236","08075000","CZ0100","Nemocnice",12,0,0,0,0,0,0,0,4928,0,0
2014,"KZ, a.s. - Nemocnice Chomutov, o.z.","25488627","52111000","CZ0422","Léčebna pro dlouhodobě nemocné (LDN)",0,0,81,0,0,0,0,0,0,0,26787
2014,"KZ,a.s.-oddělení následné péče Most","25488627","57015000","CZ0425","Léčebna pro dlouhodobě nemocné (LDN)",0,0,106,7,0,0,0,0,0,0,41490
2014,"Karlovarská krajská nemocnice a.s.","26365804","42008000","CZ0412","Nemocnice",385,47,0,0,0,0,0,0,81849,9597,0
2014,"Karlovarská krajská nemocnice a.s.","26365804","42616000","CZ0412","Nemocnice následné (ošetřovatelské) péče",0,0,0,10,0,0,0,0,0,0,2431
2014,"Karlovarská krajská nemocnice a.s.-Cheb","26365804","42041000","CZ0411","Nemocnice",214,17,0,0,0,0,0,0,49359,5194,0
2014,"Karvinská hornická nemocnice a.s.","60793490","87013000","CZ0803","Nemocnice",127,21,0,0,0,0,0,0,32486,5105,0
2014,"Klatovská nemocnice, a.s.","26360527","43001000","CZ0322","Nemocnice",239,18,0,0,0,0,5,0,56794,3189,2267
2014,"Klatovská nemocnice, a.s.","26360527","43006000","CZ0322","Léčebna pro dlouhodobě nemocné (LDN)",0,0,20,0,0,0,0,0,0,0,6268
2014,"Klinika Dr. Pírka s. r. o.","47540265","26007000","CZ0207","Nemocnice",47,6,0,0,0,0,0,0,13204,895,0
2014,"Krajská nemocnice Liberec, a.s.","27283933","54100000","CZ0513","Nemocnice",685,122,0,0,0,0,0,0,165684,33263,0
2014,"Krajská nemocnice Liberec, a.s. - Turnov","27283933","67104000","CZ0514","Nemocnice",129,11,0,0,0,0,0,0,27651,3319,0
2014,"Krajská nemocnice Liberec, a.s. - Turnov","27283933","67174000","CZ0514","Léčebna pro dlouhodobě nemocné (LDN)",0,0,36,0,0,0,0,0,0,0,11445
2014,"Krajská nemocnice Liberec, a.s. Frýdlant","27283933","54209000","CZ0513","Léčebna pro dlouhodobě nemocné (LDN)",0,0,0,25,0,0,0,5,0,0,9654
2014,"Krajská nemocnice Liberec, a.s.- LDN","27283933","54103000","CZ0513","Léčebna pro dlouhodobě nemocné (LDN)",0,0,142,0,0,0,0,0,0,0,47071
2014,"Krajská nemocnice T. Bati, a. s.","27661989","82001000","CZ0724","Nemocnice",683,91,0,0,0,0,7,8,195010,23805,7907
2014,"Krajská nemocnice T. Bati, a. s.","27661989","82050000","CZ0724","Léčebna pro dlouhodobě nemocné (LDN)",0,0,91,21,0,0,0,0,0,0,42950
2014,"Krajská zdravotní, a.s.","25488627","59001000","CZ0427","Fakultní nemocnice",986,120,0,0,0,0,0,0,209542,29410,0
2014,"Krajská zdravotní, a.s.","25488627","59287000","CZ0427","Léčebna pro dlouhodobě nemocné (LDN)",0,0,115,0,0,0,0,0,0,0,40531
2014,"Krajská zdravotní, a.s.","25488627","59326000","CZ0427","Fakultní nemocnice",0,0,0,30,0,0,0,0,0,0,6890
2014,"Krajská zdravotní, a.s.-Nemoc.Děčín,o.z.","25488627","51100000","CZ0421","Nemocnice",259,27,0,22,0,0,0,0,51521,7255,3019
2014,"Krajská zdravotní, a.s.-Nemoc.Most,o.z.","25488627","57001000","CZ0425","Nemocnice",528,65,0,0,0,0,0,0,135669,18295,0
2014,"Krajská zdravotní,a.s.-N.Litoměřice,o.z.","25488627","55021000","CZ0423","Nemocnice",342,37,0,0,0,0,0,0,78047,7251,0
2014,"Krajská zdravotní,a.s.-N.Litoměřice,o.z.","25488627","55037000","CZ0423","Léčebna pro dlouhodobě nemocné (LDN)",0,0,130,0,0,0,0,0,0,0,49473
2014,"Krajská zdravotní,a.s.-Nem.Chomutov,o.z.","25488627","52110000","CZ0422","Nemocnice",331,46,0,0,0,0,0,0,67140,8178,0
2014,"Krajská zdravotní,a.s.-Nemocnice Teplice","25488627","58101000","CZ0426","Nemocnice",376,52,0,0,0,0,0,0,87965,10346,0
2014,"Krajská zdravotní,a.s.-Nemocnice Teplice","25488627","58106000","CZ0426","Léčebna pro dlouhodobě nemocné (LDN)",0,0,51,0,0,0,0,0,0,0,14702
2014,"Kroměřížská nemocnice a.s.","27660532","77001000","CZ0721","Nemocnice",331,35,0,0,0,0,0,0,81245,8146,0
2014,"Krušnohorská poliklinika s.r.o.","25030302","57622000","CZ0425","Nemocnice následné (ošetřovatelské) péče",0,0,0,30,0,0,0,0,0,0,16817
2014,"LRS Chvaly, o.p.s.","24805807","09514000","CZ0100","Odborné léčebné ústavy",0,0,0,0,50,0,0,0,0,0,16608
2014,"Levitovo centrum následné péče p.o.- LDN","00190217","63113000","CZ0522","Léčebna pro dlouhodobě nemocné (LDN)",0,0,110,0,0,0,0,0,0,0,37110
2014,"Lužická nemocnice a poliklinika, a.s.","61538990","51300000","CZ0421","Nemocnice",105,10,0,30,0,0,0,0,25162,2726,9313
2014,"Lázně Darkov, a.s.","61974935","87063000","CZ0803","Odborné léčebné ústavy",0,0,0,0,111,0,0,0,0,0,30921
2014,"Lázně Slatinice a.s.","25367757","89875000","CZ0712","Odborné léčebné ústavy",0,0,0,0,30,0,0,0,0,0,9225
2014,"Lázně Teplice nad Bečvou a.s.","45192570","92374000","CZ0714","Odborné léčebné ústavy",0,0,0,0,100,0,0,0,0,0,31093
2014,"Léčebna dlouhodobě nemocných","05212146","31093000","CZ020C","Léčebna pro dlouhodobě nemocné (LDN)",0,0,52,0,0,0,0,0,0,0,15927
2014,"Léčebna dlouhodobě nemocných Opočno","00191744","66232000","CZ0524","Léčebna pro dlouhodobě nemocné (LDN)",0,0,52,0,0,0,0,0,0,0,20453
2014,"Léčebna dlouhodobě nemocných Rybitví","00190560","65360000","CZ0532","Léčebna pro dlouhodobě nemocné (LDN)",0,0,105,0,0,0,0,0,0,0,30279
2014,"Léčebna dlouhodobě nemocných Vršovice","00879649","10499000","CZ0100","Léčebna pro dlouhodobě nemocné (LDN)",0,0,89,0,0,0,0,0,0,0,32181
2014,"Léčebna dlouhodobě nemocných na Vojkově","27256391","28015000","CZ0209","Léčebna pro dlouhodobě nemocné (LDN)",0,0,100,0,0,0,0,0,0,0,35258
2014,"Léčebna dlouhodobě nemocných v Praze 6","45243956","06372000","CZ0100","Léčebna pro dlouhodobě nemocné (LDN)",0,0,100,0,0,0,0,0,0,0,31023
2014,"Léčebna pro dlouhodobě nemocné HK","00180092","61358000","CZ0521","Léčebna pro dlouhodobě nemocné (LDN)",0,0,99,0,0,0,0,0,0,0,34814
2014,"Léčebna respiračních nemocí Cvikov,p.o.,","00673951","50213000","CZ0511","Odborné léčebné ústavy",0,0,0,0,72,0,0,0,0,0,28230
2014,"Léčebna respiračních nemocí Cvikov,p.o.,","00673951","50280000","CZ0511","Odborné léčebné ústavy",0,0,0,0,72,0,0,0,0,0,21405
2014,"MEDI HELP s.r.o., Masarykovo sanatorium","46359443","30515000","CZ020B","Nemocnice následné (ošetřovatelské) péče",0,0,0,180,0,0,0,0,0,0,69257
2014,"MEDICINA, spol. s r.o. - LDN","49904035","56009000","CZ0424","Léčebna pro dlouhodobě nemocné (LDN)",0,0,82,0,0,0,0,0,0,0,31294
2014,"MEDICON Hospitals s.r.o.","25634691","04757000","CZ0100","Léčebna pro dlouhodobě nemocné (LDN)",0,0,30,78,0,0,0,0,0,0,33128
2014,"MEDITERRA - Sedlčany, s.r.o.","26429683","30529000","CZ020B","Nemocnice následné (ošetřovatelské) péče",0,0,0,34,0,0,0,0,0,0,12376
2014,"MEDITERRA Sedlčany s.r.o.","26429683","30520000","CZ020B","Nemocnice",32,4,0,0,0,0,0,0,7218,1733,0
2014,"MEDITERRA Sedlčany, s.r.o.  - NIP, DIOP","26429683","30530000","CZ020B","Samostatné lůžkové zařízení s péčí DIP, NIOP, NIP",0,0,0,0,0,0,14,0,0,0,5168
2014,"MEDITERRA s.r.o.","49686356","05522000","CZ0100","Samostatné lůžkové zařízení s péčí DIP, NIOP, NIP",0,0,0,0,0,0,21,0,0,0,7264
2014,"MEDITERRA s.r.o.","49686356","05523000","CZ0100","Odborné léčebné ústavy",0,0,0,0,142,0,0,0,0,0,36174
2014,"MEDITERRA s.r.o.","49686356","05656000","CZ0100","Nemocnice",20,3,0,0,0,0,0,0,2239,171,0
2014,"MMN, a.s.","05421888","67101000","CZ0514","Nemocnice",67,8,0,0,0,0,0,0,18059,1685,0
2014,"MMN, a.s.","05421888","67102000","CZ0514","Nemocnice",166,14,0,0,0,0,0,0,34764,3376,0
2014,"MMN, a.s.","05421888","67171000","CZ0514","Léčebna pro dlouhodobě nemocné (LDN)",0,0,55,0,0,0,0,0,0,0,16516
2014,"MSCARE s.r.o.","28509480","10637000","CZ0100","Léčebna pro dlouhodobě nemocné (LDN)",0,0,42,0,0,0,0,0,0,0,14664
2014,"Masarykova nemocnice Rakovník s.r.o.","05212146","31001000","CZ020C","Nemocnice",207,17,0,0,0,0,0,0,40061,3898,0
2014,"Masarykův onkologický ústav","00209805","72931000","CZ0642","Nemocnice",228,16,0,0,0,0,0,0,59051,5345,0
2014,"MediCentrum Praha a.s.","64949486","04727000","CZ0100","Odborné léčebné ústavy",0,0,0,0,50,0,0,0,0,0,17041
2014,"Mulačova nemocnice s. r. o.","25202189","44105000","CZ0323","Nemocnice",156,12,0,0,0,0,0,0,30497,1467,0
2014,"Mělnická zdravotní, a.s.","27958639","25110000","CZ0206","Nemocnice",223,27,0,0,0,0,0,0,58464,7121,0
2014,"Mělnická zdravotní, a.s.","27958639","25119000","CZ0206","Nemocnice následné (ošetřovatelské) péče",0,0,0,93,0,0,0,0,0,0,38644
2014,"Městská nemocnice Městec Králové a.s.","26495015","27002000","CZ0208","Nemocnice",44,4,0,0,0,0,0,0,11511,1272,0
2014,"Městská nemocnice Městec Králové a.s.","26495015","27011000","CZ0208","Léčebna pro dlouhodobě nemocné (LDN)",0,0,140,0,0,0,0,0,0,0,44818
2014,"Městská nemocnice Městec Králové, a.s.","26495015","27015000","CZ0208","Samostatné lůžkové zařízení s péčí DIP, NIOP, NIP",0,0,0,0,0,0,10,6,0,0,3862
2014,"Městská nemocnice Ostrava","00635162","91001000","CZ0806","Nemocnice",606,73,0,0,0,0,0,0,156279,20737,0
2014,"Městská nemocnice Ostrava","00635162","91001680","CZ0806","Léčebna pro dlouhodobě nemocné (LDN)",0,0,94,56,0,0,0,0,0,0,45078
2014,"Městská nemocnice Slavičín","62181378","82052000","CZ0724","Léčebna pro dlouhodobě nemocné (LDN)",0,0,50,0,0,0,0,0,0,0,15740
2014,"Městská nemocnice následné péče","45245843","09004000","CZ0100","Nemocnice následné (ošetřovatelské) péče",0,0,0,128,0,0,0,0,0,0,44711
2014,"Městská nemocnice s pol. Uh. Brod, s.r.o","25583905","80020000","CZ0722","Léčebna pro dlouhodobě nemocné (LDN)",0,0,90,0,0,0,0,0,0,0,26808
2014,"Městská nemocnice v Odrách, p.o.","66183596","88005000","CZ0804","Nemocnice",20,4,75,0,0,0,0,0,7814,1116,19030
2014,"Městská nemocnice Čáslav","00873764","24200000","CZ0205","Nemocnice",138,10,0,0,0,0,0,0,29977,1425,0
2014,"Městská nemocnice Čáslav","00873764","24451000","CZ0205","Léčebna pro dlouhodobě nemocné (LDN)",0,0,30,0,0,0,0,0,0,0,10395
2014,"Městská nemocnice, a.s.","25262238","69002000","CZ0525","Nemocnice",109,7,0,0,0,0,0,0,26928,972,0
2014,"Městská nemocnice, a.s.","25262238","69005000","CZ0525","Nemocnice následné (ošetřovatelské) péče",0,0,0,50,0,0,0,0,0,0,14181
2014,"NH Hospital a.s. - Nemocnice Hořovice","27872963","21002000","CZ0202","Nemocnice",223,23,0,0,0,0,0,0,49912,8149,0
2014,"Nem. Milos. sester sv. Vincence de Paul","17809193","77910000","CZ0721","Léčebna pro dlouhodobě nemocné (LDN)",0,0,105,0,0,0,0,0,0,0,36783
2014,"Nem. násl. péče LDN Horažďovice, s.r.o.","26360870","43030000","CZ0322","Léčebna pro dlouhodobě nemocné (LDN)",0,0,140,0,0,0,0,0,0,0,47201
2014,"Nem.Mil.sester sv.K.Boromej.v Praze","73634085","01002000","CZ0100","Nemocnice",135,10,0,30,0,0,0,0,31843,2932,4547
2014,"Nem.Mil.sester sv.K.Boromej.v Praze","73634085","01475000","CZ0100","LZ hospicového typu poskytující paliativní péči",0,0,0,0,0,13,0,0,0,0,3302
2014,"Nemocnice  Prachatice, a.s. - LDN","26095165","37104000","CZ0315","Léčebna pro dlouhodobě nemocné (LDN)",0,0,25,0,0,0,0,0,0,0,9154
2014,"Nemocnice  Slaný","00875295","22102000","CZ0203","Nemocnice",254,20,0,40,0,0,0,0,53901,4895,10633
2014,"Nemocnice AGEL Jeseník a.s.","47973927","95202000","CZ0711","Nemocnice",98,5,0,0,0,0,0,0,24643,1237,0
2014,"Nemocnice AGEL Jeseník a.s.","47973927","95206000","CZ0711","Léčebna pro dlouhodobě nemocné (LDN)",0,0,30,0,0,0,0,0,0,0,9684
2014,"Nemocnice AGEL Louny a.s. - LDN","27332730","56012000","CZ0424","Léčebna pro dlouhodobě nemocné (LDN)",0,0,90,0,0,0,0,10,0,0,32415
2014,"Nemocnice AGEL Nový Jičín a.s.","25886207","88001000","CZ0804","Nemocnice",362,34,0,0,0,0,0,0,95379,11702,0
2014,"Nemocnice AGEL Nový Jičín a.s.","25886207","88014000","CZ0804","Léčebna pro dlouhodobě nemocné (LDN)",0,0,40,0,0,0,0,0,0,0,12257
2014,"Nemocnice AGEL Ostrava-Vítkovice a.s.","60793201","91950000","CZ0806","Nemocnice",331,39,0,0,0,0,0,0,74137,8497,0
2014,"Nemocnice AGEL Podhorská a.s.","47668989","85200000","CZ0801","Nemocnice",95,8,0,0,0,0,0,0,19104,2051,0
2014,"Nemocnice AGEL Podhorská a.s.","47668989","85291000","CZ0801","Nemocnice následné (ošetřovatelské) péče",0,0,0,40,0,0,0,0,0,0,8241
2014,"Nemocnice AGEL Třinec-Podlesí a.s.","48401129","86106000","CZ0802","Nemocnice",113,38,0,0,0,0,0,0,26849,8599,0
2014,"Nemocnice AGEL Valašské Meziříčí a.s.","26822105","94102000","CZ0723","Nemocnice",185,23,0,0,0,0,0,0,55427,4136,0
2014,"Nemocnice AGEL Valašské Meziříčí a.s.","26822105","94220000","CZ0723","Léčebna pro dlouhodobě nemocné (LDN)",0,0,78,0,0,0,0,0,0,0,26831
2014,"Nemocnice AGEL Český Těšín a.s.","25897551","87029000","CZ0803","Nemocnice",31,0,59,34,0,0,0,0,10771,0,15514
2014,"Nemocnice AGEL Říčany a.s.","27365867","28003000","CZ0209","Nemocnice",61,4,0,0,0,0,0,0,14886,1147,0
2014,"Nemocnice AGEL Říčany a.s.","27365867","28658000","CZ0209","Léčebna pro dlouhodobě nemocné (LDN)",0,0,30,0,0,0,0,0,0,0,9961
2014,"Nemocnice Beroun - LDN","26752051","21003000","CZ0202","Léčebna pro dlouhodobě nemocné (LDN)",0,0,42,0,0,0,0,0,0,0,14903
2014,"Nemocnice Blansko","00386634","71101000","CZ0641","Nemocnice",138,15,0,0,0,0,0,0,45951,4669,0
2014,"Nemocnice Blansko","00386634","71110000","CZ0641","Léčebna pro dlouhodobě nemocné (LDN)",0,0,30,0,0,0,0,0,0,0,10306
2014,"Nemocnice Boskovice s.r.o.","26925974","71113000","CZ0641","Nemocnice",217,24,0,0,0,0,0,0,52365,6696,0
2014,"Nemocnice Břeclav, p. o.","00390780","74001000","CZ0644","Nemocnice",378,41,0,0,0,0,0,0,102668,9639,0
2014,"Nemocnice Dačice, a.s.","28113195","34013000","CZ0313","Léčebna pro dlouhodobě nemocné (LDN)",0,0,56,0,0,0,0,0,0,0,17420
2014,"Nemocnice Frýdlant s.r.o.","47311576","54200000","CZ0513","Nemocnice",62,10,0,0,0,0,0,0,16677,2204,0
2014,"Nemocnice Havlíčkův Brod, přísp. org.","00179540","60001000","CZ0631","Nemocnice",418,44,0,0,0,0,0,0,102745,9546,0
2014,"Nemocnice Havlíčkův Brod, přísp. org.","00179540","60223000","CZ0631","Léčebna pro dlouhodobě nemocné (LDN)",0,0,44,0,0,0,0,0,0,0,16281
2014,"Nemocnice Havířov, příspěv. organizace","00844896","87004000","CZ0803","Nemocnice",339,31,0,0,0,0,0,0,92969,8683,0
2014,"Nemocnice Havířov, příspěv. organizace","00844896","87054000","CZ0803","Léčebna pro dlouhodobě nemocné (LDN)",0,0,25,0,0,0,0,0,0,0,8509
2014,"Nemocnice Hranice a.s.","47677406","92002000","CZ0714","Nemocnice",111,10,0,0,0,0,0,0,20171,1798,0
2014,"Nemocnice Hranice a.s.","47677406","92283000","CZ0714","Léčebna pro dlouhodobě nemocné (LDN)",0,0,80,0,0,0,0,0,0,0,30931
2014,"Nemocnice Hustopeče p.o.","04212029","74022000","CZ0644","Nemocnice",25,3,0,0,0,0,0,0,5662,898,0
2014,"Nemocnice Hustopeče, p.o.","04212029","74007000","CZ0644","Nemocnice následné (ošetřovatelské) péče",0,0,0,70,0,0,0,0,0,0,17913
2014,"Nemocnice Ivančice, příspěvková organiz.","00225827","73303000","CZ0643","Léčebna pro dlouhodobě nemocné (LDN)",0,0,60,0,0,0,0,0,0,0,22966
2014,"Nemocnice Ivančice,příspěvková organiz.","00225827","73003000","CZ0643","Nemocnice",144,10,0,0,0,0,0,0,35996,3463,0
2014,"Nemocnice Jablonec n. N., p.o.","00829838","53201000","CZ0512","Nemocnice",273,32,0,0,0,0,0,0,74678,8270,0
2014,"Nemocnice Jablonec n. N.. p. o.","00829838","53212000","CZ0512","Léčebna pro dlouhodobě nemocné (LDN)",0,0,67,0,0,0,0,0,0,0,23144
2014,"Nemocnice Jihlava, p. o.","00090638","76001000","CZ0632","Nemocnice",559,62,0,0,0,0,0,0,116952,14732,0
2014,"Nemocnice Jihlava,příspěvková organizace","00090638","76002000","CZ0632","Léčebna pro dlouhodobě nemocné (LDN)",0,0,0,75,0,10,0,0,0,0,19699
2014,"Nemocnice Jindřichův Hradec, a.s.","26095157","34001000","CZ0313","Nemocnice",242,30,0,0,0,0,8,0,59263,6611,369
2014,"Nemocnice Jindřichův Hradec, a.s.","26095157","34011000","CZ0313","Léčebna pro dlouhodobě nemocné (LDN)",0,0,52,0,0,0,0,0,0,0,16021
2014,"Nemocnice Kadaň, s.r.o.","25479300","52120000","CZ0422","Nemocnice",160,12,0,0,0,0,0,0,37294,1931,0
2014,"Nemocnice Kadaň, s.r.o.","25479300","52121000","CZ0422","Léčebna pro dlouhodobě nemocné (LDN)",0,0,30,0,0,0,0,0,0,0,10020
2014,"Nemocnice Karviná - Ráj, příspěvková org","00844853","87001000","CZ0803","Nemocnice",283,37,100,0,0,0,10,5,80196,9191,22068
2014,"Nemocnice Kyjov, příspěvková organizace","00226912","75002000","CZ0645","Nemocnice",395,35,0,0,0,0,0,0,108874,11298,1401
2014,"Nemocnice Kyjov, příspěvková organizace","00226912","75007000","CZ0645","Nemocnice následné (ošetřovatelské) péče",0,0,0,48,0,0,0,0,0,0,14487
2014,"Nemocnice Kyjov, příspěvková organizace","00226912","75990345","CZ0645","Nemocnice",0,4,0,0,0,0,0,0,,,
2014,"Nemocnice Letovice p.o.","00387134","71107000","CZ0641","Léčebna pro dlouhodobě nemocné (LDN)",0,0,120,0,0,0,0,0,0,0,45623
2014,"Nemocnice Mariánské Lázně s.r.o.","26376709","41191000","CZ0411","Nemocnice následné (ošetřovatelské) péče",0,0,57,66,0,0,0,0,0,0,15390
2014,"Nemocnice Milosrdných bratří, p.o.","48512478","72048000","CZ0642","Nemocnice",205,18,0,0,0,0,0,0,61170,5211,0
2014,"Nemocnice Milosrdných bratří, p.o.","48512478","72052000","CZ0642","Léčebna pro dlouhodobě nemocné (LDN)",0,0,243,0,0,0,0,0,0,0,84612
2014,"Nemocnice Měšice - CIOP, z.s.","65401921","28004000","CZ0209","Nemocnice následné (ošetřovatelské) péče",0,0,0,80,0,0,0,0,0,0,34965
2014,"Nemocnice Na Františku","00879444","01003000","CZ0100","Nemocnice",132,17,0,0,0,0,0,0,32980,4021,0
2014,"Nemocnice Na Františku","00879444","01311000","CZ0100","Léčebna pro dlouhodobě nemocné (LDN)",0,0,26,0,0,0,0,0,0,0,8339
2014,"Nemocnice Na Homolce","00023884","05004000","CZ0100","Fakultní nemocnice",217,129,0,0,0,0,0,0,59935,36448,0
2014,"Nemocnice Na Pleši s.r.o.","27207064","30006000","CZ020B","Nemocnice",48,4,0,0,0,0,0,0,8564,191,0
2014,"Nemocnice Na Pleši s.r.o.","27207064","30522000","CZ020B","Odborné léčebné ústavy",0,0,0,0,105,0,0,0,0,0,35539
2014,"Nemocnice Na Pleši s.r.o.","27207064","30605000","CZ020B","Nemocnice následné (ošetřovatelské) péče",0,0,0,40,0,0,0,0,0,0,11520
2014,"Nemocnice Nové Město na Moravě, p. o.","00842001","84231000","CZ0635","Nemocnice",348,31,0,0,0,0,0,0,85150,8058,0
2014,"Nemocnice Nové Město na Moravě, p. o.","00842001","84425000","CZ0635","Léčebna pro dlouhodobě nemocné (LDN)",0,0,70,0,0,0,0,0,0,0,20956
2014,"Nemocnice Nymburk s.r.o.","28762886","27001000","CZ0208","Nemocnice",145,11,0,0,0,0,0,0,38728,2872,0
2014,"Nemocnice Ostrov s.r.o.","47714913","42010000","CZ0412","Nemocnice",182,7,0,0,0,0,30,14,42012,1945,12016
2014,"Nemocnice Ostrov s.r.o.","47714913","42452000","CZ0412","Léčebna pro dlouhodobě nemocné (LDN)",0,0,57,0,0,0,0,0,0,0,19790
2014,"Nemocnice Pardubického kraje, a.s.","27520536","62001000","CZ0531","Nemocnice",249,29,0,0,0,0,10,0,62207,6683,2875
2014,"Nemocnice Pardubického kraje, a.s.","27520536","62002000","CZ0531","Léčebna pro dlouhodobě nemocné (LDN)",0,0,89,0,0,0,0,10,0,0,26940
2014,"Nemocnice Pardubického kraje, a.s.","27520536","65001000","CZ0532","Nemocnice",788,78,0,0,0,0,0,0,174167,16074,0
2014,"Nemocnice Pardubického kraje, a.s.","27520536","65361000","CZ0532","Léčebna pro dlouhodobě nemocné (LDN)",0,0,66,0,0,0,0,0,0,0,20569
2014,"Nemocnice Pardubického kraje, a.s.","27520536","68001000","CZ0533","Nemocnice",239,14,0,0,0,0,0,0,57402,4442,0
2014,"Nemocnice Pardubického kraje, a.s.","27520536","68002000","CZ0533","Nemocnice",187,20,0,0,0,0,0,0,46633,5325,0
2014,"Nemocnice Pardubického kraje, a.s.","27520536","68011000","CZ0533","Léčebna pro dlouhodobě nemocné (LDN)",0,0,23,0,0,0,0,0,0,0,7053
2014,"Nemocnice Pardubického kraje, a.s.","27520536","68012000","CZ0533","Léčebna pro dlouhodobě nemocné (LDN)",0,0,40,0,0,0,0,0,0,0,11480
2014,"Nemocnice Pardubického kraje, a.s.","27520536","70001000","CZ0534","Nemocnice",306,26,0,0,0,0,0,0,74435,6906,0
2014,"Nemocnice Pelhřimov, příspěvková org.","00511951","35001000","CZ0633","Nemocnice",271,23,0,0,0,0,0,0,66916,6433,0
2014,"Nemocnice Pelhřimov, příspěvková org.","00511951","35040000","CZ0633","Léčebna pro dlouhodobě nemocné (LDN)",0,0,46,0,0,0,0,0,0,0,15105
2014,"Nemocnice Počátky, s.r.o.","26216701","35043000","CZ0633","Léčebna pro dlouhodobě nemocné (LDN)",0,0,120,0,0,0,0,0,0,0,35656
2014,"Nemocnice Prachatice, a.s.","26095165","37101000","CZ0315","Nemocnice",137,9,0,0,0,0,0,0,31761,2986,0
2014,"Nemocnice Písek, a.s.","26095190","36101000","CZ0314","Nemocnice",314,44,0,0,0,0,0,5,66336,9332,1790
2014,"Nemocnice Písek, a.s.","26095190","36102000","CZ0314","Léčebna pro dlouhodobě nemocné (LDN)",0,0,36,0,0,0,0,0,0,0,12259
2014,"Nemocnice Roudnice nad Labem s.r.o.","25443801","55039000","CZ0423","Nemocnice",135,8,0,0,0,0,0,0,27195,2057,0
2014,"Nemocnice Roudnice nad Labem s.r.o.","25443801","55040000","CZ0423","Léčebna pro dlouhodobě nemocné (LDN)",0,0,43,0,0,0,0,0,0,0,17389
2014,"Nemocnice Roudnice nad Labem s.r.o.","25443801","55044000","CZ0423","Nemocnice následné (ošetřovatelské) péče",0,0,0,28,0,0,0,0,0,0,8790
2014,"Nemocnice Rudolfa a Stefanie Benešov,a.s","27253236","20101000","CZ0201","Nemocnice",298,31,0,58,0,0,0,0,73567,7592,18577
2014,"Nemocnice Sokolov s.r.o.","24747246","48008000","CZ0413","Nemocnice",223,29,0,0,0,0,0,0,58985,8133,0
2014,"Nemocnice Sokolov s.r.o.","24747246","48009000","CZ0413","Léčebna pro dlouhodobě nemocné (LDN)",0,0,50,0,0,0,0,0,0,0,18430
2014,"Nemocnice Strakonice, a.s.","26095181","38001000","CZ0316","Nemocnice",245,20,0,0,0,0,0,0,53679,4816,0
2014,"Nemocnice Strakonice, a.s.","26095181","38005001","CZ0316","Léčebna pro dlouhodobě nemocné (LDN)",0,0,36,0,0,0,0,5,0,0,12344
2014,"Nemocnice Sv. Kříže Žižkov, s.r.o.","47124733","03324000","CZ0100","Nemocnice následné (ošetřovatelské) péče",0,0,0,67,0,0,0,0,0,0,19472
2014,"Nemocnice Sv. Kříže Žižkov, s.r.o.","47124733","03325000","CZ0100","Samostatné lůžkové zařízení s péčí DIP, NIOP, NIP",0,0,0,0,0,0,0,10,0,0,3158
2014,"Nemocnice TGM Hodonín, příspěvková org.","00226637","75001000","CZ0645","Nemocnice",133,24,0,0,0,0,0,0,35701,7394,0
2014,"Nemocnice TGM Hodonín, příspěvková org.","00226637","75008000","CZ0645","Nemocnice následné (ošetřovatelské) péče",0,0,0,43,0,0,0,0,0,0,11477
2014,"Nemocnice Tanvald, s. r. o.","63145766","53208000","CZ0512","Nemocnice následné (ošetřovatelské) péče",0,0,0,35,0,0,15,8,0,0,21539
2014,"Nemocnice Tanvald, s.r.o","63145766","53286000","CZ0512","Nemocnice",18,3,0,0,0,0,0,0,5815,885,0
2014,"Nemocnice Tišnov, příspěvková organizace","44947909","73005000","CZ0643","Sdružení ambulantních zařízení",25,0,0,0,0,0,0,0,7367,119,0
2014,"Nemocnice Tišnov,příspěvková organizace","44947909","73007000","CZ0643","Léčebna pro dlouhodobě nemocné (LDN)",0,0,70,0,0,0,0,0,0,0,22648
2014,"Nemocnice Tábor, a.s.","26095203","39001000","CZ0317","Nemocnice",366,31,0,0,0,0,0,0,99075,8394,0
2014,"Nemocnice Tábor, a.s.","26095203","39007000","CZ0317","Léčebna pro dlouhodobě nemocné (LDN)",0,0,69,0,0,0,0,0,0,0,23434
2014,"Nemocnice Třebotov a.s.","28061543","29003000","CZ020A","Léčebna pro dlouhodobě nemocné (LDN)",0,0,53,0,0,0,0,0,0,0,18733
2014,"Nemocnice Třebíč, příspěvková organizace","00839396","79001000","CZ0634","Nemocnice",384,36,0,0,0,0,0,0,101564,10102,0
2014,"Nemocnice Třebíč, příspěvková organizace","00839396","79003000","CZ0634","Nemocnice následné (ošetřovatelské) péče",0,0,104,0,0,0,0,5,0,0,34846
2014,"Nemocnice Třinec, příspěvková organizace","00534242","86102000","CZ0802","Nemocnice",300,32,0,20,0,0,0,0,82891,8738,2708
2014,"Nemocnice Valtice s.r.o.","63488329","74021000","CZ0644","Léčebna pro dlouhodobě nemocné (LDN)",0,0,164,0,0,0,0,0,0,0,57609
2014,"Nemocnice Varnsdorf- LDN","49888498","51303000","CZ0421","Léčebna pro dlouhodobě nemocné (LDN)",0,0,100,0,0,0,0,0,0,0,33987
2014,"Nemocnice Volyně s.r.o.","25155946","38033001","CZ0316","Léčebna pro dlouhodobě nemocné (LDN)",0,0,66,0,0,0,0,0,0,0,13965
2014,"Nemocnice Vrchlabí, s.r.o.","64827232","69003000","CZ0525","Nemocnice",54,5,0,0,0,0,8,0,10612,2690,1849
2014,"Nemocnice Vrchlabí, s.r.o.","64827232","69008000","CZ0525","Nemocnice následné (ošetřovatelské) péče",0,0,0,35,0,0,0,0,0,0,9216
2014,"Nemocnice Vršovice a.s.","28971906","10693000","CZ0100","Odborné léčebné ústavy",0,0,0,0,20,0,0,0,0,0,6590
2014,"Nemocnice Vršovice a.s.","28971906","10706000","CZ0100","Samostatné lůžkové zařízení s péčí DIP, NIOP, NIP",0,0,0,0,0,0,10,0,0,0,3001
2014,"Nemocnice Vyškov, příspěvková organizace","00839205","81001000","CZ0646","Nemocnice",285,25,0,0,0,0,0,0,97549,7970,0
2014,"Nemocnice Vyškov, příspěvková organizace","00839205","81065000","CZ0646","Léčebna pro dlouhodobě nemocné (LDN)",0,0,90,0,0,0,0,0,0,0,29592
2014,"Nemocnice Znojmo,příspěvková organizace","00092584","83001000","CZ0647","Nemocnice",442,33,0,0,0,0,0,0,109762,7177,0
2014,"Nemocnice Znojmo,příspěvková organizace","00092584","83002000","CZ0647","Léčebna pro dlouhodobě nemocné (LDN)",0,0,115,0,0,0,0,0,0,0,39935
2014,"Nemocnice následné péče Moravská Třebová","00193895","68013000","CZ0533","Léčebna pro dlouhodobě nemocné (LDN)",0,0,80,0,0,0,0,0,0,0,22154
2014,"Nemocnice následné péče Praha s.r.o.","45789924","06408000","CZ0100","Léčebna pro dlouhodobě nemocné (LDN)",0,0,40,20,0,0,0,0,0,0,21033
2014,"Nemocnice následné péče Praha s.r.o.","45789924","06610000","CZ0100","Odborné léčebné ústavy",0,0,0,0,20,0,0,0,0,0,6626
2014,"Nemocnice následné péče Svatá Anna,s.r.o","26360896","49008000","CZ0327","Léčebna pro dlouhodobě nemocné (LDN)",0,0,90,0,0,0,0,0,0,0,24684
2014,"Nemocnice následné péče VIA, s.r.o.","02390221","51262000","CZ0421","Léčebna pro dlouhodobě nemocné (LDN)",0,0,100,0,0,0,0,0,0,0,49047
2014,"Nemocnice následné péče s pol. Lom. n/P","00854875","67130000","CZ0514","Léčebna pro dlouhodobě nemocné (LDN)",0,0,0,59,0,0,0,0,0,0,19432
2014,"Nemocnice s poliklinikou Česká Lípa a.s.","27283518","50292000","CZ0511","Léčebna pro dlouhodobě nemocné (LDN)",0,0,122,0,0,0,0,0,0,0,40667
2014,"Nemocnice s poliklinikou Česká Lípa,a.s.","27283518","50100000","CZ0511","Nemocnice",315,32,0,0,0,0,0,6,69827,8705,1124
2014,"Nemocnice sv. Alžběty Na Slupi, s.r.o.","07579969","02259000","CZ0100","Léčebna pro dlouhodobě nemocné (LDN)",0,0,89,0,0,0,0,0,0,0,52935
2014,"Nemocnice sv.Zdislavy,a.s.","25542681","84427000","CZ0635","Nemocnice",40,6,0,0,0,0,0,0,12396,1482,0
2014,"Nemocnice sv.Zdislavy,a.s.","25542681","84428000","CZ0635","Léčebna pro dlouhodobě nemocné (LDN)",0,0,80,0,0,0,0,0,0,0,25907
2014,"Nemocnice u Sv. Jiří s. r. o.","49786954","44613000","CZ0323","Nemocnice",15,5,0,0,0,0,0,0,1640,796,0
2014,"Nemocnice ve Frýdku-Místku, přís. organ.","00534188","86101000","CZ0802","Nemocnice",343,34,0,32,0,0,0,0,91968,10330,7836
2014,"Nemocnice České Budějovice, a.s.","26068877","32006000","CZ0311","Nemocnice",986,171,0,0,0,0,0,0,248635,38508,0
2014,"Nemocnice České Budějovice, a.s.","26068877","32067000","CZ0311","Léčebna pro dlouhodobě nemocné (LDN)",0,0,237,0,0,0,0,0,0,0,71494
2014,"Nemocnice České Budějovice, a.s.","26068877","32070000","CZ0311","Odborné léčebné ústavy",0,0,0,0,50,0,0,0,0,0,9475
2014,"Nemocnice Český Krumlov, a.s.","26095149","33100000","CZ0312","Nemocnice",144,14,0,0,0,0,0,0,43598,3802,0
2014,"Nemocnice Český Krumlov, a.s.","26095149","33103000","CZ0312","Léčebna pro dlouhodobě nemocné (LDN)",0,0,88,0,0,0,0,0,0,0,31320
2014,"Nemocnice Šumperk a.s.","47682795","93008000","CZ0715","Nemocnice následné (ošetřovatelské) péče",0,0,0,57,0,0,0,0,0,0,20879
2014,"Nemocnice Šumperk a.s.","47682795","93201000","CZ0715","Nemocnice",347,31,0,0,0,0,0,0,84295,7482,0
2014,"Nemocnice Žatec, o.p.s.","25026259","56007000","CZ0424","Nemocnice",127,11,0,0,0,0,0,0,29267,1771,0
2014,"Nemocnice Žatec, o.p.s. - LDN","25026259","56010000","CZ0424","Léčebna pro dlouhodobě nemocné (LDN)",0,0,50,0,0,0,0,0,0,0,15055
2014,"Neurologie, s.r.o. - léč. dlouh. nem.","49900391","51276000","CZ0421","Odborné léčebné ústavy",0,0,20,0,0,0,0,0,0,0,7020
2014,"Národní ústav duševního zdraví","00023752","08002000","CZ0209","Nemocnice",51,0,0,0,0,0,0,0,12198,0,0
2014,"OB klinika a.s.","28892950","03336000","CZ0100","Nemocnice",12,0,0,0,0,0,0,0,7,0,0
2014,"OLÚ Metylovice-Moravskosl. sanator.,p.o.","00534200","86404000","CZ0802","Odborné léčebné ústavy",0,0,0,0,62,0,0,0,0,0,10931
2014,"ORTHES, spol. s r.o.","60718048","94125000","CZ0723","Nemocnice",10,3,0,0,0,0,0,0,3127,600,0
2014,"ORTO - REHA, s.r.o.","29032806","08439000","CZ0100","Nemocnice",20,0,0,0,0,0,0,0,6496,0,0
2014,"Oblastní charita ČK - HOSPIC A. České","48623814","64306000","CZ0523","LZ hospicového typu poskytující paliativní péči",0,0,0,0,0,30,0,0,0,0,9602
2014,"Oblastní charita Červený Kostelec","48623814","69007000","CZ0525","Nemocnice následné (ošetřovatelské) péče",0,0,0,28,0,0,0,0,0,0,7307
2014,"Oblastní nemocnice Jičín a.s.","26001551","63101000","CZ0522","Nemocnice",340,22,0,0,0,0,0,0,82713,7094,0
2014,"Oblastní nemocnice Jičín a.s.","26001551","63112000","CZ0521","Léčebna pro dlouhodobě nemocné (LDN)",0,0,95,51,0,0,0,0,0,0,49788
2014,"Oblastní nemocnice Kladno, a.s.,","27256537","22101000","CZ0203","Nemocnice",474,57,0,0,0,0,0,0,128143,15923,0
2014,"Oblastní nemocnice Kolín, a.s.","27256391","23100000","CZ0204","Odborné léčebné ústavy",0,0,0,0,20,0,0,0,0,0,4893
2014,"Oblastní nemocnice Kolín, a.s.","27256391","23101000","CZ0204","Nemocnice",559,51,0,0,0,0,0,0,129997,16877,0
2014,"Oblastní nemocnice Kolín, a.s.","27256391","23200000","CZ0205","Léčebna pro dlouhodobě nemocné (LDN)",0,0,82,0,0,0,0,0,0,0,34679
2014,"Oblastní nemocnice Mladá Boleslav, a. s.","27256456","26001000","CZ0207","Nemocnice",433,58,0,0,0,0,0,0,102551,14476,0
2014,"Oblastní nemocnice Mladá Boleslav, a.s.","27256456","26012000","CZ0207","Léčebna pro dlouhodobě nemocné (LDN)",0,0,96,0,0,0,0,0,0,0,29782
2014,"Oblastní nemocnice Náchod a.s.","26000202","64001000","CZ0523","Nemocnice",591,40,0,0,0,0,0,0,131918,11468,0
2014,"Oblastní nemocnice Náchod a.s.","26000202","64007000","CZ0523","Léčebna pro dlouhodobě nemocné (LDN)",0,0,83,130,0,0,0,0,0,0,65973
2014,"Oblastní nemocnice Příbram, a. s.","27085031","30601000","CZ020B","Nemocnice následné (ošetřovatelské) péče",0,0,0,30,0,0,0,0,0,0,9629
2014,"Oblastní nemocnice Příbram, a. s.","27085031","30602000","CZ020B","Léčebna pro dlouhodobě nemocné (LDN)",0,0,30,0,0,0,0,0,0,0,7987
2014,"Oblastní nemocnice Příbram, a.s.","27085031","30531000","CZ020B","Nemocnice",354,36,0,0,0,0,0,0,88488,9546,0
2014,"Oblastní nemocnice Trutnov a.s.","26000237","69001000","CZ0525","Nemocnice",281,19,0,0,0,0,0,0,66650,4495,0
2014,"Oblastní spolek ČČK Mladá Boleslav","00425788","26014000","CZ0207","Nemocnice následné (ošetřovatelské) péče",0,0,0,15,0,0,0,0,0,0,1996
2014,"Odborný léčebný ústav Jevíčko","00193976","68005000","CZ0533","Odborné léčebné ústavy",0,0,0,0,176,0,0,0,0,0,60969
2014,"Odborný léčebný ústav Paseka, p.o.","00849081","89723000","CZ0712","Odborné léčebné ústavy",0,0,135,30,126,0,0,0,0,0,99407
2014,"Odborný léčebný ústav neurologicko-geriatrický Moravský Beroun, p.o.","00600946","89199000","CZ0712","Léčebna pro dlouhodobě nemocné (LDN)",0,0,102,0,0,0,0,0,0,0,39773
2014,"Olivova dětská léčebna, o.p.s.","25689371","28005000","CZ0209","Odborné léčebné ústavy",0,0,0,0,64,0,0,0,0,0,13522
2014,"Ošetřovatelská lůžka","05212146","31110000","CZ020C","Nemocnice následné (ošetřovatelské) péče",0,0,0,16,0,0,0,0,0,0,4979
2014,"PATEB s.r.o.","26940281","79591000","CZ0634","Odborné léčebné ústavy",0,0,0,0,45,0,0,0,0,0,19879
2014,"PP Hospitals, s.r.o.","26085011","28002000","CZ0209","Nemocnice",40,6,0,0,0,0,0,0,10802,2431,0
2014,"PP Hospitals, s.r.o.","26085011","28660000","CZ0209","Léčebna pro dlouhodobě nemocné (LDN)",0,0,80,0,0,0,0,0,0,0,27337
2014,"PRIVAMED a.s.","46885251","44103000","CZ0323","Nemocnice",155,12,0,0,0,0,0,0,40736,2438,0
2014,"PRIVAMED a.s.","46885251","44106000","CZ0323","Léčebna pro dlouhodobě nemocné (LDN)",0,0,190,0,0,0,0,10,0,0,96981
2014,"PRVNÍ PRIVÁTNÍ CHIRURGICKÉ CENTRUM spol.","49813692","61303000","CZ0521","Nemocnice",47,8,0,0,0,0,0,0,7629,690,0
2014,"Poliklinika Prosek a.s.","28495306","09362000","CZ0100","Nemocnice následné (ošetřovatelské) péče",0,0,0,20,0,0,0,0,0,0,8472
2014,"Poličská nemocnice, s.r.o.","25296094","68019000","CZ0533","Léčebna pro dlouhodobě nemocné (LDN)",0,0,120,0,0,0,0,0,0,0,41041
2014,"Psychiatric. nemocnice Marianny Oranžské","00851388","95020000","CZ0711","Odborné léčebné ústavy",0,0,0,0,150,0,0,0,0,0,48895
2014,"Psychiatrická léčebna Lnáře","00668168","38002000","CZ0316","Odborné léčebné ústavy",0,0,0,0,70,0,0,0,0,0,23939
2014,"Psychiatrická léčebna Petrohrad, p.o.","00829137","56005000","CZ0424","Odborné léčebné ústavy",0,0,0,0,130,0,0,0,0,0,45167
2014,"Psychiatrická léčebna Červený Dvůr","00583600","33200000","CZ0312","Odborné léčebné ústavy",0,0,0,0,103,0,0,0,0,0,36804
2014,"Psychiatrická léčebna Šternberk","00843954","89303000","CZ0712","Odborné léčebné ústavy",0,0,0,0,502,0,0,0,0,0,141867
2014,"Psychiatrická nemocnice Bohnice","00064220","08005000","CZ0100","Odborné léčebné ústavy",30,0,0,0,1193,0,0,0,4760,0,399984
2014,"Psychiatrická nemocnice Bohnice","00064220","08279000","CZ0100","Léčebna pro dlouhodobě nemocné (LDN)",0,0,63,0,0,0,0,0,0,0,23196
2014,"Psychiatrická nemocnice Brno","00160105","72935000","CZ0642","Odborné léčebné ústavy",0,0,0,0,761,0,0,0,0,0,258258
2014,"Psychiatrická nemocnice Havlíčkův Brod","00179230","60006000","CZ0631","Odborné léčebné ústavy",0,0,0,0,710,0,0,0,0,0,194935
2014,"Psychiatrická nemocnice Horní Beřkovice","00673552","55024000","CZ0423","Odborné léčebné ústavy",0,0,0,0,507,0,0,0,0,0,172761
2014,"Psychiatrická nemocnice Jihlava","00600601","76021000","CZ0632","Odborné léčebné ústavy",0,0,0,0,520,0,0,0,0,0,129392
2014,"Psychiatrická nemocnice Kosmonosy","00068691","26003000","CZ0207","Odborné léčebné ústavy",0,0,0,0,600,0,0,0,0,0,134866
2014,"Psychiatrická nemocnice Písek a.s.","28092732","36896000","CZ0314","Odborné léčebné ústavy",0,0,0,0,57,0,0,0,0,0,20487
2014,"Psychiatrická nemocnice v Dobřanech","00669792","45901000","CZ0324","Odborné léčebné ústavy",0,0,0,0,1205,0,0,0,0,0,387966
2014,"Psychiatrická nemocnice v Kroměříži","00567914","77951000","CZ0721","Odborné léčebné ústavy",0,0,0,0,995,0,0,0,0,0,340620
2014,"Psychiatrická nemocnice v Opavě","00844004","90224000","CZ0805","Odborné léčebné ústavy",0,0,0,0,863,0,0,0,0,0,292739
2014,"REHAMEDICA Žacléř, a.s.","08208778","69009000","CZ0525","Nemocnice následné (ošetřovatelské) péče",0,0,0,50,0,0,0,0,0,0,17600
2014,"RHG spol. s r. o.","61852287","29004000","CZ020A","Léčebna pro dlouhodobě nemocné (LDN)",0,0,0,77,0,0,0,0,0,0,21460
2014,"RHG spol. s.r.o.","61852287","25211000","CZ0206","Nemocnice následné (ošetřovatelské) péče",0,0,0,132,0,0,0,0,0,0,30294
2014,"Rehabilit.ústav pro cévní choroby mozk.","49813447","60190000","CZ0631","Odborné léčebné ústavy",0,0,0,0,39,0,0,0,0,0,14388
2014,"Rehabilitační centrum Čeladná s.r.o.","25868951","86110000","CZ0802","Odborné léčebné ústavy",0,0,0,0,221,0,0,0,0,0,66688
2014,"Rehabilitační ústav Brandýs nad Orlicí","00853879","70012000","CZ0534","Odborné léčebné ústavy",0,0,0,0,150,0,0,0,0,0,51030
2014,"Rehabilitační ústav Hrabyně","00601233","90158000","CZ0805","Odborné léčebné ústavy",0,0,0,0,373,0,0,0,0,0,133353
2014,"Rehabilitační ústav Kladruby","00068705","20105000","CZ0201","Odborné léčebné ústavy",0,0,0,0,250,0,0,0,0,0,80275
2014,"Revmatologický ústav","00023728","02001000","CZ0100","Fakultní nemocnice",50,0,0,0,0,0,0,0,12638,0,0
2014,"Rokycanská nemocnice,  a.s.","26360900","47113000","CZ0326","Nemocnice následné (ošetřovatelské) péče",0,0,0,30,0,0,0,0,0,0,1949
2014,"Rokycanská nemocnice, a.s.","26360900","47101000","CZ0326","Nemocnice",108,9,0,0,0,0,0,0,28711,1750,0
2014,"SANATORIUM EDEL s.r.o.","49609599","95683000","CZ0711","Odborné léčebné ústavy",0,0,0,0,93,0,0,0,0,0,25346
2014,"SENIOR CZ, s.r.o.","25413244","59314000","CZ0427","Odborné léčebné ústavy",0,0,0,0,30,0,0,0,0,0,9891
2014,"SOaL okresu Trutnov","00195201","69034000","CZ0525","Odborné léčebné ústavy",0,0,0,0,159,0,0,0,0,0,52106
2014,"SOaL okresu Trutnov","00195201","69034002","CZ0525","Odborné léčebné ústavy",0,0,0,0,30,0,0,0,0,0,7507
2014,"Sanatorium Jablunkov, a.s.","27835545","86113000","CZ0802","Léčebna pro dlouhodobě nemocné (LDN)",0,0,30,36,105,0,0,0,0,0,53708
2014,"Sanatorium Kochova s.r.o.","02402106","87070000","CZ0803","Nemocnice následné (ošetřovatelské) péče",0,0,0,60,0,0,0,0,0,0,16360
2014,"Sdružené zdravotnické zařízení Krnov,p.o","00844641","85600000","CZ0801","Nemocnice",270,29,0,0,0,0,0,8,67482,7030,1976
2014,"Sdružené zdravotnické zařízení Krnov,p.o","00844641","85780000","CZ0801","Léčebna pro dlouhodobě nemocné (LDN)",0,0,45,150,25,0,0,0,0,0,64386
2014,"Slezská nemocnice v Opavě, příspěv. org.","47813750","90001000","CZ0805","Nemocnice",443,44,0,0,0,0,0,0,106920,11808,0
2014,"Slezská nemocnice v Opavě, příspěv. org.","47813750","90604000","CZ0805","Léčebna pro dlouhodobě nemocné (LDN)",0,0,48,0,0,0,0,0,0,0,17690
2014,"Soc. a zdravotní centrum Letiny s.r.o.","63504502","44109000","CZ0324","Nemocnice následné (ošetřovatelské) péče",0,0,0,30,0,0,0,0,0,0,10564
2014,"Stodská nemocnice, a.s.","26361086","45001000","CZ0324","Nemocnice",120,8,0,0,0,0,0,0,27553,2169,0
2014,"Stodská nemocnice, a.s. - LDN","26361086","45002000","CZ0324","Léčebna pro dlouhodobě nemocné (LDN)",0,0,57,0,0,0,0,0,0,0,16690
2014,"Státní léčebné lázně Janské Lázně, s.p.","00024007","69022000","CZ0525","Odborné léčebné ústavy",0,0,0,0,140,0,0,0,0,0,38109
2014,"SurGal Clinic s.r.o.","46965033","72186000","CZ0642","Nemocnice",60,6,0,0,0,0,19,0,11589,2292,6125
2014,"Sušická nemocnice s.r.o.","08176302","43010000","CZ0322","Nemocnice",71,8,65,0,0,0,0,0,16670,1803,20256
2014,"THERÁPON 98, a. s.","25399195","88012000","CZ0804","Léčebna pro dlouhodobě nemocné (LDN)",0,0,41,0,0,0,0,0,0,0,14765
2014,"TRN - Léčebna v Mirošově - Janově","00669784","47102000","CZ0326","Odborné léčebné ústavy",0,0,0,0,130,0,0,0,0,0,37590
2014,"TŘI, z.ú.","18623433","20121000","CZ0201","LZ hospicového typu poskytující paliativní péči",0,0,0,0,0,30,0,0,0,0,8225
2014,"Uherskohradišťská nemocnice a.s.","27660915","80001000","CZ0722","Nemocnice",446,44,0,0,0,0,10,0,117505,11164,2910
2014,"Uherskohradišťská nemocnice a.s.","27660915","80003000","CZ0722","Léčebna pro dlouhodobě nemocné (LDN)",0,0,83,30,0,0,0,0,0,0,41267
2014,"Vazební věznice a ÚpVZD Brno","00212423","72046000","CZ0642","Nemocnice",65,0,0,0,0,0,0,0,11023,0,0
2014,"Vazební věznice a ÚpVZD Brno","00212423","72059000","CZ0642","Nemocnice následné (ošetřovatelské) péče",0,0,0,48,0,0,0,0,0,0,3956
2014,"Vojenská nemocnice Brno","60555530","72037000","CZ0642","Nemocnice",192,20,0,0,0,0,0,0,50574,4917,0
2014,"Vojenská nemocnice Olomouc","60800691","89382000","CZ0712","Léčebna pro dlouhodobě nemocné (LDN)",0,0,23,0,0,0,0,0,0,0,4722
2014,"Vojenská nemocnice Olomouc","60800691","89903000","CZ0712","Nemocnice",202,15,0,0,0,0,10,0,44262,3446,986
2014,"Vojenský rehabilitační ústav","00000582","29005000","CZ020A","Odborné léčebné ústavy",0,0,0,0,150,0,0,0,0,0,50603
2014,"Vsetínská nemocnice a.s.","26871068","94101000","CZ0723","Nemocnice",239,20,0,0,0,0,0,0,54254,5449,0
2014,"Vsetínská nemocnice a.s.","26871068","94210000","CZ0723","Léčebna pro dlouhodobě nemocné (LDN)",0,0,85,0,0,0,0,0,0,0,30423
2014,"Vysokomýtská nemocnice","71207856","70052000","CZ0534","Léčebna pro dlouhodobě nemocné (LDN)",0,0,120,0,0,0,0,0,0,0,36860
2014,"Vysočinské nemocnice s.r.o.","25257005","60224000","CZ0633","Léčebna pro dlouhodobě nemocné (LDN)",0,0,177,15,70,0,0,0,0,0,76848
2014,"Všeobecná fakultní nemocnice v Praze","00064165","02004000","CZ0100","Fakultní nemocnice",1205,229,0,19,0,0,0,0,268796,58877,8690
2014,"Všeobecná fakultní nemocnice v Praze","00064165","02276000","CZ0100","Odborné léčebné ústavy",0,0,0,0,66,0,0,0,0,0,17237
2014,"Všeobecná fakultní nemocnice v Praze","00064165","02405000","CZ0100","Odborné léčebné ústavy",0,0,0,0,20,0,0,0,0,0,1409
2014,"Zařízení následné reh. a hosp. péče,p.o.","69979821","42441000","CZ0412","Léčebna pro dlouhodobě nemocné (LDN)",0,0,80,0,0,0,0,0,0,0,26091
2014,"ÚVN-Vojenská fakultní nemocnice Praha","61383082","06051000","CZ0100","Fakultní nemocnice",467,68,0,28,0,0,0,0,118702,18790,7113
2014,"ÚVN-Vojenská fakultní nemocnice Praha","61383082","06419000","CZ0100","Odborné léčebné ústavy",0,0,0,0,14,0,0,0,0,0,4611
2014,"ÚVN-Vojenská fakultní nemocnice Praha","61383082","06530000","CZ0100","Léčebna pro dlouhodobě nemocné (LDN)",0,0,26,0,0,0,0,0,0,0,9390
2014,"ÚVN-Vojenská fakultní nemocnice Praha","61383082","06566000","CZ0100","Samostatné lůžkové zařízení s péčí DIP, NIOP, NIP",0,0,0,0,0,0,0,10,0,0,4356
2014,"Úrazová nemocnice v Brně","00209813","72933000","CZ0642","Nemocnice",121,23,0,0,0,0,0,0,38479,8225,0
2014,"Úrazová nemocnice v Brně","00209813","72933950","CZ0642","Odborné léčebné ústavy",0,0,0,0,30,0,0,0,0,0,8059
2014,"Ústav chirurgie ruky a plast. chirurgie","00193011","67711000","CZ0514","Nemocnice",52,0,0,0,0,0,0,0,10448,0,0
2014,"Ústav hematologie a krevní transfuze","00023736","02002000","CZ0100","Fakultní nemocnice",16,21,0,0,0,0,0,0,5056,5408,0
2014,"Ústav pro péči o matku a dítě","00023698","04004000","CZ0100","Fakultní nemocnice",222,35,0,0,0,0,0,0,56275,13742,0
2014,"ČR, VS ČR, VV a ÚpVZD Praha Pankrác","00212423","04150000","CZ0100","Nemocnice",54,0,0,49,0,0,0,0,14929,0,1544
2014,"Českobrodská nemocnice, s.r.o.","28529421","23147000","CZ0204","Léčebna pro dlouhodobě nemocné (LDN)",0,0,60,61,0,0,0,10,0,0,27993
2014,"Českomoravská provincie Hospitálského ř.","44995776","82051000","CZ0724","Léčebna pro dlouhodobě nemocné (LDN)",0,0,65,0,0,0,0,0,0,0,21129
2015,"HVĚZDA z.ú.","70829560","82072000","CZ0724","LZ hospicového typu poskytující paliativní péči",0,0,0,0,0,14,0,0,0,0,4104
2015,"soft palm"" o. s.","01327216","14274000","CZ0100","LZ hospicového typu poskytující paliativní péči",0,0,0,0,0,30,0,0,0,0,5935
2015,"ADP - SANCO s.r.o.","27685934","78004000","CZ0713","Nemocnice následné (ošetřovatelské) péče",0,0,0,50,0,0,0,0,0,0,18988
2015,"AESKULAP spol. s r.o.","60913266","70006000","CZ0534","Léčebna pro dlouhodobě nemocné (LDN)",0,0,81,0,0,0,0,0,0,0,39275
2015,"AGEL Středomoravská nemocniční a.s.","27797660","78006000","CZ0713","Nemocnice",816,86,0,0,0,0,10,0,192075,23196,2615
2015,"AGEL Středomoravská nemocniční a.s.","27797660","78007000","CZ0713","Léčebna pro dlouhodobě nemocné (LDN)",0,0,197,0,0,0,0,0,0,0,66047
2015,"AHC Centrum následné péče Sedlec-Prčice","25579282","20110000","CZ020B","Léčebna pro dlouhodobě nemocné (LDN)",0,0,110,0,0,0,0,0,0,0,27374
2015,"AHC Centrum následné péče Trutnov s.r.o.","10913416","69006000","CZ0525","Nemocnice následné (ošetřovatelské) péče",0,0,0,30,0,0,0,0,0,0,9301
2015,"AHC Nemocnice Duchcov s.r.o.","61537713","58102000","CZ0426","Nemocnice",40,3,0,0,0,0,0,0,8518,299,0
2015,"AHC Nemocnice Duchcov s.r.o.","61537713","58535000","CZ0426","Nemocnice následné (ošetřovatelské) péče",0,0,0,68,0,0,0,0,0,0,29337
2015,"AHC Rehabilitační centrum Meziboří s.r.o","47283661","57541000","CZ0425","Nemocnice následné (ošetřovatelské) péče",0,0,0,0,46,0,0,0,0,0,16047
2015,"ALBERTINUM,odborný léčebný ústav,Žamberk","00196096","70008000","CZ0534","Odborné léčebné ústavy",0,0,0,0,142,0,0,0,0,0,39859
2015,"ALBERTINUM,odborný léčebný ústav,Žamberk","00196096","70058000","CZ0534","Léčebna pro dlouhodobě nemocné (LDN)",0,0,70,0,0,0,0,0,0,0,22086
2015,"ALMEDA, a.s.","25079174","25310000","CZ0206","Nemocnice",56,6,0,0,0,0,0,0,12577,1558,0
2015,"ALMEDA, a.s.","25079174","25312000","CZ0206","Samostatné lůžkové zařízení s péčí DIP, NIOP, NIP",0,0,0,0,0,0,15,12,0,0,15119
2015,"AMICA CENTRUM s.r.o.","18233392","41281000","CZ0411","Léčebna pro dlouhodobě nemocné (LDN)",0,0,0,120,0,0,0,0,0,0,38442
2015,"ANESAN, s.r.o.","61677540","23111000","CZ0204","Samostatné lůžkové zařízení s péčí DIP, NIOP, NIP",0,0,0,0,0,0,15,0,0,0,5847
2015,"AquaKlim, s. r. o.","27849562","91791100","CZ0806","Odborné léčebné ústavy",0,0,0,0,30,0,0,0,0,0,2382
2015,"BH - Nemocnice Vimperk a.s.","29015839","37105000","CZ0315","Léčebna pro dlouhodobě nemocné (LDN)",0,0,60,0,0,0,0,0,0,0,13059
2015,"Bohumínská městská nemocnice, a.s.","26834022","87003000","CZ0803","Nemocnice",79,9,60,15,0,0,0,0,20747,2445,9949
2015,"Bílovecká nemocnice, a.s.","26865858","88015000","CZ0804","Nemocnice",46,4,0,0,0,0,0,0,11582,1342,0
2015,"Bílovecká nemocnice, a.s.","26865858","88016000","CZ0804","Léčebna pro dlouhodobě nemocné (LDN)",0,0,80,0,0,0,0,0,0,0,25962
2015,"CARVAC s.r.o.","63504260","41182000","CZ0411","Léčebna pro dlouhodobě nemocné (LDN)",0,0,0,90,0,0,0,0,0,0,31442
2015,"CNS-CENTRUM TŘINEC s.r.o.","26816407","86112000","CZ0802","Nemocnice",42,0,0,0,0,0,0,0,13793,0,0
2015,"Centrum kardiovaskulární a TCH Brno","00209775","72932000","CZ0642","Nemocnice",56,34,0,0,0,0,0,0,14820,10224,0
2015,"Centrum léčby pohybového aparátu, s.r.o.","26432471","09438000","CZ0100","Nemocnice",33,0,0,0,0,0,0,0,7606,0,0
2015,"Charita Ostrava - Hospic sv. Lukáše","44940998","91997300","CZ0806","LZ hospicového typu poskytující paliativní péči",0,0,0,0,0,30,0,0,0,0,9579
2015,"Chronicare s.r.o.","02989204","27019000","CZ0208","Samostatné lůžkové zařízení s péčí DIP, NIOP, NIP",0,0,0,0,0,0,11,0,0,0,117
2015,"DOP - HC s.r.o.","26356589","48004000","CZ0413","Léčebna pro dlouhodobě nemocné (LDN)",0,0,82,0,0,0,0,0,0,0,25340
2015,"Diakonie Valašské Meziříčí","73632783","94203000","CZ0723","Nemocnice následné (ošetřovatelské) péče",0,0,0,8,0,15,0,0,0,0,6054
2015,"Diecézní charita Brno,OCH Rajhrad","44990260","73006000","CZ0643","LZ hospicového typu poskytující paliativní péči",0,0,0,0,0,50,0,0,0,0,10912
2015,"Dlouhodobá intenzivní oš. péče","05212146","31500000","CZ020C","Samostatné lůžkové zařízení s péčí DIP, NIOP, NIP",0,0,0,0,0,0,1,10,0,0,3467
2015,"Domažlická nemocnice, a.s.","26361078","40001000","CZ0321","Nemocnice",135,10,0,0,0,0,0,0,33866,2736,0
2015,"Domažlická nemocnice, a.s. - LDN","26361078","40501000","CZ0321","Léčebna pro dlouhodobě nemocné (LDN)",0,0,50,0,0,0,0,0,0,0,16768
2015,"Domov sv.Karla Boromejského","65400143","06353000","CZ0100","Léčebna pro dlouhodobě nemocné (LDN)",0,0,79,0,0,0,0,0,0,0,23323
2015,"Dopravní zdravotnictví a.s.","25903659","02368000","CZ0100","Léčebna pro dlouhodobě nemocné (LDN)",0,0,42,0,0,0,0,0,0,0,15117
2015,"Dětská odb.léčebna Ch.G.Masaryk,p.s.ČČK","42726646","30148000","CZ020B","Odborné léčebné ústavy",0,0,0,0,80,0,0,0,0,0,10700
2015,"Dětská psychiatrická nemocnice","00842052","84420000","CZ0635","Odborné léčebné ústavy",0,0,0,0,50,0,0,0,0,0,16006
2015,"Dětská psychiatrická nemocnice Louny","00831034","56004000","CZ0424","Odborné léčebné ústavy",0,0,0,0,50,0,0,0,0,0,12647
2015,"Dětská psychiatrická nemocnice Opařany","00667421","39801000","CZ0317","Odborné léčebné ústavy",0,0,0,0,150,0,0,0,0,0,31626
2015,"Dům klidného stáří, spol. s r.o.","26369427","48006000","CZ0413","Léčebna pro dlouhodobě nemocné (LDN)",0,0,30,0,0,0,0,0,0,0,9401
2015,"ETOILE CZ a.s.","28973976","10663000","CZ0100","Samostatné lůžkové zařízení s péčí DIP, NIOP, NIP",0,0,0,0,0,0,30,0,0,0,10316
2015,"EUC Klinika Zlín a.s.","60726636","82002000","CZ0724","Nemocnice",45,7,0,0,0,0,0,0,11282,1117,0
2015,"Fakultní Thomayerova nemocnice","00064190","04005000","CZ0100","Nemocnice",712,76,0,0,0,0,0,0,166888,18786,0
2015,"Fakultní Thomayerova nemocnice","00064190","04679000","CZ0100","Léčebna pro dlouhodobě nemocné (LDN)",0,0,240,0,0,0,0,0,0,0,70115
2015,"Fakultní Thomayerova nemocnice","00064190","04775000","CZ0100","Odborné léčebné ústavy",0,0,0,0,35,0,0,0,0,0,8408
2015,"Fakultní nemocnice Brno","65269705","72100000","CZ0642","Fakultní nemocnice",1581,301,0,0,0,0,0,0,378118,75002,0
2015,"Fakultní nemocnice Bulovka","00064211","08006000","CZ0100","Nemocnice",848,99,0,0,0,0,0,0,201173,27696,0
2015,"Fakultní nemocnice Bulovka","00064211","08368000","CZ0100","Nemocnice následné (ošetřovatelské) péče",0,0,0,54,0,0,0,0,0,0,11403
2015,"Fakultní nemocnice Hradec Králové","00179906","61004000","CZ0521","Fakultní nemocnice",1114,185,0,0,0,0,0,0,280448,52445,0
2015,"Fakultní nemocnice Hradec Králové","00179906","61778000","CZ0521","Odborné léčebné ústavy",0,0,0,18,56,0,0,0,0,0,18550
2015,"Fakultní nemocnice Královské Vinohrady","00064173","10002000","CZ0100","Fakultní nemocnice",849,194,0,0,0,0,0,0,184979,38715,0
2015,"Fakultní nemocnice Královské Vinohrady","00064173","10433000","CZ0100","Léčebna pro dlouhodobě nemocné (LDN)",0,0,70,0,0,0,0,0,0,0,16041
2015,"Fakultní nemocnice Olomouc","00098892","89301000","CZ0712","Fakultní nemocnice",985,149,0,0,0,0,0,0,245325,40835,0
2015,"Fakultní nemocnice Ostrava","00843989","91009000","CZ0806","Fakultní nemocnice",905,204,0,0,0,0,0,0,233034,59295,0
2015,"Fakultní nemocnice Ostrava","00843989","91009888","CZ0805","Léčebna pro dlouhodobě nemocné (LDN)",0,0,140,0,0,0,0,0,0,0,43563
2015,"Fakultní nemocnice Plzeň","00669806","44101000","CZ0323","Fakultní nemocnice",1425,178,0,0,0,0,10,0,367003,49059,2268
2015,"Fakultní nemocnice Plzeň","00669806","44117000","CZ0323","Léčebna pro dlouhodobě nemocné (LDN)",0,0,75,0,0,0,0,0,0,0,26392
2015,"Fakultní nemocnice u sv. Anny v Brně","00159816","72001000","CZ0642","Fakultní nemocnice",652,125,0,0,0,0,0,0,159513,29568,0
2015,"Fakultní nemocnice u sv. Anny v Brně","00159816","72056000","CZ0642","Odborné léčebné ústavy",0,0,0,0,115,0,0,0,0,0,39524
2015,"Fakultní nemocnice v Motole","00064203","05002000","CZ0100","Fakultní nemocnice",1438,366,0,0,0,0,0,0,306999,106630,0
2015,"Fakultní nemocnice v Motole","00064203","05434000","CZ0100","Léčebna pro dlouhodobě nemocné (LDN)",0,0,361,0,0,0,0,0,0,0,114533
2015,"Fakultní nemocnice v Motole NIP,DIOP","00064203","05768000","CZ0100","Samostatné lůžkové zařízení s péčí DIP, NIOP, NIP",0,0,0,0,0,0,14,20,0,0,2291
2015,"GARC Kladno, s.r.o.,","27371794","22128000","CZ0203","Léčebna pro dlouhodobě nemocné (LDN)",0,0,112,0,40,0,0,0,0,0,50133
2015,"Gaudium Frýdek-Místek s.r.o.","26788799","86111000","CZ0802","Léčebna pro dlouhodobě nemocné (LDN)",0,0,0,60,0,0,0,0,0,0,21075
2015,"Gerontologické centrum","45250022","08299000","CZ0100","Léčebna pro dlouhodobě nemocné (LDN)",0,0,46,0,0,0,0,0,0,0,12558
2015,"GynCentrum, spol. s r.o.","45316783","09262000","CZ0100","Nemocnice",27,4,0,0,0,0,0,0,2651,483,0
2015,"HOSPIC Frýdek-Místek, p.o.","72046546","86114000","CZ0802","LZ hospicového typu poskytující paliativní péči",0,0,0,0,0,30,0,0,0,0,7890
2015,"HOSPIC v MOSTĚ, o.p.s.","25419561","57623000","CZ0425","LZ hospicového typu poskytující paliativní péči",0,0,0,15,0,0,0,0,0,0,3906
2015,"HOSPIC ŠTRASBURK o.p.s.","61383457","08277000","CZ0100","LZ hospicového typu poskytující paliativní péči",0,0,0,0,0,25,0,0,0,0,6135
2015,"Hamzova odborná léčebna pro děti a dosp.","00183024","62901000","CZ0531","Odborné léčebné ústavy",0,0,0,85,398,0,0,0,0,0,165085
2015,"Hornická NsP - LDN","61325422","58105000","CZ0426","Léčebna pro dlouhodobě nemocné (LDN)",0,0,75,0,0,0,0,0,0,0,26032
2015,"Hospic Chrudim z.ú.","26625385","62421000","CZ0531","LZ hospicového typu poskytující paliativní péči",0,0,0,0,0,27,0,0,0,0,10418
2015,"Hospic na Svatém Kopečku","73634671","89163000","CZ0712","LZ hospicového typu poskytující paliativní péči",0,0,0,0,0,30,0,0,0,0,8659
2015,"Hospic sv. Alžběty o.p.s.","26604582","72058000","CZ0642","LZ hospicového typu poskytující paliativní péči",0,0,0,0,0,20,0,0,0,0,5977
2015,"Hospic sv. Jana N. Neumanna, o.p.s.","70853517","37106000","CZ0315","LZ hospicového typu poskytující paliativní péči",0,0,0,0,0,30,0,0,0,0,5709
2015,"Hospic sv. Štěpána, z.s.","65081374","55038000","CZ0423","LZ hospicového typu poskytující paliativní péči",0,0,0,0,0,26,0,0,0,0,6254
2015,"Hospic svatého Lazara","66361508","44107000","CZ0323","LZ hospicového typu poskytující paliativní péči",0,0,0,0,0,28,0,0,0,0,7099
2015,"Institut klin.a exper.medicíny v Praze","00023001","04002000","CZ0100","Fakultní nemocnice",200,115,0,0,0,0,0,0,51649,30033,0
2015,"Interna Zábřeh, s. r. o.","60774916","93203000","CZ0715","Nemocnice následné (ošetřovatelské) péče",0,0,0,32,0,0,0,0,0,0,5923
2015,"JESSENIA a.s. - Rehabilitační Nem.Beroun","26752051","21001000","CZ0202","Nemocnice",97,7,0,0,0,0,0,0,48160,1920,0
2015,"Jihomoravské dětské léčebny, p.o.","00386766","71103000","CZ0641","Odborné léčebné ústavy",0,0,0,0,40,0,0,0,0,0,14049
2015,"Jihomoravské dětské léčebny, p.o.","00386766","71105000","CZ0641","Odborné léčebné ústavy",0,0,0,0,42,0,0,0,0,0,11276
2015,"Jihomoravské dětské léčebny, p.o.","00386766","71108000","CZ0641","Odborné léčebné ústavy",0,0,0,0,30,0,0,0,0,0,6615
2015,"KARDIOLOGIE NA BULOVCE, s.r.o.","49679236","08075000","CZ0100","Nemocnice",12,0,0,0,0,0,0,0,5275,0,0
2015,"KZ, a.s. - Nemocnice Chomutov, o.z.","25488627","52111000","CZ0422","Léčebna pro dlouhodobě nemocné (LDN)",0,0,81,0,0,0,0,0,0,0,26376
2015,"KZ,a.s.-oddělení následné péče Most","25488627","57015000","CZ0425","Léčebna pro dlouhodobě nemocné (LDN)",0,0,106,7,0,0,0,0,0,0,39406
2015,"Karlovarská krajská nemocnice a.s.","26365804","42008000","CZ0412","Nemocnice",385,47,0,0,0,0,0,0,76450,9696,0
2015,"Karlovarská krajská nemocnice a.s.","26365804","42616000","CZ0412","Nemocnice následné (ošetřovatelské) péče",0,0,0,10,0,0,0,0,0,0,3064
2015,"Karlovarská krajská nemocnice a.s.-Cheb","26365804","42041000","CZ0411","Nemocnice",214,17,0,0,0,0,0,0,49099,5212,0
2015,"Karvinská hornická nemocnice a.s.","60793490","87013000","CZ0803","Nemocnice",127,21,0,0,0,0,0,0,31089,4852,0
2015,"Klatovská nemocnice, a.s.","26360527","43001000","CZ0322","Nemocnice",239,18,0,0,0,0,5,0,55276,3408,2271
2015,"Klatovská nemocnice, a.s.","26360527","43006000","CZ0322","Léčebna pro dlouhodobě nemocné (LDN)",0,0,20,0,0,0,0,0,0,0,8613
2015,"Klinika Dr. Pírka s. r. o.","47540265","26007000","CZ0207","Nemocnice",47,6,0,0,0,0,0,0,12529,912,0
2015,"Krajská nemocnice Liberec, a.s.","27283933","54100000","CZ0513","Nemocnice",685,122,0,0,0,0,0,0,154682,32859,0
2015,"Krajská nemocnice Liberec, a.s. - Turnov","27283933","67104000","CZ0514","Nemocnice",129,11,0,0,0,0,0,0,27788,3312,0
2015,"Krajská nemocnice Liberec, a.s. - Turnov","27283933","67174000","CZ0514","Léčebna pro dlouhodobě nemocné (LDN)",0,0,36,0,0,0,0,0,0,0,12522
2015,"Krajská nemocnice Liberec, a.s. Frýdlant","27283933","54209000","CZ0513","Léčebna pro dlouhodobě nemocné (LDN)",0,0,0,45,0,0,0,5,0,0,8085
2015,"Krajská nemocnice Liberec, a.s.- LDN","27283933","54103000","CZ0513","Léčebna pro dlouhodobě nemocné (LDN)",0,0,142,0,0,0,0,0,0,0,44982
2015,"Krajská nemocnice T. Bati, a. s.","27661989","82001000","CZ0724","Nemocnice",683,91,0,0,0,0,7,8,192271,23113,5518
2015,"Krajská nemocnice T. Bati, a. s.","27661989","82050000","CZ0724","Léčebna pro dlouhodobě nemocné (LDN)",0,0,115,21,0,0,0,0,0,0,44523
2015,"Krajská zdravotní, a.s.","25488627","59001000","CZ0427","Fakultní nemocnice",986,120,0,0,0,0,0,0,200877,28448,0
2015,"Krajská zdravotní, a.s.","25488627","59287000","CZ0427","Léčebna pro dlouhodobě nemocné (LDN)",0,0,115,0,0,0,0,0,0,0,38487
2015,"Krajská zdravotní, a.s.","25488627","59326000","CZ0427","Fakultní nemocnice",0,0,0,30,0,0,0,0,0,0,6828
2015,"Krajská zdravotní, a.s.-Nemoc.Děčín,o.z.","25488627","51100000","CZ0421","Nemocnice",259,27,0,22,0,0,0,0,49127,7263,3299
2015,"Krajská zdravotní, a.s.-Nemoc.Most,o.z.","25488627","57001000","CZ0425","Nemocnice",528,65,0,0,0,0,0,0,122821,16810,0
2015,"Krajská zdravotní,a.s.-N.Litoměřice,o.z.","25488627","55021000","CZ0423","Nemocnice",342,37,0,0,0,0,0,0,75158,7609,0
2015,"Krajská zdravotní,a.s.-N.Litoměřice,o.z.","25488627","55037000","CZ0423","Léčebna pro dlouhodobě nemocné (LDN)",0,0,130,0,0,0,0,0,0,0,57459
2015,"Krajská zdravotní,a.s.-Nem.Chomutov,o.z.","25488627","52110000","CZ0422","Nemocnice",331,46,0,0,0,0,0,0,65593,7136,0
2015,"Krajská zdravotní,a.s.-Nemocnice Teplice","25488627","58101000","CZ0426","Nemocnice",376,51,0,0,0,0,0,0,86775,11161,0
2015,"Krajská zdravotní,a.s.-Nemocnice Teplice","25488627","58106000","CZ0426","Léčebna pro dlouhodobě nemocné (LDN)",0,0,51,0,0,0,0,0,0,0,16357
2015,"Kroměřížská nemocnice a.s.","27660532","77001000","CZ0721","Nemocnice",331,35,0,0,0,0,0,0,77045,7017,0
2015,"Krušnohorská poliklinika s.r.o.","25030302","57622000","CZ0425","Nemocnice následné (ošetřovatelské) péče",0,0,0,30,0,0,0,0,0,0,21101
2015,"LRS Chvaly, o.p.s.","24805807","09514000","CZ0100","Odborné léčebné ústavy",0,0,0,0,50,0,0,0,0,0,16271
2015,"Levitovo centrum následné péče p.o.- LDN","00190217","63113000","CZ0522","Léčebna pro dlouhodobě nemocné (LDN)",0,0,110,0,0,0,0,0,0,0,35310
2015,"Lužická nemocnice a poliklinika, a.s.","61538990","51300000","CZ0421","Nemocnice",105,10,0,30,0,0,0,0,25056,2921,10527
2015,"Lázně Darkov, a.s.","61974935","87063000","CZ0803","Odborné léčebné ústavy",0,0,0,0,111,0,0,0,0,0,26242
2015,"Lázně Slatinice a.s.","25367757","89875000","CZ0712","Odborné léčebné ústavy",0,0,0,0,40,0,0,0,0,0,10945
2015,"Lázně Teplice nad Bečvou a.s.","45192570","92374000","CZ0714","Odborné léčebné ústavy",0,0,0,0,100,0,0,0,0,0,28036
2015,"Léčebna dlouhodobě nemocných","05212146","31093000","CZ020C","Léčebna pro dlouhodobě nemocné (LDN)",0,0,52,0,0,0,0,0,0,0,14275
2015,"Léčebna dlouhodobě nemocných Opočno","00191744","66232000","CZ0524","Léčebna pro dlouhodobě nemocné (LDN)",0,0,52,0,0,0,0,0,0,0,14880
2015,"Léčebna dlouhodobě nemocných Rybitví","00190560","65360000","CZ0532","Léčebna pro dlouhodobě nemocné (LDN)",0,0,105,0,0,0,0,0,0,0,30329
2015,"Léčebna dlouhodobě nemocných Vršovice","00879649","10499000","CZ0100","Léčebna pro dlouhodobě nemocné (LDN)",0,0,89,0,0,0,0,0,0,0,33209
2015,"Léčebna dlouhodobě nemocných na Vojkově","27256391","28015000","CZ0209","Léčebna pro dlouhodobě nemocné (LDN)",0,0,100,0,0,0,0,0,0,0,36059
2015,"Léčebna dlouhodobě nemocných v Praze 6","45243956","06372000","CZ0100","Léčebna pro dlouhodobě nemocné (LDN)",0,0,100,0,0,0,0,0,0,0,32382
2015,"Léčebna pro dlouhodobě nemocné HK","00180092","61358000","CZ0521","Léčebna pro dlouhodobě nemocné (LDN)",0,0,99,0,0,0,0,0,0,0,31918
2015,"Léčebna respiračních nemocí Cvikov,p.o.,","00673951","50213000","CZ0511","Odborné léčebné ústavy",0,0,0,0,72,0,0,0,0,0,25135
2015,"Léčebna respiračních nemocí Cvikov,p.o.,","00673951","50280000","CZ0511","Odborné léčebné ústavy",0,0,0,0,70,0,0,0,0,0,21993
2015,"MEDI HELP s.r.o., Masarykovo sanatorium","46359443","30515000","CZ020B","Nemocnice následné (ošetřovatelské) péče",0,0,0,180,0,0,0,0,0,0,69995
2015,"MEDICINA, spol. s r.o. - LDN","49904035","56009000","CZ0424","Léčebna pro dlouhodobě nemocné (LDN)",0,0,82,0,0,0,0,0,0,0,31409
2015,"MEDICON Hospitals s.r.o.","25634691","04757000","CZ0100","Léčebna pro dlouhodobě nemocné (LDN)",0,0,30,78,0,0,0,0,0,0,40453
2015,"MEDITERRA - Sedlčany, s.r.o.","26429683","30529000","CZ020B","Nemocnice následné (ošetřovatelské) péče",0,0,0,34,0,0,0,0,0,0,11567
2015,"MEDITERRA Sedlčany s.r.o.","26429683","30520000","CZ020B","Nemocnice",32,4,0,0,0,0,0,0,7168,775,0
2015,"MEDITERRA Sedlčany, s.r.o.  - NIP, DIOP","26429683","30530000","CZ020B","Samostatné lůžkové zařízení s péčí DIP, NIOP, NIP",0,0,0,0,0,0,14,0,0,0,5200
2015,"MEDITERRA s.r.o.","49686356","05522000","CZ0100","Samostatné lůžkové zařízení s péčí DIP, NIOP, NIP",0,0,0,0,0,0,21,0,0,0,7078
2015,"MEDITERRA s.r.o.","49686356","05523000","CZ0100","Odborné léčebné ústavy",0,0,0,0,142,0,0,0,0,0,36214
2015,"MEDITERRA s.r.o.","49686356","05656000","CZ0100","Nemocnice",20,3,0,0,0,0,0,0,2065,378,0
2015,"MMN, a.s.","05421888","67101000","CZ0514","Nemocnice",67,8,0,0,0,0,0,0,15388,1019,0
2015,"MMN, a.s.","05421888","67102000","CZ0514","Nemocnice",166,14,0,0,0,0,0,0,33749,3123,0
2015,"MMN, a.s.","05421888","67171000","CZ0514","Léčebna pro dlouhodobě nemocné (LDN)",0,0,55,0,0,0,0,0,0,0,14917
2015,"MSCARE s.r.o.","28509480","10637000","CZ0100","Léčebna pro dlouhodobě nemocné (LDN)",0,0,42,0,0,0,0,0,0,0,14824
2015,"Masarykova nemocnice Rakovník s.r.o.","05212146","31001000","CZ020C","Nemocnice",207,17,0,0,0,0,0,0,34224,3652,0
2015,"Masarykův onkologický ústav","00209805","72931000","CZ0642","Nemocnice",228,16,0,0,0,0,0,0,60068,5554,0
2015,"MediCentrum Praha a.s.","64949486","04727000","CZ0100","Odborné léčebné ústavy",0,0,0,0,50,0,0,0,0,0,17559
2015,"Mulačova nemocnice s. r. o.","25202189","44105000","CZ0323","Nemocnice",156,12,0,0,0,0,0,0,30921,1250,0
2015,"Mělnická zdravotní, a.s.","27958639","25110000","CZ0206","Nemocnice",223,27,0,0,0,0,0,0,55949,6668,0
2015,"Mělnická zdravotní, a.s.","27958639","25119000","CZ0206","Nemocnice následné (ošetřovatelské) péče",0,0,0,93,0,0,0,0,0,0,34589
2015,"Městská nemocnice Městec Králové a.s.","26495015","27002000","CZ0208","Nemocnice",44,4,0,0,0,0,0,0,10849,1275,0
2015,"Městská nemocnice Městec Králové a.s.","26495015","27011000","CZ0208","Léčebna pro dlouhodobě nemocné (LDN)",0,0,140,0,0,0,0,0,0,0,41247
2015,"Městská nemocnice Městec Králové, a.s.","26495015","27015000","CZ0208","Samostatné lůžkové zařízení s péčí DIP, NIOP, NIP",0,0,0,0,0,0,10,6,0,0,4330
2015,"Městská nemocnice Ostrava","00635162","91001000","CZ0806","Nemocnice",606,73,0,0,0,0,0,0,150782,20647,0
2015,"Městská nemocnice Ostrava","00635162","91001680","CZ0806","Léčebna pro dlouhodobě nemocné (LDN)",0,0,94,56,0,0,0,0,0,0,46792
2015,"Městská nemocnice Slavičín","62181378","82052000","CZ0724","Léčebna pro dlouhodobě nemocné (LDN)",0,0,50,0,0,0,0,0,0,0,15714
2015,"Městská nemocnice následné péče","45245843","09004000","CZ0100","Nemocnice následné (ošetřovatelské) péče",0,0,0,128,0,0,0,0,0,0,43728
2015,"Městská nemocnice s pol. Uh. Brod, s.r.o","25583905","80020000","CZ0722","Léčebna pro dlouhodobě nemocné (LDN)",0,0,90,0,0,0,0,0,0,0,26865
2015,"Městská nemocnice v Odrách, p.o.","66183596","88005000","CZ0804","Nemocnice",20,4,75,0,0,0,0,0,7760,1126,19259
2015,"Městská nemocnice Čáslav","00873764","24200000","CZ0205","Nemocnice",138,10,0,0,0,0,0,0,29488,1358,0
2015,"Městská nemocnice Čáslav","00873764","24451000","CZ0205","Léčebna pro dlouhodobě nemocné (LDN)",0,0,30,0,0,0,0,0,0,0,10499
2015,"Městská nemocnice, a.s.","25262238","69002000","CZ0525","Nemocnice",109,7,0,0,0,0,0,0,26545,1107,0
2015,"Městská nemocnice, a.s.","25262238","69005000","CZ0525","Nemocnice následné (ošetřovatelské) péče",0,0,0,50,0,0,0,0,0,0,15155
2015,"NH Hospital a.s. - Nemocnice Hořovice","27872963","21002000","CZ0202","Nemocnice",223,31,0,0,0,0,0,0,55644,8088,0
2015,"Nem. Milos. sester sv. Vincence de Paul","17809193","77910000","CZ0721","Léčebna pro dlouhodobě nemocné (LDN)",0,0,105,0,0,0,0,0,0,0,39814
2015,"Nem. násl. péče LDN Horažďovice, s.r.o.","26360870","43030000","CZ0322","Léčebna pro dlouhodobě nemocné (LDN)",0,0,140,0,0,0,0,0,0,0,47457
2015,"Nem.Mil.sester sv.K.Boromej.v Praze","73634085","01002000","CZ0100","Nemocnice",135,10,0,30,0,0,0,0,30981,2769,4542
2015,"Nem.Mil.sester sv.K.Boromej.v Praze","73634085","01475000","CZ0100","LZ hospicového typu poskytující paliativní péči",0,0,0,0,0,13,0,0,0,0,4064
2015,"Nemocnice  Prachatice, a.s. - LDN","26095165","37104000","CZ0315","Léčebna pro dlouhodobě nemocné (LDN)",0,0,25,0,0,0,0,0,0,0,8180
2015,"Nemocnice  Slaný","00875295","22102000","CZ0203","Nemocnice",254,20,0,40,0,0,0,0,50922,5505,9130
2015,"Nemocnice AGEL Jeseník a.s.","47973927","95202000","CZ0711","Nemocnice",98,5,0,0,0,0,0,0,23904,1072,0
2015,"Nemocnice AGEL Jeseník a.s.","47973927","95206000","CZ0711","Léčebna pro dlouhodobě nemocné (LDN)",0,0,30,0,0,0,0,0,0,0,11363
2015,"Nemocnice AGEL Louny a.s. - LDN","27332730","56012000","CZ0424","Léčebna pro dlouhodobě nemocné (LDN)",0,0,90,0,0,0,0,10,0,0,28690
2015,"Nemocnice AGEL Nový Jičín a.s.","25886207","88001000","CZ0804","Nemocnice",362,34,0,0,0,0,0,0,93073,11658,0
2015,"Nemocnice AGEL Nový Jičín a.s.","25886207","88014000","CZ0804","Léčebna pro dlouhodobě nemocné (LDN)",0,0,40,0,0,0,0,0,0,0,12048
2015,"Nemocnice AGEL Ostrava-Vítkovice a.s.","60793201","91950000","CZ0806","Nemocnice",331,39,0,0,0,0,0,0,70391,8846,0
2015,"Nemocnice AGEL Ostrava-Vítkovice a.s.","60793201","91950888","CZ0806","Léčebna pro dlouhodobě nemocné (LDN)",0,0,30,0,0,0,0,0,0,0,5193
2015,"Nemocnice AGEL Podhorská a.s.","47668989","85200000","CZ0801","Nemocnice",95,8,0,0,0,0,0,0,18059,2070,0
2015,"Nemocnice AGEL Podhorská a.s.","47668989","85291000","CZ0801","Nemocnice následné (ošetřovatelské) péče",0,0,0,40,0,0,0,0,0,0,8785
2015,"Nemocnice AGEL Třinec-Podlesí a.s.","48401129","86106000","CZ0802","Nemocnice",113,38,0,0,0,0,0,0,25187,8251,0
2015,"Nemocnice AGEL Valašské Meziříčí a.s.","26822105","94102000","CZ0723","Nemocnice",185,23,0,0,0,0,0,0,55132,3965,0
2015,"Nemocnice AGEL Valašské Meziříčí a.s.","26822105","94220000","CZ0723","Léčebna pro dlouhodobě nemocné (LDN)",0,0,78,0,0,0,0,0,0,0,25885
2015,"Nemocnice AGEL Český Těšín a.s.","25897551","87029000","CZ0803","Nemocnice",31,0,59,34,0,0,0,0,10807,0,15370
2015,"Nemocnice AGEL Říčany a.s.","27365867","28003000","CZ0209","Nemocnice",61,4,0,0,0,0,0,0,14048,1044,0
2015,"Nemocnice AGEL Říčany a.s.","27365867","28658000","CZ0209","Léčebna pro dlouhodobě nemocné (LDN)",0,0,30,0,0,0,0,0,0,0,10782
2015,"Nemocnice Beroun - LDN","26752051","21003000","CZ0202","Léčebna pro dlouhodobě nemocné (LDN)",0,0,42,0,0,0,0,0,0,0,13608
2015,"Nemocnice Blansko","00386634","71101000","CZ0641","Nemocnice",138,15,0,0,0,0,0,0,45833,4534,0
2015,"Nemocnice Blansko","00386634","71110000","CZ0641","Léčebna pro dlouhodobě nemocné (LDN)",0,0,30,0,0,0,0,0,0,0,10817
2015,"Nemocnice Boskovice s.r.o.","26925974","71113000","CZ0641","Nemocnice",205,24,0,0,0,0,0,0,48760,6043,0
2015,"Nemocnice Boskovice s.r.o.","26925974","71119000","CZ0641","Léčebna pro dlouhodobě nemocné (LDN)",0,0,12,0,0,0,0,0,0,0,2924
2015,"Nemocnice Břeclav, p. o.","00390780","74001000","CZ0644","Nemocnice",378,41,0,0,0,0,0,0,97116,9575,0
2015,"Nemocnice Dačice, a.s.","28113195","34013000","CZ0313","Léčebna pro dlouhodobě nemocné (LDN)",0,0,56,0,0,0,0,0,0,0,16463
2015,"Nemocnice Frýdlant s.r.o.","47311576","54200000","CZ0513","Nemocnice",27,5,0,0,0,0,0,0,13045,1637,0
2015,"Nemocnice Havlíčkův Brod, přísp. org.","00179540","60001000","CZ0631","Nemocnice",415,47,0,0,0,0,0,0,99459,9533,0
2015,"Nemocnice Havlíčkův Brod, přísp. org.","00179540","60223000","CZ0631","Léčebna pro dlouhodobě nemocné (LDN)",0,0,44,0,0,0,0,0,0,0,16346
2015,"Nemocnice Havířov, příspěv. organizace","00844896","87004000","CZ0803","Nemocnice",318,31,0,0,0,0,0,0,86279,8044,0
2015,"Nemocnice Havířov, příspěv. organizace","00844896","87054000","CZ0803","Léčebna pro dlouhodobě nemocné (LDN)",0,0,30,0,0,0,0,0,0,0,9195
2015,"Nemocnice Hranice a.s.","47677406","92002000","CZ0714","Nemocnice",111,10,0,0,0,0,0,0,19692,1765,0
2015,"Nemocnice Hranice a.s.","47677406","92283000","CZ0714","Léčebna pro dlouhodobě nemocné (LDN)",0,0,80,0,0,0,0,0,0,0,30476
2015,"Nemocnice Hustopeče p.o.","04212029","74022000","CZ0644","Nemocnice",25,0,0,0,0,0,0,0,4502,400,0
2015,"Nemocnice Hustopeče, p.o.","04212029","74007000","CZ0644","Nemocnice následné (ošetřovatelské) péče",0,0,0,94,0,0,0,0,0,0,23859
2015,"Nemocnice Ivančice, příspěvková organiz.","00225827","73303000","CZ0643","Léčebna pro dlouhodobě nemocné (LDN)",0,0,60,0,0,0,0,0,0,0,19555
2015,"Nemocnice Ivančice,příspěvková organiz.","00225827","73003000","CZ0643","Nemocnice",144,10,0,0,0,0,0,0,35624,3573,0
2015,"Nemocnice Jablonec n. N., p.o.","00829838","53201000","CZ0512","Nemocnice",273,32,0,0,0,0,0,0,73425,9003,0
2015,"Nemocnice Jablonec n. N.. p. o.","00829838","53212000","CZ0512","Léčebna pro dlouhodobě nemocné (LDN)",0,0,67,0,0,0,0,0,0,0,22681
2015,"Nemocnice Jihlava, p. o.","00090638","76001000","CZ0632","Nemocnice",559,62,0,0,0,0,0,0,110958,14562,0
2015,"Nemocnice Jihlava,příspěvková organizace","00090638","76002000","CZ0632","Léčebna pro dlouhodobě nemocné (LDN)",0,0,0,75,0,10,0,0,0,0,18768
2015,"Nemocnice Jindřichův Hradec, a.s.","26095157","34001000","CZ0313","Nemocnice",242,30,0,0,0,0,8,0,59304,6137,2270
2015,"Nemocnice Jindřichův Hradec, a.s.","26095157","34011000","CZ0313","Léčebna pro dlouhodobě nemocné (LDN)",0,0,52,0,0,0,0,0,0,0,17336
2015,"Nemocnice Kadaň, s.r.o.","25479300","52120000","CZ0422","Nemocnice",160,12,0,0,0,0,0,0,35796,2001,0
2015,"Nemocnice Kadaň, s.r.o.","25479300","52121000","CZ0422","Léčebna pro dlouhodobě nemocné (LDN)",0,0,30,0,0,0,0,0,0,0,10055
2015,"Nemocnice Karviná - Ráj, příspěvková org","00844853","87001000","CZ0803","Nemocnice",274,37,100,0,0,0,10,5,75741,8797,24928
2015,"Nemocnice Kyjov, příspěvková organizace","00226912","75002000","CZ0645","Nemocnice",395,35,0,0,0,0,0,0,108591,10754,1370
2015,"Nemocnice Kyjov, příspěvková organizace","00226912","75007000","CZ0645","Nemocnice následné (ošetřovatelské) péče",0,0,0,48,0,0,0,0,0,0,14404
2015,"Nemocnice Kyjov, příspěvková organizace","00226912","75990345","CZ0645","Nemocnice",0,4,0,0,0,0,0,0,,,
2015,"Nemocnice Letovice p.o.","00387134","71107000","CZ0641","Léčebna pro dlouhodobě nemocné (LDN)",0,0,120,0,0,0,0,0,0,0,43739
2015,"Nemocnice Mariánské Lázně s.r.o.","26376709","41191000","CZ0411","Nemocnice následné (ošetřovatelské) péče",0,0,57,37,0,0,0,0,0,0,20797
2015,"Nemocnice Milosrdných bratří, p.o.","48512478","72048000","CZ0642","Nemocnice",205,18,0,0,0,0,0,0,61630,4992,0
2015,"Nemocnice Milosrdných bratří, p.o.","48512478","72052000","CZ0642","Léčebna pro dlouhodobě nemocné (LDN)",0,0,243,0,0,0,0,0,0,0,83567
2015,"Nemocnice Měšice - CIOP, z.s.","65401921","28004000","CZ0209","Nemocnice následné (ošetřovatelské) péče",0,0,0,80,0,0,0,0,0,0,40651
2015,"Nemocnice Na Františku","00879444","01003000","CZ0100","Nemocnice",132,17,0,0,0,0,0,0,30030,3096,0
2015,"Nemocnice Na Františku","00879444","01311000","CZ0100","Léčebna pro dlouhodobě nemocné (LDN)",0,0,26,0,0,0,0,0,0,0,7713
2015,"Nemocnice Na Homolce","00023884","05004000","CZ0100","Fakultní nemocnice",228,129,0,0,0,0,0,0,57731,35822,0
2015,"Nemocnice Na Pleši s.r.o.","27207064","30006000","CZ020B","Nemocnice",40,4,0,0,0,0,0,0,9227,50,0
2015,"Nemocnice Na Pleši s.r.o.","27207064","30522000","CZ020B","Odborné léčebné ústavy",0,0,0,0,105,0,0,0,0,0,33289
2015,"Nemocnice Na Pleši s.r.o.","27207064","30605000","CZ020B","Nemocnice následné (ošetřovatelské) péče",0,0,0,70,0,0,0,0,0,0,17127
2015,"Nemocnice Nové Město na Moravě, p. o.","00842001","84231000","CZ0635","Nemocnice",348,31,0,0,0,0,0,0,84360,8201,0
2015,"Nemocnice Nové Město na Moravě, p. o.","00842001","84425000","CZ0635","Léčebna pro dlouhodobě nemocné (LDN)",0,0,70,0,0,0,0,0,0,0,21900
2015,"Nemocnice Nymburk s.r.o.","28762886","27001000","CZ0208","Nemocnice",139,11,0,0,0,0,0,0,37562,2816,0
2015,"Nemocnice Nymburk s.r.o.","28762886","27017000","CZ0208","Nemocnice následné (ošetřovatelské) péče",0,0,0,0,20,0,0,0,,,
2015,"Nemocnice Ostrov s.r.o.","47714913","42010000","CZ0412","Nemocnice",182,7,0,0,0,0,30,20,38273,2006,13987
2015,"Nemocnice Ostrov s.r.o.","47714913","42452000","CZ0412","Léčebna pro dlouhodobě nemocné (LDN)",0,0,57,0,0,0,0,0,0,0,19480
2015,"Nemocnice Pardubického kraje, a.s.","27520536","62001000","CZ0531","Nemocnice",249,29,0,0,0,0,10,0,61024,6665,2954
2015,"Nemocnice Pardubického kraje, a.s.","27520536","62002000","CZ0531","Léčebna pro dlouhodobě nemocné (LDN)",0,0,89,0,0,0,0,10,0,0,27053
2015,"Nemocnice Pardubického kraje, a.s.","27520536","65001000","CZ0532","Nemocnice",788,78,0,0,0,0,0,0,169274,15681,0
2015,"Nemocnice Pardubického kraje, a.s.","27520536","65361000","CZ0532","Léčebna pro dlouhodobě nemocné (LDN)",0,0,66,0,0,0,0,0,0,0,18321
2015,"Nemocnice Pardubického kraje, a.s.","27520536","68001000","CZ0533","Nemocnice",269,14,0,0,0,0,0,0,58862,3838,0
2015,"Nemocnice Pardubického kraje, a.s.","27520536","68002000","CZ0533","Nemocnice",187,20,0,0,0,0,0,0,44480,5174,0
2015,"Nemocnice Pardubického kraje, a.s.","27520536","68011000","CZ0533","Léčebna pro dlouhodobě nemocné (LDN)",0,0,23,0,0,0,0,0,0,0,8860
2015,"Nemocnice Pardubického kraje, a.s.","27520536","68012000","CZ0533","Léčebna pro dlouhodobě nemocné (LDN)",0,0,40,0,0,0,0,0,0,0,12199
2015,"Nemocnice Pardubického kraje, a.s.","27520536","70001000","CZ0534","Nemocnice",306,26,0,0,0,0,0,0,70523,6973,0
2015,"Nemocnice Pelhřimov, příspěvková org.","00511951","35001000","CZ0633","Nemocnice",271,23,0,0,0,0,0,0,66725,6082,0
2015,"Nemocnice Pelhřimov, příspěvková org.","00511951","35040000","CZ0633","Léčebna pro dlouhodobě nemocné (LDN)",0,0,46,0,0,0,0,0,0,0,15023
2015,"Nemocnice Počátky, s.r.o.","26216701","35043000","CZ0633","Léčebna pro dlouhodobě nemocné (LDN)",0,0,120,0,0,0,0,0,0,0,37509
2015,"Nemocnice Prachatice, a.s.","26095165","37101000","CZ0315","Nemocnice",127,9,0,0,0,0,0,0,32504,2840,0
2015,"Nemocnice Písek, a.s.","26095190","36101000","CZ0314","Nemocnice",314,44,0,0,0,0,0,5,65505,8935,2683
2015,"Nemocnice Písek, a.s.","26095190","36102000","CZ0314","Léčebna pro dlouhodobě nemocné (LDN)",0,0,36,0,0,0,0,0,0,0,11927
2015,"Nemocnice Roudnice nad Labem s.r.o.","25443801","55039000","CZ0423","Nemocnice",135,8,0,0,0,0,0,0,23828,1847,0
2015,"Nemocnice Roudnice nad Labem s.r.o.","25443801","55040000","CZ0423","Léčebna pro dlouhodobě nemocné (LDN)",0,0,43,0,0,0,0,0,0,0,14342
2015,"Nemocnice Roudnice nad Labem s.r.o.","25443801","55044000","CZ0423","Nemocnice následné (ošetřovatelské) péče",0,0,0,28,0,0,0,0,0,0,7403
2015,"Nemocnice Rudolfa a Stefanie Benešov,a.s","27253236","20101000","CZ0201","Nemocnice",298,31,0,58,0,0,0,0,70159,6975,19762
2015,"Nemocnice Sokolov s.r.o.","24747246","48008000","CZ0413","Nemocnice",223,29,0,0,0,0,0,0,58365,7962,0
2015,"Nemocnice Sokolov s.r.o.","24747246","48009000","CZ0413","Léčebna pro dlouhodobě nemocné (LDN)",0,0,50,0,0,0,0,0,0,0,18347
2015,"Nemocnice Strakonice, a.s.","26095181","38001000","CZ0316","Nemocnice",245,20,0,0,0,0,0,0,54509,4957,0
2015,"Nemocnice Strakonice, a.s.","26095181","38005001","CZ0316","Léčebna pro dlouhodobě nemocné (LDN)",0,0,36,0,0,0,0,5,0,0,14908
2015,"Nemocnice Sv. Kříže Žižkov, s.r.o.","47124733","03324000","CZ0100","Nemocnice následné (ošetřovatelské) péče",0,0,0,67,0,0,0,0,0,0,18930
2015,"Nemocnice Sv. Kříže Žižkov, s.r.o.","47124733","03325000","CZ0100","Samostatné lůžkové zařízení s péčí DIP, NIOP, NIP",0,0,0,0,0,0,0,10,0,0,2271
2015,"Nemocnice TGM Hodonín, příspěvková org.","00226637","75001000","CZ0645","Nemocnice",133,24,0,0,0,0,0,0,37011,7699,0
2015,"Nemocnice TGM Hodonín, příspěvková org.","00226637","75008000","CZ0645","Nemocnice následné (ošetřovatelské) péče",0,0,0,43,0,0,0,0,0,0,10900
2015,"Nemocnice Tanvald, s. r. o.","63145766","53208000","CZ0512","Nemocnice následné (ošetřovatelské) péče",0,0,0,35,0,0,15,8,0,0,20711
2015,"Nemocnice Tanvald, s.r.o","63145766","53286000","CZ0512","Nemocnice",18,3,0,0,0,0,0,0,5644,620,0
2015,"Nemocnice Tišnov, příspěvková organizace","44947909","73005000","CZ0643","Sdružení ambulantních zařízení",25,0,0,0,0,0,0,0,6629,0,0
2015,"Nemocnice Tišnov,příspěvková organizace","44947909","73007000","CZ0643","Léčebna pro dlouhodobě nemocné (LDN)",0,0,70,0,0,0,0,0,0,0,24133
2015,"Nemocnice Tábor, a.s.","26095203","39001000","CZ0317","Nemocnice",366,31,0,0,0,0,0,0,99423,8629,0
2015,"Nemocnice Tábor, a.s.","26095203","39007000","CZ0317","Léčebna pro dlouhodobě nemocné (LDN)",0,0,69,0,0,0,0,0,0,0,23422
2015,"Nemocnice Třebotov a.s.","28061543","29003000","CZ020A","Léčebna pro dlouhodobě nemocné (LDN)",0,0,58,0,0,0,0,0,0,0,18583
2015,"Nemocnice Třebíč, příspěvková organizace","00839396","79001000","CZ0634","Nemocnice",386,36,0,0,0,0,0,0,95705,9329,0
2015,"Nemocnice Třebíč, příspěvková organizace","00839396","79003000","CZ0634","Nemocnice následné (ošetřovatelské) péče",0,0,104,0,0,0,0,5,0,0,36277
2015,"Nemocnice Třinec, příspěvková organizace","00534242","86102000","CZ0802","Nemocnice",300,31,0,20,0,0,0,0,79825,8106,2075
2015,"Nemocnice Valtice s.r.o.","63488329","74021000","CZ0644","Léčebna pro dlouhodobě nemocné (LDN)",0,0,164,0,0,0,0,0,0,0,53171
2015,"Nemocnice Varnsdorf- LDN","49888498","51303000","CZ0421","Léčebna pro dlouhodobě nemocné (LDN)",0,0,100,0,0,0,0,0,0,0,36134
2015,"Nemocnice Volyně s.r.o.","25155946","38033001","CZ0316","Léčebna pro dlouhodobě nemocné (LDN)",0,0,66,0,0,0,0,0,0,0,13512
2015,"Nemocnice Vrchlabí, s.r.o.","64827232","69003000","CZ0525","Nemocnice",54,5,0,0,0,0,8,0,10889,1832,4803
2015,"Nemocnice Vrchlabí, s.r.o.","64827232","69008000","CZ0525","Nemocnice následné (ošetřovatelské) péče",0,0,0,35,0,0,0,0,0,0,10819
2015,"Nemocnice Vršovice a.s.","28971906","10693000","CZ0100","Odborné léčebné ústavy",0,0,0,0,20,0,0,0,0,0,6874
2015,"Nemocnice Vršovice a.s.","28971906","10706000","CZ0100","Samostatné lůžkové zařízení s péčí DIP, NIOP, NIP",0,0,0,0,0,0,10,0,0,0,5526
2015,"Nemocnice Vršovice a.s.","28971906","10714000","CZ0100","Nemocnice",16,4,0,0,0,0,0,0,591,128,0
2015,"Nemocnice Vyškov, příspěvková organizace","00839205","81001000","CZ0646","Nemocnice",285,25,0,0,0,0,0,0,92702,7708,0
2015,"Nemocnice Vyškov, příspěvková organizace","00839205","81065000","CZ0646","Léčebna pro dlouhodobě nemocné (LDN)",0,0,90,0,0,0,0,0,0,0,28580
2015,"Nemocnice Znojmo,příspěvková organizace","00092584","83001000","CZ0647","Nemocnice",442,33,0,0,0,0,0,0,105803,7936,0
2015,"Nemocnice Znojmo,příspěvková organizace","00092584","83002000","CZ0647","Léčebna pro dlouhodobě nemocné (LDN)",0,0,115,0,0,0,0,0,0,0,38978
2015,"Nemocnice následné péče Moravská Třebová","00193895","68013000","CZ0533","Léčebna pro dlouhodobě nemocné (LDN)",0,0,80,0,0,0,0,0,0,0,24479
2015,"Nemocnice následné péče Praha s.r.o.","45789924","06408000","CZ0100","Léčebna pro dlouhodobě nemocné (LDN)",0,0,40,20,0,0,0,0,0,0,19487
2015,"Nemocnice následné péče Praha s.r.o.","45789924","06610000","CZ0100","Odborné léčebné ústavy",0,0,0,0,20,0,0,0,0,0,6563
2015,"Nemocnice následné péče Svatá Anna,s.r.o","26360896","49008000","CZ0327","Léčebna pro dlouhodobě nemocné (LDN)",0,0,90,0,0,0,0,0,0,0,23402
2015,"Nemocnice následné péče VIA, s.r.o.","02390221","51262000","CZ0421","Léčebna pro dlouhodobě nemocné (LDN)",0,0,100,0,0,0,0,0,0,0,40513
2015,"Nemocnice následné péče s pol. Lom. n/P","00854875","67130000","CZ0514","Léčebna pro dlouhodobě nemocné (LDN)",0,0,0,59,0,0,0,0,0,0,22867
2015,"Nemocnice s poliklinikou Česká Lípa a.s.","27283518","50292000","CZ0511","Léčebna pro dlouhodobě nemocné (LDN)",0,0,122,0,0,0,0,0,0,0,46468
2015,"Nemocnice s poliklinikou Česká Lípa,a.s.","27283518","50100000","CZ0511","Nemocnice",315,32,0,0,0,0,0,6,67973,8260,1246
2015,"Nemocnice sv. Alžběty Na Slupi, s.r.o.","07579969","02259000","CZ0100","Léčebna pro dlouhodobě nemocné (LDN)",0,0,89,0,0,0,0,0,0,0,34200
2015,"Nemocnice sv.Zdislavy,a.s.","25542681","84427000","CZ0635","Nemocnice",40,6,0,0,0,0,0,0,12376,1462,0
2015,"Nemocnice sv.Zdislavy,a.s.","25542681","84428000","CZ0635","Léčebna pro dlouhodobě nemocné (LDN)",0,0,80,0,0,0,0,0,0,0,24146
2015,"Nemocnice u Sv. Jiří s. r. o.","49786954","44613000","CZ0323","Nemocnice",15,5,0,0,0,0,0,0,1429,699,0
2015,"Nemocnice ve Frýdku-Místku, přís. organ.","00534188","86101000","CZ0802","Nemocnice",343,34,0,32,0,0,0,0,89212,10131,7401
2015,"Nemocnice ve Frýdku-Místku, přís. organ.","00534188","86101200","CZ0802","Léčebna pro dlouhodobě nemocné (LDN)",0,0,60,0,0,0,0,0,0,0,2558
2015,"Nemocnice České Budějovice, a.s.","26068877","32006000","CZ0311","Nemocnice",994,171,0,0,0,0,0,0,248498,36342,0
2015,"Nemocnice České Budějovice, a.s.","26068877","32067000","CZ0311","Léčebna pro dlouhodobě nemocné (LDN)",0,0,229,0,0,0,0,0,0,0,72016
2015,"Nemocnice České Budějovice, a.s.","26068877","32070000","CZ0311","Odborné léčebné ústavy",0,0,0,0,50,0,0,0,0,0,8286
2015,"Nemocnice Český Brod s.r.o.","27161838","23333000","CZ0204","Léčebna pro dlouhodobě nemocné (LDN)",0,0,60,61,0,0,0,10,0,0,21469
2015,"Nemocnice Český Krumlov, a.s.","26095149","33100000","CZ0312","Nemocnice",144,14,0,0,0,0,0,0,41298,3793,0
2015,"Nemocnice Český Krumlov, a.s.","26095149","33103000","CZ0312","Léčebna pro dlouhodobě nemocné (LDN)",0,0,88,0,0,0,0,0,0,0,28253
2015,"Nemocnice Šumperk a.s.","47682795","93008000","CZ0715","Nemocnice následné (ošetřovatelské) péče",0,0,0,57,0,0,0,0,0,0,19852
2015,"Nemocnice Šumperk a.s.","47682795","93201000","CZ0715","Nemocnice",347,31,0,0,0,0,0,0,84824,7075,0
2015,"Nemocnice Žatec, o.p.s.","25026259","56007000","CZ0424","Nemocnice",127,11,0,0,0,0,0,0,29879,1877,0
2015,"Nemocnice Žatec, o.p.s. - LDN","25026259","56010000","CZ0424","Léčebna pro dlouhodobě nemocné (LDN)",0,0,50,0,0,0,0,0,0,0,14282
2015,"Neurologie, s.r.o. - léč. dlouh. nem.","49900391","51276000","CZ0421","Odborné léčebné ústavy",0,0,20,0,0,0,0,0,0,0,7035
2015,"Národní ústav duševního zdraví","00023752","08002000","CZ0209","Nemocnice",55,0,0,0,0,0,0,0,12309,0,0
2015,"OB klinika a.s.","28892950","03336000","CZ0100","Nemocnice",12,0,0,0,0,0,0,0,883,0,0
2015,"OLÚ Metylovice-Moravskosl. sanator.,p.o.","00534200","86404000","CZ0802","Odborné léčebné ústavy",0,0,0,0,62,0,0,0,0,0,10470
2015,"ORTHES, spol. s r.o.","60718048","94125000","CZ0723","Nemocnice",10,3,0,0,0,0,0,0,3123,555,0
2015,"ORTO - REHA, s.r.o.","29032806","08439000","CZ0100","Nemocnice",20,0,0,0,0,0,0,0,6069,0,0
2015,"OSMED Group s.r.o.","27828930","91100870","CZ0806","Nemocnice následné (ošetřovatelské) péče",0,0,0,80,0,0,0,0,0,0,1363
2015,"Oblastní charita ČK - HOSPIC A. České","48623814","64306000","CZ0523","LZ hospicového typu poskytující paliativní péči",0,0,0,0,0,30,0,0,0,0,8517
2015,"Oblastní charita Červený Kostelec","48623814","69007000","CZ0525","Nemocnice následné (ošetřovatelské) péče",0,0,0,28,0,0,0,0,0,0,7445
2015,"Oblastní nemocnice Jičín a.s.","26001551","63101000","CZ0522","Nemocnice",340,22,0,0,0,0,0,0,85823,6947,0
2015,"Oblastní nemocnice Jičín a.s.","26001551","63112000","CZ0521","Léčebna pro dlouhodobě nemocné (LDN)",0,0,95,51,0,0,0,0,0,0,46296
2015,"Oblastní nemocnice Kladno, a.s.,","27256537","22101000","CZ0203","Nemocnice",474,57,0,0,0,0,0,0,123873,16413,0
2015,"Oblastní nemocnice Kolín, a.s.","27256391","23100000","CZ0204","Odborné léčebné ústavy",0,0,0,0,20,0,0,0,0,0,5337
2015,"Oblastní nemocnice Kolín, a.s.","27256391","23101000","CZ0204","Nemocnice",557,53,0,0,0,0,0,0,128192,15771,0
2015,"Oblastní nemocnice Kolín, a.s.","27256391","23200000","CZ0205","Léčebna pro dlouhodobě nemocné (LDN)",0,0,82,0,0,0,0,0,0,0,30909
2015,"Oblastní nemocnice Mladá Boleslav, a. s.","27256456","26001000","CZ0207","Nemocnice",433,58,0,0,0,0,0,0,96650,14937,0
2015,"Oblastní nemocnice Mladá Boleslav, a.s.","27256456","26012000","CZ0207","Léčebna pro dlouhodobě nemocné (LDN)",0,0,128,0,0,0,0,0,0,0,39315
2015,"Oblastní nemocnice Náchod a.s.","26000202","64001000","CZ0523","Nemocnice",587,40,0,0,0,0,0,0,128410,12341,0
2015,"Oblastní nemocnice Náchod a.s.","26000202","64007000","CZ0523","Léčebna pro dlouhodobě nemocné (LDN)",0,0,83,130,0,0,0,0,0,0,62013
2015,"Oblastní nemocnice Příbram, a. s.","27085031","30601000","CZ020B","Nemocnice následné (ošetřovatelské) péče",0,0,0,30,0,0,0,0,0,0,9112
2015,"Oblastní nemocnice Příbram, a. s.","27085031","30602000","CZ020B","Léčebna pro dlouhodobě nemocné (LDN)",0,0,30,0,0,0,0,0,0,0,9419
2015,"Oblastní nemocnice Příbram, a.s.","27085031","30531000","CZ020B","Nemocnice",335,36,0,0,0,0,0,0,85082,9697,0
2015,"Oblastní nemocnice Trutnov a.s.","26000237","69001000","CZ0525","Nemocnice",281,19,0,0,0,0,0,0,66847,4829,0
2015,"Oblastní spolek ČČK Mladá Boleslav","00425788","26014000","CZ0207","Nemocnice následné (ošetřovatelské) péče",0,0,0,15,0,0,0,0,0,0,8011
2015,"Odborný léčebný ústav Jevíčko","00193976","68005000","CZ0533","Odborné léčebné ústavy",0,0,0,0,176,0,0,0,0,0,60576
2015,"Odborný léčebný ústav Paseka, p.o.","00849081","89723000","CZ0712","Odborné léčebné ústavy",0,0,229,60,126,0,0,0,0,0,132503
2015,"Olivova dětská léčebna, o.p.s.","25689371","28005000","CZ0209","Odborné léčebné ústavy",0,0,0,0,64,0,0,0,0,0,21644
2015,"Ošetřovatelská lůžka","05212146","31110000","CZ020C","Nemocnice následné (ošetřovatelské) péče",0,0,0,26,0,0,0,0,0,0,6666
2015,"PATEB s.r.o.","26940281","79591000","CZ0634","Odborné léčebné ústavy",0,0,0,0,45,0,0,0,0,0,20403
2015,"PP Hospitals, s.r.o.","26085011","28002000","CZ0209","Nemocnice",40,6,0,0,0,0,0,0,9113,2264,0
2015,"PP Hospitals, s.r.o.","26085011","28660000","CZ0209","Léčebna pro dlouhodobě nemocné (LDN)",0,0,80,0,0,0,0,0,0,0,26663
2015,"PRIVAMED a.s.","46885251","44103000","CZ0323","Nemocnice",155,12,0,0,0,0,0,0,36513,2064,0
2015,"PRIVAMED a.s.","46885251","44106000","CZ0323","Léčebna pro dlouhodobě nemocné (LDN)",0,0,190,0,0,0,0,10,0,0,93790
2015,"PRVNÍ PRIVÁTNÍ CHIRURGICKÉ CENTRUM spol.","49813692","61303000","CZ0521","Nemocnice",47,8,0,0,0,0,0,0,7572,627,0
2015,"Poliklinika Prosek a.s.","28495306","09362000","CZ0100","Nemocnice následné (ošetřovatelské) péče",0,0,0,20,0,0,0,0,0,0,8784
2015,"Poličská nemocnice, s.r.o.","25296094","68019000","CZ0533","Léčebna pro dlouhodobě nemocné (LDN)",0,0,120,0,0,0,0,0,0,0,45930
2015,"Psychiatric. nemocnice Marianny Oranžské","00851388","95020000","CZ0711","Odborné léčebné ústavy",0,0,0,0,150,0,0,0,0,0,45580
2015,"Psychiatrická léčebna Lnáře","00668168","38002000","CZ0316","Odborné léčebné ústavy",0,0,0,0,70,0,0,0,0,0,25692
2015,"Psychiatrická léčebna Petrohrad, p.o.","00829137","56005000","CZ0424","Odborné léčebné ústavy",0,0,0,0,130,0,0,0,0,0,47223
2015,"Psychiatrická léčebna Červený Dvůr","00583600","33200000","CZ0312","Odborné léčebné ústavy",0,0,0,0,103,0,0,0,0,0,35443
2015,"Psychiatrická léčebna Šternberk","00843954","89303000","CZ0712","Odborné léčebné ústavy",0,0,0,0,502,0,0,0,0,0,142995
2015,"Psychiatrická nemocnice Bohnice","00064220","08005000","CZ0100","Odborné léčebné ústavy",30,0,0,0,1193,0,0,0,9931,0,395265
2015,"Psychiatrická nemocnice Bohnice","00064220","08279000","CZ0100","Léčebna pro dlouhodobě nemocné (LDN)",0,0,63,0,0,0,0,0,0,0,22568
2015,"Psychiatrická nemocnice Brno","00160105","72935000","CZ0642","Odborné léčebné ústavy",0,0,0,0,761,0,0,0,0,0,232391
2015,"Psychiatrická nemocnice Havlíčkův Brod","00179230","60006000","CZ0631","Odborné léčebné ústavy",0,0,0,0,710,0,0,0,0,0,211497
2015,"Psychiatrická nemocnice Horní Beřkovice","00673552","55024000","CZ0423","Odborné léčebné ústavy",0,0,0,0,507,0,0,0,0,0,168971
2015,"Psychiatrická nemocnice Jihlava","00600601","76021000","CZ0632","Odborné léčebné ústavy",0,0,0,0,520,0,0,0,0,0,152283
2015,"Psychiatrická nemocnice Kosmonosy","00068691","26003000","CZ0207","Odborné léčebné ústavy",0,0,0,0,603,0,0,0,0,0,175549
2015,"Psychiatrická nemocnice Písek a.s.","28092732","36896000","CZ0314","Odborné léčebné ústavy",0,0,0,0,81,0,0,0,0,0,22226
2015,"Psychiatrická nemocnice v Dobřanech","00669792","45901000","CZ0324","Odborné léčebné ústavy",0,0,0,0,1210,0,0,0,0,0,331604
2015,"Psychiatrická nemocnice v Kroměříži","00567914","77951000","CZ0721","Odborné léčebné ústavy",0,0,0,0,995,0,0,0,0,0,303960
2015,"Psychiatrická nemocnice v Opavě","00844004","90224000","CZ0805","Odborné léčebné ústavy",0,0,0,0,863,0,0,0,0,0,292478
2015,"REHAMEDICA Žacléř, a.s.","08208778","69009000","CZ0525","Nemocnice následné (ošetřovatelské) péče",0,0,0,50,0,0,0,0,0,0,23624
2015,"RHG spol. s r. o.","61852287","29004000","CZ020A","Léčebna pro dlouhodobě nemocné (LDN)",0,0,0,77,0,0,0,0,0,0,26258
2015,"RHG spol. s.r.o.","61852287","25211000","CZ0206","Nemocnice následné (ošetřovatelské) péče",0,0,0,132,0,0,0,0,0,0,41270
2015,"Rehabilit.ústav pro cévní choroby mozk.","49813447","60190000","CZ0631","Odborné léčebné ústavy",0,0,0,0,39,0,0,0,0,0,14182
2015,"Rehabilitační centrum Čeladná s.r.o.","25868951","86110000","CZ0802","Odborné léčebné ústavy",0,0,0,0,221,0,0,0,0,0,65902
2015,"Rehabilitační ústav Brandýs nad Orlicí","00853879","70012000","CZ0534","Odborné léčebné ústavy",0,0,0,0,150,0,0,0,0,0,51851
2015,"Rehabilitační ústav Hrabyně","00601233","90158000","CZ0805","Odborné léčebné ústavy",0,0,0,0,388,0,0,0,0,0,129925
2015,"Rehabilitační ústav Kladruby","00068705","20105000","CZ0201","Odborné léčebné ústavy",0,0,0,0,250,0,0,0,0,0,82876
2015,"Revmatologický ústav","00023728","02001000","CZ0100","Fakultní nemocnice",50,0,0,0,0,0,0,0,12156,0,0
2015,"Rokycanská nemocnice,  a.s.","26360900","47113000","CZ0326","Nemocnice následné (ošetřovatelské) péče",0,0,0,30,0,0,0,0,0,0,1938
2015,"Rokycanská nemocnice, a.s.","26360900","47101000","CZ0326","Nemocnice",108,9,0,0,0,0,0,0,29167,1451,0
2015,"SANATORIUM EDEL s.r.o.","49609599","95683000","CZ0711","Odborné léčebné ústavy",0,0,0,0,93,0,0,0,0,0,23954
2015,"SENIOR CZ, s.r.o.","25413244","59314000","CZ0427","Odborné léčebné ústavy",0,0,0,0,30,0,0,0,0,0,10789
2015,"SOaL okresu Trutnov","00195201","69034000","CZ0525","Odborné léčebné ústavy",0,0,0,0,159,0,0,0,0,0,52778
2015,"SOaL okresu Trutnov","00195201","69034002","CZ0525","Odborné léčebné ústavy",0,0,0,0,30,0,0,0,0,0,6293
2015,"Sanatorium Jablunkov, a.s.","27835545","86113000","CZ0802","Léčebna pro dlouhodobě nemocné (LDN)",0,0,28,30,105,0,0,0,0,0,46078
2015,"Sanatorium Kochova s.r.o.","02402106","87070000","CZ0803","Nemocnice následné (ošetřovatelské) péče",0,0,0,60,0,0,0,0,0,0,24717
2015,"Sdružené zdravotnické zařízení Krnov,p.o","00844641","85600000","CZ0801","Nemocnice",270,29,0,0,0,0,0,8,64697,6993,987
2015,"Sdružené zdravotnické zařízení Krnov,p.o","00844641","85780000","CZ0801","Léčebna pro dlouhodobě nemocné (LDN)",0,0,45,150,25,0,0,0,0,0,58674
2015,"Slezská nemocnice v Opavě, příspěv. org.","47813750","90001000","CZ0805","Nemocnice",443,44,0,0,0,0,0,0,105464,11542,0
2015,"Slezská nemocnice v Opavě, příspěv. org.","47813750","90604000","CZ0805","Léčebna pro dlouhodobě nemocné (LDN)",0,0,48,0,0,0,0,0,0,0,17358
2015,"Soc. a zdravotní centrum Letiny s.r.o.","63504502","44109000","CZ0324","Nemocnice následné (ošetřovatelské) péče",0,0,0,30,0,0,0,0,0,0,9720
2015,"Stodská nemocnice, a.s.","26361086","45001000","CZ0324","Nemocnice",120,8,0,0,0,0,0,0,25442,1965,0
2015,"Stodská nemocnice, a.s. - LDN","26361086","45002000","CZ0324","Léčebna pro dlouhodobě nemocné (LDN)",0,0,57,0,0,0,0,0,0,0,16470
2015,"Státní léčebné lázně Janské Lázně, s.p.","00024007","69022000","CZ0525","Odborné léčebné ústavy",0,0,0,0,140,0,0,0,0,0,46233
2015,"SurGal Clinic s.r.o.","46965033","72186000","CZ0642","Nemocnice",60,6,0,0,0,0,22,0,11008,2283,6210
2015,"Sušická nemocnice s.r.o.","08176302","43010000","CZ0322","Nemocnice",40,8,65,0,0,0,0,0,14549,1660,20410
2015,"THERÁPON 98, a. s.","25399195","88012000","CZ0804","Léčebna pro dlouhodobě nemocné (LDN)",0,0,41,0,0,0,0,0,0,0,14416
2015,"TRN - Léčebna v Mirošově - Janově","00669784","47102000","CZ0326","Odborné léčebné ústavy",0,0,0,0,130,0,0,0,0,0,36919
2015,"TŘI, z.ú.","18623433","20121000","CZ0201","LZ hospicového typu poskytující paliativní péči",0,0,0,0,0,30,0,0,0,0,7142
2015,"Uherskohradišťská nemocnice a.s.","27660915","80001000","CZ0722","Nemocnice",442,44,0,0,0,0,10,0,115733,10922,3754
2015,"Uherskohradišťská nemocnice a.s.","27660915","80003000","CZ0722","Léčebna pro dlouhodobě nemocné (LDN)",0,0,83,30,0,0,0,0,0,0,39626
2015,"Vazební věznice a ÚpVZD Brno","00212423","72046000","CZ0642","Nemocnice",65,0,0,0,0,0,0,0,11609,0,0
2015,"Vazební věznice a ÚpVZD Brno","00212423","72059000","CZ0642","Nemocnice následné (ošetřovatelské) péče",0,0,0,48,0,0,0,0,0,0,4053
2015,"Vojenská nemocnice Brno","60555530","72037000","CZ0642","Nemocnice",192,20,0,0,0,0,0,0,48923,4811,0
2015,"Vojenská nemocnice Olomouc","60800691","89382000","CZ0712","Léčebna pro dlouhodobě nemocné (LDN)",0,0,23,0,0,0,0,0,0,0,4850
2015,"Vojenská nemocnice Olomouc","60800691","89903000","CZ0712","Nemocnice",202,15,0,0,0,0,10,0,44380,3511,1343
2015,"Vojenský rehabilitační ústav","00000582","29005000","CZ020A","Odborné léčebné ústavy",0,0,0,0,150,0,0,0,0,0,53256
2015,"Vsetínská nemocnice a.s.","26871068","94101000","CZ0723","Nemocnice",239,20,0,0,0,0,0,0,50766,5093,0
2015,"Vsetínská nemocnice a.s.","26871068","94210000","CZ0723","Léčebna pro dlouhodobě nemocné (LDN)",0,0,85,0,0,0,0,0,0,0,31426
2015,"Vysokomýtská nemocnice","71207856","70052000","CZ0534","Léčebna pro dlouhodobě nemocné (LDN)",0,0,120,0,0,0,0,0,0,0,37626
2015,"Vysočinské nemocnice s.r.o.","25257005","60224000","CZ0633","Léčebna pro dlouhodobě nemocné (LDN)",0,0,177,15,70,0,0,0,0,0,71865
2015,"Všeobecná fakultní nemocnice v Praze","00064165","02004000","CZ0100","Fakultní nemocnice",1205,229,0,19,0,0,0,0,263090,55878,3204
2015,"Všeobecná fakultní nemocnice v Praze","00064165","02276000","CZ0100","Odborné léčebné ústavy",0,0,0,0,66,0,0,0,0,0,15903
2015,"Všeobecná fakultní nemocnice v Praze","00064165","02405000","CZ0100","Odborné léčebné ústavy",0,0,0,0,20,0,0,0,0,0,1134
2015,"Zařízení následné reh. a hosp. péče,p.o.","69979821","42441000","CZ0412","Léčebna pro dlouhodobě nemocné (LDN)",0,0,80,0,0,0,0,0,0,0,26162
2015,"ÚVN-Vojenská fakultní nemocnice Praha","61383082","06051000","CZ0100","Fakultní nemocnice",467,68,0,28,0,0,0,0,114911,18206,5617
2015,"ÚVN-Vojenská fakultní nemocnice Praha","61383082","06419000","CZ0100","Odborné léčebné ústavy",0,0,0,0,14,0,0,0,0,0,3677
2015,"ÚVN-Vojenská fakultní nemocnice Praha","61383082","06530000","CZ0100","Léčebna pro dlouhodobě nemocné (LDN)",0,0,26,0,0,0,0,0,0,0,7777
2015,"ÚVN-Vojenská fakultní nemocnice Praha","61383082","06566000","CZ0100","Samostatné lůžkové zařízení s péčí DIP, NIOP, NIP",0,0,0,0,0,0,0,14,0,0,884
2015,"Úrazová nemocnice v Brně","00209813","72933000","CZ0642","Nemocnice",121,23,0,0,0,0,0,0,39391,8001,0
2015,"Úrazová nemocnice v Brně","00209813","72933950","CZ0642","Odborné léčebné ústavy",0,0,0,0,30,0,0,0,0,0,8730
2015,"Ústav chirurgie ruky a plast. chirurgie","00193011","67711000","CZ0514","Nemocnice",52,0,0,0,0,0,0,0,10038,0,0
2015,"Ústav hematologie a krevní transfuze","00023736","02002000","CZ0100","Fakultní nemocnice",16,21,0,0,0,0,0,0,5119,5303,0
2015,"Ústav pro péči o matku a dítě","00023698","04004000","CZ0100","Fakultní nemocnice",222,35,0,0,0,0,0,0,54548,12494,0
2015,"ČR, VS ČR, VV a ÚpVZD Praha Pankrác","00212423","04150000","CZ0100","Nemocnice",54,0,0,49,0,0,0,0,16541,0,1493
2015,"Českomoravská provincie Hospitálského ř.","44995776","82051000","CZ0724","Léčebna pro dlouhodobě nemocné (LDN)",0,0,65,0,0,0,0,0,0,0,20975
2017,"HVĚZDA z.ú.","70829560","82072000","CZ0724","LZ hospicového typu poskytující paliativní péči",0,0,0,0,0,14,0,0,0,0,3741
2017,"soft palm"" o. s.","01327216","14274000","CZ0100","LZ hospicového typu poskytující paliativní péči",0,0,0,0,0,30,0,0,0,0,6001
2017,"ADP - SANCO s.r.o.","27685934","78004000","CZ0713","Nemocnice následné (ošetřovatelské) péče",0,0,0,50,0,0,0,0,0,0,15771
2017,"AESKULAP spol. s r.o.","60913266","70006000","CZ0534","Léčebna pro dlouhodobě nemocné (LDN)",0,0,81,0,0,0,0,0,0,0,37963
2017,"AGEL Středomoravská nemocniční a.s.","27797660","78006000","CZ0713","Nemocnice",816,86,0,0,0,0,13,0,175387,20702,2137
2017,"AGEL Středomoravská nemocniční a.s.","27797660","78007000","CZ0713","Léčebna pro dlouhodobě nemocné (LDN)",0,0,197,0,0,0,0,0,0,0,65177
2017,"AHC Centrum následné péče Sedlec-Prčice","25579282","20110000","CZ020B","Léčebna pro dlouhodobě nemocné (LDN)",0,0,110,0,0,0,0,0,0,0,35909
2017,"AHC Centrum následné péče Trutnov s.r.o.","10913416","69006000","CZ0525","Nemocnice následné (ošetřovatelské) péče",0,0,0,30,0,0,0,0,0,0,11213
2017,"AHC Nemocnice Duchcov s.r.o.","61537713","58102000","CZ0426","Nemocnice",40,3,0,0,0,0,0,0,8302,390,0
2017,"AHC Nemocnice Duchcov s.r.o.","61537713","58535000","CZ0426","Nemocnice následné (ošetřovatelské) péče",0,0,0,68,0,0,0,0,0,0,26409
2017,"AHC Rehabilitační centrum Meziboří s.r.o","47283661","57541000","CZ0425","Nemocnice následné (ošetřovatelské) péče",0,0,0,0,46,0,0,0,0,0,15086
2017,"ALBERTINUM,odborný léčebný ústav,Žamberk","00196096","70008000","CZ0534","Odborné léčebné ústavy",0,0,0,0,106,0,0,0,0,0,37822
2017,"ALBERTINUM,odborný léčebný ústav,Žamberk","00196096","70058000","CZ0534","Léčebna pro dlouhodobě nemocné (LDN)",0,0,60,0,0,0,0,0,0,0,19813
2017,"ALMEDA, a.s.","25079174","25310000","CZ0206","Nemocnice",56,6,0,0,0,0,0,0,13264,1028,0
2017,"ALMEDA, a.s.","25079174","25312000","CZ0206","Samostatné lůžkové zařízení s péčí DIP, NIOP, NIP",0,0,0,0,0,0,15,12,0,0,13123
2017,"AMICA CENTRUM s.r.o.","18233392","41281000","CZ0411","Léčebna pro dlouhodobě nemocné (LDN)",0,0,0,120,0,0,0,0,0,0,44148
2017,"ANESAN, s.r.o.","61677540","23111000","CZ0204","Samostatné lůžkové zařízení s péčí DIP, NIOP, NIP",0,0,0,0,0,0,15,0,0,0,7506
2017,"AquaKlim, s. r. o.","27849562","91791100","CZ0806","Odborné léčebné ústavy",0,0,0,0,30,0,0,0,0,0,4680
2017,"BH - Nemocnice Vimperk a.s.","29015839","37105000","CZ0315","Léčebna pro dlouhodobě nemocné (LDN)",0,0,60,0,0,0,0,0,0,0,13430
2017,"Bohumínská městská nemocnice, a.s.","26834022","87003000","CZ0803","Nemocnice",57,9,60,15,0,0,0,0,11447,1256,9456
2017,"Bílovecká nemocnice, a.s.","26865858","88015000","CZ0804","Nemocnice",46,4,0,0,0,0,0,0,9183,868,0
2017,"Bílovecká nemocnice, a.s.","26865858","88016000","CZ0804","Léčebna pro dlouhodobě nemocné (LDN)",0,0,71,0,0,0,0,0,0,0,25210
2017,"CARVAC s.r.o.","63504260","41182000","CZ0411","Léčebna pro dlouhodobě nemocné (LDN)",0,0,0,90,0,0,0,0,0,0,34467
2017,"CNS-CENTRUM TŘINEC s.r.o.","26816407","86112000","CZ0802","Nemocnice",42,0,0,0,0,0,0,0,14203,0,0
2017,"Centrum kardiovaskulární a TCH Brno","00209775","72932000","CZ0642","Nemocnice",55,35,0,0,0,0,0,0,14025,10045,0
2017,"Centrum léčby pohybového aparátu, s.r.o.","26432471","09438000","CZ0100","Nemocnice",33,0,0,0,0,0,0,0,7720,0,0
2017,"Charita Ostrava - Hospic sv. Lukáše","44940998","91997300","CZ0806","LZ hospicového typu poskytující paliativní péči",0,0,0,0,0,30,0,0,0,0,8306
2017,"Chronicare s.r.o.","02989204","27019000","CZ0208","Samostatné lůžkové zařízení s péčí DIP, NIOP, NIP",0,0,0,0,0,0,16,0,0,0,5510
2017,"DOP - HC s.r.o.","26356589","48004000","CZ0413","Léčebna pro dlouhodobě nemocné (LDN)",0,0,82,0,0,0,0,0,0,0,27703
2017,"Diakonie Valašské Meziříčí","73632783","94203000","CZ0723","Nemocnice následné (ošetřovatelské) péče",0,0,0,8,0,15,0,0,0,0,6512
2017,"Diecézní charita Brno,OCH Rajhrad","44990260","73006000","CZ0643","LZ hospicového typu poskytující paliativní péči",0,0,0,0,0,50,0,0,0,0,13672
2017,"Dlouhodobá intenzivní oš. péče","05212146","31500000","CZ020C","Samostatné lůžkové zařízení s péčí DIP, NIOP, NIP",0,0,0,0,0,0,3,8,0,0,2252
2017,"Domažlická nemocnice, a.s.","26361078","40001000","CZ0321","Nemocnice",105,10,0,0,0,0,0,0,26114,2634,0
2017,"Domažlická nemocnice, a.s. - LDN","26361078","40501000","CZ0321","Léčebna pro dlouhodobě nemocné (LDN)",0,0,45,0,0,0,0,0,0,0,13355
2017,"Domov sv.Karla Boromejského","65400143","06353000","CZ0100","Léčebna pro dlouhodobě nemocné (LDN)",0,0,79,0,0,0,0,0,0,0,25015
2017,"Dopravní zdravotnictví a.s.","25903659","02368000","CZ0100","Léčebna pro dlouhodobě nemocné (LDN)",0,0,42,0,0,0,0,0,0,0,13292
2017,"Dětská odb.léčebna Ch.G.Masaryk,p.s.ČČK","42726646","30148000","CZ020B","Odborné léčebné ústavy",0,0,0,0,80,0,0,0,0,0,7572
2017,"Dětská psychiatrická nemocnice","00842052","84420000","CZ0635","Odborné léčebné ústavy",0,0,0,0,50,0,0,0,0,0,15930
2017,"Dětská psychiatrická nemocnice Louny","00831034","56004000","CZ0424","Odborné léčebné ústavy",0,0,0,0,50,0,0,0,0,0,13232
2017,"Dětská psychiatrická nemocnice Opařany","00667421","39801000","CZ0317","Odborné léčebné ústavy",0,0,0,0,110,0,0,0,0,0,27010
2017,"Dům klidného stáří, spol. s r.o.","26369427","48006000","CZ0413","Léčebna pro dlouhodobě nemocné (LDN)",0,0,30,0,0,0,0,0,0,0,9346
2017,"ETOILE CZ a.s.","28973976","10663000","CZ0100","Samostatné lůžkové zařízení s péčí DIP, NIOP, NIP",0,0,0,0,0,0,30,0,0,0,8971
2017,"EUC Klinika Zlín a.s.","60726636","82002000","CZ0724","Nemocnice",45,7,0,0,0,0,0,0,10379,953,0
2017,"Fakultní Thomayerova nemocnice","00064190","04005000","CZ0100","Nemocnice",712,76,0,0,0,0,0,0,160381,17845,0
2017,"Fakultní Thomayerova nemocnice","00064190","04679000","CZ0100","Léčebna pro dlouhodobě nemocné (LDN)",0,0,240,0,0,0,0,0,0,0,62997
2017,"Fakultní Thomayerova nemocnice","00064190","04775000","CZ0100","Odborné léčebné ústavy",0,0,0,0,35,0,0,0,0,0,7363
2017,"Fakultní nemocnice Brno","65269705","72100000","CZ0642","Fakultní nemocnice",1602,305,0,0,0,0,0,0,360091,73213,0
2017,"Fakultní nemocnice Bulovka","00064211","08006000","CZ0100","Nemocnice",796,99,0,0,0,0,0,0,177625,27021,0
2017,"Fakultní nemocnice Bulovka","00064211","08368000","CZ0100","Nemocnice následné (ošetřovatelské) péče",0,0,0,54,0,0,0,0,0,0,8776
2017,"Fakultní nemocnice Hradec Králové","00179906","61004000","CZ0521","Fakultní nemocnice",1110,185,0,0,0,0,0,0,273104,53162,0
2017,"Fakultní nemocnice Hradec Králové","00179906","61778000","CZ0521","Odborné léčebné ústavy",0,0,0,18,56,0,0,0,0,0,17688
2017,"Fakultní nemocnice Královské Vinohrady","00064173","10002000","CZ0100","Fakultní nemocnice",849,194,0,0,0,0,0,0,183972,39338,0
2017,"Fakultní nemocnice Královské Vinohrady","00064173","10433000","CZ0100","Léčebna pro dlouhodobě nemocné (LDN)",0,0,70,0,0,0,0,0,0,0,16112
2017,"Fakultní nemocnice Olomouc","00098892","89301000","CZ0712","Fakultní nemocnice",985,152,0,0,0,0,0,0,245698,41331,0
2017,"Fakultní nemocnice Ostrava","00843989","91009000","CZ0806","Fakultní nemocnice",905,204,0,0,0,0,0,0,218490,57863,0
2017,"Fakultní nemocnice Ostrava","00843989","91009888","CZ0805","Léčebna pro dlouhodobě nemocné (LDN)",0,0,140,0,0,0,0,0,0,0,44334
2017,"Fakultní nemocnice Plzeň","00669806","44101000","CZ0323","Fakultní nemocnice",1420,178,0,0,0,0,10,10,367039,48460,3853
2017,"Fakultní nemocnice Plzeň","00669806","44117000","CZ0323","Léčebna pro dlouhodobě nemocné (LDN)",0,0,75,0,0,0,0,0,0,0,25319
2017,"Fakultní nemocnice u sv. Anny v Brně","00159816","72001000","CZ0642","Fakultní nemocnice",652,125,0,0,0,0,4,0,148101,28262,702
2017,"Fakultní nemocnice u sv. Anny v Brně","00159816","72056000","CZ0642","Odborné léčebné ústavy",0,0,0,0,115,0,0,0,0,0,34030
2017,"Fakultní nemocnice v Motole","00064203","05002000","CZ0100","Fakultní nemocnice",1470,366,0,0,0,0,0,0,287870,98916,0
2017,"Fakultní nemocnice v Motole","00064203","05434000","CZ0100","Léčebna pro dlouhodobě nemocné (LDN)",0,0,361,0,0,0,0,0,0,0,108000
2017,"Fakultní nemocnice v Motole NIP,DIOP","00064203","05768000","CZ0100","Samostatné lůžkové zařízení s péčí DIP, NIOP, NIP",0,0,0,0,0,0,14,20,0,0,8680
2017,"GARC Kladno, s.r.o.,","27371794","22128000","CZ0203","Léčebna pro dlouhodobě nemocné (LDN)",0,0,112,0,40,0,0,0,0,0,47175
2017,"Gaudium Frýdek-Místek s.r.o.","26788799","86111000","CZ0802","Léčebna pro dlouhodobě nemocné (LDN)",0,0,0,60,0,0,0,0,0,0,18072
2017,"Gerontologické centrum","45250022","08299000","CZ0100","Léčebna pro dlouhodobě nemocné (LDN)",0,0,46,0,0,0,0,0,0,0,12124
2017,"GynCentrum, spol. s r.o.","45316783","09262000","CZ0100","Nemocnice",27,4,0,0,0,0,0,0,2740,308,0
2017,"HOSPIC Frýdek-Místek, p.o.","72046546","86114000","CZ0802","LZ hospicového typu poskytující paliativní péči",0,0,0,0,0,30,0,0,0,0,8144
2017,"HOSPIC v MOSTĚ, o.p.s.","25419561","57623000","CZ0425","LZ hospicového typu poskytující paliativní péči",0,0,0,15,0,0,0,0,0,0,3282
2017,"HOSPIC ŠTRASBURK o.p.s.","61383457","08277000","CZ0100","LZ hospicového typu poskytující paliativní péči",0,0,0,0,0,25,0,0,0,0,7876
2017,"Hamzova odborná léčebna pro děti a dosp.","00183024","62901000","CZ0531","Odborné léčebné ústavy",0,0,0,85,398,0,0,0,0,0,167674
2017,"Hornická NsP - LDN","61325422","58105000","CZ0426","Léčebna pro dlouhodobě nemocné (LDN)",0,0,75,0,0,0,0,0,0,0,29795
2017,"Hospic Chrudim z.ú.","26625385","62421000","CZ0531","LZ hospicového typu poskytující paliativní péči",0,0,0,0,0,27,0,0,0,0,11465
2017,"Hospic na Svatém Kopečku","73634671","89163000","CZ0712","LZ hospicového typu poskytující paliativní péči",0,0,0,0,0,30,0,0,0,0,8575
2017,"Hospic sv. Alžběty o.p.s.","26604582","72058000","CZ0642","LZ hospicového typu poskytující paliativní péči",0,0,0,0,0,20,0,0,0,0,6443
2017,"Hospic sv. Jana N. Neumanna, o.p.s.","70853517","37106000","CZ0315","LZ hospicového typu poskytující paliativní péči",0,0,0,0,0,30,0,0,0,0,6394
2017,"Hospic sv. Zdislavy, o.p.s.","28700210","54191000","CZ0513","LZ hospicového typu poskytující paliativní péči",0,0,0,0,0,28,0,0,0,0,6767
2017,"Hospic sv. Štěpána, z.s.","65081374","55038000","CZ0423","LZ hospicového typu poskytující paliativní péči",0,0,0,0,0,26,0,0,0,0,6139
2017,"Hospic svatého Lazara","66361508","44107000","CZ0323","LZ hospicového typu poskytující paliativní péči",0,0,0,0,0,28,0,0,0,0,9234
2017,"Institut klin.a exper.medicíny v Praze","00023001","04002000","CZ0100","Fakultní nemocnice",200,115,0,0,0,0,0,0,49549,27597,0
2017,"Interna Zábřeh, s. r. o.","60774916","93203000","CZ0715","Nemocnice následné (ošetřovatelské) péče",0,0,0,20,0,0,0,0,0,0,6835
2017,"JESSENIA a.s. - Rehabilitační Nem.Beroun","26752051","21001000","CZ0202","Nemocnice",119,7,0,0,0,0,0,0,56132,1938,0
2017,"Jihomoravské dětské léčebny, p.o.","00386766","71103000","CZ0641","Odborné léčebné ústavy",0,0,0,0,40,0,0,0,0,0,13525
2017,"Jihomoravské dětské léčebny, p.o.","00386766","71105000","CZ0641","Odborné léčebné ústavy",0,0,0,0,42,0,0,0,0,0,11560
2017,"Jihomoravské dětské léčebny, p.o.","00386766","71108000","CZ0641","Odborné léčebné ústavy",0,0,0,0,30,0,0,0,0,0,7895
2017,"KARDIOLOGIE NA BULOVCE, s.r.o.","49679236","08075000","CZ0100","Nemocnice",12,0,0,0,0,0,0,0,5386,0,0
2017,"KZ, a.s. - Nemocnice Chomutov, o.z.","25488627","52111000","CZ0422","Léčebna pro dlouhodobě nemocné (LDN)",0,0,81,0,0,0,0,0,0,0,27607
2017,"KZ,a.s.-oddělení následné péče Most","25488627","57015000","CZ0425","Léčebna pro dlouhodobě nemocné (LDN)",0,0,106,7,0,0,0,0,0,0,36439
2017,"Karlovarská krajská nemocnice a.s.","26365804","42008000","CZ0412","Nemocnice",385,47,0,0,0,0,0,0,74740,9629,0
2017,"Karlovarská krajská nemocnice a.s.","26365804","42616000","CZ0412","Nemocnice následné (ošetřovatelské) péče",0,0,0,10,0,0,0,0,0,0,2687
2017,"Karlovarská krajská nemocnice a.s.-Cheb","26365804","42041000","CZ0411","Nemocnice",214,17,0,0,0,0,0,0,43215,4411,0
2017,"Karvinská hornická nemocnice a.s.","60793490","87013000","CZ0803","Nemocnice",127,21,0,0,0,0,0,0,32923,4918,0
2017,"Klatovská nemocnice, a.s.","26360527","43001000","CZ0322","Nemocnice",234,16,0,0,0,0,5,5,51228,3322,3883
2017,"Klatovská nemocnice, a.s.","26360527","43006000","CZ0322","Léčebna pro dlouhodobě nemocné (LDN)",0,0,20,0,0,0,0,0,0,0,8843
2017,"Klinika Dr. Pírka s. r. o.","47540265","26007000","CZ0207","Nemocnice",47,6,0,0,0,0,0,0,13018,878,0
2017,"Krajská nemocnice Liberec, a.s.","27283933","54100000","CZ0513","Nemocnice",685,122,0,0,0,0,0,0,140699,31598,0
2017,"Krajská nemocnice Liberec, a.s. - Turnov","27283933","67104000","CZ0514","Nemocnice",115,11,0,0,0,0,0,0,28449,2920,0
2017,"Krajská nemocnice Liberec, a.s. - Turnov","27283933","67174000","CZ0514","Léčebna pro dlouhodobě nemocné (LDN)",0,0,36,0,0,0,0,0,0,0,9799
2017,"Krajská nemocnice Liberec, a.s. Frýdlant","27283933","54209000","CZ0513","Léčebna pro dlouhodobě nemocné (LDN)",0,0,0,45,0,0,0,5,0,0,10775
2017,"Krajská nemocnice Liberec, a.s.- LDN","27283933","54103000","CZ0513","Léčebna pro dlouhodobě nemocné (LDN)",0,0,142,0,0,0,0,0,0,0,46048
2017,"Krajská nemocnice T. Bati, a. s.","27661989","82001000","CZ0724","Nemocnice",683,91,0,0,0,0,7,11,180628,22121,7530
2017,"Krajská nemocnice T. Bati, a. s.","27661989","82050000","CZ0724","Léčebna pro dlouhodobě nemocné (LDN)",0,0,115,21,0,0,0,0,0,0,38229
2017,"Krajská zdravotní, a.s.","25488627","59001000","CZ0427","Fakultní nemocnice",984,122,0,0,0,0,0,10,187302,25701,9
2017,"Krajská zdravotní, a.s.","25488627","59287000","CZ0427","Léčebna pro dlouhodobě nemocné (LDN)",0,0,115,0,0,0,0,0,0,0,34809
2017,"Krajská zdravotní, a.s.","25488627","59326000","CZ0427","Fakultní nemocnice",0,0,0,30,0,0,0,0,0,0,3441
2017,"Krajská zdravotní, a.s.-Nemoc.Děčín,o.z.","25488627","51100000","CZ0421","Nemocnice",259,27,0,22,0,0,0,0,45850,6904,3439
2017,"Krajská zdravotní, a.s.-Nemoc.Most,o.z.","25488627","57001000","CZ0425","Nemocnice",528,65,0,0,0,0,12,15,116791,15911,280
2017,"Krajská zdravotní,a.s.-N.Litoměřice,o.z.","25488627","55021000","CZ0423","Nemocnice",348,37,0,0,0,0,0,0,69847,6832,0
2017,"Krajská zdravotní,a.s.-N.Litoměřice,o.z.","25488627","55037000","CZ0423","Léčebna pro dlouhodobě nemocné (LDN)",0,0,130,0,0,0,0,0,0,0,42581
2017,"Krajská zdravotní,a.s.-Nem.Chomutov,o.z.","25488627","52110000","CZ0422","Nemocnice",331,46,0,0,0,0,0,0,60095,7309,0
2017,"Krajská zdravotní,a.s.-Nemocnice Teplice","25488627","58101000","CZ0426","Nemocnice",376,51,0,0,0,0,0,0,84383,11474,0
2017,"Krajská zdravotní,a.s.-Nemocnice Teplice","25488627","58106000","CZ0426","Léčebna pro dlouhodobě nemocné (LDN)",0,0,51,0,0,0,0,0,0,0,16078
2017,"Kroměřížská nemocnice a.s.","27660532","77001000","CZ0721","Nemocnice",331,35,0,20,0,0,0,0,67772,6465,3252
2017,"Krušnohorská poliklinika s.r.o.","25030302","57622000","CZ0425","Nemocnice následné (ošetřovatelské) péče",0,0,0,30,0,0,0,0,0,0,16706
2017,"LIFE STAR hc, a.s.","24123374","72053100","CZ0642","Samostatné lůžkové zařízení s péčí DIP, NIOP, NIP",0,0,0,0,0,0,8,0,0,0,2585
2017,"LRS Chvaly, o.p.s.","24805807","09514000","CZ0100","Odborné léčebné ústavy",0,0,0,0,50,0,0,0,0,0,16977
2017,"Levitovo centrum následné péče p.o.- LDN","00190217","63113000","CZ0522","Léčebna pro dlouhodobě nemocné (LDN)",0,0,110,0,0,0,0,0,0,0,38708
2017,"Lužická nemocnice a poliklinika, a.s.","61538990","51300000","CZ0421","Nemocnice",105,10,0,30,0,0,0,0,20058,2631,8364
2017,"Lázně Darkov, a.s.","61974935","87063000","CZ0803","Odborné léčebné ústavy",0,0,0,0,111,0,0,0,0,0,28413
2017,"Lázně Slatinice a.s.","25367757","89875000","CZ0712","Odborné léčebné ústavy",0,0,0,0,40,0,0,0,0,0,13648
2017,"Lázně Teplice nad Bečvou a.s.","45192570","92374000","CZ0714","Odborné léčebné ústavy",0,0,0,0,100,0,0,0,0,0,33909
2017,"Léčebna dlouhodobě nemocných","05212146","31093000","CZ020C","Léčebna pro dlouhodobě nemocné (LDN)",0,0,52,0,0,0,0,0,0,0,15104
2017,"Léčebna dlouhodobě nemocných Opočno","00191744","66232000","CZ0524","Léčebna pro dlouhodobě nemocné (LDN)",0,0,52,0,0,0,0,0,0,0,14674
2017,"Léčebna dlouhodobě nemocných Rybitví","00190560","65360000","CZ0532","Léčebna pro dlouhodobě nemocné (LDN)",0,0,105,0,0,0,0,0,0,0,32346
2017,"Léčebna dlouhodobě nemocných Vršovice","00879649","10499000","CZ0100","Léčebna pro dlouhodobě nemocné (LDN)",0,0,89,0,0,0,0,0,0,0,25324
2017,"Léčebna dlouhodobě nemocných na Vojkově","27256391","28015000","CZ0209","Léčebna pro dlouhodobě nemocné (LDN)",0,0,100,0,0,0,0,0,0,0,36457
2017,"Léčebna dlouhodobě nemocných v Praze 6","45243956","06372000","CZ0100","Léčebna pro dlouhodobě nemocné (LDN)",0,0,98,0,0,0,0,0,0,0,31377
2017,"Léčebna pro dlouhodobě nemocné HK","00180092","61358000","CZ0521","Léčebna pro dlouhodobě nemocné (LDN)",0,0,94,0,0,0,0,0,0,0,31139
2017,"Léčebna respiračních nemocí Cvikov,p.o.,","00673951","50213000","CZ0511","Odborné léčebné ústavy",0,0,0,0,72,0,0,0,0,0,26306
2017,"Léčebna respiračních nemocí Cvikov,p.o.,","00673951","50280000","CZ0511","Odborné léčebné ústavy",0,0,0,0,70,0,0,0,0,0,23466
2017,"MEDI HELP s.r.o., Masarykovo sanatorium","46359443","30515000","CZ020B","Nemocnice následné (ošetřovatelské) péče",0,0,0,180,0,0,0,0,0,0,68510
2017,"MEDICINA, spol. s r.o. - LDN","49904035","56009000","CZ0424","Léčebna pro dlouhodobě nemocné (LDN)",0,0,82,0,0,0,0,0,0,0,28992
2017,"MEDICON Hospitals s.r.o.","25634691","04757000","CZ0100","Léčebna pro dlouhodobě nemocné (LDN)",0,0,30,78,0,0,0,0,0,0,40356
2017,"MEDITERRA - Sedlčany, s.r.o.","26429683","30529000","CZ020B","Nemocnice následné (ošetřovatelské) péče",0,0,0,50,0,0,0,0,0,0,18287
2017,"MEDITERRA Sedlčany, s.r.o.  - NIP, DIOP","26429683","30530000","CZ020B","Samostatné lůžkové zařízení s péčí DIP, NIOP, NIP",0,0,0,0,0,0,14,8,0,0,7759
2017,"MEDITERRA s.r.o.","49686356","05522000","CZ0100","Samostatné lůžkové zařízení s péčí DIP, NIOP, NIP",0,0,0,0,0,0,21,0,0,0,8094
2017,"MEDITERRA s.r.o.","49686356","05523000","CZ0100","Odborné léčebné ústavy",0,0,0,0,142,0,0,0,0,0,35588
2017,"MEDITERRA s.r.o.","49686356","05656000","CZ0100","Nemocnice",20,3,0,0,0,0,0,0,1657,492,0
2017,"MMN, a.s.","05421888","67101000","CZ0514","Nemocnice",20,4,0,0,0,0,0,0,5084,443,0
2017,"MMN, a.s.","05421888","67102000","CZ0514","Nemocnice",166,14,0,0,0,0,0,0,33786,2799,0
2017,"MMN, a.s.","05421888","67171000","CZ0514","Léčebna pro dlouhodobě nemocné (LDN)",0,0,75,0,0,0,0,0,0,0,20148
2017,"MSCARE s.r.o.","28509480","10637000","CZ0100","Léčebna pro dlouhodobě nemocné (LDN)",0,0,42,0,0,0,0,0,0,0,16104
2017,"Masarykova nemocnice Rakovník s.r.o.","05212146","31001000","CZ020C","Nemocnice",158,17,0,0,0,0,0,0,31100,3153,0
2017,"Masarykův onkologický ústav","00209805","72931000","CZ0642","Nemocnice",228,16,0,0,0,0,0,0,58108,4931,0
2017,"MediCentrum Praha a.s.","64949486","04727000","CZ0100","Odborné léčebné ústavy",0,0,0,0,50,0,0,0,0,0,16013
2017,"Mulačova nemocnice s. r. o.","25202189","44105000","CZ0323","Nemocnice",156,12,0,0,0,0,5,0,30215,1665,774
2017,"Mělnická zdravotní, a.s.","27958639","25110000","CZ0206","Nemocnice",223,27,0,0,0,0,0,0,49415,5902,0
2017,"Mělnická zdravotní, a.s.","27958639","25119000","CZ0206","Nemocnice následné (ošetřovatelské) péče",0,0,0,93,0,0,0,0,0,0,33446
2017,"Městská nemocnice Městec Králové a.s.","26495015","27002000","CZ0208","Nemocnice",20,4,0,0,0,0,0,0,5000,927,0
2017,"Městská nemocnice Městec Králové a.s.","26495015","27011000","CZ0208","Léčebna pro dlouhodobě nemocné (LDN)",0,0,140,0,0,0,0,0,0,0,40987
2017,"Městská nemocnice Městec Králové, a.s.","26495015","27015000","CZ0208","Samostatné lůžkové zařízení s péčí DIP, NIOP, NIP",0,0,0,0,0,0,12,10,0,0,6297
2017,"Městská nemocnice Ostrava","00635162","91001000","CZ0806","Nemocnice",606,73,0,0,0,0,0,0,153290,19972,0
2017,"Městská nemocnice Ostrava","00635162","91001680","CZ0806","Léčebna pro dlouhodobě nemocné (LDN)",0,0,94,56,0,0,0,0,0,0,45023
2017,"Městská nemocnice Slavičín","62181378","82052000","CZ0724","Léčebna pro dlouhodobě nemocné (LDN)",0,0,50,0,0,0,0,0,0,0,15789
2017,"Městská nemocnice následné péče","45245843","09004000","CZ0100","Nemocnice následné (ošetřovatelské) péče",0,0,0,128,0,0,0,0,0,0,38875
2017,"Městská nemocnice s pol. Uh. Brod, s.r.o","25583905","80020000","CZ0722","Léčebna pro dlouhodobě nemocné (LDN)",0,0,90,0,0,0,0,0,0,0,28293
2017,"Městská nemocnice v Odrách, p.o.","66183596","88005000","CZ0804","Nemocnice",20,4,75,0,0,0,0,0,7920,1082,18902
2017,"Městská nemocnice Čáslav","00873764","24200000","CZ0205","Nemocnice",138,10,0,0,0,0,0,0,31167,1259,0
2017,"Městská nemocnice Čáslav","00873764","24451000","CZ0205","Léčebna pro dlouhodobě nemocné (LDN)",0,0,30,0,0,0,0,0,0,0,10522
2017,"Městská nemocnice, a.s.","25262238","69002000","CZ0525","Nemocnice",109,7,0,0,0,0,0,0,26199,995,0
2017,"Městská nemocnice, a.s.","25262238","69005000","CZ0525","Nemocnice následné (ošetřovatelské) péče",0,0,0,50,0,0,0,0,0,0,15324
2017,"NH Hospital a.s.","27872963","21017000","CZ0202","Nemocnice",0,0,0,0,0,0,6,0,0,0,282
2017,"NH Hospital a.s. - Nemocnice Hořovice","27872963","21002000","CZ0202","Nemocnice",223,33,0,0,0,0,0,0,63450,7439,0
2017,"Nem. Milos. sester sv. Vincence de Paul","17809193","77910000","CZ0721","Léčebna pro dlouhodobě nemocné (LDN)",0,0,105,0,0,0,0,0,0,0,37259
2017,"Nem. násl. péče LDN Horažďovice, s.r.o.","26360870","43030000","CZ0322","Léčebna pro dlouhodobě nemocné (LDN)",0,0,140,0,0,0,0,0,0,0,48281
2017,"Nem.Mil.sester sv.K.Boromej.v Praze","73634085","01002000","CZ0100","Nemocnice",135,10,0,30,0,0,0,0,30201,2676,5306
2017,"Nem.Mil.sester sv.K.Boromej.v Praze","73634085","01475000","CZ0100","LZ hospicového typu poskytující paliativní péči",0,0,0,0,0,13,0,0,0,0,4002
2017,"Nemocnice  Prachatice, a.s. - LDN","26095165","37104000","CZ0315","Léčebna pro dlouhodobě nemocné (LDN)",0,0,25,0,0,0,0,0,0,0,6457
2017,"Nemocnice  Slaný","00875295","22102000","CZ0203","Nemocnice",254,20,0,40,0,0,0,0,49071,5138,12667
2017,"Nemocnice AGEL Jeseník a.s.","47973927","95202000","CZ0711","Nemocnice",98,5,0,0,0,0,0,0,24286,1263,0
2017,"Nemocnice AGEL Jeseník a.s.","47973927","95206000","CZ0711","Léčebna pro dlouhodobě nemocné (LDN)",0,0,30,0,0,0,0,0,0,0,10172
2017,"Nemocnice AGEL Louny a.s. - LDN","27332730","56012000","CZ0424","Léčebna pro dlouhodobě nemocné (LDN)",0,0,90,0,0,0,0,10,0,0,31927
2017,"Nemocnice AGEL Nový Jičín a.s.","25886207","88001000","CZ0804","Nemocnice",362,34,0,0,0,0,0,0,88344,9400,0
2017,"Nemocnice AGEL Nový Jičín a.s.","25886207","88014000","CZ0804","Léčebna pro dlouhodobě nemocné (LDN)",0,0,40,0,0,0,0,0,0,0,11201
2017,"Nemocnice AGEL Ostrava-Vítkovice a.s.","60793201","91950000","CZ0806","Nemocnice",316,39,0,0,0,0,0,0,67034,8190,0
2017,"Nemocnice AGEL Ostrava-Vítkovice a.s.","60793201","91950888","CZ0806","Léčebna pro dlouhodobě nemocné (LDN)",0,0,30,0,0,0,0,0,0,0,6482
2017,"Nemocnice AGEL Podhorská a.s.","47668989","85200000","CZ0801","Nemocnice",95,8,0,0,0,0,0,0,18097,2035,0
2017,"Nemocnice AGEL Podhorská a.s.","47668989","85291000","CZ0801","Nemocnice následné (ošetřovatelské) péče",0,0,0,40,0,0,0,0,0,0,8987
2017,"Nemocnice AGEL Třinec-Podlesí a.s.","48401129","86106000","CZ0802","Nemocnice",113,38,0,0,0,0,0,0,25148,8061,0
2017,"Nemocnice AGEL Valašské Meziříčí a.s.","26822105","94102000","CZ0723","Nemocnice",185,23,0,0,0,0,0,0,54213,4156,0
2017,"Nemocnice AGEL Valašské Meziříčí a.s.","26822105","94220000","CZ0723","Léčebna pro dlouhodobě nemocné (LDN)",0,0,78,0,0,0,0,0,0,0,26383
2017,"Nemocnice AGEL Český Těšín a.s.","25897551","87029000","CZ0803","Nemocnice",31,0,59,34,0,0,0,0,10876,0,17127
2017,"Nemocnice AGEL Říčany a.s.","27365867","28003000","CZ0209","Nemocnice",61,4,0,0,0,0,0,0,12325,937,0
2017,"Nemocnice AGEL Říčany a.s.","27365867","28658000","CZ0209","Léčebna pro dlouhodobě nemocné (LDN)",0,0,88,0,0,0,0,0,0,0,29945
2017,"Nemocnice Beroun - LDN","26752051","21003000","CZ0202","Léčebna pro dlouhodobě nemocné (LDN)",0,0,42,0,0,0,0,0,0,0,11767
2017,"Nemocnice Blansko","00386634","71101000","CZ0641","Nemocnice",138,15,0,0,0,0,0,0,44582,4121,0
2017,"Nemocnice Blansko","00386634","71110000","CZ0641","Léčebna pro dlouhodobě nemocné (LDN)",0,0,30,0,0,0,0,0,0,0,10820
2017,"Nemocnice Boskovice s.r.o.","26925974","71113000","CZ0641","Nemocnice",205,24,0,0,0,0,0,0,48112,4691,0
2017,"Nemocnice Boskovice s.r.o.","26925974","71119000","CZ0641","Léčebna pro dlouhodobě nemocné (LDN)",0,0,12,0,0,0,0,5,0,0,6191
2017,"Nemocnice Břeclav, p. o.","00390780","74001000","CZ0644","Nemocnice",378,41,0,0,0,0,0,0,92785,8557,0
2017,"Nemocnice Dačice, a.s.","28113195","34013000","CZ0313","Léčebna pro dlouhodobě nemocné (LDN)",0,0,56,0,0,0,0,0,0,0,16816
2017,"Nemocnice Frýdlant s.r.o.","47311576","54200000","CZ0513","Nemocnice",27,5,0,0,0,0,0,0,6750,1183,0
2017,"Nemocnice Havlíčkův Brod, přísp. org.","00179540","60001000","CZ0631","Nemocnice",415,47,0,0,0,0,0,0,96228,9034,0
2017,"Nemocnice Havlíčkův Brod, přísp. org.","00179540","60223000","CZ0631","Léčebna pro dlouhodobě nemocné (LDN)",0,0,44,0,0,0,0,0,0,0,15239
2017,"Nemocnice Havířov, příspěv. organizace","00844896","87004000","CZ0803","Nemocnice",309,31,0,0,0,0,0,0,87634,8042,0
2017,"Nemocnice Havířov, příspěv. organizace","00844896","87054000","CZ0803","Léčebna pro dlouhodobě nemocné (LDN)",0,0,30,0,0,0,0,0,0,0,9523
2017,"Nemocnice Hranice a.s.","47677406","92002000","CZ0714","Nemocnice",111,10,0,0,0,0,0,0,18789,1642,0
2017,"Nemocnice Hranice a.s.","47677406","92283000","CZ0714","Léčebna pro dlouhodobě nemocné (LDN)",0,0,80,0,0,0,0,0,0,0,30709
2017,"Nemocnice Hustopeče p.o.","04212029","74022000","CZ0644","Nemocnice",25,0,0,0,0,0,0,0,4775,0,0
2017,"Nemocnice Hustopeče, p.o.","04212029","74007000","CZ0644","Nemocnice následné (ošetřovatelské) péče",0,0,0,94,0,0,0,0,0,0,27284
2017,"Nemocnice Ivančice, příspěvková organiz.","00225827","73303000","CZ0643","Léčebna pro dlouhodobě nemocné (LDN)",0,0,60,0,0,0,0,0,0,0,19346
2017,"Nemocnice Ivančice,příspěvková organiz.","00225827","73003000","CZ0643","Nemocnice",144,10,0,0,0,0,0,0,34785,3542,0
2017,"Nemocnice Jablonec n. N., p.o.","00829838","53201000","CZ0512","Nemocnice",273,32,0,0,0,0,0,0,69846,7798,0
2017,"Nemocnice Jablonec n. N.. p. o.","00829838","53212000","CZ0512","Léčebna pro dlouhodobě nemocné (LDN)",0,0,67,0,0,0,0,0,0,0,22397
2017,"Nemocnice Jihlava, p. o.","00090638","76001000","CZ0632","Nemocnice",559,63,0,0,0,0,0,0,102720,13965,0
2017,"Nemocnice Jihlava,příspěvková organizace","00090638","76002000","CZ0632","Léčebna pro dlouhodobě nemocné (LDN)",0,0,0,75,0,10,0,0,0,0,19656
2017,"Nemocnice Jindřichův Hradec, a.s.","26095157","34001000","CZ0313","Nemocnice",242,30,0,0,0,0,8,0,59482,6468,1434
2017,"Nemocnice Jindřichův Hradec, a.s.","26095157","34011000","CZ0313","Léčebna pro dlouhodobě nemocné (LDN)",0,0,52,0,0,2,0,2,0,0,17875
2017,"Nemocnice Kadaň, s.r.o.","25479300","52120000","CZ0422","Nemocnice",160,12,0,0,0,0,0,0,33679,2040,0
2017,"Nemocnice Kadaň, s.r.o.","25479300","52121000","CZ0422","Léčebna pro dlouhodobě nemocné (LDN)",0,0,30,0,0,0,0,0,0,0,9382
2017,"Nemocnice Karviná - Ráj, příspěvková org","00844853","87001000","CZ0803","Nemocnice",260,37,100,0,0,0,10,5,68025,8644,19936
2017,"Nemocnice Kyjov, příspěvková organizace","00226912","75002000","CZ0645","Nemocnice",395,35,0,0,0,0,0,0,101824,9452,1409
2017,"Nemocnice Kyjov, příspěvková organizace","00226912","75007000","CZ0645","Nemocnice následné (ošetřovatelské) péče",0,0,0,48,0,0,0,0,0,0,14365
2017,"Nemocnice Kyjov, příspěvková organizace","00226912","75990345","CZ0645","Nemocnice",0,4,0,0,0,0,0,0,0,20,0
2017,"Nemocnice Letovice p.o.","00387134","71107000","CZ0641","Léčebna pro dlouhodobě nemocné (LDN)",0,0,120,0,0,0,0,0,0,0,44129
2017,"Nemocnice Mariánské Lázně s.r.o.","26376709","41191000","CZ0411","Nemocnice následné (ošetřovatelské) péče",0,0,57,37,0,0,0,0,0,0,22276
2017,"Nemocnice Milosrdných bratří, p.o.","48512478","72048000","CZ0642","Nemocnice",205,18,0,0,0,0,0,0,57474,4809,0
2017,"Nemocnice Milosrdných bratří, p.o.","48512478","72052000","CZ0642","Léčebna pro dlouhodobě nemocné (LDN)",0,0,243,0,0,0,0,0,0,0,82894
2017,"Nemocnice Měšice - CIOP, z.s.","65401921","28004000","CZ0209","Nemocnice následné (ošetřovatelské) péče",0,0,0,80,0,0,0,0,0,0,34840
2017,"Nemocnice Na Bulovce","00064211","08454000","CZ0100","Samostatné lůžkové zařízení s péčí DIP, NIOP, NIP",0,0,0,0,0,0,0,10,0,0,2356
2017,"Nemocnice Na Františku","00879444","01003000","CZ0100","Nemocnice",100,13,0,0,0,0,0,0,18305,2946,0
2017,"Nemocnice Na Františku","00879444","01311000","CZ0100","Léčebna pro dlouhodobě nemocné (LDN)",0,0,26,0,0,0,0,0,0,0,12404
2017,"Nemocnice Na Homolce","00023884","05004000","CZ0100","Fakultní nemocnice",228,129,0,0,0,0,0,0,57857,36734,0
2017,"Nemocnice Na Pleši s.r.o.","27207064","30006000","CZ020B","Nemocnice",40,3,0,0,0,0,0,0,9366,0,0
2017,"Nemocnice Na Pleši s.r.o.","27207064","30522000","CZ020B","Odborné léčebné ústavy",0,0,0,0,105,0,0,0,0,0,35405
2017,"Nemocnice Na Pleši s.r.o.","27207064","30605000","CZ020B","Nemocnice následné (ošetřovatelské) péče",0,0,0,70,0,0,0,0,0,0,19068
2017,"Nemocnice Nové Město na Moravě, p. o.","00842001","84231000","CZ0635","Nemocnice",348,31,0,0,0,0,8,0,82974,7512,1296
2017,"Nemocnice Nové Město na Moravě, p. o.","00842001","84425000","CZ0635","Léčebna pro dlouhodobě nemocné (LDN)",0,0,70,0,0,0,0,0,0,0,21803
2017,"Nemocnice Nymburk s.r.o.","28762886","27001000","CZ0208","Nemocnice",139,11,0,0,0,0,0,0,35433,3036,0
2017,"Nemocnice Nymburk s.r.o.","28762886","27017000","CZ0208","Nemocnice následné (ošetřovatelské) péče",0,0,0,0,20,0,0,0,0,0,5731
2017,"Nemocnice Ostrov s.r.o.","47714913","42010000","CZ0412","Nemocnice",150,7,0,0,0,0,30,20,34344,1224,15941
2017,"Nemocnice Ostrov s.r.o.","47714913","42452000","CZ0412","Léčebna pro dlouhodobě nemocné (LDN)",0,0,57,0,0,0,0,0,0,0,16377
2017,"Nemocnice Pardubického kraje, a.s.","27520536","62001000","CZ0531","Nemocnice",249,29,0,0,0,0,10,0,58029,6864,2565
2017,"Nemocnice Pardubického kraje, a.s.","27520536","62002000","CZ0531","Léčebna pro dlouhodobě nemocné (LDN)",0,0,89,0,0,0,0,10,0,0,24537
2017,"Nemocnice Pardubického kraje, a.s.","27520536","65001000","CZ0532","Nemocnice",788,78,0,0,0,0,0,0,154466,15666,0
2017,"Nemocnice Pardubického kraje, a.s.","27520536","65361000","CZ0532","Léčebna pro dlouhodobě nemocné (LDN)",0,0,66,0,0,0,0,0,0,0,17834
2017,"Nemocnice Pardubického kraje, a.s.","27520536","68001000","CZ0533","Nemocnice",269,14,0,0,0,0,0,0,60248,3986,0
2017,"Nemocnice Pardubického kraje, a.s.","27520536","68002000","CZ0533","Nemocnice",187,20,0,0,0,0,0,0,39311,5022,0
2017,"Nemocnice Pardubického kraje, a.s.","27520536","68011000","CZ0533","Léčebna pro dlouhodobě nemocné (LDN)",0,0,23,0,0,0,0,0,0,0,7946
2017,"Nemocnice Pardubického kraje, a.s.","27520536","68012000","CZ0533","Léčebna pro dlouhodobě nemocné (LDN)",0,0,40,0,0,0,0,0,0,0,12752
2017,"Nemocnice Pardubického kraje, a.s.","27520536","70001000","CZ0534","Nemocnice",306,26,0,0,0,0,0,0,61308,5855,0
2017,"Nemocnice Pelhřimov, příspěvková org.","00511951","35001000","CZ0633","Nemocnice",271,23,0,0,0,0,0,0,64035,6135,0
2017,"Nemocnice Pelhřimov, příspěvková org.","00511951","35040000","CZ0633","Léčebna pro dlouhodobě nemocné (LDN)",0,0,46,0,0,0,0,0,0,0,14737
2017,"Nemocnice Počátky, s.r.o.","26216701","35043000","CZ0633","Léčebna pro dlouhodobě nemocné (LDN)",0,0,120,0,0,0,0,0,0,0,38142
2017,"Nemocnice Prachatice, a.s.","26095165","37101000","CZ0315","Nemocnice",137,9,0,0,0,0,0,0,30401,3267,0
2017,"Nemocnice Písek, a.s.","26095190","36101000","CZ0314","Nemocnice",314,48,0,0,0,0,0,5,64260,9413,1315
2017,"Nemocnice Písek, a.s.","26095190","36102000","CZ0314","Léčebna pro dlouhodobě nemocné (LDN)",0,0,36,0,0,0,0,0,0,0,11902
2017,"Nemocnice Roudnice nad Labem s.r.o.","25443801","55039000","CZ0423","Nemocnice",135,8,0,0,0,0,0,0,26393,1640,0
2017,"Nemocnice Roudnice nad Labem s.r.o.","25443801","55040000","CZ0423","Léčebna pro dlouhodobě nemocné (LDN)",0,0,43,0,0,0,0,0,0,0,12342
2017,"Nemocnice Roudnice nad Labem s.r.o.","25443801","55044000","CZ0423","Nemocnice následné (ošetřovatelské) péče",0,0,0,28,0,0,0,0,0,0,1657
2017,"Nemocnice Rudolfa a Stefanie Benešov,a.s","27253236","20101000","CZ0201","Nemocnice",298,31,0,78,0,0,0,0,68589,6545,27513
2017,"Nemocnice Sokolov s.r.o.","24747246","48008000","CZ0413","Nemocnice",294,35,0,0,0,0,0,0,63187,8493,0
2017,"Nemocnice Sokolov s.r.o.","24747246","48009000","CZ0413","Léčebna pro dlouhodobě nemocné (LDN)",0,0,115,0,0,0,0,0,0,0,43924
2017,"Nemocnice Strakonice, a.s.","26095181","38001000","CZ0316","Nemocnice",245,20,0,0,0,0,0,0,53126,4462,0
2017,"Nemocnice Strakonice, a.s.","26095181","38005001","CZ0316","Léčebna pro dlouhodobě nemocné (LDN)",0,0,36,0,0,0,0,5,0,0,17498
2017,"Nemocnice Sv. Kříže Žižkov, s.r.o.","47124733","03324000","CZ0100","Nemocnice následné (ošetřovatelské) péče",0,0,0,67,0,0,0,0,0,0,23394
2017,"Nemocnice Sv. Kříže Žižkov, s.r.o.","47124733","03325000","CZ0100","Samostatné lůžkové zařízení s péčí DIP, NIOP, NIP",0,0,0,0,0,0,0,10,0,0,5985
2017,"Nemocnice TGM Hodonín, příspěvková org.","00226637","75001000","CZ0645","Nemocnice",133,24,0,0,0,0,0,0,33800,7485,0
2017,"Nemocnice TGM Hodonín, příspěvková org.","00226637","75008000","CZ0645","Nemocnice následné (ošetřovatelské) péče",0,0,0,43,0,0,0,0,0,0,12492
2017,"Nemocnice Tanvald, s. r. o.","63145766","53208000","CZ0512","Nemocnice následné (ošetřovatelské) péče",0,0,0,35,0,0,20,20,0,0,30178
2017,"Nemocnice Tanvald, s.r.o","63145766","53286000","CZ0512","Nemocnice",18,3,0,0,0,0,0,0,5583,803,0
2017,"Nemocnice Tišnov,příspěvková organizace","44947909","73007000","CZ0643","Léčebna pro dlouhodobě nemocné (LDN)",0,0,90,0,0,0,0,0,0,0,26986
2017,"Nemocnice Tábor, a.s.","26095203","39001000","CZ0317","Nemocnice",366,31,0,0,0,0,0,0,100981,8164,0
2017,"Nemocnice Tábor, a.s.","26095203","39007000","CZ0317","Léčebna pro dlouhodobě nemocné (LDN)",0,0,69,0,0,0,0,0,0,0,24190
2017,"Nemocnice Třebíč, příspěvková organizace","00839396","79001000","CZ0634","Nemocnice",386,36,0,0,0,0,0,0,89669,8630,0
2017,"Nemocnice Třebíč, příspěvková organizace","00839396","79003000","CZ0634","Nemocnice následné (ošetřovatelské) péče",0,0,104,0,0,0,0,5,0,0,34052
2017,"Nemocnice Třinec, příspěvková organizace","00534242","86102000","CZ0802","Nemocnice",300,31,0,20,0,0,0,0,78648,8004,2352
2017,"Nemocnice Valtice s.r.o.","63488329","74021000","CZ0644","Léčebna pro dlouhodobě nemocné (LDN)",0,0,184,0,0,0,0,0,0,0,48554
2017,"Nemocnice Varnsdorf- LDN","49888498","51303000","CZ0421","Léčebna pro dlouhodobě nemocné (LDN)",0,0,100,0,0,0,0,0,0,0,30607
2017,"Nemocnice Volyně s.r.o.","25155946","38033001","CZ0316","Léčebna pro dlouhodobě nemocné (LDN)",0,0,66,0,0,0,0,0,0,0,12668
2017,"Nemocnice Vrchlabí, s.r.o.","64827232","69003000","CZ0525","Nemocnice",54,5,0,0,0,0,12,0,11366,1570,3745
2017,"Nemocnice Vrchlabí, s.r.o.","64827232","69008000","CZ0525","Nemocnice následné (ošetřovatelské) péče",0,0,0,35,0,0,0,0,0,0,6410
2017,"Nemocnice Vršovice a.s.","28971906","10693000","CZ0100","Odborné léčebné ústavy",0,0,0,0,20,0,0,0,0,0,6822
2017,"Nemocnice Vršovice a.s.","28971906","10706000","CZ0100","Samostatné lůžkové zařízení s péčí DIP, NIOP, NIP",0,0,0,0,0,0,15,0,0,0,5588
2017,"Nemocnice Vršovice a.s.","28971906","10714000","CZ0100","Nemocnice",16,4,0,0,0,0,0,0,3809,1260,0
2017,"Nemocnice Vyškov, příspěvková organizace","00839205","81001000","CZ0646","Nemocnice",285,25,0,0,0,0,0,0,88601,7681,0
2017,"Nemocnice Vyškov, příspěvková organizace","00839205","81065000","CZ0646","Léčebna pro dlouhodobě nemocné (LDN)",0,0,90,0,0,0,0,0,0,0,27621
2017,"Nemocnice Znojmo,příspěvková organizace","00092584","83001000","CZ0647","Nemocnice",432,43,0,0,0,0,0,0,97324,8517,0
2017,"Nemocnice Znojmo,příspěvková organizace","00092584","83002000","CZ0647","Léčebna pro dlouhodobě nemocné (LDN)",0,0,115,0,0,0,0,0,0,0,34815
2017,"Nemocnice následné péče Moravská Třebová","00193895","68013000","CZ0533","Léčebna pro dlouhodobě nemocné (LDN)",0,0,80,0,0,0,0,0,0,0,32242
2017,"Nemocnice následné péče Praha s.r.o.","45789924","06408000","CZ0100","Léčebna pro dlouhodobě nemocné (LDN)",0,0,40,20,0,0,0,0,0,0,19318
2017,"Nemocnice následné péče Praha s.r.o.","45789924","06610000","CZ0100","Odborné léčebné ústavy",0,0,0,0,20,0,0,0,0,0,6694
2017,"Nemocnice následné péče Svatá Anna,s.r.o","26360896","49008000","CZ0327","Léčebna pro dlouhodobě nemocné (LDN)",0,0,90,0,0,0,0,0,0,0,27607
2017,"Nemocnice následné péče VIA, s.r.o.","02390221","51262000","CZ0421","Léčebna pro dlouhodobě nemocné (LDN)",0,0,100,0,0,0,0,0,0,0,40762
2017,"Nemocnice následné péče s pol. Lom. n/P","00854875","67130000","CZ0514","Léčebna pro dlouhodobě nemocné (LDN)",0,0,0,59,0,0,0,0,0,0,19657
2017,"Nemocnice s poliklinikou Česká Lípa a.s.","27283518","50292000","CZ0511","Léčebna pro dlouhodobě nemocné (LDN)",0,0,117,0,0,0,0,0,0,0,43623
2017,"Nemocnice s poliklinikou Česká Lípa,a.s.","27283518","50100000","CZ0511","Nemocnice",315,32,0,0,0,0,0,6,70878,7558,1174
2017,"Nemocnice sv. Alžběty Na Slupi, s.r.o.","07579969","02259000","CZ0100","Léčebna pro dlouhodobě nemocné (LDN)",0,0,89,0,0,0,0,0,0,0,35392
2017,"Nemocnice sv.Zdislavy,a.s.","25542681","84427000","CZ0635","Nemocnice",38,6,0,0,0,0,10,0,11905,1556,2072
2017,"Nemocnice sv.Zdislavy,a.s.","25542681","84428000","CZ0635","Léčebna pro dlouhodobě nemocné (LDN)",0,0,80,0,0,0,0,0,0,0,24984
2017,"Nemocnice u Sv. Jiří s. r. o.","49786954","44613000","CZ0323","Nemocnice",15,5,0,0,0,0,0,0,1808,489,0
2017,"Nemocnice ve Frýdku-Místku, přís. organ.","00534188","86101000","CZ0802","Nemocnice",343,34,0,32,0,0,0,0,88282,10443,7665
2017,"Nemocnice ve Frýdku-Místku, přís. organ.","00534188","86101200","CZ0802","Léčebna pro dlouhodobě nemocné (LDN)",0,0,60,0,0,0,0,0,0,0,22632
2017,"Nemocnice České Budějovice, a.s.","26068877","32006000","CZ0311","Nemocnice",994,171,0,0,0,0,0,0,239322,35508,0
2017,"Nemocnice České Budějovice, a.s.","26068877","32067000","CZ0311","Léčebna pro dlouhodobě nemocné (LDN)",0,0,229,0,0,0,0,0,0,0,66533
2017,"Nemocnice České Budějovice, a.s.","26068877","32070000","CZ0311","Odborné léčebné ústavy",0,0,0,0,50,0,0,0,0,0,8702
2017,"Nemocnice Český Brod s.r.o.","27161838","23333000","CZ0204","Léčebna pro dlouhodobě nemocné (LDN)",0,0,60,61,0,0,0,10,0,0,37982
2017,"Nemocnice Český Krumlov, a.s.","26095149","33100000","CZ0312","Nemocnice",144,14,0,0,0,0,0,0,40464,3121,0
2017,"Nemocnice Český Krumlov, a.s.","26095149","33103000","CZ0312","Léčebna pro dlouhodobě nemocné (LDN)",0,0,88,0,0,0,0,0,0,0,27941
2017,"Nemocnice Šumperk a.s.","47682795","93008000","CZ0715","Nemocnice následné (ošetřovatelské) péče",0,0,0,87,0,0,0,0,0,0,19950
2017,"Nemocnice Šumperk a.s.","47682795","93201000","CZ0715","Nemocnice",342,31,0,0,0,0,0,0,80759,6381,0
2017,"Nemocnice Žatec, o.p.s.","25026259","56007000","CZ0424","Nemocnice",127,11,0,0,0,0,0,0,27502,1745,0
2017,"Nemocnice Žatec, o.p.s. - LDN","25026259","56010000","CZ0424","Léčebna pro dlouhodobě nemocné (LDN)",0,0,50,0,0,0,0,0,0,0,14579
2017,"Neurologie, s.r.o. - léč. dlouh. nem.","49900391","51276000","CZ0421","Odborné léčebné ústavy",0,0,20,0,0,0,0,0,0,0,6857
2017,"Neuron Medical s.r.o.","29288223","72949000","CZ0642","Nemocnice",8,0,0,0,0,0,0,0,509,0,0
2017,"Národní ústav duševního zdraví","00023752","08002000","CZ0209","Nemocnice",55,0,0,0,0,0,0,0,12928,0,0
2017,"OB klinika a.s.","28892950","03336000","CZ0100","Nemocnice",12,0,0,0,0,0,0,0,2023,0,0
2017,"OLÚ Metylovice-Moravskosl. sanator.,p.o.","00534200","86404000","CZ0802","Odborné léčebné ústavy",0,0,0,0,62,0,0,0,0,0,9012
2017,"ORTHES, spol. s r.o.","60718048","94125000","CZ0723","Nemocnice",10,3,0,0,0,0,0,0,2980,575,0
2017,"ORTO - REHA, s.r.o.","29032806","08439000","CZ0100","Nemocnice",20,0,0,0,0,0,0,0,6070,0,0
2010,"HVĚZDA z.ú.","70829560","82072000","CZ0724","LZ hospicového typu poskytující paliativní péči",0,0,0,14,0,0,0,0,0,0,2056
2010,"ADP - SANCO s.r.o.","27685934","78004000","CZ0713","Nemocnice následné (ošetřovatelské) péče",0,0,0,30,0,0,0,0,0,0,11214
2010,"AESKULAP spol. s r.o.","60913266","70006000","CZ0534","Léčebna pro dlouhodobě nemocné (LDN)",0,0,81,0,0,0,0,0,0,0,18077
2010,"AGEL Středomoravská nemocniční a.s.","27797660","78006000","CZ0713","Nemocnice",848,86,0,0,0,0,0,0,270372,28129,0
2010,"AGEL Středomoravská nemocniční a.s.","27797660","78007000","CZ0713","Léčebna pro dlouhodobě nemocné (LDN)",0,0,197,0,0,0,0,0,0,0,68093
2010,"AHC Centrum následné péče Sedlec-Prčice","25579282","20110000","CZ020B","Léčebna pro dlouhodobě nemocné (LDN)",0,0,76,34,0,0,0,0,0,0,13657
2010,"AHC Centrum následné péče Trutnov s.r.o.","10913416","69006000","CZ0525","Nemocnice následné (ošetřovatelské) péče",0,0,0,30,0,0,0,0,0,0,6760
2010,"AHC Nemocnice Duchcov s.r.o.","61537713","58102000","CZ0426","Nemocnice",75,5,0,0,0,0,0,0,21269,984,52
2010,"AHC Nemocnice Duchcov s.r.o.","61537713","58535000","CZ0426","Nemocnice následné (ošetřovatelské) péče",0,0,0,48,0,0,0,0,0,0,9565
2010,"AHC Rehabilitační centrum Meziboří s.r.o","47283661","57541000","CZ0425","Nemocnice následné (ošetřovatelské) péče",0,0,0,0,46,0,0,0,0,0,14946
2010,"ALBERTINUM,odborný léčebný ústav,Žamberk","00196096","70008000","CZ0534","Odborné léčebné ústavy",0,0,0,0,142,0,0,0,0,0,30972
2010,"ALBERTINUM,odborný léčebný ústav,Žamberk","00196096","70058000","CZ0534","Léčebna pro dlouhodobě nemocné (LDN)",0,0,70,0,0,0,0,0,0,0,19977
2010,"ALMEDA, a.s.","25079174","25310000","CZ0206","Nemocnice",92,5,0,0,0,0,0,0,18013,2057,281
2010,"ALMEDA, a.s.","25079174","25312000","CZ0206","Samostatné lůžkové zařízení s péčí DIP, NIOP, NIP",0,0,0,0,0,0,6,0,0,0,1229
2010,"AMICA CENTRUM s.r.o.","18233392","41281000","CZ0411","Léčebna pro dlouhodobě nemocné (LDN)",0,0,0,120,0,0,0,0,0,0,15064
2010,"ANESAN, s.r.o.","61677540","23111000","CZ0204","Samostatné lůžkové zařízení s péčí DIP, NIOP, NIP",0,0,0,0,0,0,15,0,0,512,2721
2010,"BH - Nemocnice Vimperk a.s.","29015839","37105000","CZ0315","Léčebna pro dlouhodobě nemocné (LDN)",0,0,60,0,0,0,0,0,0,0,15910
2010,"BMI Chirurgie, a.s.","25314394","72834000","CZ0642","Nemocnice",21,0,0,0,0,0,0,0,1085,0,0
2010,"Bohumínská městská nemocnice, a.s.","26834022","87003000","CZ0803","Nemocnice",94,9,25,70,0,0,0,0,21503,3339,13562
2010,"Bílovecká nemocnice, a.s.","26865858","88015000","CZ0804","Nemocnice",72,6,0,0,0,0,0,0,19874,3045,0
2010,"Bílovecká nemocnice, a.s.","26865858","88016000","CZ0804","Léčebna pro dlouhodobě nemocné (LDN)",0,0,80,0,0,0,0,0,0,0,24863
2010,"CARVAC s.r.o.","63504260","41182000","CZ0411","Léčebna pro dlouhodobě nemocné (LDN)",0,0,0,70,0,0,0,0,0,0,19591
2010,"CLINICUM a.s.","25093126","09001000","CZ0100","Samostatná ordinace lékaře specialisty",87,13,0,60,0,0,0,0,20479,3651,14990
2010,"CNS-CENTRUM TŘINEC s.r.o.","26816407","86112000","CZ0802","Nemocnice",50,0,0,0,0,0,0,0,15154,0,0
2010,"Centrum kardiovaskulární a TCH Brno","00209775","72932000","CZ0642","Nemocnice",59,34,0,0,0,0,0,0,16419,10044,0
2010,"Centrum léčby pohybového aparátu, s.r.o.","26432471","09438000","CZ0100","Nemocnice",14,0,0,0,0,0,0,0,4544,0,0
2010,"Charita Ostrava - Hospic sv. Lukáše","44940998","91997300","CZ0806","LZ hospicového typu poskytující paliativní péči",0,0,0,0,0,30,0,0,0,0,6837
2010,"DOP - HC s.r.o.","26356589","48004000","CZ0413","Léčebna pro dlouhodobě nemocné (LDN)",0,0,82,0,0,0,0,0,0,0,15412
2010,"Diakonie Valašské Meziříčí","73632783","94203000","CZ0723","Nemocnice následné (ošetřovatelské) péče",0,0,0,8,0,15,0,0,0,0,5223
2010,"Diecézní charita Brno,OCH Rajhrad","44990260","73006000","CZ0643","LZ hospicového typu poskytující paliativní péči",0,0,0,0,0,50,0,0,0,0,12053
2010,"Dlouhodobá intenzivní oš. péče","05212146","31500000","CZ020C","Samostatné lůžkové zařízení s péčí DIP, NIOP, NIP",0,0,0,0,0,0,0,10,0,0,2340
2010,"Domažlická nemocnice, a.s.","26361078","40001000","CZ0321","Nemocnice",142,10,0,0,0,0,0,0,40466,2772,0
2010,"Domažlická nemocnice, a.s. - LDN","26361078","40501000","CZ0321","Léčebna pro dlouhodobě nemocné (LDN)",0,0,50,0,0,0,0,0,0,0,14857
2010,"Domov sv.Karla Boromejského","65400143","06353000","CZ0100","Léčebna pro dlouhodobě nemocné (LDN)",0,0,79,0,0,0,0,0,0,0,14735
2010,"Dopravní zdravotnictví a.s.","25903659","02368000","CZ0100","Léčebna pro dlouhodobě nemocné (LDN)",0,0,42,0,0,0,0,0,0,0,6235
2010,"Dětská odb.léčebna Ch.G.Masaryk,p.s.ČČK","42726646","30148000","CZ020B","Odborné léčebné ústavy",0,0,0,0,120,0,0,0,0,0,15206
2010,"Dětská psychiatrická nemocnice","00842052","84420000","CZ0635","Odborné léčebné ústavy",0,0,0,0,50,0,0,0,0,0,14756
2010,"Dětská psychiatrická nemocnice Louny","00831034","56004000","CZ0424","Odborné léčebné ústavy",0,0,0,0,50,0,0,0,0,0,12458
2010,"Dětská psychiatrická nemocnice Opařany","00667421","39801000","CZ0317","Odborné léčebné ústavy",0,0,0,0,160,0,0,0,0,0,36477
2010,"Dům Kochova, s.r.o.","28624858","87053000","CZ0803","Nemocnice následné (ošetřovatelské) péče",0,0,0,60,0,0,0,0,0,0,2829
2010,"Dům klidného stáří, spol. s r.o.","26369427","48006000","CZ0413","Léčebna pro dlouhodobě nemocné (LDN)",0,0,30,0,0,0,0,0,0,0,7130
2010,"ETOILE CZ a.s.","28973976","10663000","CZ0100","Samostatné lůžkové zařízení s péčí DIP, NIOP, NIP",0,0,0,0,0,0,15,0,0,0,290
2010,"EUC Klinika Kladno s.r.o.","47539771","22105000","CZ0203","Nemocnice",20,0,0,0,0,0,0,0,4048,0,0
2010,"EUC Klinika Zlín a.s.","60726636","82002000","CZ0724","Nemocnice",80,7,0,0,0,0,0,0,18351,1271,0
2010,"EUC Klinika Zlín a.s.","60726636","82053000","CZ0724","Léčebna pro dlouhodobě nemocné (LDN)",0,0,20,0,0,0,0,0,0,0,5637
2010,"Fakultní Thomayerova nemocnice","00064190","04005000","CZ0100","Nemocnice",857,78,0,0,0,0,0,0,175771,19067,0
2010,"Fakultní Thomayerova nemocnice","00064190","04679000","CZ0100","Léčebna pro dlouhodobě nemocné (LDN)",0,0,240,0,0,0,0,0,0,0,69188
2010,"Fakultní Thomayerova nemocnice","00064190","04775000","CZ0100","Odborné léčebné ústavy",0,0,0,0,35,0,0,0,0,0,7647
2010,"Fakultní nemocnice Brno","65269705","72057000","CZ0642","Léčebna pro dlouhodobě nemocné (LDN)",0,0,85,0,0,0,0,0,0,0,23684
2010,"Fakultní nemocnice Brno","65269705","72100000","CZ0642","Fakultní nemocnice",1720,296,0,0,0,0,0,0,418398,76560,0
2010,"Fakultní nemocnice Bulovka","00064211","08006000","CZ0100","Nemocnice",979,102,0,0,0,0,0,0,210994,28065,6
2010,"Fakultní nemocnice Bulovka","00064211","08368000","CZ0100","Nemocnice následné (ošetřovatelské) péče",0,0,0,34,0,0,0,0,5,0,8930
2010,"Fakultní nemocnice Hradec Králové","00179906","61004000","CZ0521","Fakultní nemocnice",1241,183,0,0,0,0,0,0,284677,51961,0
2010,"Fakultní nemocnice Hradec Králové","00179906","61778000","CZ0521","Odborné léčebné ústavy",0,0,0,18,56,0,0,0,0,0,14977
2010,"Fakultní nemocnice Královské Vinohrady","00064173","10002000","CZ0100","Fakultní nemocnice",897,194,0,0,0,0,0,0,210672,41773,0
2010,"Fakultní nemocnice Královské Vinohrady","00064173","10433000","CZ0100","Léčebna pro dlouhodobě nemocné (LDN)",0,0,70,0,0,0,0,0,0,0,13504
2010,"Fakultní nemocnice Olomouc","00098892","89301000","CZ0712","Fakultní nemocnice",1167,154,0,0,0,0,0,0,338436,40242,0
2010,"Fakultní nemocnice Ostrava","00843989","91009000","CZ0806","Fakultní nemocnice",949,194,0,0,0,0,0,0,222425,52570,0
2010,"Fakultní nemocnice Ostrava","00843989","91009888","CZ0805","Léčebna pro dlouhodobě nemocné (LDN)",0,0,150,0,0,0,0,0,0,0,41377
2010,"Fakultní nemocnice Plzeň","00669806","44101000","CZ0323","Fakultní nemocnice",1539,178,0,0,0,0,10,0,379989,48791,152
2010,"Fakultní nemocnice Plzeň","00669806","44117000","CZ0323","Léčebna pro dlouhodobě nemocné (LDN)",0,0,75,0,0,0,0,0,0,0,20186
2010,"Fakultní nemocnice u sv. Anny v Brně","00159816","72001000","CZ0642","Fakultní nemocnice",731,109,0,0,0,0,0,0,174323,31448,0
2010,"Fakultní nemocnice u sv. Anny v Brně","00159816","72056000","CZ0642","Odborné léčebné ústavy",0,0,0,0,115,0,0,0,0,0,35646
2010,"Fakultní nemocnice v Motole","00064203","05002000","CZ0100","Fakultní nemocnice",1567,368,0,0,0,0,0,0,330565,101711,0
2010,"Fakultní nemocnice v Motole","00064203","05434000","CZ0100","Léčebna pro dlouhodobě nemocné (LDN)",0,0,381,0,0,0,0,0,0,0,71557
2010,"GARC Kladno, s.r.o.,","27371794","22128000","CZ0203","Léčebna pro dlouhodobě nemocné (LDN)",0,0,112,0,40,0,0,0,0,0,43972
2010,"Gaudium Frýdek-Místek s.r.o.","26788799","86111000","CZ0802","Léčebna pro dlouhodobě nemocné (LDN)",0,0,0,60,0,0,0,0,0,0,21649
2010,"Gerontologické centrum","45250022","08299000","CZ0100","Léčebna pro dlouhodobě nemocné (LDN)",0,0,46,0,0,0,0,0,0,0,10817
2010,"GynCentrum, spol. s r.o.","45316783","09262000","CZ0100","Nemocnice",27,4,0,0,0,0,0,0,4130,943,0
2010,"HOSPIC v MOSTĚ, o.p.s.","25419561","57623000","CZ0425","LZ hospicového typu poskytující paliativní péči",0,0,0,15,0,0,0,0,0,0,2819
2010,"HOSPIC ŠTRASBURK o.p.s.","61383457","08277000","CZ0100","LZ hospicového typu poskytující paliativní péči",0,0,0,0,0,25,0,0,0,0,4654
2010,"Hamzova odborná léčebna pro děti a dosp.","00183024","62901000","CZ0531","Odborné léčebné ústavy",0,0,0,0,505,0,0,0,0,0,171782
2010,"Hornická NsP - LDN","61325422","58105000","CZ0426","Léčebna pro dlouhodobě nemocné (LDN)",0,0,75,0,0,0,0,0,0,0,13043
2010,"Hospic Chrudim z.ú.","26625385","62421000","CZ0531","LZ hospicového typu poskytující paliativní péči",0,0,0,27,0,0,0,0,0,0,7817
2010,"Hospic na Svatém Kopečku","73634671","89163000","CZ0712","LZ hospicového typu poskytující paliativní péči",0,0,0,30,0,0,0,0,0,0,8475
2010,"Hospic sv. Alžběty o.p.s.","26604582","72058000","CZ0642","LZ hospicového typu poskytující paliativní péči",0,0,0,0,0,20,0,0,0,0,6091
2010,"Hospic sv. Jana N. Neumanna, o.p.s.","70853517","37106000","CZ0315","LZ hospicového typu poskytující paliativní péči",0,0,0,0,0,30,0,0,0,0,4764
2010,"Hospic sv. Štěpána, z.s.","65081374","55038000","CZ0423","LZ hospicového typu poskytující paliativní péči",0,0,0,0,0,26,0,0,0,0,6310
2010,"Hospic svatého Lazara","66361508","44107000","CZ0323","LZ hospicového typu poskytující paliativní péči",0,0,0,0,0,28,0,0,0,0,6167
2010,"ISCARE I.V.F. a.s.","61858366","07202000","CZ0100","Nemocnice",10,3,0,0,0,0,0,0,127,0,0
2010,"Institut klin.a exper.medicíny v Praze","00023001","04002000","CZ0100","Fakultní nemocnice",201,111,0,0,0,0,0,0,51128,31845,0
2010,"Interna Zábřeh, s. r. o.","60774916","93203000","CZ0715","Nemocnice následné (ošetřovatelské) péče",0,0,0,42,0,0,0,0,0,0,8123
2010,"JESSENIA a.s. - Rehabilitační Nem.Beroun","26752051","21001000","CZ0202","Nemocnice",86,7,0,0,0,0,0,0,33379,3092,38
2010,"Jihomoravské dětské léčebny, p.o.","00386766","71105000","CZ0641","Odborné léčebné ústavy",0,0,0,0,42,0,0,0,0,0,11966
2010,"Jihomoravské dětské léčebny, p.o.","00386766","71108000","CZ0641","Odborné léčebné ústavy",0,0,0,0,30,0,0,0,0,0,6524
2010,"KARDIOLOGIE NA BULOVCE, s.r.o.","49679236","08075000","CZ0100","Nemocnice",12,0,0,0,0,0,0,0,4813,0,0
2010,"KARLOVARSKÁ KRAJSKÁ NEMOCNICE A.S. NEMOCNICE SOKOLOV","26365804","42615000","CZ0413","Léčebna pro dlouhodobě nemocné (LDN)",0,0,50,0,0,0,0,0,0,0,17693
2010,"KZ, a.s. - Nemocnice Chomutov, o.z.","25488627","52111000","CZ0422","Léčebna pro dlouhodobě nemocné (LDN)",0,0,81,0,0,0,0,0,0,0,21574
2010,"KZ,a.s.-oddělení následné péče Most","25488627","57015000","CZ0425","Léčebna pro dlouhodobě nemocné (LDN)",0,0,106,7,0,0,0,0,0,0,28115
2010,"Karlovarská krajská nemocnice a.s.","26365804","42008000","CZ0412","Nemocnice",996,98,0,0,0,0,0,0,202647,23480,0
2010,"Karlovarská krajská nemocnice a.s.","26365804","42616000","CZ0412","Nemocnice následné (ošetřovatelské) péče",0,0,0,10,0,0,0,0,0,0,2514
2010,"Karvinská hornická nemocnice a.s.","60793490","87013000","CZ0803","Nemocnice",128,17,0,0,0,0,0,0,31154,4938,0
2010,"Klatovská nemocnice, a.s.","26360527","43001000","CZ0322","Nemocnice",340,23,0,0,0,0,0,0,62920,3824,0
2010,"Klinika Dr. Pírka s. r. o.","47540265","26007000","CZ0207","Nemocnice",41,4,0,0,0,0,0,0,11657,1487,0
2010,"Krajská nemocnice Liberec, a.s.","27283933","54100000","CZ0513","Nemocnice",734,94,0,0,0,0,0,0,170647,28834,0
2010,"Krajská nemocnice Liberec, a.s. - Turnov","27283933","67104000","CZ0514","Nemocnice",156,11,0,0,0,0,0,0,33496,2701,0
2010,"Krajská nemocnice Liberec, a.s. - Turnov","27283933","67174000","CZ0514","Léčebna pro dlouhodobě nemocné (LDN)",0,0,36,0,0,0,0,0,0,0,8641
2010,"Krajská nemocnice Liberec, a.s. Frýdlant","27283933","54209000","CZ0513","Léčebna pro dlouhodobě nemocné (LDN)",0,0,0,25,0,0,0,5,0,0,6673
2010,"Krajská nemocnice Liberec, a.s.- LDN","27283933","54103000","CZ0513","Léčebna pro dlouhodobě nemocné (LDN)",0,0,142,0,0,0,0,0,0,0,43307
2010,"Krajská nemocnice T. Bati, a. s.","27661989","82001000","CZ0724","Nemocnice",816,91,0,26,0,0,0,0,226365,23502,2103
2010,"Krajská nemocnice T. Bati, a. s.","27661989","82050000","CZ0724","Léčebna pro dlouhodobě nemocné (LDN)",0,0,120,0,0,0,0,0,0,0,32100
2010,"Krajská zdravotní, a.s.","25488627","59001000","CZ0427","Fakultní nemocnice",1032,120,0,0,0,0,0,0,224059,29684,40
2010,"Krajská zdravotní, a.s.","25488627","59287000","CZ0427","Léčebna pro dlouhodobě nemocné (LDN)",0,0,115,0,0,0,0,0,0,0,31380
2010,"Krajská zdravotní, a.s.","25488627","59326000","CZ0427","Fakultní nemocnice",0,0,0,30,0,0,0,0,0,0,4054
2010,"Krajská zdravotní, a.s.  Nemocnice Litoměřice, o.z.","25488627","55042000","CZ0423","Nemocnice následné (ošetřovatelské) péče",0,0,0,30,0,0,0,0,0,0,6499
2010,"Krajská zdravotní, a.s.-Nemoc.Děčín,o.z.","25488627","51100000","CZ0421","Nemocnice",283,24,0,22,0,0,0,0,62950,7514,3774
2010,"Krajská zdravotní, a.s.-Nemoc.Most,o.z.","25488627","57001000","CZ0425","Nemocnice",619,65,0,0,0,0,0,0,163436,18781,0
2010,"Krajská zdravotní,a.s.-N.Litoměřice,o.z.","25488627","55021000","CZ0423","Nemocnice",393,37,0,0,0,0,0,0,92926,6598,0
2010,"Krajská zdravotní,a.s.-N.Litoměřice,o.z.","25488627","55037000","CZ0423","Léčebna pro dlouhodobě nemocné (LDN)",0,0,120,0,0,0,0,0,0,0,30498
2010,"Krajská zdravotní,a.s.-Nem.Chomutov,o.z.","25488627","52110000","CZ0422","Nemocnice",391,38,0,0,0,0,0,0,85868,6573,0
2010,"Krajská zdravotní,a.s.-Nemocnice Teplice","25488627","58101000","CZ0426","Nemocnice",420,49,0,0,0,0,0,0,102535,11057,0
2010,"Krajská zdravotní,a.s.-Nemocnice Teplice","25488627","58106000","CZ0426","Léčebna pro dlouhodobě nemocné (LDN)",0,0,51,0,0,0,0,0,0,0,11654
2010,"Kroměřížská nemocnice a.s.","27660532","77001000","CZ0721","Nemocnice",420,34,0,0,0,0,0,0,94529,8571,0
2010,"Krušnohorská poliklinika s.r.o.","25030302","57622000","CZ0425","Nemocnice následné (ošetřovatelské) péče",0,0,0,30,0,0,0,0,0,0,13162
2010,"LRS Chvaly, o.p.s.","24805807","09514000","CZ0100","Odborné léčebné ústavy",0,0,0,0,50,0,0,0,0,0,13436
2010,"Levitovo centrum následné péče p.o.- LDN","00190217","63113000","CZ0522","Léčebna pro dlouhodobě nemocné (LDN)",0,0,110,0,0,0,0,0,0,0,27546
2010,"Lužická nemocnice a poliklinika, a.s.","61538990","51300000","CZ0421","Nemocnice",125,14,0,30,0,0,0,0,30706,3801,9406
2010,"Lázně Slatinice a.s.","25367757","89875000","CZ0712","Odborné léčebné ústavy",0,0,0,0,28,0,0,0,0,0,8328
2010,"Lázně Teplice nad Bečvou a.s.","45192570","92374000","CZ0714","Odborné léčebné ústavy",0,0,0,0,75,0,0,0,0,0,22896
2010,"Léčebna dlouhodobě nemocných","05212146","31093000","CZ020C","Léčebna pro dlouhodobě nemocné (LDN)",0,0,52,0,0,0,0,0,0,0,12744
2010,"Léčebna dlouhodobě nemocných Opočno","00191744","66232000","CZ0524","Léčebna pro dlouhodobě nemocné (LDN)",0,0,52,0,0,0,0,0,0,0,7545
2010,"Léčebna dlouhodobě nemocných Rybitví","00190560","65360000","CZ0532","Léčebna pro dlouhodobě nemocné (LDN)",0,0,105,0,0,0,0,0,0,0,31731
2010,"Léčebna dlouhodobě nemocných Vršovice","00879649","10499000","CZ0100","Léčebna pro dlouhodobě nemocné (LDN)",0,0,109,0,0,0,0,0,0,0,17510
2010,"Léčebna dlouhodobě nemocných na Vojkově","27256391","28015000","CZ0209","Léčebna pro dlouhodobě nemocné (LDN)",0,0,100,0,0,0,0,0,0,0,31206
2010,"Léčebna dlouhodobě nemocných v Praze 6","45243956","06372000","CZ0100","Léčebna pro dlouhodobě nemocné (LDN)",0,0,100,0,0,0,0,0,0,0,13192
2010,"Léčebna pro dlouhodobě nemocné HK","00180092","61358000","CZ0521","Léčebna pro dlouhodobě nemocné (LDN)",0,0,99,0,0,0,0,0,0,0,26666
2010,"Léčebna respiračních nemocí Cvikov,p.o.,","00673951","50213000","CZ0511","Odborné léčebné ústavy",0,0,0,0,72,0,0,0,0,0,21996
2010,"Léčebna respiračních nemocí Cvikov,p.o.,","00673951","50280000","CZ0511","Odborné léčebné ústavy",0,0,0,0,85,0,0,0,0,0,23401
2010,"Léčebna tuberkulozy a respiračních nem.","00512117","35010000","CZ0633","Odborné léčebné ústavy",0,0,0,0,80,0,0,0,0,0,20407
2010,"MEDI HELP s.r.o., Masarykovo sanatorium","46359443","30515000","CZ020B","Nemocnice následné (ošetřovatelské) péče",0,0,0,120,0,0,0,0,0,0,28061
2010,"MEDI HELP, S.R.O. MASARYKOVO SANATORIUM Dobříš","46359443","30503000","CZ020B","Léčebna pro dlouhodobě nemocné (LDN)",0,0,50,0,0,0,0,0,0,0,9405
2010,"MEDICINA, spol. s r.o. - LDN","49904035","56009000","CZ0424","Léčebna pro dlouhodobě nemocné (LDN)",0,0,82,0,0,0,0,0,0,0,25404
2010,"MEDICON Hospitals s.r.o.","25634691","04757000","CZ0100","Léčebna pro dlouhodobě nemocné (LDN)",0,0,60,0,0,0,0,0,0,0,16082
2010,"MEDICON Hospitals s.r.o.","25634691","35042000","CZ0100","Léčebna pro dlouhodobě nemocné (LDN)",0,0,89,15,0,0,0,0,0,0,21198
2010,"MEDITERRA - Sedlčany, s.r.o.","26429683","30529000","CZ020B","Nemocnice následné (ošetřovatelské) péče",0,0,0,34,0,0,0,0,0,0,7491
2010,"MEDITERRA Sedlčany s.r.o.","26429683","30520000","CZ020B","Nemocnice",53,4,0,0,0,0,0,0,12257,1597,0
2010,"MEDITERRA Sedlčany, s.r.o.  - NIP, DIOP","26429683","30530000","CZ020B","Samostatné lůžkové zařízení s péčí DIP, NIOP, NIP",0,0,0,0,0,0,10,0,0,0,1774
2010,"MEDITERRA s.r.o.","49686356","05522000","CZ0100","Samostatné lůžkové zařízení s péčí DIP, NIOP, NIP",0,0,0,0,0,0,16,0,0,0,3418
2010,"MEDITERRA s.r.o.","49686356","05523000","CZ0100","Odborné léčebné ústavy",0,0,0,0,142,0,0,0,0,0,35792
2010,"MEDITERRA s.r.o.","49686356","05656000","CZ0100","Nemocnice",20,3,0,0,0,0,0,0,509,206,0
2010,"MMN, a.s.","05421888","67101000","CZ0514","Nemocnice",83,7,0,0,0,0,0,0,20404,2579,8
2010,"MMN, a.s.","05421888","67102000","CZ0514","Nemocnice",191,13,0,0,0,0,0,0,37174,3053,0
2010,"MMN, a.s.","05421888","67171000","CZ0514","Léčebna pro dlouhodobě nemocné (LDN)",0,0,35,0,0,0,0,0,0,0,10113
2010,"MSCARE s.r.o.","28509480","10637000","CZ0100","Léčebna pro dlouhodobě nemocné (LDN)",0,0,42,0,0,0,0,0,0,0,10050
2010,"Masarykova nemocnice Rakovník s.r.o.","05212146","31001000","CZ020C","Nemocnice",207,17,0,0,0,0,0,0,45888,3770,0
2010,"Masarykův onkologický ústav","00209805","72931000","CZ0642","Nemocnice",243,16,0,0,0,0,0,0,68198,6497,0
2010,"MediCentrum Praha a.s.","64949486","04727000","CZ0100","Odborné léčebné ústavy",0,0,0,0,30,0,0,0,0,0,16187
2010,"Mulačova nemocnice s. r. o.","25202189","44105000","CZ0323","Nemocnice",160,12,0,0,0,0,0,0,39235,1466,0
2010,"Mělnická zdravotní, a.s.","27958639","25110000","CZ0206","Nemocnice",236,23,0,0,0,0,0,0,49707,5651,0
2010,"Mělnická zdravotní, a.s.","27958639","25119000","CZ0206","Nemocnice následné (ošetřovatelské) péče",0,0,0,93,0,0,0,0,1220,189,19902
2010,"Městská nemocnice Městec Králové a.s.","26495015","27002000","CZ0208","Nemocnice",44,4,0,0,0,0,0,0,13639,1029,0
2010,"Městská nemocnice Městec Králové a.s.","26495015","27011000","CZ0208","Léčebna pro dlouhodobě nemocné (LDN)",0,0,140,0,0,0,0,0,0,0,39445
2010,"Městská nemocnice Městec Králové, a.s.","26495015","27015000","CZ0208","Samostatné lůžkové zařízení s péčí DIP, NIOP, NIP",0,0,0,0,0,0,10,6,0,0,3481
2010,"Městská nemocnice Ostrava","00635162","91001000","CZ0806","Nemocnice",678,71,0,0,0,0,0,0,167232,19551,85
2010,"Městská nemocnice Ostrava","00635162","91001680","CZ0806","Léčebna pro dlouhodobě nemocné (LDN)",0,0,94,30,0,0,0,0,0,0,38887
2010,"Městská nemocnice Slavičín","62181378","82052000","CZ0724","Léčebna pro dlouhodobě nemocné (LDN)",0,0,50,0,0,0,0,0,0,0,15497
2010,"Městská nemocnice následné péče","45245843","09004000","CZ0100","Nemocnice následné (ošetřovatelské) péče",0,0,0,128,0,0,0,0,0,0,41140
2010,"Městská nemocnice s pol. Uh. Brod, s.r.o","25583905","80020000","CZ0722","Léčebna pro dlouhodobě nemocné (LDN)",0,0,90,0,0,0,0,0,0,0,23412
2010,"Městská nemocnice v Odrách, p.o.","66183596","88005000","CZ0804","Nemocnice",34,4,75,0,0,0,0,0,10511,967,20408
2010,"Městská nemocnice Čáslav","00873764","24200000","CZ0205","Nemocnice",159,10,0,0,0,0,0,0,39039,1714,0
2010,"Městská nemocnice Čáslav","00873764","24451000","CZ0205","Léčebna pro dlouhodobě nemocné (LDN)",0,0,30,0,0,0,0,0,0,0,9369
2010,"Městská nemocnice, a.s.","25262238","69002000","CZ0525","Nemocnice",109,7,0,0,0,0,0,0,31090,988,0
2010,"Městská nemocnice, a.s.","25262238","69005000","CZ0525","Nemocnice následné (ošetřovatelské) péče",0,0,0,50,0,0,0,0,0,0,11778
2010,"NEMOS PLUS s.r.o.","47714913","42638000","CZ0412","Nemocnice",0,0,0,0,0,0,14,0,0,0,3147
2010,"NH Hospital a.s. - Nemocnice Hořovice","27872963","21002000","CZ0202","Nemocnice",223,20,0,0,0,0,0,0,63932,6882,0
2010,"Nem. Milos. sester sv. Vincence de Paul","17809193","77910000","CZ0721","Léčebna pro dlouhodobě nemocné (LDN)",0,0,105,0,0,0,0,0,0,0,28520
2010,"Nem. násl. péče LDN Horažďovice, s.r.o.","26360870","43030000","CZ0322","Léčebna pro dlouhodobě nemocné (LDN)",0,0,140,0,0,0,0,0,0,0,37959
2010,"Nem.Mil.sester sv.K.Boromej.v Praze","73634085","01002000","CZ0100","Nemocnice",202,14,0,30,0,0,0,0,32055,3738,4738
2010,"Nemocnice  Prachatice, a.s. - LDN","26095165","37104000","CZ0315","Léčebna pro dlouhodobě nemocné (LDN)",0,0,25,0,0,0,0,0,0,0,7307
2010,"Nemocnice  Slaný","00875295","22102000","CZ0203","Nemocnice",254,20,0,40,0,0,0,0,73677,5460,5545
2010,"Nemocnice AGEL Jeseník a.s.","47973927","95202000","CZ0711","Nemocnice",121,5,0,0,0,0,0,0,26452,908,0
2010,"Nemocnice AGEL Jeseník a.s.","47973927","95206000","CZ0711","Léčebna pro dlouhodobě nemocné (LDN)",0,0,30,0,0,0,0,0,0,0,9428
2010,"Nemocnice AGEL Louny a.s. - LDN","27332730","56012000","CZ0424","Léčebna pro dlouhodobě nemocné (LDN)",0,0,90,0,0,0,0,10,0,0,23956
2010,"Nemocnice AGEL Nový Jičín a.s.","25886207","88001000","CZ0804","Nemocnice",378,34,0,0,0,0,0,0,99194,11912,167
2010,"Nemocnice AGEL Nový Jičín a.s.","25886207","88014000","CZ0804","Léčebna pro dlouhodobě nemocné (LDN)",0,0,40,0,0,0,0,0,0,0,10385
2010,"Nemocnice AGEL Ostrava-Vítkovice a.s.","60793201","91950000","CZ0806","Nemocnice",354,38,0,0,0,0,0,0,74530,9273,0
2010,"Nemocnice AGEL Podhorská a.s.","47668989","85200000","CZ0801","Nemocnice",108,9,0,0,0,0,0,0,22596,2437,0
2010,"Nemocnice AGEL Podhorská a.s.","47668989","85291000","CZ0801","Nemocnice následné (ošetřovatelské) péče",0,0,0,40,0,0,0,0,0,0,8791
2010,"Nemocnice AGEL Třinec-Podlesí a.s.","48401129","86106000","CZ0802","Nemocnice",113,38,0,0,0,0,0,0,27100,9064,0
2010,"Nemocnice AGEL Valašské Meziříčí a.s.","26822105","94102000","CZ0723","Nemocnice",200,26,0,0,0,0,0,0,58027,7958,0
2010,"Nemocnice AGEL Valašské Meziříčí a.s.","26822105","94220000","CZ0723","Léčebna pro dlouhodobě nemocné (LDN)",0,0,78,0,0,0,0,0,0,0,24718
2010,"Nemocnice AGEL Český Těšín a.s.","25897551","87029000","CZ0803","Nemocnice",75,6,24,34,0,0,0,0,21569,1776,10690
2010,"Nemocnice AGEL Říčany a.s.","27365867","28003000","CZ0209","Nemocnice",72,8,0,0,0,0,0,0,19564,1215,0
2010,"Nemocnice AGEL Říčany a.s.","27365867","28658000","CZ0209","Léčebna pro dlouhodobě nemocné (LDN)",0,0,30,0,0,0,0,0,0,0,9753
2010,"Nemocnice Beroun - LDN","26752051","21003000","CZ0202","Léčebna pro dlouhodobě nemocné (LDN)",0,0,56,0,0,0,0,0,0,0,18953
2010,"Nemocnice Blansko","00386634","71101000","CZ0641","Nemocnice",171,12,0,0,0,0,0,0,49692,3789,0
2010,"Nemocnice Blansko","00386634","71110000","CZ0641","Léčebna pro dlouhodobě nemocné (LDN)",0,0,30,0,0,0,0,0,0,0,10066
2010,"Nemocnice Boskovice s.r.o.","26925974","71113000","CZ0641","Nemocnice",237,24,0,0,0,0,0,0,63554,8210,0
2010,"Nemocnice Břeclav, p. o.","00390780","74001000","CZ0644","Nemocnice",430,46,0,0,0,0,0,0,106262,9454,0
2010,"Nemocnice Dačice, a.s.","28113195","34013000","CZ0313","Léčebna pro dlouhodobě nemocné (LDN)",0,0,56,0,0,0,0,0,0,0,12144
2010,"Nemocnice Frýdlant s.r.o.","47311576","54200000","CZ0513","Nemocnice",96,10,0,0,0,0,0,0,19714,2174,0
2010,"Nemocnice Havlíčkův Brod, přísp. org.","00179540","60001000","CZ0631","Nemocnice",448,43,0,0,0,0,0,0,127031,12273,0
2010,"Nemocnice Havlíčkův Brod, přísp. org.","00179540","60223000","CZ0631","Léčebna pro dlouhodobě nemocné (LDN)",0,0,44,0,0,0,0,0,0,0,14324
2010,"Nemocnice Havířov, příspěv. organizace","00844896","87004000","CZ0803","Nemocnice",377,41,0,0,0,0,0,0,100978,11252,87
2010,"Nemocnice Havířov, příspěv. organizace","00844896","87054000","CZ0803","Léčebna pro dlouhodobě nemocné (LDN)",0,0,24,0,0,0,0,0,0,0,9433
2010,"Nemocnice Hranice a.s.","47677406","92002000","CZ0714","Nemocnice",125,15,0,0,0,0,0,0,29858,3902,0
2010,"Nemocnice Hranice a.s.","47677406","92283000","CZ0714","Léčebna pro dlouhodobě nemocné (LDN)",0,0,80,0,0,0,0,0,0,0,24831
2010,"Nemocnice Hustopeče p.o.","04212029","74022000","CZ0644","Nemocnice",50,6,0,70,0,0,0,0,16821,1670,15269
2010,"Nemocnice Ivančice, příspěvková organiz.","00225827","73303000","CZ0643","Léčebna pro dlouhodobě nemocné (LDN)",0,0,60,0,0,0,0,0,0,0,18050
2010,"Nemocnice Ivančice,příspěvková organiz.","00225827","73003000","CZ0643","Nemocnice",168,12,0,0,0,0,0,0,46416,3466,0
2010,"Nemocnice Jablonec n. N., p.o.","00829838","53201000","CZ0512","Nemocnice",273,31,0,0,0,0,0,0,76454,8721,0
2010,"Nemocnice Jablonec n. N.. p. o.","00829838","53212000","CZ0512","Léčebna pro dlouhodobě nemocné (LDN)",0,0,0,30,0,0,0,0,0,0,9053
2010,"Nemocnice Jablonec nad Nisou  MUDR. Vít NĚMEČEK, MBA","00829838","53213000","CZ0512","Léčebna pro dlouhodobě nemocné (LDN)",0,0,0,37,0,0,0,0,0,0,9614
2010,"Nemocnice Jihlava, p. o.","00090638","76001000","CZ0632","Nemocnice",624,47,0,0,0,0,0,0,132959,11812,0
2010,"Nemocnice Jihlava,příspěvková organizace","00090638","76002000","CZ0632","Léčebna pro dlouhodobě nemocné (LDN)",0,0,0,88,0,0,0,0,0,0,20953
2010,"Nemocnice Jindřichův Hradec, a.s.","26095157","34001000","CZ0313","Nemocnice",315,26,0,0,0,0,0,0,71874,6888,0
2010,"Nemocnice Jindřichův Hradec, a.s.","26095157","34011000","CZ0313","Léčebna pro dlouhodobě nemocné (LDN)",0,0,52,0,0,0,0,0,0,0,14615
2010,"Nemocnice Kadaň, s.r.o.","25479300","52120000","CZ0422","Nemocnice",184,16,0,0,0,0,0,0,41720,2052,0
2010,"Nemocnice Kadaň, s.r.o.","25479300","52121000","CZ0422","Léčebna pro dlouhodobě nemocné (LDN)",0,0,30,0,0,0,0,0,0,0,8068
2010,"Nemocnice Karviná - Ráj, příspěvková org","00844853","87001000","CZ0803","Nemocnice",467,48,125,0,0,0,10,5,117914,13575,25536
2010,"Nemocnice Kyjov, příspěvková organizace","00226912","75002000","CZ0645","Nemocnice",452,37,0,0,0,0,0,0,131881,10338,2090
2010,"Nemocnice Kyjov, příspěvková organizace","00226912","75007000","CZ0645","Nemocnice následné (ošetřovatelské) péče",0,0,0,60,0,0,0,0,0,0,15130
2010,"Nemocnice Letovice p.o.","00387134","71107000","CZ0641","Léčebna pro dlouhodobě nemocné (LDN)",0,0,120,0,0,0,0,0,0,0,35692
2010,"Nemocnice Mariánské Lázně s.r.o.","26376709","41003000","CZ0411","Nemocnice",83,4,0,0,0,0,0,0,21166,1062,0
2010,"Nemocnice Mariánské Lázně s.r.o.","26376709","41191000","CZ0411","Nemocnice následné (ošetřovatelské) péče",0,0,0,40,0,0,0,0,0,0,11321
2010,"Nemocnice Milosrdných bratří, p.o.","48512478","72048000","CZ0642","Nemocnice",242,20,0,0,0,0,0,0,71502,5667,0
2010,"Nemocnice Milosrdných bratří, p.o.","48512478","72052000","CZ0642","Léčebna pro dlouhodobě nemocné (LDN)",0,0,243,0,0,0,0,0,0,0,77339
2010,"Nemocnice Měšice - CIOP, z.s.","65401921","28004000","CZ0209","Nemocnice následné (ošetřovatelské) péče",0,0,0,80,0,0,0,0,0,0,26722
2010,"Nemocnice Na Františku","00879444","01003000","CZ0100","Nemocnice",197,20,0,0,0,0,0,0,44955,5373,0
2010,"Nemocnice Na Františku","00879444","01311000","CZ0100","Léčebna pro dlouhodobě nemocné (LDN)",0,0,26,0,0,0,0,0,0,0,7597
2010,"Nemocnice Na Homolce","00023884","05004000","CZ0100","Fakultní nemocnice",225,132,0,0,0,0,0,0,62468,38473,0
2010,"Nemocnice Na Pleši s.r.o.","27207064","30006000","CZ020B","Nemocnice",91,6,0,0,0,0,0,0,11762,1087,0
2010,"Nemocnice Na Pleši s.r.o.","27207064","30522000","CZ020B","Odborné léčebné ústavy",0,0,0,0,105,0,0,0,0,0,34170
2010,"Nemocnice Na Pleši s.r.o.","27207064","30605000","CZ020B","Nemocnice následné (ošetřovatelské) péče",0,0,0,30,0,0,0,0,0,0,1646
2010,"Nemocnice Nové Město na Moravě, p. o.","00842001","84231000","CZ0635","Nemocnice",420,32,0,0,0,0,0,0,93176,8057,0
2010,"Nemocnice Nové Město na Moravě, p. o.","00842001","84425000","CZ0635","Léčebna pro dlouhodobě nemocné (LDN)",0,0,50,0,0,0,0,0,0,0,14880
2010,"Nemocnice Nové Město na Moravě, p.o.","00842001","84429000","CZ0635","Odborné léčebné ústavy",0,0,0,0,76,0,0,0,0,0,14001
2010,"Nemocnice Nymburk s.r.o.","28762886","27001000","CZ0208","Nemocnice",159,11,0,0,0,0,0,0,37504,3880,0
2010,"Nemocnice Ostrov s.r.o.","47714913","42010000","CZ0412","Nemocnice",193,13,0,0,0,0,0,0,46494,2966,981
2010,"Nemocnice Ostrov s.r.o.","47714913","42452000","CZ0412","Léčebna pro dlouhodobě nemocné (LDN)",0,0,57,0,0,0,0,0,0,0,4037
2010,"Nemocnice Ostrov s.r.o.","47714913","42639000","CZ0412","Nemocnice",0,0,0,0,0,0,0,14,0,0,3398
2010,"Nemocnice Pardubického kraje, a.s.","27520536","62001000","CZ0531","Nemocnice",249,29,0,0,0,0,10,0,62390,7574,1895
2010,"Nemocnice Pardubického kraje, a.s.","27520536","62002000","CZ0531","Léčebna pro dlouhodobě nemocné (LDN)",0,0,89,0,0,0,0,10,0,0,22905
2010,"Nemocnice Pardubického kraje, a.s.","27520536","65001000","CZ0532","Nemocnice",793,86,0,0,0,0,0,0,175624,19006,0
2010,"Nemocnice Pardubického kraje, a.s.","27520536","65361000","CZ0532","Léčebna pro dlouhodobě nemocné (LDN)",0,0,66,0,0,0,0,0,0,0,19141
2010,"Nemocnice Pardubického kraje, a.s.","27520536","68001000","CZ0533","Nemocnice",244,14,0,0,0,0,0,0,56627,4497,0
2010,"Nemocnice Pardubického kraje, a.s.","27520536","68002000","CZ0533","Nemocnice",245,20,0,0,0,0,0,0,54485,5635,0
2010,"Nemocnice Pardubického kraje, a.s.","27520536","68011000","CZ0533","Léčebna pro dlouhodobě nemocné (LDN)",0,0,23,0,0,0,0,0,0,0,6301
2010,"Nemocnice Pardubického kraje, a.s.","27520536","68012000","CZ0533","Léčebna pro dlouhodobě nemocné (LDN)",0,0,40,0,0,0,0,0,0,0,9036
2010,"Nemocnice Pardubického kraje, a.s.","27520536","70001000","CZ0534","Nemocnice",340,31,0,0,0,0,0,0,70325,6282,0
2010,"Nemocnice Pelhřimov, příspěvková org.","00511951","35001000","CZ0633","Nemocnice",277,27,0,0,0,0,0,0,68494,6229,0
2010,"Nemocnice Pelhřimov, příspěvková org.","00511951","35040000","CZ0633","Léčebna pro dlouhodobě nemocné (LDN)",0,0,46,0,0,0,0,0,0,0,13445
2010,"Nemocnice Počátky, s.r.o.","26216701","35043000","CZ0633","Léčebna pro dlouhodobě nemocné (LDN)",0,0,120,0,0,0,0,0,0,0,29926
2010,"Nemocnice Prachatice, a.s.","26095165","37101000","CZ0315","Nemocnice",158,9,0,0,0,0,0,0,35039,2595,0
2010,"Nemocnice Písek, a.s.","26095190","36101000","CZ0314","Nemocnice",327,45,0,0,0,0,0,5,71424,9347,883
2010,"Nemocnice Písek, a.s.","26095190","36102000","CZ0314","Léčebna pro dlouhodobě nemocné (LDN)",0,0,60,0,0,0,0,0,0,0,14772
2010,"Nemocnice Roudnice nad Labem s.r.o.","25443801","55039000","CZ0423","Nemocnice",146,8,0,0,0,0,0,0,32180,2252,64
2010,"Nemocnice Roudnice nad Labem s.r.o.","25443801","55040000","CZ0423","Léčebna pro dlouhodobě nemocné (LDN)",0,0,43,0,0,0,0,0,0,0,9233
2010,"Nemocnice Roudnice nad Labem s.r.o.","25443801","55044000","CZ0423","Nemocnice následné (ošetřovatelské) péče",0,0,0,28,0,0,0,0,0,0,6415
2010,"Nemocnice Rudolfa a Stefanie Benešov,a.s","27253236","20101000","CZ0201","Nemocnice",298,31,0,58,0,0,0,0,74588,7249,14890
2010,"Nemocnice Strakonice, a.s.","26095181","38001000","CZ0316","Nemocnice",274,20,0,0,0,0,0,0,58787,4985,0
2010,"Nemocnice Strakonice, a.s.","26095181","38005001","CZ0316","Léčebna pro dlouhodobě nemocné (LDN)",0,0,36,0,0,0,0,5,0,0,11728
2010,"Nemocnice Sv. Kříže Žižkov, s.r.o.","47124733","03324000","CZ0100","Nemocnice následné (ošetřovatelské) péče",0,0,0,67,0,0,0,0,0,0,14164
2010,"Nemocnice Sv. Kříže Žižkov, s.r.o.","47124733","03325000","CZ0100","Samostatné lůžkové zařízení s péčí DIP, NIOP, NIP",0,0,0,0,0,0,0,10,0,0,2161
2010,"Nemocnice TGM Hodonín, příspěvková org.","00226637","75001000","CZ0645","Nemocnice",169,24,0,31,0,0,0,0,44759,7391,6833
2010,"Nemocnice Tanvald s.r.o. POSKOČIL Robert Ing.","63145766","53287000","CZ0512","Nemocnice",0,0,0,0,0,0,15,0,0,0,1762
2010,"Nemocnice Tanvald, s. r. o.","63145766","53208000","CZ0512","Nemocnice následné (ošetřovatelské) péče",0,0,0,34,0,0,0,8,0,0,8204
2010,"Nemocnice Tanvald, s.r.o","63145766","53286000","CZ0512","Nemocnice",45,6,0,0,0,0,0,0,12060,816,0
2010,"Nemocnice Tišnov, příspěvková organizace","44947909","73005000","CZ0643","Sdružení ambulantních zařízení",45,5,0,0,0,0,0,0,11591,1444,0
2010,"Nemocnice Tišnov,příspěvková organizace","44947909","73007000","CZ0643","Léčebna pro dlouhodobě nemocné (LDN)",0,0,48,0,0,0,0,0,0,0,15912
2010,"Nemocnice Tábor, a.s.","26095203","39001000","CZ0317","Nemocnice",446,31,0,0,0,0,0,0,106195,7737,0
2010,"Nemocnice Tábor, a.s.","26095203","39007000","CZ0317","Léčebna pro dlouhodobě nemocné (LDN)",0,0,69,0,0,0,0,0,0,0,19453
2010,"Nemocnice Třebotov a.s.","28061543","29003000","CZ020A","Léčebna pro dlouhodobě nemocné (LDN)",0,0,75,0,0,0,0,0,0,0,22466
2010,"Nemocnice Třebíč, příspěvková organizace","00839396","79001000","CZ0634","Nemocnice",472,40,0,0,0,0,0,0,106680,9484,0
2010,"Nemocnice Třebíč, příspěvková organizace","00839396","79002000","CZ0634","Léčebna pro dlouhodobě nemocné (LDN)",0,0,80,0,0,0,0,0,0,0,17241
2010,"Nemocnice Třebíč, příspěvková organizace","00839396","79003000","CZ0634","Nemocnice následné (ošetřovatelské) péče",0,0,47,0,0,0,0,5,0,0,13961
2010,"Nemocnice Třinec, příspěvková organizace","00534242","86102000","CZ0802","Nemocnice",339,32,0,20,0,0,0,0,89340,9759,2535
2010,"Nemocnice Valtice s.r.o.","63488329","74021000","CZ0644","Léčebna pro dlouhodobě nemocné (LDN)",0,0,164,0,0,0,0,0,0,0,35238
2010,"Nemocnice Varnsdorf- LDN","49888498","51303000","CZ0421","Léčebna pro dlouhodobě nemocné (LDN)",0,0,100,0,0,0,0,0,0,0,25703
2010,"Nemocnice Volyně s.r.o.","25155946","38033001","CZ0316","Léčebna pro dlouhodobě nemocné (LDN)",0,0,58,0,0,0,0,0,0,0,15256
2010,"Nemocnice Vrchlabí, s.r.o.","64827232","69003000","CZ0525","Nemocnice",94,5,0,0,0,0,0,0,16668,1768,0
2010,"Nemocnice Vrchlabí, s.r.o.","64827232","69008000","CZ0525","Nemocnice následné (ošetřovatelské) péče",0,0,0,40,0,0,0,0,0,0,5747
2010,"Nemocnice Vyškov, příspěvková organizace","00839205","81001000","CZ0646","Nemocnice",332,26,90,0,0,0,0,0,104667,8004,22106
2010,"Nemocnice Znojmo,příspěvková organizace","00092584","83001000","CZ0647","Nemocnice",551,34,0,0,0,0,0,0,116505,7664,0
2010,"Nemocnice Znojmo,příspěvková organizace","00092584","83002000","CZ0647","Léčebna pro dlouhodobě nemocné (LDN)",0,0,115,0,0,0,0,0,0,0,33367
2010,"Nemocnice následné péče Moravská Třebová","00193895","68013000","CZ0533","Léčebna pro dlouhodobě nemocné (LDN)",0,0,80,0,0,0,0,0,0,0,21384
2010,"Nemocnice následné péče Praha s.r.o.","45789924","06408000","CZ0100","Léčebna pro dlouhodobě nemocné (LDN)",0,0,85,0,0,0,0,0,0,0,22243
2010,"Nemocnice následné péče Svatá Anna,s.r.o","26360896","49008000","CZ0327","Léčebna pro dlouhodobě nemocné (LDN)",0,0,90,0,0,0,0,0,0,0,28046
2010,"Nemocnice následné péče VIA, s.r.o.","02390221","51262000","CZ0421","Léčebna pro dlouhodobě nemocné (LDN)",0,0,80,0,0,0,0,0,0,0,12766
2010,"Nemocnice následné péče s pol. Lom. n/P","00854875","67130000","CZ0514","Léčebna pro dlouhodobě nemocné (LDN)",0,0,59,0,0,0,0,0,0,0,17923
2010,"Nemocnice s pol.Česká Lípa,a.s Léčeb.dlouhodobě nem.Nový Bor","27283518","50294000","CZ0511","Léčebna pro dlouhodobě nemocné (LDN)",0,0,62,0,0,0,0,0,0,0,14305
2010,"Nemocnice s poliklinikou Česká Lípa a.s.","27283518","50292000","CZ0511","Léčebna pro dlouhodobě nemocné (LDN)",0,0,60,0,0,0,0,0,0,0,15278
2010,"Nemocnice s poliklinikou Česká Lípa,a.s.","27283518","50100000","CZ0511","Nemocnice",377,28,0,0,0,0,0,0,82638,7084,0
2010,"Nemocnice sv. Alžběty Na Slupi, s.r.o.","07579969","02259000","CZ0100","Léčebna pro dlouhodobě nemocné (LDN)",0,0,89,0,0,0,0,0,0,0,10203
2010,"Nemocnice sv.Zdislavy,a.s.","25542681","84427000","CZ0635","Nemocnice",70,10,0,0,0,0,0,0,20437,2690,0
2010,"Nemocnice sv.Zdislavy,a.s.","25542681","84428000","CZ0635","Léčebna pro dlouhodobě nemocné (LDN)",0,0,55,0,0,0,0,0,0,0,18030
2010,"Nemocnice u Sv. Jiří s. r. o.","49786954","44613000","CZ0323","Nemocnice",28,5,0,0,0,0,0,0,1704,1188,0
2010,"Nemocnice ve Frýdku-Místku, přís. organ.","00534188","86101000","CZ0802","Nemocnice",373,34,0,32,0,0,0,0,98581,10049,7039
2010,"Nemocnice České Budějovice, a.s.","26068877","32006000","CZ0311","Nemocnice",1070,152,0,0,0,0,0,0,251182,40568,0
2010,"Nemocnice České Budějovice, a.s.","26068877","32067000","CZ0311","Léčebna pro dlouhodobě nemocné (LDN)",0,0,264,0,0,0,0,0,0,0,61999
2010,"Nemocnice České Budějovice, a.s.","26068877","32070000","CZ0311","Odborné léčebné ústavy",0,0,0,0,50,0,0,0,0,0,9767
2010,"Nemocnice Český Krumlov, a.s.","26095149","33100000","CZ0312","Nemocnice",180,14,0,0,0,0,0,0,46914,3983,0
2010,"Nemocnice Český Krumlov, a.s.","26095149","33103000","CZ0312","Léčebna pro dlouhodobě nemocné (LDN)",0,0,88,0,0,0,0,0,0,0,29561
2010,"Nemocnice Šumperk a.s.","47682795","93008000","CZ0715","Nemocnice následné (ošetřovatelské) péče",0,0,0,57,0,0,0,0,0,0,16655
2010,"Nemocnice Šumperk a.s.","47682795","93201000","CZ0715","Nemocnice",375,31,0,0,0,0,0,0,99108,8344,0
2010,"Nemocnice Žatec, o.p.s.","25026259","56007000","CZ0424","Nemocnice",127,11,0,0,0,0,0,0,32803,2817,0
2010,"Nemocnice Žatec, o.p.s. - LDN","25026259","56010000","CZ0424","Léčebna pro dlouhodobě nemocné (LDN)",0,0,50,0,0,0,0,0,0,0,12506
2010,"Neurologie, s.r.o. - léč. dlouh. nem.","49900391","51276000","CZ0421","Odborné léčebné ústavy",0,0,20,0,0,0,0,0,0,0,7264
2010,"Národní ústav duševního zdraví","00023752","08002000","CZ0209","Nemocnice",51,0,0,0,0,0,0,0,13516,0,0
2010,"OLÚ Metylovice-Moravskosl. sanator.,p.o.","00534200","86404000","CZ0802","Odborné léčebné ústavy",0,0,0,0,62,0,0,0,0,0,6134
2010,"ORTHES, spol. s r.o.","60718048","94125000","CZ0723","Nemocnice",10,3,0,0,0,0,0,0,2863,654,0
2010,"Oblastní charita ČK - HOSPIC A. České","48623814","64306000","CZ0523","LZ hospicového typu poskytující paliativní péči",0,0,0,0,0,30,0,0,0,0,8710
2010,"Oblastní charita Červený Kostelec","48623814","69007000","CZ0525","Nemocnice následné (ošetřovatelské) péče",0,0,0,28,0,0,0,0,0,0,6626
2010,"Oblastní nemocnice Jičín a.s.","26001551","63101000","CZ0522","Nemocnice",371,24,0,0,0,0,0,0,93729,7201,0
2010,"Oblastní nemocnice Jičín a.s.","26001551","63112000","CZ0521","Léčebna pro dlouhodobě nemocné (LDN)",0,0,91,55,0,0,0,0,0,0,35863
2010,"Oblastní nemocnice Kladno, a.s.,","27256537","22101000","CZ0203","Nemocnice",522,54,0,0,0,0,0,0,156811,19113,0
2010,"Oblastní nemocnice Kolín, a.s.","27256391","23100000","CZ0204","Odborné léčebné ústavy",0,0,0,0,20,0,0,0,0,0,4546
2010,"Oblastní nemocnice Kolín, a.s.","27256391","23101000","CZ0204","Nemocnice",629,55,0,0,0,0,0,0,138832,18037,436
2010,"Oblastní nemocnice Kolín, a.s.","27256391","23200000","CZ0205","Léčebna pro dlouhodobě nemocné (LDN)",0,0,50,0,0,0,0,0,0,0,12803
2010,"Oblastní nemocnice Mladá Boleslav, a. s.","27256456","26001000","CZ0207","Nemocnice",466,52,0,0,0,0,0,0,108365,16315,0
2010,"Oblastní nemocnice Mladá Boleslav, a.s.","27256456","26012000","CZ0207","Léčebna pro dlouhodobě nemocné (LDN)",0,0,128,0,0,0,0,0,0,0,35110
2010,"Oblastní nemocnice Náchod a.s.","26000202","64001000","CZ0523","Nemocnice",445,23,0,0,0,0,0,0,103390,7482,0
2010,"Oblastní nemocnice Náchod a.s.","26000202","64007000","CZ0523","Léčebna pro dlouhodobě nemocné (LDN)",0,0,83,82,0,0,0,0,0,0,37948
2010,"Oblastní nemocnice Příbram, a. s.","27085031","30601000","CZ020B","Nemocnice následné (ošetřovatelské) péče",0,0,0,30,0,0,0,0,0,0,8071
2010,"Oblastní nemocnice Příbram, a. s.","27085031","30602000","CZ020B","Léčebna pro dlouhodobě nemocné (LDN)",0,0,30,0,0,0,0,0,0,0,7772
2010,"Oblastní nemocnice Příbram, a.s.","27085031","30531000","CZ020B","Nemocnice",437,41,0,0,0,0,0,0,87795,10572,0
2010,"Oblastní nemocnice Rychnov n/Kněžnou a.s","25999249","66001000","CZ0524","Nemocnice",223,15,0,0,0,0,0,0,49142,3577,42
2010,"Oblastní nemocnice Rychnov n/Kněžnou a.s","25999249","66001300","CZ0524","Nemocnice následné (ošetřovatelské) péče",0,0,0,31,0,0,0,0,0,0,9561
2010,"Oblastní nemocnice Trutnov a.s.","26000237","69001000","CZ0525","Nemocnice",341,18,0,0,0,0,0,0,63694,3156,0
2010,"Oblastní spolek ČČK Mladá Boleslav","00425788","26014000","CZ0207","Nemocnice následné (ošetřovatelské) péče",0,0,0,15,0,0,0,0,0,0,1988
2010,"Odborný lečebný ústav Paseka, p.o.","00849081","89316000","CZ0712","Léčebna pro dlouhodobě nemocné (LDN)",0,0,135,0,0,0,0,0,0,0,39357
2010,"Odborný léčebný ústav Jevíčko","00193976","68005000","CZ0533","Odborné léčebné ústavy",0,0,0,0,176,0,0,0,0,0,58156
2010,"Odborný léčebný ústav Paseka, p.o.","00849081","89723000","CZ0712","Odborné léčebné ústavy",0,0,0,0,193,0,0,0,0,0,67109
2010,"Odborný léčebný ústav neurologicko-geriatrický Moravský Beroun, p.o.","00600946","89199000","CZ0712","Léčebna pro dlouhodobě nemocné (LDN)",0,0,118,0,0,0,0,10,0,0,34537
2010,"Olivova dětská léčebna, o.p.s.","25689371","28005000","CZ0209","Odborné léčebné ústavy",0,0,0,0,124,0,0,0,0,0,16286
2010,"Ošetřovatelská lůžka","05212146","31110000","CZ020C","Nemocnice následné (ošetřovatelské) péče",0,0,0,16,0,0,0,0,0,0,4931
2010,"PATEB s.r.o.","26940281","79591000","CZ0634","Odborné léčebné ústavy",0,0,0,0,45,0,0,0,0,0,16739
2010,"PP Hospitals, s.r.o.","26085011","28002000","CZ0209","Nemocnice",135,10,0,0,0,0,0,0,23064,2994,0
2010,"PP Hospitals, s.r.o.","26085011","28660000","CZ0209","Léčebna pro dlouhodobě nemocné (LDN)",0,0,35,0,0,0,0,0,0,0,9217
2010,"PRIVAMED a.s.","46885251","44103000","CZ0323","Nemocnice",170,12,0,0,0,0,0,0,46385,2379,0
2010,"PRIVAMED a.s.","46885251","44106000","CZ0323","Léčebna pro dlouhodobě nemocné (LDN)",0,0,190,0,0,0,0,10,0,0,55963
2010,"PRVNÍ PRIVÁTNÍ CHIRURGICKÉ CENTRUM spol.","49813692","61303000","CZ0521","Nemocnice",47,8,0,0,0,0,0,0,9164,816,0
2010,"Poliklinika Prosek a.s.","28495306","09362000","CZ0100","Nemocnice následné (ošetřovatelské) péče",0,0,0,20,0,0,0,0,0,0,7316
2010,"Poličská nemocnice, s.r.o.","25296094","68019000","CZ0533","Léčebna pro dlouhodobě nemocné (LDN)",0,0,120,0,0,0,0,0,0,0,27452
2010,"Psychiatric. nemocnice Marianny Oranžské","00851388","95020000","CZ0711","Odborné léčebné ústavy",0,0,0,0,150,0,0,0,0,0,38581
2010,"Psychiatrická léčebna Lnáře","00668168","38002000","CZ0316","Odborné léčebné ústavy",0,0,0,0,70,0,0,0,0,0,19081
2010,"Psychiatrická léčebna Petrohrad, p.o.","00829137","56005000","CZ0424","Odborné léčebné ústavy",0,0,0,0,150,0,0,0,0,0,19899
2010,"Psychiatrická léčebna Červený Dvůr","00583600","33200000","CZ0312","Odborné léčebné ústavy",0,0,0,0,103,0,0,0,0,0,32098
2010,"Psychiatrická léčebna Šternberk","00843954","89303000","CZ0712","Odborné léčebné ústavy",0,0,0,0,520,0,0,0,0,0,132919
2010,"Psychiatrická nemocnice Bohnice","00064220","08005000","CZ0100","Odborné léčebné ústavy",0,0,0,0,1318,0,0,0,0,0,276720
2010,"Psychiatrická nemocnice Bohnice","00064220","08279000","CZ0100","Léčebna pro dlouhodobě nemocné (LDN)",0,0,63,0,0,0,0,0,0,0,9454
2010,"Psychiatrická nemocnice Brno","00160105","72935000","CZ0642","Odborné léčebné ústavy",0,0,0,0,841,0,0,0,0,0,169841
2010,"Psychiatrická nemocnice Havlíčkův Brod","00179230","60006000","CZ0631","Odborné léčebné ústavy",0,0,0,0,750,0,0,0,0,0,136390
2010,"Psychiatrická nemocnice Horní Beřkovice","00673552","55024000","CZ0423","Odborné léčebné ústavy",0,0,0,0,507,0,0,0,0,0,92456
2010,"Psychiatrická nemocnice Jihlava","00600601","76021000","CZ0632","Odborné léčebné ústavy",0,0,0,0,530,0,0,0,0,0,84707
2010,"Psychiatrická nemocnice Kosmonosy","00068691","26003000","CZ0207","Odborné léčebné ústavy",0,0,0,0,600,0,0,0,0,0,85225
2010,"Psychiatrická nemocnice Písek a.s.","28092732","36896000","CZ0314","Odborné léčebné ústavy",0,0,0,0,57,0,0,0,0,0,17439
2010,"Psychiatrická nemocnice v Dobřanech","00669792","45901000","CZ0324","Odborné léčebné ústavy",0,0,0,0,1225,0,0,0,0,0,199841
2010,"Psychiatrická nemocnice v Kroměříži","00567914","77951000","CZ0721","Odborné léčebné ústavy",0,0,0,0,1100,0,0,0,0,0,249007
2010,"Psychiatrická nemocnice v Opavě","00844004","90224000","CZ0805","Odborné léčebné ústavy",0,0,0,0,977,0,0,0,0,0,249280
2010,"REHAMEDICA Žacléř, a. s.","27550176","69004000","CZ0525","Nemocnice",51,0,0,0,0,0,0,0,16978,0,0
2010,"RHG spol. s r. o.","61852287","29004000","CZ020A","Léčebna pro dlouhodobě nemocné (LDN)",0,0,0,77,0,0,0,0,0,0,13918
2010,"RHG spol. s.r.o.","61852287","25211000","CZ0206","Nemocnice následné (ošetřovatelské) péče",0,0,0,132,0,0,0,0,0,0,24448
2010,"Rehabilit.ústav pro cévní choroby mozk.","49813447","60190000","CZ0631","Odborné léčebné ústavy",0,0,0,0,39,0,0,0,0,0,14571
2010,"Rehabilitační centrum Čeladná s.r.o.","25868951","86110000","CZ0802","Odborné léčebné ústavy",0,0,0,0,221,0,0,0,0,0,67564
2010,"Rehabilitační ústav Brandýs nad Orlicí","00853879","70012000","CZ0534","Odborné léčebné ústavy",0,0,0,0,170,0,0,0,0,0,56138
2010,"Rehabilitační ústav Hrabyně","00601233","90158000","CZ0805","Odborné léčebné ústavy",0,0,0,0,373,0,0,0,0,0,128681
2010,"Rehabilitační ústav Kladruby","00068705","20105000","CZ0201","Odborné léčebné ústavy",0,0,0,0,235,0,0,0,0,0,76800
2010,"Revmatologický ústav","00023728","02001000","CZ0100","Fakultní nemocnice",54,0,0,0,0,0,0,0,15141,0,0
2010,"Rokycanská nemocnice,  a.s.","26360900","47113000","CZ0326","Nemocnice následné (ošetřovatelské) péče",0,0,0,30,0,0,0,0,0,0,3989
2010,"Rokycanská nemocnice, a.s.","26360900","47101000","CZ0326","Nemocnice",142,9,0,0,0,0,0,0,37579,1777,0
2010,"SANATORIUM EDEL s.r.o.","49609599","95683000","CZ0711","Odborné léčebné ústavy",0,0,0,0,93,0,0,0,0,0,27060
2010,"SENIOR CZ, s.r.o.","25413244","59314000","CZ0427","Odborné léčebné ústavy",0,0,0,0,30,0,0,0,0,0,4782
2010,"SOaL okresu Trutnov","00195201","69034000","CZ0525","Odborné léčebné ústavy",0,0,0,0,159,0,0,0,0,0,46636
2010,"SOaL okresu Trutnov","00195201","69034002","CZ0525","Odborné léčebné ústavy",0,0,0,0,30,0,0,0,0,0,7480
2010,"Sanatorium Jablunkov, a.s.","27835545","86113000","CZ0802","Léčebna pro dlouhodobě nemocné (LDN)",0,0,30,36,105,0,0,0,0,0,48813
2010,"Sdružené zdravotnické zařízení Krnov, příspěvková organizace","00844641","85781000","CZ0801","Jednodenní chirurgie",0,0,45,0,0,0,0,0,0,0,8879
2010,"Sdružené zdravotnické zařízení Krnov, příspěvková organizace","00844641","85782000","CZ0801","Jednodenní chirurgie",0,0,0,0,64,0,0,0,0,0,11188
2010,"Sdružené zdravotnické zařízení Krnov, příspěvková organizace","00844641","85783000","CZ0801","Nemocnice následné (ošetřovatelské) péče",0,0,0,176,0,0,0,0,0,0,38008
2010,"Sdružené zdravotnické zařízení Krnov,p.o","00844641","85600000","CZ0801","Nemocnice",304,32,0,0,0,0,0,8,66202,7993,616
2010,"Slezská nemocnice v Opavě, příspěv. org.","47813750","90001000","CZ0805","Nemocnice",489,45,0,0,0,0,0,0,115094,11822,0
2010,"Slezská nemocnice v Opavě, příspěv. org.","47813750","90604000","CZ0805","Léčebna pro dlouhodobě nemocné (LDN)",0,0,48,0,0,0,0,0,0,0,14720
2010,"Soc. a zdravotní centrum Letiny s.r.o.","63504502","44109000","CZ0324","Nemocnice následné (ošetřovatelské) péče",0,0,0,30,0,0,0,0,0,0,4317
2010,"Stodská nemocnice, a.s.","26361086","45001000","CZ0324","Nemocnice",147,8,0,0,0,0,0,0,33574,2359,0
2010,"Stodská nemocnice, a.s. - LDN","26361086","45002000","CZ0324","Léčebna pro dlouhodobě nemocné (LDN)",0,0,57,0,0,0,0,0,0,0,16010
2010,"SurGal Clinic s.r.o.","46965033","72186000","CZ0642","Nemocnice",59,6,0,0,0,0,10,0,10163,1702,386
2010,"Sušická nemocnice s.r.o.","08176302","43010000","CZ0322","Nemocnice",86,8,65,0,0,0,0,0,19600,2004,15899
2010,"THERÁPON 98, a. s.","25399195","88012000","CZ0804","Léčebna pro dlouhodobě nemocné (LDN)",0,0,41,0,0,0,0,0,0,0,13489
2010,"TRN - Léčebna v Mirošově - Janově","00669784","47102000","CZ0326","Odborné léčebné ústavy",0,0,0,0,130,0,0,0,0,0,35781
2010,"TŘI, z.ú.","18623433","20121000","CZ0201","LZ hospicového typu poskytující paliativní péči",0,0,0,0,0,30,0,0,0,0,7523
2010,"Uherskohradišťská nemocnice a.s.","27660915","80001000","CZ0722","Nemocnice",511,44,0,0,0,0,10,0,128038,12129,989
2010,"Uherskohradišťská nemocnice a.s.","27660915","80003000","CZ0722","Léčebna pro dlouhodobě nemocné (LDN)",0,0,83,0,0,0,0,0,0,0,27372
2010,"Vazební věznice a ÚpVZD Brno","00212423","72046000","CZ0642","Nemocnice",93,0,0,0,0,0,0,0,15758,0,0
2010,"Vazební věznice a ÚpVZD Brno","00212423","72059000","CZ0642","Nemocnice následné (ošetřovatelské) péče",0,0,0,20,0,0,0,0,0,0,4792
2010,"Vojenská nemocnice Brno","60555530","72037000","CZ0642","Nemocnice",209,20,0,0,0,0,0,0,48422,4736,0
2010,"Vojenská nemocnice Olomouc","60800691","89382000","CZ0712","Léčebna pro dlouhodobě nemocné (LDN)",0,0,23,0,0,0,0,0,0,0,5135
2010,"Vojenská nemocnice Olomouc","60800691","89903000","CZ0712","Nemocnice",217,15,0,0,0,0,10,0,57629,3676,674
2010,"Vojenský rehabilitační ústav","00000582","29005000","CZ020A","Odborné léčebné ústavy",0,0,0,0,150,0,0,0,0,0,49454
2010,"Vsetínská nemocnice a.s.","26871068","94101000","CZ0723","Nemocnice",301,24,0,0,0,0,0,0,57778,6280,0
2010,"Vsetínská nemocnice a.s.","26871068","94210000","CZ0723","Léčebna pro dlouhodobě nemocné (LDN)",0,0,85,0,0,0,0,0,0,0,26790
2010,"Vysokomýtská nemocnice","71207856","70052000","CZ0534","Léčebna pro dlouhodobě nemocné (LDN)",0,0,120,0,0,0,0,0,0,0,31116
2010,"Vysočinské nemocnice s.r.o.","25257005","60224000","CZ0633","Léčebna pro dlouhodobě nemocné (LDN)",0,0,88,0,0,0,0,0,0,0,23933
2010,"Všeobecná fakultní nemocnice v Praze","00064165","02004000","CZ0100","Fakultní nemocnice",1518,233,0,20,0,0,0,0,297988,61386,4619
2010,"Všeobecná fakultní nemocnice v Praze","00064165","02276000","CZ0100","Odborné léčebné ústavy",0,0,0,0,66,0,0,0,0,0,16474
2010,"Zařízení následné reh. a hosp. péče,p.o.","69979821","42441000","CZ0412","Léčebna pro dlouhodobě nemocné (LDN)",0,0,90,0,0,0,0,0,0,0,26107
2010,"ÚVN-Vojenská fakultní nemocnice Praha","61383082","06051000","CZ0100","Fakultní nemocnice",525,76,0,28,0,0,0,0,120961,21248,7105
2010,"ÚVN-Vojenská fakultní nemocnice Praha","61383082","06419000","CZ0100","Odborné léčebné ústavy",0,0,0,0,14,0,0,0,,,
2010,"ÚVN-Vojenská fakultní nemocnice Praha","61383082","06530000","CZ0100","Léčebna pro dlouhodobě nemocné (LDN)",0,0,26,0,0,0,0,0,0,0,6773
2010,"ÚVN-Vojenská fakultní nemocnice Praha","61383082","06566000","CZ0100","Samostatné lůžkové zařízení s péčí DIP, NIOP, NIP",0,0,0,0,0,0,0,6,0,0,616
2010,"Úrazová nemocnice v Brně","00209813","72933000","CZ0642","Nemocnice",142,49,0,0,0,0,0,0,43478,14090,0
2010,"Ústav chirurgie ruky a plast. chirurgie","00193011","67711000","CZ0514","Nemocnice",52,0,0,0,0,0,0,0,11313,0,0
2010,"Ústav hematologie a krevní transfuze","00023736","02002000","CZ0100","Fakultní nemocnice",22,15,0,0,0,0,0,0,5766,5079,0
2010,"Ústav leteckého zdravotnictví Praha","61382981","06039000","CZ0100","Samostatná ordinace lékaře specialisty",10,0,0,0,0,0,0,0,2937,0,0
2010,"Ústav pro péči o matku a dítě","00023698","04004000","CZ0100","Fakultní nemocnice",222,35,0,0,0,0,0,0,60872,12792,0
2010,"ČR, VS ČR, VV a ÚpVZD Praha Pankrác","00212423","04150000","CZ0100","Nemocnice",97,0,0,0,0,0,0,0,22083,0,0
2010,"Českobrodská nemocnice, s.r.o.","28529421","23146000","CZ0204","Nemocnice",37,4,0,0,0,0,0,0,7655,1504,30
2010,"Českobrodská nemocnice, s.r.o.","28529421","23147000","CZ0204","Léčebna pro dlouhodobě nemocné (LDN)",0,0,30,99,0,0,0,6,0,0,29836
2010,"Českomoravská provincie Hospitálského ř.","44995776","82051000","CZ0724","Léčebna pro dlouhodobě nemocné (LDN)",0,0,65,0,0,0,0,0,0,0,21131
2013,"HVĚZDA z.ú.","70829560","82072000","CZ0724","LZ hospicového typu poskytující paliativní péči",0,0,0,14,0,0,0,0,0,0,5868
2013,"ADP - SANCO s.r.o.","27685934","78004000","CZ0713","Nemocnice následné (ošetřovatelské) péče",0,0,0,50,0,0,0,0,0,0,10749
2013,"AESKULAP spol. s r.o.","60913266","70006000","CZ0534","Léčebna pro dlouhodobě nemocné (LDN)",0,0,81,0,0,0,0,0,0,0,28101
2013,"AGEL Středomoravská nemocniční a.s.","27797660","78006000","CZ0713","Nemocnice",816,84,0,0,0,0,10,0,200767,22900,1643
2013,"AGEL Středomoravská nemocniční a.s.","27797660","78007000","CZ0713","Léčebna pro dlouhodobě nemocné (LDN)",0,0,197,0,0,0,0,0,0,0,66730
2013,"AHC Centrum následné péče Sedlec-Prčice","25579282","20110000","CZ020B","Léčebna pro dlouhodobě nemocné (LDN)",0,0,110,0,0,0,0,0,0,0,45478
2013,"AHC Centrum následné péče Trutnov s.r.o.","10913416","69006000","CZ0525","Nemocnice následné (ošetřovatelské) péče",0,0,0,30,0,0,0,0,0,0,9638
2013,"AHC Nemocnice Duchcov s.r.o.","61537713","58102000","CZ0426","Nemocnice",40,3,0,0,0,0,0,0,10462,256,2
2013,"AHC Nemocnice Duchcov s.r.o.","61537713","58535000","CZ0426","Nemocnice následné (ošetřovatelské) péče",0,0,0,68,0,0,0,0,0,0,24026
2013,"AHC Rehabilitační centrum Meziboří s.r.o","47283661","57541000","CZ0425","Nemocnice následné (ošetřovatelské) péče",0,0,0,0,46,0,0,0,0,0,14733
2013,"ALBERTINUM,odborný léčebný ústav,Žamberk","00196096","70008000","CZ0534","Odborné léčebné ústavy",0,0,0,0,142,0,0,0,0,0,35474
2013,"ALBERTINUM,odborný léčebný ústav,Žamberk","00196096","70058000","CZ0534","Léčebna pro dlouhodobě nemocné (LDN)",0,0,70,0,0,0,0,0,0,0,22105
2013,"ALMEDA, a.s.","25079174","25310000","CZ0206","Nemocnice",56,6,0,0,0,0,0,0,14091,2086,0
2013,"ALMEDA, a.s.","25079174","25312000","CZ0206","Samostatné lůžkové zařízení s péčí DIP, NIOP, NIP",0,0,0,0,0,0,15,12,0,0,6341
2013,"AMICA CENTRUM s.r.o.","18233392","41281000","CZ0411","Léčebna pro dlouhodobě nemocné (LDN)",0,0,0,120,0,0,0,0,0,0,43987
2013,"ANESAN, s.r.o.","61677540","23111000","CZ0204","Samostatné lůžkové zařízení s péčí DIP, NIOP, NIP",0,0,0,0,0,0,15,0,0,0,3233
2013,"BH - Nemocnice Vimperk a.s.","29015839","37105000","CZ0315","Léčebna pro dlouhodobě nemocné (LDN)",0,0,60,0,0,0,0,0,0,0,14683
2013,"Bohumínská městská nemocnice, a.s.","26834022","87003000","CZ0803","Nemocnice",79,9,25,50,0,0,0,0,22199,3156,11291
2013,"Bílovecká nemocnice, a.s.","26865858","88015000","CZ0804","Nemocnice",46,4,0,0,0,0,0,0,13751,1496,0
2013,"Bílovecká nemocnice, a.s.","26865858","88016000","CZ0804","Léčebna pro dlouhodobě nemocné (LDN)",0,0,80,0,0,0,0,0,0,0,27908
2013,"CARVAC s.r.o.","63504260","41182000","CZ0411","Léčebna pro dlouhodobě nemocné (LDN)",0,0,0,110,0,0,0,0,0,0,27544
2013,"CNS-CENTRUM TŘINEC s.r.o.","26816407","86112000","CZ0802","Nemocnice",42,0,0,0,0,0,0,0,13674,0,0
2013,"Centrum kardiovaskulární a TCH Brno","00209775","72932000","CZ0642","Nemocnice",56,34,0,0,0,0,0,0,15434,10074,0
2013,"Centrum léčby pohybového aparátu, s.r.o.","26432471","09438000","CZ0100","Nemocnice",33,0,0,0,0,0,0,0,8349,0,0
2013,"Charita Ostrava - Hospic sv. Lukáše","44940998","91997300","CZ0806","LZ hospicového typu poskytující paliativní péči",0,0,0,0,0,30,0,0,0,0,8829
2013,"DOP - HC s.r.o.","26356589","48004000","CZ0413","Léčebna pro dlouhodobě nemocné (LDN)",0,0,82,0,0,0,0,0,0,0,25486
2013,"Diakonie Valašské Meziříčí","73632783","94203000","CZ0723","Nemocnice následné (ošetřovatelské) péče",0,0,0,8,0,15,0,0,0,0,7834
2013,"Diecézní charita Brno,OCH Rajhrad","44990260","73006000","CZ0643","LZ hospicového typu poskytující paliativní péči",0,0,0,0,0,50,0,0,0,0,13880
2013,"Dlouhodobá intenzivní oš. péče","05212146","31500000","CZ020C","Samostatné lůžkové zařízení s péčí DIP, NIOP, NIP",0,0,0,0,0,0,1,10,0,0,3392
2013,"Domažlická nemocnice, a.s.","26361078","40001000","CZ0321","Nemocnice",135,10,0,0,0,0,0,0,35093,2978,0
2013,"Domažlická nemocnice, a.s. - LDN","26361078","40501000","CZ0321","Léčebna pro dlouhodobě nemocné (LDN)",0,0,50,0,0,0,0,0,0,0,13723
2013,"Domov sv.Karla Boromejského","65400143","06353000","CZ0100","Léčebna pro dlouhodobě nemocné (LDN)",0,0,79,0,0,0,0,0,0,0,25862
2013,"Dopravní zdravotnictví a.s.","25903659","02368000","CZ0100","Léčebna pro dlouhodobě nemocné (LDN)",0,0,42,0,0,0,0,0,0,0,11525
2013,"Dětská odb.léčebna Ch.G.Masaryk,p.s.ČČK","42726646","30148000","CZ020B","Odborné léčebné ústavy",0,0,0,0,120,0,0,0,0,0,10254
2013,"Dětská psychiatrická nemocnice","00842052","84420000","CZ0635","Odborné léčebné ústavy",0,0,0,0,50,0,0,0,0,0,16839
2013,"Dětská psychiatrická nemocnice Louny","00831034","56004000","CZ0424","Odborné léčebné ústavy",0,0,0,0,50,0,0,0,0,0,13615
2013,"Dětská psychiatrická nemocnice Opařany","00667421","39801000","CZ0317","Odborné léčebné ústavy",0,0,0,0,150,0,0,0,0,0,32028
2013,"Dům Kochova, s.r.o.","28624858","87053000","CZ0803","Nemocnice následné (ošetřovatelské) péče",0,0,0,60,0,0,0,0,0,0,24391
2013,"Dům klidného stáří, spol. s r.o.","26369427","48006000","CZ0413","Léčebna pro dlouhodobě nemocné (LDN)",0,0,30,0,0,0,0,0,0,0,9189
2013,"ETOILE CZ a.s.","28973976","10663000","CZ0100","Samostatné lůžkové zařízení s péčí DIP, NIOP, NIP",0,0,0,0,0,0,15,0,0,0,5504
2013,"EUC Klinika Zlín a.s.","60726636","82002000","CZ0724","Nemocnice",45,7,0,0,0,0,0,0,16892,1237,0
2013,"Fakultní Thomayerova nemocnice","00064190","04005000","CZ0100","Nemocnice",708,76,0,0,0,0,0,0,168807,21997,0
2013,"Fakultní Thomayerova nemocnice","00064190","04679000","CZ0100","Léčebna pro dlouhodobě nemocné (LDN)",0,0,240,0,0,0,0,0,0,0,87080
2013,"Fakultní Thomayerova nemocnice","00064190","04775000","CZ0100","Odborné léčebné ústavy",0,0,0,0,35,0,0,0,0,0,4794
2013,"Fakultní nemocnice Brno","65269705","72100000","CZ0642","Fakultní nemocnice",1605,294,0,0,0,0,0,0,388962,77215,0
2013,"Fakultní nemocnice Bulovka","00064211","08006000","CZ0100","Nemocnice",848,99,0,0,0,0,0,0,205132,27124,6
2013,"Fakultní nemocnice Bulovka","00064211","08368000","CZ0100","Nemocnice následné (ošetřovatelské) péče",0,0,0,54,0,0,0,0,0,0,14098
2013,"Fakultní nemocnice Hradec Králové","00179906","61004000","CZ0521","Fakultní nemocnice",1125,169,0,0,0,0,0,0,278656,54313,0
2013,"Fakultní nemocnice Hradec Králové","00179906","61778000","CZ0521","Odborné léčebné ústavy",0,0,0,18,56,0,0,0,0,0,19049
2013,"Fakultní nemocnice Královské Vinohrady","00064173","10002000","CZ0100","Fakultní nemocnice",842,194,0,0,0,0,0,0,183128,41477,0
2013,"Fakultní nemocnice Královské Vinohrady","00064173","10433000","CZ0100","Léčebna pro dlouhodobě nemocné (LDN)",0,0,70,0,0,0,0,0,0,0,15546
2013,"Fakultní nemocnice Olomouc","00098892","89301000","CZ0712","Fakultní nemocnice",993,140,0,0,0,0,0,0,235886,40727,0
2013,"Fakultní nemocnice Ostrava","00843989","91009000","CZ0806","Fakultní nemocnice",889,204,0,0,0,0,0,0,232131,58419,0
2013,"Fakultní nemocnice Ostrava","00843989","91009888","CZ0805","Léčebna pro dlouhodobě nemocné (LDN)",0,0,140,0,0,0,0,0,0,0,41278
2013,"Fakultní nemocnice Plzeň","00669806","44101000","CZ0323","Fakultní nemocnice",1401,178,0,0,0,0,10,0,376842,53714,2255
2013,"Fakultní nemocnice Plzeň","00669806","44117000","CZ0323","Léčebna pro dlouhodobě nemocné (LDN)",0,0,75,0,0,0,0,0,0,0,22886
2013,"Fakultní nemocnice u sv. Anny v Brně","00159816","72001000","CZ0642","Fakultní nemocnice",680,118,0,0,0,0,0,0,163559,29719,0
2013,"Fakultní nemocnice u sv. Anny v Brně","00159816","72056000","CZ0642","Odborné léčebné ústavy",0,0,0,0,115,0,0,0,0,0,39895
2013,"Fakultní nemocnice v Motole","00064203","05002000","CZ0100","Fakultní nemocnice",1435,373,0,0,0,0,0,0,314549,111511,0
2013,"Fakultní nemocnice v Motole","00064203","05434000","CZ0100","Léčebna pro dlouhodobě nemocné (LDN)",0,0,381,0,0,0,0,0,0,0,155076
2013,"GARC Kladno, s.r.o.,","27371794","22128000","CZ0203","Léčebna pro dlouhodobě nemocné (LDN)",0,0,112,0,40,0,0,0,0,0,43733
2013,"Gaudium Frýdek-Místek s.r.o.","26788799","86111000","CZ0802","Léčebna pro dlouhodobě nemocné (LDN)",0,0,0,60,0,0,0,0,0,0,20835
2013,"Gerontologické centrum","45250022","08299000","CZ0100","Léčebna pro dlouhodobě nemocné (LDN)",0,0,46,0,0,0,0,0,0,0,12243
2013,"GynCentrum, spol. s r.o.","45316783","09262000","CZ0100","Nemocnice",27,4,0,0,0,0,0,0,3255,673,0
2013,"HOSPIC Frýdek-Místek, p.o.","72046546","86114000","CZ0802","LZ hospicového typu poskytující paliativní péči",0,0,0,0,0,30,0,0,0,0,4247
2013,"HOSPIC v MOSTĚ, o.p.s.","25419561","57623000","CZ0425","LZ hospicového typu poskytující paliativní péči",0,0,0,15,0,0,0,0,0,0,4348
2013,"HOSPIC ŠTRASBURK o.p.s.","61383457","08277000","CZ0100","LZ hospicového typu poskytující paliativní péči",0,0,0,0,0,55,0,0,0,0,15758
2013,"Hamzova odborná léčebna pro děti a dosp.","00183024","62901000","CZ0531","Odborné léčebné ústavy",0,0,0,85,398,0,0,0,0,0,144925
2013,"Hornická NsP - LDN","61325422","58105000","CZ0426","Léčebna pro dlouhodobě nemocné (LDN)",0,0,75,0,0,0,0,0,0,0,29973
2013,"Hospic Chrudim z.ú.","26625385","62421000","CZ0531","LZ hospicového typu poskytující paliativní péči",0,0,0,0,0,27,0,0,0,0,9844
2013,"Hospic na Svatém Kopečku","73634671","89163000","CZ0712","LZ hospicového typu poskytující paliativní péči",0,0,0,0,0,30,0,0,0,0,8416
2013,"Hospic sv. Alžběty o.p.s.","26604582","72058000","CZ0642","LZ hospicového typu poskytující paliativní péči",0,0,0,0,0,20,0,0,0,0,6307
2013,"Hospic sv. Jana N. Neumanna, o.p.s.","70853517","37106000","CZ0315","LZ hospicového typu poskytující paliativní péči",0,0,0,0,0,30,0,0,0,0,7241
2013,"Hospic sv. Štěpána, z.s.","65081374","55038000","CZ0423","LZ hospicového typu poskytující paliativní péči",0,0,0,0,0,26,0,0,0,0,6482
2013,"Hospic svatého Lazara","66361508","44107000","CZ0323","LZ hospicového typu poskytující paliativní péči",0,0,0,0,0,28,0,0,0,0,6688
2013,"Institut klin.a exper.medicíny v Praze","00023001","04002000","CZ0100","Fakultní nemocnice",193,111,0,0,0,0,0,0,51369,28397,0
2013,"Interna Zábřeh, s. r. o.","60774916","93203000","CZ0715","Nemocnice následné (ošetřovatelské) péče",0,0,0,32,0,0,0,0,0,0,6517
2013,"JESSENIA a.s. - Rehabilitační Nem.Beroun","26752051","21001000","CZ0202","Nemocnice",97,7,0,0,0,0,0,0,41671,2081,0
2013,"Jihomoravské dětské léčebny, p.o.","00386766","71103000","CZ0641","Odborné léčebné ústavy",0,0,0,0,40,0,0,0,0,0,12814
2013,"Jihomoravské dětské léčebny, p.o.","00386766","71105000","CZ0641","Odborné léčebné ústavy",0,0,0,0,42,0,0,0,0,0,9379
2013,"Jihomoravské dětské léčebny, p.o.","00386766","71108000","CZ0641","Odborné léčebné ústavy",0,0,0,0,30,0,0,0,0,0,6599
2013,"KARDIOLOGIE NA BULOVCE, s.r.o.","49679236","08075000","CZ0100","Nemocnice",12,0,0,0,0,0,0,0,4878,0,0
2013,"KZ, a.s. - Nemocnice Chomutov, o.z.","25488627","52111000","CZ0422","Léčebna pro dlouhodobě nemocné (LDN)",0,0,81,0,0,0,0,0,0,0,26432
2013,"KZ,a.s.-oddělení následné péče Most","25488627","57015000","CZ0425","Léčebna pro dlouhodobě nemocné (LDN)",0,0,106,7,0,0,0,0,0,0,40453
2013,"Karlovarská krajská nemocnice a.s.","26365804","42008000","CZ0412","Nemocnice",370,47,0,0,0,0,0,0,80528,9161,0
2013,"Karlovarská krajská nemocnice a.s.","26365804","42616000","CZ0412","Nemocnice následné (ošetřovatelské) péče",0,0,0,10,0,0,0,0,0,0,2805
2013,"Karlovarská krajská nemocnice a.s.-Cheb","26365804","42041000","CZ0411","Nemocnice",204,17,0,0,0,0,0,0,50845,5002,0
2013,"Karvinská hornická nemocnice a.s.","60793490","87013000","CZ0803","Nemocnice",127,21,0,0,0,0,0,0,34257,4979,0
2013,"Klatovská nemocnice, a.s.","26360527","43001000","CZ0322","Nemocnice",239,18,0,0,0,0,5,0,59276,3225,569
2013,"Klatovská nemocnice, a.s.","26360527","43006000","CZ0322","Léčebna pro dlouhodobě nemocné (LDN)",0,0,20,0,0,0,0,0,0,0,6293
2013,"Klinika Dr. Pírka s. r. o.","47540265","26007000","CZ0207","Nemocnice",47,6,0,0,0,0,0,0,11944,1184,0
2013,"Krajská nemocnice Liberec, a.s.","27283933","54100000","CZ0513","Nemocnice",703,112,0,0,0,0,0,0,171324,30783,0
2013,"Krajská nemocnice Liberec, a.s. - Turnov","27283933","67104000","CZ0514","Nemocnice",123,11,0,0,0,0,0,0,25917,3127,28
2013,"Krajská nemocnice Liberec, a.s. - Turnov","27283933","67174000","CZ0514","Léčebna pro dlouhodobě nemocné (LDN)",0,0,36,0,0,0,0,0,0,0,11704
2013,"Krajská nemocnice Liberec, a.s. Frýdlant","27283933","54209000","CZ0513","Léčebna pro dlouhodobě nemocné (LDN)",0,0,0,25,0,0,0,5,0,0,8959
2013,"Krajská nemocnice Liberec, a.s.- LDN","27283933","54103000","CZ0513","Léčebna pro dlouhodobě nemocné (LDN)",0,0,142,0,0,0,0,0,0,0,45745
2013,"Krajská nemocnice T. Bati, a. s.","27661989","82001000","CZ0724","Nemocnice",669,91,0,0,0,0,7,8,196130,25183,4636
2013,"Krajská nemocnice T. Bati, a. s.","27661989","82050000","CZ0724","Léčebna pro dlouhodobě nemocné (LDN)",0,0,115,21,0,0,0,0,0,0,41302
2013,"Krajská zdravotní, a.s.","25488627","59001000","CZ0427","Fakultní nemocnice",994,120,0,0,0,0,0,0,203232,29189,0
2013,"Krajská zdravotní, a.s.","25488627","59287000","CZ0427","Léčebna pro dlouhodobě nemocné (LDN)",0,0,115,0,0,0,0,0,0,0,37051
2013,"Krajská zdravotní, a.s.","25488627","59326000","CZ0427","Fakultní nemocnice",0,0,0,30,0,0,0,0,0,0,6117
2013,"Krajská zdravotní, a.s.-Nemoc.Děčín,o.z.","25488627","51100000","CZ0421","Nemocnice",259,27,0,22,0,0,0,0,48457,7162,3209
2013,"Krajská zdravotní, a.s.-Nemoc.Most,o.z.","25488627","57001000","CZ0425","Nemocnice",544,65,0,0,0,0,0,0,141622,17082,0
2013,"Krajská zdravotní,a.s.-N.Litoměřice,o.z.","25488627","55021000","CZ0423","Nemocnice",342,37,0,0,0,0,0,0,77564,7144,0
2013,"Krajská zdravotní,a.s.-N.Litoměřice,o.z.","25488627","55037000","CZ0423","Léčebna pro dlouhodobě nemocné (LDN)",0,0,130,0,0,0,0,0,0,0,50865
2013,"Krajská zdravotní,a.s.-Nem.Chomutov,o.z.","25488627","52110000","CZ0422","Nemocnice",366,46,0,0,0,0,0,0,72385,6887,0
2013,"Krajská zdravotní,a.s.-Nemocnice Teplice","25488627","58101000","CZ0426","Nemocnice",386,52,0,0,0,0,0,0,86741,10628,0
2013,"Krajská zdravotní,a.s.-Nemocnice Teplice","25488627","58106000","CZ0426","Léčebna pro dlouhodobě nemocné (LDN)",0,0,51,0,0,0,0,0,0,0,12519
2013,"Kroměřížská nemocnice a.s.","27660532","77001000","CZ0721","Nemocnice",365,35,0,0,0,0,0,0,88602,9120,0
2013,"Krušnohorská poliklinika s.r.o.","25030302","57622000","CZ0425","Nemocnice následné (ošetřovatelské) péče",0,0,0,30,0,0,0,0,0,0,17949
2013,"LRS Chvaly, o.p.s.","24805807","09514000","CZ0100","Odborné léčebné ústavy",0,0,0,0,50,0,0,0,0,0,15457
2013,"Levitovo centrum následné péče p.o.- LDN","00190217","63113000","CZ0522","Léčebna pro dlouhodobě nemocné (LDN)",0,0,110,0,0,0,0,0,0,0,33061
2013,"Lužická nemocnice a poliklinika, a.s.","61538990","51300000","CZ0421","Nemocnice",105,10,0,30,0,0,0,0,23469,2553,8659
2013,"Lázně Darkov, a.s.","61974935","87063000","CZ0803","Odborné léčebné ústavy",0,0,0,0,111,0,0,0,0,0,11169
2013,"Lázně Slatinice a.s.","25367757","89875000","CZ0712","Odborné léčebné ústavy",0,0,0,0,30,0,0,0,0,0,7914
2013,"Lázně Teplice nad Bečvou a.s.","45192570","92374000","CZ0714","Odborné léčebné ústavy",0,0,0,0,100,0,0,0,0,0,33085
2013,"Léčebna dlouhodobě nemocných","05212146","31093000","CZ020C","Léčebna pro dlouhodobě nemocné (LDN)",0,0,52,0,0,0,0,0,0,0,11675
2013,"Léčebna dlouhodobě nemocných Opočno","00191744","66232000","CZ0524","Léčebna pro dlouhodobě nemocné (LDN)",0,0,52,0,0,0,0,0,0,0,18835
2013,"Léčebna dlouhodobě nemocných Rybitví","00190560","65360000","CZ0532","Léčebna pro dlouhodobě nemocné (LDN)",0,0,105,0,0,0,0,0,0,0,34181
2013,"Léčebna dlouhodobě nemocných Vršovice","00879649","10499000","CZ0100","Léčebna pro dlouhodobě nemocné (LDN)",0,0,89,0,0,0,0,0,0,0,30900
2013,"Léčebna dlouhodobě nemocných na Vojkově","27256391","28015000","CZ0209","Léčebna pro dlouhodobě nemocné (LDN)",0,0,100,0,0,0,0,0,0,0,37560
2013,"Léčebna dlouhodobě nemocných v Praze 6","45243956","06372000","CZ0100","Léčebna pro dlouhodobě nemocné (LDN)",0,0,100,0,0,0,0,0,0,0,38450
2013,"Léčebna pro dlouhodobě nemocné HK","00180092","61358000","CZ0521","Léčebna pro dlouhodobě nemocné (LDN)",0,0,99,0,0,0,0,0,0,0,32765
2013,"Léčebna respiračních nemocí Cvikov,p.o.,","00673951","50213000","CZ0511","Odborné léčebné ústavy",0,0,0,0,72,0,0,0,0,0,26090
2013,"Léčebna respiračních nemocí Cvikov,p.o.,","00673951","50280000","CZ0511","Odborné léčebné ústavy",0,0,0,0,85,0,0,0,0,0,16867
2013,"MEDI HELP s.r.o., Masarykovo sanatorium","46359443","30515000","CZ020B","Nemocnice následné (ošetřovatelské) péče",0,0,0,180,0,0,0,0,0,0,65995
2013,"MEDICINA, spol. s r.o. - LDN","49904035","56009000","CZ0424","Léčebna pro dlouhodobě nemocné (LDN)",0,0,82,0,0,0,0,0,0,0,29552
2013,"MEDICON Hospitals s.r.o.","25634691","04757000","CZ0100","Léčebna pro dlouhodobě nemocné (LDN)",0,0,30,78,0,0,0,0,0,0,37407
2013,"MEDITERRA - Sedlčany, s.r.o.","26429683","30529000","CZ020B","Nemocnice následné (ošetřovatelské) péče",0,0,0,34,0,0,0,0,0,0,10587
2013,"MEDITERRA Sedlčany s.r.o.","26429683","30520000","CZ020B","Nemocnice",32,4,0,0,0,0,0,0,7927,1262,0
2013,"MEDITERRA Sedlčany, s.r.o.  - NIP, DIOP","26429683","30530000","CZ020B","Samostatné lůžkové zařízení s péčí DIP, NIOP, NIP",0,0,0,0,0,0,14,0,0,0,5213
2013,"MEDITERRA s.r.o.","49686356","05522000","CZ0100","Samostatné lůžkové zařízení s péčí DIP, NIOP, NIP",0,0,0,0,0,0,21,0,0,0,8338
2013,"MEDITERRA s.r.o.","49686356","05523000","CZ0100","Odborné léčebné ústavy",0,0,0,0,142,0,0,0,0,0,31956
2013,"MEDITERRA s.r.o.","49686356","05656000","CZ0100","Nemocnice",20,3,0,0,0,0,0,0,1851,203,0
2013,"MMN, a.s.","05421888","67101000","CZ0514","Nemocnice",67,8,0,0,0,0,0,0,17346,2241,0
2013,"MMN, a.s.","05421888","67102000","CZ0514","Nemocnice",166,14,0,0,0,0,0,0,33934,3256,0
2013,"MMN, a.s.","05421888","67171000","CZ0514","Léčebna pro dlouhodobě nemocné (LDN)",0,0,55,0,0,0,0,0,0,0,14102
2013,"MSCARE s.r.o.","28509480","10637000","CZ0100","Léčebna pro dlouhodobě nemocné (LDN)",0,0,42,0,0,0,0,0,0,0,13488
2013,"Masarykova nemocnice Rakovník s.r.o.","05212146","31001000","CZ020C","Nemocnice",207,17,0,0,0,0,0,0,36868,3911,0
2013,"Masarykův onkologický ústav","00209805","72931000","CZ0642","Nemocnice",228,16,0,0,0,0,0,0,59189,5261,0
2013,"MediCentrum Praha a.s.","64949486","04727000","CZ0100","Odborné léčebné ústavy",0,0,0,0,50,0,0,0,0,0,17564
2013,"Mulačova nemocnice s. r. o.","25202189","44105000","CZ0323","Nemocnice",156,12,0,0,0,0,0,0,30365,1419,0
2013,"Mělnická zdravotní, a.s.","27958639","25110000","CZ0206","Nemocnice",223,26,0,0,0,0,0,0,55892,6931,0
2013,"Mělnická zdravotní, a.s.","27958639","25119000","CZ0206","Nemocnice následné (ošetřovatelské) péče",0,0,0,93,0,0,0,0,0,0,29689
2013,"Městská nemocnice Městec Králové a.s.","26495015","27002000","CZ0208","Nemocnice",44,4,0,0,0,0,0,0,12337,1209,0
2013,"Městská nemocnice Městec Králové a.s.","26495015","27011000","CZ0208","Léčebna pro dlouhodobě nemocné (LDN)",0,0,140,0,0,0,0,0,0,0,46160
2013,"Městská nemocnice Městec Králové, a.s.","26495015","27015000","CZ0208","Samostatné lůžkové zařízení s péčí DIP, NIOP, NIP",0,0,0,0,0,0,10,6,0,0,7316
2013,"Městská nemocnice Ostrava","00635162","91001000","CZ0806","Nemocnice",613,71,0,0,0,0,0,0,158475,20193,0
2013,"Městská nemocnice Ostrava","00635162","91001680","CZ0806","Léčebna pro dlouhodobě nemocné (LDN)",0,0,94,56,0,0,0,0,0,0,44690
2013,"Městská nemocnice Slavičín","62181378","82052000","CZ0724","Léčebna pro dlouhodobě nemocné (LDN)",0,0,50,0,0,0,0,0,0,0,15766
2013,"Městská nemocnice následné péče","45245843","09004000","CZ0100","Nemocnice následné (ošetřovatelské) péče",0,0,0,128,0,0,0,0,0,0,44238
2013,"Městská nemocnice s pol. Uh. Brod, s.r.o","25583905","80020000","CZ0722","Léčebna pro dlouhodobě nemocné (LDN)",0,0,90,0,0,0,0,0,0,0,22905
2013,"Městská nemocnice v Odrách, p.o.","66183596","88005000","CZ0804","Nemocnice",20,4,75,0,0,0,0,0,8177,1092,18507
2013,"Městská nemocnice Čáslav","00873764","24200000","CZ0205","Nemocnice",138,10,0,0,0,0,0,0,30992,1596,0
2013,"Městská nemocnice Čáslav","00873764","24451000","CZ0205","Léčebna pro dlouhodobě nemocné (LDN)",0,0,30,0,0,0,0,0,0,0,10340
2013,"Městská nemocnice, a.s.","25262238","69002000","CZ0525","Nemocnice",109,7,0,0,0,0,0,0,27843,919,0
2013,"Městská nemocnice, a.s.","25262238","69005000","CZ0525","Nemocnice následné (ošetřovatelské) péče",0,0,0,50,0,0,0,0,0,0,13816
2013,"NH Hospital a.s. - Nemocnice Hořovice","27872963","21002000","CZ0202","Nemocnice",223,23,0,0,0,0,0,0,50306,6974,0
2013,"Nem. Milos. sester sv. Vincence de Paul","17809193","77910000","CZ0721","Léčebna pro dlouhodobě nemocné (LDN)",0,0,105,0,0,0,0,0,0,0,38175
2013,"Nem. násl. péče LDN Horažďovice, s.r.o.","26360870","43030000","CZ0322","Léčebna pro dlouhodobě nemocné (LDN)",0,0,140,0,0,0,0,0,0,0,45447
2013,"Nem.Mil.sester sv.K.Boromej.v Praze","73634085","01002000","CZ0100","Nemocnice",135,10,0,30,0,0,0,0,29921,2911,4816
2013,"Nem.Mil.sester sv.K.Boromej.v Praze","73634085","01475000","CZ0100","LZ hospicového typu poskytující paliativní péči",0,0,0,0,0,13,0,0,0,0,3881
2013,"Nemocnice  Prachatice, a.s. - LDN","26095165","37104000","CZ0315","Léčebna pro dlouhodobě nemocné (LDN)",0,0,25,0,0,0,0,0,0,0,8336
2013,"Nemocnice  Slaný","00875295","22102000","CZ0203","Nemocnice",254,20,0,40,0,0,0,0,53425,5271,14254
2013,"Nemocnice AGEL Jeseník a.s.","47973927","95202000","CZ0711","Nemocnice",98,4,0,0,0,0,0,0,26053,1212,0
2013,"Nemocnice AGEL Jeseník a.s.","47973927","95206000","CZ0711","Léčebna pro dlouhodobě nemocné (LDN)",0,0,30,0,0,0,0,0,0,0,10159
2013,"Nemocnice AGEL Louny a.s. - LDN","27332730","56012000","CZ0424","Léčebna pro dlouhodobě nemocné (LDN)",0,0,90,0,0,0,0,10,0,0,32573
2013,"Nemocnice AGEL Nový Jičín a.s.","25886207","88001000","CZ0804","Nemocnice",362,34,0,0,0,0,0,0,93865,11858,0
2013,"Nemocnice AGEL Nový Jičín a.s.","25886207","88014000","CZ0804","Léčebna pro dlouhodobě nemocné (LDN)",0,0,40,0,0,0,0,0,0,0,11209
2013,"Nemocnice AGEL Ostrava-Vítkovice a.s.","60793201","91950000","CZ0806","Nemocnice",331,39,0,0,0,0,0,0,73571,8513,0
2013,"Nemocnice AGEL Podhorská a.s.","47668989","85200000","CZ0801","Nemocnice",108,9,0,0,0,0,0,0,18078,2079,0
2013,"Nemocnice AGEL Podhorská a.s.","47668989","85291000","CZ0801","Nemocnice následné (ošetřovatelské) péče",0,0,0,40,0,0,0,0,0,0,7874
2013,"Nemocnice AGEL Třinec-Podlesí a.s.","48401129","86106000","CZ0802","Nemocnice",113,38,0,0,0,0,0,0,26188,8749,0
2013,"Nemocnice AGEL Valašské Meziříčí a.s.","26822105","94102000","CZ0723","Nemocnice",185,23,0,0,0,0,0,0,54657,5307,0
2013,"Nemocnice AGEL Valašské Meziříčí a.s.","26822105","94220000","CZ0723","Léčebna pro dlouhodobě nemocné (LDN)",0,0,78,0,0,0,0,0,0,0,27161
2013,"Nemocnice AGEL Český Těšín a.s.","25897551","87029000","CZ0803","Nemocnice",31,0,59,34,0,0,0,0,10584,0,16556
2013,"Nemocnice AGEL Říčany a.s.","27365867","28003000","CZ0209","Nemocnice",61,4,0,0,0,0,0,0,14820,1095,0
2013,"Nemocnice AGEL Říčany a.s.","27365867","28658000","CZ0209","Léčebna pro dlouhodobě nemocné (LDN)",0,0,30,0,0,0,0,0,0,0,10021
2013,"Nemocnice Beroun - LDN","26752051","21003000","CZ0202","Léčebna pro dlouhodobě nemocné (LDN)",0,0,42,0,0,0,0,0,0,0,14851
2013,"Nemocnice Blansko","00386634","71101000","CZ0641","Nemocnice",138,12,0,0,0,0,0,0,45159,4140,0
2013,"Nemocnice Blansko","00386634","71110000","CZ0641","Léčebna pro dlouhodobě nemocné (LDN)",0,0,30,0,0,0,0,0,0,0,10646
2013,"Nemocnice Boskovice s.r.o.","26925974","71113000","CZ0641","Nemocnice",217,24,0,0,0,0,0,0,57323,7489,0
2013,"Nemocnice Břeclav, p. o.","00390780","74001000","CZ0644","Nemocnice",378,41,0,0,0,0,0,0,100208,9586,0
2013,"Nemocnice Dačice, a.s.","28113195","34013000","CZ0313","Léčebna pro dlouhodobě nemocné (LDN)",0,0,56,0,0,0,0,0,0,0,15099
2013,"Nemocnice Frýdlant s.r.o.","47311576","54200000","CZ0513","Nemocnice",62,10,0,0,0,0,0,0,17017,2671,0
2013,"Nemocnice Havlíčkův Brod, přísp. org.","00179540","60001000","CZ0631","Nemocnice",418,44,0,0,0,0,0,0,102966,10129,0
2013,"Nemocnice Havlíčkův Brod, přísp. org.","00179540","60223000","CZ0631","Léčebna pro dlouhodobě nemocné (LDN)",0,0,44,0,0,0,0,0,0,0,16145
2013,"Nemocnice Havířov, příspěv. organizace","00844896","87004000","CZ0803","Nemocnice",322,36,0,0,0,0,0,0,94466,8871,0
2013,"Nemocnice Havířov, příspěv. organizace","00844896","87054000","CZ0803","Léčebna pro dlouhodobě nemocné (LDN)",0,0,25,0,0,0,0,0,0,0,8309
2013,"Nemocnice Hranice a.s.","47677406","92002000","CZ0714","Nemocnice",111,14,0,0,0,0,0,0,24442,3037,0
2013,"Nemocnice Hranice a.s.","47677406","92283000","CZ0714","Léčebna pro dlouhodobě nemocné (LDN)",0,0,80,0,0,0,0,0,0,0,30545
2013,"Nemocnice Hustopeče p.o.","04212029","74022000","CZ0644","Nemocnice",50,3,0,0,0,0,0,0,11881,1400,0
2013,"Nemocnice Hustopeče, p.o.","04212029","74007000","CZ0644","Nemocnice následné (ošetřovatelské) péče",0,0,0,70,0,0,0,0,0,0,15903
2013,"Nemocnice Ivančice, příspěvková organiz.","00225827","73303000","CZ0643","Léčebna pro dlouhodobě nemocné (LDN)",0,0,60,0,0,0,0,0,0,0,20653
2013,"Nemocnice Ivančice,příspěvková organiz.","00225827","73003000","CZ0643","Nemocnice",144,10,0,0,0,0,0,0,36382,3729,0
2013,"Nemocnice Jablonec n. N., p.o.","00829838","53201000","CZ0512","Nemocnice",273,32,0,0,0,0,0,0,75002,8764,0
2013,"Nemocnice Jablonec n. N.. p. o.","00829838","53212000","CZ0512","Léčebna pro dlouhodobě nemocné (LDN)",0,0,67,0,0,0,0,0,0,0,19585
2013,"Nemocnice Jihlava, p. o.","00090638","76001000","CZ0632","Nemocnice",559,62,0,0,0,0,0,0,115854,14680,0
2013,"Nemocnice Jihlava,příspěvková organizace","00090638","76002000","CZ0632","Léčebna pro dlouhodobě nemocné (LDN)",0,0,0,75,0,10,0,0,0,0,21197
2013,"Nemocnice Jindřichův Hradec, a.s.","26095157","34001000","CZ0313","Nemocnice",278,30,0,0,0,0,0,0,60192,6437,0
2013,"Nemocnice Jindřichův Hradec, a.s.","26095157","34011000","CZ0313","Léčebna pro dlouhodobě nemocné (LDN)",0,0,52,0,0,0,0,0,0,0,17003
2013,"Nemocnice Kadaň, s.r.o.","25479300","52120000","CZ0422","Nemocnice",160,12,0,0,0,0,0,0,37541,1969,0
2013,"Nemocnice Kadaň, s.r.o.","25479300","52121000","CZ0422","Léčebna pro dlouhodobě nemocné (LDN)",0,0,30,0,0,0,0,0,0,0,9344
2013,"Nemocnice Karviná - Ráj, příspěvková org","00844853","87001000","CZ0803","Nemocnice",314,37,100,0,0,0,10,5,80254,9305,20756
2013,"Nemocnice Kyjov, příspěvková organizace","00226912","75002000","CZ0645","Nemocnice",395,35,0,0,0,0,0,0,104846,10544,1245
2013,"Nemocnice Kyjov, příspěvková organizace","00226912","75007000","CZ0645","Nemocnice následné (ošetřovatelské) péče",0,0,0,48,0,0,0,0,0,0,12159
2013,"Nemocnice Kyjov, příspěvková organizace","00226912","75990345","CZ0645","Nemocnice",0,4,0,0,0,0,0,0,0,698,0
2013,"Nemocnice Letovice p.o.","00387134","71107000","CZ0641","Léčebna pro dlouhodobě nemocné (LDN)",0,0,120,0,0,0,0,0,0,0,41359
2013,"Nemocnice Mariánské Lázně s.r.o.","26376709","41003000","CZ0411","Nemocnice",27,0,0,0,0,0,0,0,5927,0,0
2013,"Nemocnice Mariánské Lázně s.r.o.","26376709","41191000","CZ0411","Nemocnice následné (ošetřovatelské) péče",0,0,30,66,0,0,0,0,0,0,17809
2013,"Nemocnice Milosrdných bratří, p.o.","48512478","72048000","CZ0642","Nemocnice",205,18,0,0,0,0,0,0,61750,5282,0
2013,"Nemocnice Milosrdných bratří, p.o.","48512478","72052000","CZ0642","Léčebna pro dlouhodobě nemocné (LDN)",0,0,243,0,0,0,0,0,0,0,79205
2013,"Nemocnice Měšice - CIOP, z.s.","65401921","28004000","CZ0209","Nemocnice následné (ošetřovatelské) péče",0,0,0,80,0,0,0,0,0,0,38010
2013,"Nemocnice Na Františku","00879444","01003000","CZ0100","Nemocnice",132,17,0,0,0,0,0,0,34194,4266,0
2013,"Nemocnice Na Františku","00879444","01311000","CZ0100","Léčebna pro dlouhodobě nemocné (LDN)",0,0,26,0,0,0,0,0,0,0,8528
2013,"Nemocnice Na Homolce","00023884","05004000","CZ0100","Fakultní nemocnice",217,129,0,0,0,0,0,0,60211,37017,0
2013,"Nemocnice Na Pleši s.r.o.","27207064","30006000","CZ020B","Nemocnice",48,4,0,0,0,0,0,0,11279,666,0
2013,"Nemocnice Na Pleši s.r.o.","27207064","30522000","CZ020B","Odborné léčebné ústavy",0,0,0,0,105,0,0,0,0,0,30338
2013,"Nemocnice Na Pleši s.r.o.","27207064","30605000","CZ020B","Nemocnice následné (ošetřovatelské) péče",0,0,0,40,0,0,0,0,0,0,8251
2013,"Nemocnice Nové Město na Moravě, p. o.","00842001","84231000","CZ0635","Nemocnice",348,31,0,0,0,0,0,0,80796,8387,0
2013,"Nemocnice Nové Město na Moravě, p. o.","00842001","84425000","CZ0635","Léčebna pro dlouhodobě nemocné (LDN)",0,0,70,0,0,0,0,0,0,0,19932
2013,"Nemocnice Nymburk s.r.o.","28762886","27001000","CZ0208","Nemocnice",145,11,0,0,0,0,0,0,37334,2721,0
2013,"Nemocnice Ostrov s.r.o.","47714913","42010000","CZ0412","Nemocnice",173,7,0,0,0,0,30,14,43318,2055,10017
2013,"Nemocnice Ostrov s.r.o.","47714913","42452000","CZ0412","Léčebna pro dlouhodobě nemocné (LDN)",0,0,57,0,0,0,0,0,0,0,18888
2013,"Nemocnice Pardubického kraje, a.s.","27520536","62001000","CZ0531","Nemocnice",249,29,0,0,0,0,10,0,61301,6935,2546
2013,"Nemocnice Pardubického kraje, a.s.","27520536","62002000","CZ0531","Léčebna pro dlouhodobě nemocné (LDN)",0,0,89,0,0,0,0,10,0,0,25233
2013,"Nemocnice Pardubického kraje, a.s.","27520536","65001000","CZ0532","Nemocnice",793,79,0,0,0,0,0,0,172259,15840,0
2013,"Nemocnice Pardubického kraje, a.s.","27520536","65361000","CZ0532","Léčebna pro dlouhodobě nemocné (LDN)",0,0,66,0,0,0,0,0,0,0,22218
2013,"Nemocnice Pardubického kraje, a.s.","27520536","68001000","CZ0533","Nemocnice",239,14,0,0,0,0,0,0,54054,4386,0
2013,"Nemocnice Pardubického kraje, a.s.","27520536","68002000","CZ0533","Nemocnice",187,20,0,0,0,0,0,0,48039,5431,0
2013,"Nemocnice Pardubického kraje, a.s.","27520536","68011000","CZ0533","Léčebna pro dlouhodobě nemocné (LDN)",0,0,23,0,0,0,0,0,0,0,8951
2013,"Nemocnice Pardubického kraje, a.s.","27520536","68012000","CZ0533","Léčebna pro dlouhodobě nemocné (LDN)",0,0,40,0,0,0,0,0,0,0,12160
2013,"Nemocnice Pardubického kraje, a.s.","27520536","70001000","CZ0534","Nemocnice",306,26,0,0,0,0,0,0,71104,7055,0
2013,"Nemocnice Pelhřimov, příspěvková org.","00511951","35001000","CZ0633","Nemocnice",271,23,0,0,0,0,0,0,66534,6381,0
2013,"Nemocnice Pelhřimov, příspěvková org.","00511951","35040000","CZ0633","Léčebna pro dlouhodobě nemocné (LDN)",0,0,46,0,0,0,0,0,0,0,14539
2013,"Nemocnice Počátky, s.r.o.","26216701","35043000","CZ0633","Léčebna pro dlouhodobě nemocné (LDN)",0,0,120,0,0,0,0,0,0,0,37168
2013,"Nemocnice Prachatice, a.s.","26095165","37101000","CZ0315","Nemocnice",137,9,0,0,0,0,0,0,30741,2658,0
2013,"Nemocnice Písek, a.s.","26095190","36101000","CZ0314","Nemocnice",314,44,0,0,0,0,0,5,67014,9820,857
2013,"Nemocnice Písek, a.s.","26095190","36102000","CZ0314","Léčebna pro dlouhodobě nemocné (LDN)",0,0,36,0,0,0,0,0,0,0,11410
2013,"Nemocnice Roudnice nad Labem s.r.o.","25443801","55039000","CZ0423","Nemocnice",135,8,0,0,0,0,0,0,25889,2159,15
2013,"Nemocnice Roudnice nad Labem s.r.o.","25443801","55040000","CZ0423","Léčebna pro dlouhodobě nemocné (LDN)",0,0,43,0,0,0,0,0,0,0,21925
2013,"Nemocnice Roudnice nad Labem s.r.o.","25443801","55044000","CZ0423","Nemocnice následné (ošetřovatelské) péče",0,0,0,28,0,0,0,0,0,0,8031
2013,"Nemocnice Rudolfa a Stefanie Benešov,a.s","27253236","20101000","CZ0201","Nemocnice",298,31,0,58,0,0,0,0,71644,7561,21341
2013,"Nemocnice Sokolov s.r.o.","24747246","48008000","CZ0413","Nemocnice",223,29,0,0,0,0,0,0,58319,7826,0
2013,"Nemocnice Sokolov s.r.o.","24747246","48009000","CZ0413","Léčebna pro dlouhodobě nemocné (LDN)",0,0,50,0,0,0,0,0,0,0,17230
2013,"Nemocnice Strakonice, a.s.","26095181","38001000","CZ0316","Nemocnice",245,20,0,0,0,0,0,0,53499,4318,0
2013,"Nemocnice Strakonice, a.s.","26095181","38005001","CZ0316","Léčebna pro dlouhodobě nemocné (LDN)",0,0,36,0,0,0,0,5,0,0,16376
2013,"Nemocnice Sv. Kříže Žižkov, s.r.o.","47124733","03324000","CZ0100","Nemocnice následné (ošetřovatelské) péče",0,0,0,67,0,0,0,0,0,0,19903
2013,"Nemocnice Sv. Kříže Žižkov, s.r.o.","47124733","03325000","CZ0100","Samostatné lůžkové zařízení s péčí DIP, NIOP, NIP",0,0,0,0,0,0,0,10,0,0,2522
2013,"Nemocnice TGM Hodonín, příspěvková org.","00226637","75001000","CZ0645","Nemocnice",133,24,0,0,0,0,0,0,37218,7636,0
2013,"Nemocnice TGM Hodonín, příspěvková org.","00226637","75008000","CZ0645","Nemocnice následné (ošetřovatelské) péče",0,0,0,43,0,0,0,0,0,0,12037
2013,"Nemocnice Tanvald, s. r. o.","63145766","53208000","CZ0512","Nemocnice následné (ošetřovatelské) péče",0,0,0,35,0,0,15,8,0,0,17512
2013,"Nemocnice Tanvald, s.r.o","63145766","53286000","CZ0512","Nemocnice",18,3,0,0,0,0,0,0,5756,815,0
2013,"Nemocnice Tišnov, příspěvková organizace","44947909","73005000","CZ0643","Sdružení ambulantních zařízení",40,5,0,0,0,0,0,0,10219,1248,0
2013,"Nemocnice Tišnov,příspěvková organizace","44947909","73007000","CZ0643","Léčebna pro dlouhodobě nemocné (LDN)",0,0,50,0,0,0,0,0,0,0,17120
2013,"Nemocnice Tábor, a.s.","26095203","39001000","CZ0317","Nemocnice",366,31,0,0,0,0,0,0,93788,8699,0
2013,"Nemocnice Tábor, a.s.","26095203","39007000","CZ0317","Léčebna pro dlouhodobě nemocné (LDN)",0,0,69,0,0,0,0,0,0,0,24416
2013,"Nemocnice Třebotov a.s.","28061543","29003000","CZ020A","Léčebna pro dlouhodobě nemocné (LDN)",0,0,87,0,0,0,0,0,0,0,28252
2013,"Nemocnice Třebíč, příspěvková organizace","00839396","79001000","CZ0634","Nemocnice",384,36,0,0,0,0,0,0,100548,9996,0
2013,"Nemocnice Třebíč, příspěvková organizace","00839396","79002000","CZ0634","Léčebna pro dlouhodobě nemocné (LDN)",0,0,70,0,0,0,0,0,0,0,16911
2013,"Nemocnice Třebíč, příspěvková organizace","00839396","79003000","CZ0634","Nemocnice následné (ošetřovatelské) péče",0,0,55,0,0,0,0,5,0,0,19501
2013,"Nemocnice Třinec, příspěvková organizace","00534242","86102000","CZ0802","Nemocnice",300,32,0,20,0,0,0,0,81063,8708,2727
2013,"Nemocnice Valtice s.r.o.","63488329","74021000","CZ0644","Léčebna pro dlouhodobě nemocné (LDN)",0,0,164,0,0,0,0,0,0,0,56114
2013,"Nemocnice Varnsdorf- LDN","49888498","51303000","CZ0421","Léčebna pro dlouhodobě nemocné (LDN)",0,0,100,0,0,0,0,0,0,0,40353
2013,"Nemocnice Volyně s.r.o.","25155946","38033001","CZ0316","Léčebna pro dlouhodobě nemocné (LDN)",0,0,66,0,0,0,0,0,0,0,14604
2013,"Nemocnice Vrchlabí, s.r.o.","64827232","69003000","CZ0525","Nemocnice",94,5,0,0,0,0,0,0,13601,2211,0
2013,"Nemocnice Vrchlabí, s.r.o.","64827232","69008000","CZ0525","Nemocnice následné (ošetřovatelské) péče",0,0,0,35,0,0,0,0,0,0,8095
2013,"Nemocnice Vršovice a.s.","28971906","10693000","CZ0100","Odborné léčebné ústavy",0,0,0,0,20,0,0,0,0,0,6470
2013,"Nemocnice Vršovice a.s.","28971906","10706000","CZ0100","Samostatné lůžkové zařízení s péčí DIP, NIOP, NIP",0,0,0,0,0,0,5,0,,,
2013,"Nemocnice Vyškov, příspěvková organizace","00839205","81001000","CZ0646","Nemocnice",285,25,0,0,0,0,0,0,96410,8466,0
2013,"Nemocnice Vyškov, příspěvková organizace","00839205","81065000","CZ0646","Léčebna pro dlouhodobě nemocné (LDN)",0,0,90,0,0,0,0,0,0,0,27488
2013,"Nemocnice Znojmo,příspěvková organizace","00092584","83001000","CZ0647","Nemocnice",442,33,0,0,0,0,0,0,107331,7614,0
2013,"Nemocnice Znojmo,příspěvková organizace","00092584","83002000","CZ0647","Léčebna pro dlouhodobě nemocné (LDN)",0,0,115,0,0,0,0,0,0,0,38995
2013,"Nemocnice následné péče Moravská Třebová","00193895","68013000","CZ0533","Léčebna pro dlouhodobě nemocné (LDN)",0,0,80,0,0,0,0,0,0,0,22931
2013,"Nemocnice následné péče Praha s.r.o.","45789924","06408000","CZ0100","Léčebna pro dlouhodobě nemocné (LDN)",0,0,40,20,0,0,0,0,0,0,22646
2013,"Nemocnice následné péče Praha s.r.o.","45789924","06610000","CZ0100","Odborné léčebné ústavy",0,0,0,0,20,0,0,0,0,0,1511
2013,"Nemocnice následné péče Svatá Anna,s.r.o","26360896","49008000","CZ0327","Léčebna pro dlouhodobě nemocné (LDN)",0,0,90,0,0,0,0,0,0,0,26054
2013,"Nemocnice následné péče VIA, s.r.o.","02390221","51262000","CZ0421","Léčebna pro dlouhodobě nemocné (LDN)",0,0,100,0,0,0,0,0,0,0,41722
2013,"Nemocnice následné péče s pol. Lom. n/P","00854875","67130000","CZ0514","Léčebna pro dlouhodobě nemocné (LDN)",0,0,0,59,0,0,0,0,0,0,18825
2013,"Nemocnice s poliklinikou Česká Lípa a.s.","27283518","50292000","CZ0511","Léčebna pro dlouhodobě nemocné (LDN)",0,0,122,0,0,0,0,0,0,0,35487
2013,"Nemocnice s poliklinikou Česká Lípa,a.s.","27283518","50100000","CZ0511","Nemocnice",316,31,0,0,0,0,0,6,64318,8012,977
2013,"Nemocnice sv. Alžběty Na Slupi, s.r.o.","07579969","02259000","CZ0100","Léčebna pro dlouhodobě nemocné (LDN)",0,0,89,0,0,0,0,0,0,0,31351
2013,"Nemocnice sv.Zdislavy,a.s.","25542681","84427000","CZ0635","Nemocnice",40,6,0,0,0,0,0,0,12885,1458,0
2013,"Nemocnice sv.Zdislavy,a.s.","25542681","84428000","CZ0635","Léčebna pro dlouhodobě nemocné (LDN)",0,0,80,0,0,0,0,0,0,0,22069
2013,"Nemocnice u Sv. Jiří s. r. o.","49786954","44613000","CZ0323","Nemocnice",15,5,0,0,0,0,0,0,1625,936,0
2013,"Nemocnice ve Frýdku-Místku, přís. organ.","00534188","86101000","CZ0802","Nemocnice",343,34,0,32,0,0,0,0,90043,10602,7312
2013,"Nemocnice České Budějovice, a.s.","26068877","32006000","CZ0311","Nemocnice",986,171,0,0,0,0,0,0,247339,37897,0
2013,"Nemocnice České Budějovice, a.s.","26068877","32067000","CZ0311","Léčebna pro dlouhodobě nemocné (LDN)",0,0,237,0,0,0,0,0,0,0,71681
2013,"Nemocnice České Budějovice, a.s.","26068877","32070000","CZ0311","Odborné léčebné ústavy",0,0,0,0,50,0,0,0,0,0,8320
2013,"Nemocnice Český Krumlov, a.s.","26095149","33100000","CZ0312","Nemocnice",144,14,0,0,0,0,0,0,42803,3840,0
2013,"Nemocnice Český Krumlov, a.s.","26095149","33103000","CZ0312","Léčebna pro dlouhodobě nemocné (LDN)",0,0,88,0,0,0,0,0,0,0,29293
2013,"Nemocnice Šumperk a.s.","47682795","93008000","CZ0715","Nemocnice následné (ošetřovatelské) péče",0,0,0,57,0,0,0,0,0,0,19479
2013,"Nemocnice Šumperk a.s.","47682795","93201000","CZ0715","Nemocnice",347,31,0,0,0,0,0,0,80305,7277,0
2013,"Nemocnice Žatec, o.p.s.","25026259","56007000","CZ0424","Nemocnice",127,11,0,0,0,0,0,0,29822,2002,0
2013,"Nemocnice Žatec, o.p.s. - LDN","25026259","56010000","CZ0424","Léčebna pro dlouhodobě nemocné (LDN)",0,0,50,0,0,0,0,0,0,0,13775
2013,"Neurologie, s.r.o. - léč. dlouh. nem.","49900391","51276000","CZ0421","Odborné léčebné ústavy",0,0,20,0,0,0,0,0,0,0,6774
2013,"Národní ústav duševního zdraví","00023752","08002000","CZ0209","Nemocnice",51,0,0,0,0,0,0,0,12424,0,0
2013,"OLÚ Metylovice-Moravskosl. sanator.,p.o.","00534200","86404000","CZ0802","Odborné léčebné ústavy",0,0,0,0,62,0,0,0,0,0,9768
2013,"ORTHES, spol. s r.o.","60718048","94125000","CZ0723","Nemocnice",10,3,0,0,0,0,0,0,3037,608,0
2013,"ORTO - REHA, s.r.o.","29032806","08439000","CZ0100","Nemocnice",20,0,0,0,0,0,0,0,5419,0,0
2013,"Oblastní charita ČK - HOSPIC A. České","48623814","64306000","CZ0523","LZ hospicového typu poskytující paliativní péči",0,0,0,0,0,30,0,0,0,0,8570
2013,"Oblastní charita Červený Kostelec","48623814","69007000","CZ0525","Nemocnice následné (ošetřovatelské) péče",0,0,0,28,0,0,0,0,0,0,7527
2013,"Oblastní nemocnice Jičín a.s.","26001551","63101000","CZ0522","Nemocnice",340,22,0,0,0,0,0,0,82629,6855,0
2013,"Oblastní nemocnice Jičín a.s.","26001551","63112000","CZ0521","Léčebna pro dlouhodobě nemocné (LDN)",0,0,95,51,0,0,0,0,0,0,46084
2013,"Oblastní nemocnice Kladno, a.s.,","27256537","22101000","CZ0203","Nemocnice",477,54,0,0,0,0,0,0,119613,15713,0
2013,"Oblastní nemocnice Kolín, a.s.","27256391","23100000","CZ0204","Odborné léčebné ústavy",0,0,0,0,20,0,0,0,0,0,4693
2013,"Oblastní nemocnice Kolín, a.s.","27256391","23101000","CZ0204","Nemocnice",556,54,0,0,0,0,0,0,127440,17193,0
2013,"Oblastní nemocnice Kolín, a.s.","27256391","23200000","CZ0205","Léčebna pro dlouhodobě nemocné (LDN)",0,0,82,0,0,0,0,0,0,0,39553
2013,"Oblastní nemocnice Mladá Boleslav, a. s.","27256456","26001000","CZ0207","Nemocnice",433,50,0,0,0,0,0,0,102193,15568,0
2013,"Oblastní nemocnice Mladá Boleslav, a.s.","27256456","26012000","CZ0207","Léčebna pro dlouhodobě nemocné (LDN)",0,0,96,0,0,0,0,0,0,0,29075
2013,"Oblastní nemocnice Náchod a.s.","26000202","64001000","CZ0523","Nemocnice",591,40,0,0,0,0,0,0,108019,9795,0
2013,"Oblastní nemocnice Náchod a.s.","26000202","64007000","CZ0523","Léčebna pro dlouhodobě nemocné (LDN)",0,0,83,130,0,0,0,0,0,0,59509
2013,"Oblastní nemocnice Příbram, a. s.","27085031","30601000","CZ020B","Nemocnice následné (ošetřovatelské) péče",0,0,0,30,0,0,0,0,0,0,9618
2013,"Oblastní nemocnice Příbram, a. s.","27085031","30602000","CZ020B","Léčebna pro dlouhodobě nemocné (LDN)",0,0,30,0,0,0,0,0,0,0,10002
2013,"Oblastní nemocnice Příbram, a.s.","27085031","30531000","CZ020B","Nemocnice",384,36,0,0,0,0,0,0,82823,9314,0
2013,"Oblastní nemocnice Trutnov a.s.","26000237","69001000","CZ0525","Nemocnice",291,19,0,0,0,0,0,0,65822,3505,0
2013,"Oblastní spolek ČČK Mladá Boleslav","00425788","26014000","CZ0207","Nemocnice následné (ošetřovatelské) péče",0,0,0,15,0,0,0,0,0,0,3881
2013,"Odborný léčebný ústav Jevíčko","00193976","68005000","CZ0533","Odborné léčebné ústavy",0,0,0,0,176,0,0,0,0,0,61215
2013,"Odborný léčebný ústav Paseka, p.o.","00849081","89723000","CZ0712","Odborné léčebné ústavy",0,0,135,30,126,0,0,0,0,0,82244
2013,"Odborný léčebný ústav neurologicko-geriatrický Moravský Beroun, p.o.","00600946","89199000","CZ0712","Léčebna pro dlouhodobě nemocné (LDN)",0,0,92,0,0,0,0,10,0,0,29904
2013,"Olivova dětská léčebna, o.p.s.","25689371","28005000","CZ0209","Odborné léčebné ústavy",0,0,0,0,64,0,0,0,0,0,9627
2013,"Ošetřovatelská lůžka","05212146","31110000","CZ020C","Nemocnice následné (ošetřovatelské) péče",0,0,0,16,0,0,0,0,0,0,5574
2013,"PATEB s.r.o.","26940281","79591000","CZ0634","Odborné léčebné ústavy",0,0,0,0,45,0,0,0,0,0,19468
2013,"PP Hospitals, s.r.o.","26085011","28002000","CZ0209","Nemocnice",40,6,0,0,0,0,0,0,9883,2423,0
2013,"PP Hospitals, s.r.o.","26085011","28660000","CZ0209","Léčebna pro dlouhodobě nemocné (LDN)",0,0,60,0,0,0,0,0,0,0,16111
2013,"PRIVAMED a.s.","46885251","44103000","CZ0323","Nemocnice",155,12,0,0,0,0,0,0,40063,2212,0
2013,"PRIVAMED a.s.","46885251","44106000","CZ0323","Léčebna pro dlouhodobě nemocné (LDN)",0,0,190,0,0,0,0,10,0,0,86420
2013,"PRVNÍ PRIVÁTNÍ CHIRURGICKÉ CENTRUM spol.","49813692","61303000","CZ0521","Nemocnice",47,8,0,0,0,0,0,0,7744,626,0
2013,"Poliklinika Prosek a.s.","28495306","09362000","CZ0100","Nemocnice následné (ošetřovatelské) péče",0,0,0,20,0,0,0,0,0,0,8462
2013,"Poličská nemocnice, s.r.o.","25296094","68019000","CZ0533","Léčebna pro dlouhodobě nemocné (LDN)",0,0,120,0,0,0,0,0,0,0,37719
2013,"Psychiatric. nemocnice Marianny Oranžské","00851388","95020000","CZ0711","Odborné léčebné ústavy",0,0,0,0,150,0,0,0,0,0,49612
2013,"Psychiatrická léčebna Lnáře","00668168","38002000","CZ0316","Odborné léčebné ústavy",0,0,0,0,70,0,0,0,0,0,23370
2013,"Psychiatrická léčebna Petrohrad, p.o.","00829137","56005000","CZ0424","Odborné léčebné ústavy",0,0,0,0,130,0,0,0,0,0,39299
2013,"Psychiatrická léčebna Červený Dvůr","00583600","33200000","CZ0312","Odborné léčebné ústavy",0,0,0,0,103,0,0,0,0,0,38093
2013,"Psychiatrická léčebna Šternberk","00843954","89303000","CZ0712","Odborné léčebné ústavy",0,0,0,0,520,0,0,0,0,0,155228
2013,"Psychiatrická nemocnice Bohnice","00064220","08005000","CZ0100","Odborné léčebné ústavy",0,0,0,0,1233,0,0,0,0,0,405806
2013,"Psychiatrická nemocnice Bohnice","00064220","08279000","CZ0100","Léčebna pro dlouhodobě nemocné (LDN)",0,0,63,0,0,0,0,0,0,0,30057
2013,"Psychiatrická nemocnice Brno","00160105","72935000","CZ0642","Odborné léčebné ústavy",0,0,0,0,791,0,0,0,0,0,252061
2013,"Psychiatrická nemocnice Havlíčkův Brod","00179230","60006000","CZ0631","Odborné léčebné ústavy",0,0,0,0,710,0,0,0,0,0,190707
2013,"Psychiatrická nemocnice Horní Beřkovice","00673552","55024000","CZ0423","Odborné léčebné ústavy",0,0,0,0,507,0,0,0,0,0,177708
2013,"Psychiatrická nemocnice Jihlava","00600601","76021000","CZ0632","Odborné léčebné ústavy",0,0,0,0,520,0,0,0,0,0,139272
2013,"Psychiatrická nemocnice Kosmonosy","00068691","26003000","CZ0207","Odborné léčebné ústavy",0,0,0,0,600,0,0,0,0,0,144056
2013,"Psychiatrická nemocnice Písek a.s.","28092732","36896000","CZ0314","Odborné léčebné ústavy",0,0,0,0,57,0,0,0,0,0,19950
2013,"Psychiatrická nemocnice v Dobřanech","00669792","45901000","CZ0324","Odborné léčebné ústavy",0,0,0,0,1205,0,0,0,0,0,316513
2013,"Psychiatrická nemocnice v Kroměříži","00567914","77951000","CZ0721","Odborné léčebné ústavy",0,0,0,0,995,0,0,0,0,0,316999
2013,"Psychiatrická nemocnice v Opavě","00844004","90224000","CZ0805","Odborné léčebné ústavy",0,0,0,0,863,0,0,0,0,0,294572
2013,"REHAMEDICA Žacléř, a.s.","08208778","69009000","CZ0525","Nemocnice následné (ošetřovatelské) péče",0,0,0,50,0,0,0,0,0,0,817
2013,"RHG spol. s r. o.","61852287","29004000","CZ020A","Léčebna pro dlouhodobě nemocné (LDN)",0,0,0,77,0,0,0,0,0,0,24852
2013,"RHG spol. s.r.o.","61852287","25211000","CZ0206","Nemocnice následné (ošetřovatelské) péče",0,0,0,132,0,0,0,0,0,0,76931
2013,"Rehabilit.ústav pro cévní choroby mozk.","49813447","60190000","CZ0631","Odborné léčebné ústavy",0,0,0,0,39,0,0,0,0,0,14174
2013,"Rehabilitační centrum Čeladná s.r.o.","25868951","86110000","CZ0802","Odborné léčebné ústavy",0,0,0,0,221,0,0,0,0,0,54267
2013,"Rehabilitační ústav Brandýs nad Orlicí","00853879","70012000","CZ0534","Odborné léčebné ústavy",0,0,0,0,150,0,0,0,0,0,47077
2013,"Rehabilitační ústav Hrabyně","00601233","90158000","CZ0805","Odborné léčebné ústavy",0,0,0,0,373,0,0,0,0,0,131290
2013,"Rehabilitační ústav Kladruby","00068705","20105000","CZ0201","Odborné léčebné ústavy",0,0,0,0,235,0,0,0,0,0,76974
2013,"Revmatologický ústav","00023728","02001000","CZ0100","Fakultní nemocnice",50,0,0,0,0,0,0,0,13086,0,0
2013,"Rokycanská nemocnice,  a.s.","26360900","47113000","CZ0326","Nemocnice následné (ošetřovatelské) péče",0,0,0,30,0,0,0,0,0,0,3091
2013,"Rokycanská nemocnice, a.s.","26360900","47101000","CZ0326","Nemocnice",108,9,0,0,0,0,0,0,28796,1574,0
2013,"SANATORIUM EDEL s.r.o.","49609599","95683000","CZ0711","Odborné léčebné ústavy",0,0,0,0,93,0,0,0,0,0,23760
2013,"SENIOR CZ, s.r.o.","25413244","59314000","CZ0427","Odborné léčebné ústavy",0,0,0,0,30,0,0,0,0,0,6875
2013,"SOaL okresu Trutnov","00195201","69034000","CZ0525","Odborné léčebné ústavy",0,0,0,0,159,0,0,0,0,0,49775
2013,"SOaL okresu Trutnov","00195201","69034002","CZ0525","Odborné léčebné ústavy",0,0,0,0,30,0,0,0,0,0,5447
2013,"Sanatorium Jablunkov, a.s.","27835545","86113000","CZ0802","Léčebna pro dlouhodobě nemocné (LDN)",0,0,30,36,105,0,0,0,0,0,51254
2013,"Sdružené zdravotnické zařízení Krnov,p.o","00844641","85600000","CZ0801","Nemocnice",270,31,0,0,0,0,0,8,63490,7576,1509
2013,"Sdružené zdravotnické zařízení Krnov,p.o","00844641","85780000","CZ0801","Léčebna pro dlouhodobě nemocné (LDN)",0,0,45,150,25,0,0,0,0,0,51740
2013,"Slezská nemocnice v Opavě, příspěv. org.","47813750","90001000","CZ0805","Nemocnice",443,44,0,0,0,0,0,0,106176,11227,0
2013,"Slezská nemocnice v Opavě, příspěv. org.","47813750","90604000","CZ0805","Léčebna pro dlouhodobě nemocné (LDN)",0,0,48,0,0,0,0,0,0,0,17237
2013,"Soc. a zdravotní centrum Letiny s.r.o.","63504502","44109000","CZ0324","Nemocnice následné (ošetřovatelské) péče",0,0,0,30,0,0,0,0,0,0,10838
2013,"Stodská nemocnice, a.s.","26361086","45001000","CZ0324","Nemocnice",120,8,0,0,0,0,0,0,28687,2331,0
2013,"Stodská nemocnice, a.s. - LDN","26361086","45002000","CZ0324","Léčebna pro dlouhodobě nemocné (LDN)",0,0,57,0,0,0,0,0,0,0,15162
2013,"Státní léčebné lázně Janské Lázně, s.p.","00024007","69022000","CZ0525","Odborné léčebné ústavy",0,0,0,0,110,0,0,0,0,0,3848
2013,"SurGal Clinic s.r.o.","46965033","72186000","CZ0642","Nemocnice",60,6,0,0,0,0,19,0,10227,2447,3975
2013,"Sušická nemocnice s.r.o.","08176302","43010000","CZ0322","Nemocnice",71,8,65,0,0,0,0,0,17546,1872,18628
2013,"THERÁPON 98, a. s.","25399195","88012000","CZ0804","Léčebna pro dlouhodobě nemocné (LDN)",0,0,41,0,0,0,0,0,0,0,14482
2013,"TRN - Léčebna v Mirošově - Janově","00669784","47102000","CZ0326","Odborné léčebné ústavy",0,0,0,0,130,0,0,0,0,0,35491
2013,"TŘI, z.ú.","18623433","20121000","CZ0201","LZ hospicového typu poskytující paliativní péči",0,0,0,0,0,30,0,0,0,0,7053
2013,"Uherskohradišťská nemocnice a.s.","27660915","80001000","CZ0722","Nemocnice",446,44,0,0,0,0,10,0,117363,11111,4301
2013,"Uherskohradišťská nemocnice a.s.","27660915","80003000","CZ0722","Léčebna pro dlouhodobě nemocné (LDN)",0,0,83,30,0,0,0,0,0,0,39806
2013,"Vazební věznice a ÚpVZD Brno","00212423","72046000","CZ0642","Nemocnice",93,0,0,0,0,0,0,0,12404,0,0
2013,"Vazební věznice a ÚpVZD Brno","00212423","72059000","CZ0642","Nemocnice následné (ošetřovatelské) péče",0,0,0,20,0,0,0,0,0,0,3748
2013,"Vojenská nemocnice Brno","60555530","72037000","CZ0642","Nemocnice",192,20,0,0,0,0,0,0,46886,4944,0
2013,"Vojenská nemocnice Olomouc","60800691","89382000","CZ0712","Léčebna pro dlouhodobě nemocné (LDN)",0,0,23,0,0,0,0,0,0,0,4958
2013,"Vojenská nemocnice Olomouc","60800691","89903000","CZ0712","Nemocnice",202,15,0,0,0,0,10,0,44498,3581,528
2013,"Vojenský rehabilitační ústav","00000582","29005000","CZ020A","Odborné léčebné ústavy",0,0,0,0,150,0,0,0,0,0,53476
2013,"Vsetínská nemocnice a.s.","26871068","94101000","CZ0723","Nemocnice",239,20,0,0,0,0,0,0,53164,5401,0
2013,"Vsetínská nemocnice a.s.","26871068","94210000","CZ0723","Léčebna pro dlouhodobě nemocné (LDN)",0,0,85,0,0,0,0,0,0,0,27050
2013,"Vysokomýtská nemocnice","71207856","70052000","CZ0534","Léčebna pro dlouhodobě nemocné (LDN)",0,0,120,0,0,0,0,0,0,0,39661
2013,"Vysočinské nemocnice s.r.o.","25257005","60224000","CZ0633","Léčebna pro dlouhodobě nemocné (LDN)",0,0,177,15,80,0,0,0,0,0,61402
2013,"Všeobecná fakultní nemocnice v Praze","00064165","02004000","CZ0100","Fakultní nemocnice",1180,233,0,39,0,0,0,0,267194,59912,6040
2013,"Všeobecná fakultní nemocnice v Praze","00064165","02276000","CZ0100","Odborné léčebné ústavy",0,0,0,0,66,0,0,0,0,0,17637
2013,"Všeobecná fakultní nemocnice v Praze","00064165","02405000","CZ0100","Odborné léčebné ústavy",0,0,0,0,20,0,0,0,0,0,321
2013,"Zařízení následné reh. a hosp. péče,p.o.","69979821","42441000","CZ0412","Léčebna pro dlouhodobě nemocné (LDN)",0,0,80,0,0,0,0,0,0,0,25692
2013,"ÚVN-Vojenská fakultní nemocnice Praha","61383082","06051000","CZ0100","Fakultní nemocnice",447,68,0,28,0,0,0,0,119471,19137,7025
2013,"ÚVN-Vojenská fakultní nemocnice Praha","61383082","06419000","CZ0100","Odborné léčebné ústavy",0,0,0,0,14,0,0,0,0,0,4055
2013,"ÚVN-Vojenská fakultní nemocnice Praha","61383082","06530000","CZ0100","Léčebna pro dlouhodobě nemocné (LDN)",0,0,26,0,0,0,0,0,0,0,8107
2013,"ÚVN-Vojenská fakultní nemocnice Praha","61383082","06566000","CZ0100","Samostatné lůžkové zařízení s péčí DIP, NIOP, NIP",0,0,0,0,0,0,0,10,0,0,4045
2013,"Úrazová nemocnice v Brně","00209813","72933000","CZ0642","Nemocnice",121,23,0,0,0,0,0,0,37074,7829,0
2013,"Úrazová nemocnice v Brně","00209813","72933950","CZ0642","Odborné léčebné ústavy",0,0,0,0,30,0,0,0,0,0,6104
2013,"Ústav chirurgie ruky a plast. chirurgie","00193011","67711000","CZ0514","Nemocnice",52,0,0,0,0,0,0,0,10709,0,0
2013,"Ústav hematologie a krevní transfuze","00023736","02002000","CZ0100","Fakultní nemocnice",16,21,0,0,0,0,0,0,5771,4751,0
2013,"Ústav pro péči o matku a dítě","00023698","04004000","CZ0100","Fakultní nemocnice",222,35,0,0,0,0,0,0,57901,15075,0
2013,"ČR, VS ČR, VV a ÚpVZD Praha Pankrác","00212423","04150000","CZ0100","Nemocnice",54,0,0,49,0,0,0,0,14953,0,2054
2013,"Českobrodská nemocnice, s.r.o.","28529421","23147000","CZ0204","Léčebna pro dlouhodobě nemocné (LDN)",0,0,60,61,0,0,0,10,0,0,35685
2013,"Českomoravská provincie Hospitálského ř.","44995776","82051000","CZ0724","Léčebna pro dlouhodobě nemocné (LDN)",0,0,65,0,0,0,0,0,0,0,21695
2020,"HVĚZDA z.ú.","70829560","82072000","CZ0724","LZ hospicového typu poskytující paliativní péči",0,0,0,0,0,14,0,0,0,0,4826
2020,"soft palm"" o. s.","01327216","14274000","CZ0100","LZ hospicového typu poskytující paliativní péči",0,0,0,0,0,30,0,0,0,0,5388
2020,"ADP - SANCO s.r.o.","27685934","78004000","CZ0713","Nemocnice následné (ošetřovatelské) péče",0,0,0,50,0,0,0,0,0,0,14758
2020,"AESKULAP spol. s r.o.","60913266","70006000","CZ0534","Léčebna pro dlouhodobě nemocné (LDN)",0,0,81,0,0,0,0,0,0,0,37684
2020,"AGEL Středomoravská nemocniční a.s.","27797660","78006000","CZ0713","Nemocnice",800,86,0,0,0,0,13,0,142050,18770,2755
2020,"AGEL Středomoravská nemocniční a.s.","27797660","78007000","CZ0713","Léčebna pro dlouhodobě nemocné (LDN)",0,0,221,0,0,0,0,0,0,0,73374
2020,"AHC Centrum následné péče Sedlec-Prčice","25579282","20110000","CZ020B","Léčebna pro dlouhodobě nemocné (LDN)",0,0,110,0,0,0,0,0,0,0,28978
2020,"AHC Centrum následné péče Trutnov s.r.o.","10913416","69006000","CZ0525","Nemocnice následné (ošetřovatelské) péče",0,0,0,30,0,0,0,0,0,0,10902
2020,"AHC Nemocnice Duchcov s.r.o.","61537713","58102000","CZ0426","Nemocnice",40,3,0,0,0,0,0,0,6710,281,0
2020,"AHC Nemocnice Duchcov s.r.o.","61537713","58535000","CZ0426","Nemocnice následné (ošetřovatelské) péče",0,0,0,68,0,0,0,0,0,0,18365
2020,"AHC Rehabilitační centrum Meziboří s.r.o","47283661","57541000","CZ0425","Nemocnice následné (ošetřovatelské) péče",0,0,0,0,46,0,0,0,0,0,13451
2020,"ALBERTINUM,odborný léčebný ústav,Žamberk","00196096","70008000","CZ0534","Odborné léčebné ústavy",0,0,0,0,96,0,0,0,0,0,27464
2020,"ALBERTINUM,odborný léčebný ústav,Žamberk","00196096","70058000","CZ0534","Léčebna pro dlouhodobě nemocné (LDN)",0,0,70,0,0,0,0,0,0,0,21837
2020,"ALBERTINUM,odborný léčebný ústav,Žamberk","00196096","70068000","CZ0534","Nemocnice následné (ošetřovatelské) péče",0,0,0,26,0,0,0,0,0,0,605
2020,"ALMEDA, a.s.","25079174","25310000","CZ0206","Nemocnice",56,6,0,0,0,0,0,0,12682,504,0
2020,"ALMEDA, a.s.","25079174","25312000","CZ0206","Samostatné lůžkové zařízení s péčí DIP, NIOP, NIP",0,0,0,0,0,0,15,12,0,0,10296
2020,"AMICA CENTRUM s.r.o.","18233392","41281000","CZ0411","Léčebna pro dlouhodobě nemocné (LDN)",0,0,0,120,0,0,0,0,0,0,38485
2020,"ANESAN, s.r.o.","61677540","23111000","CZ0204","Samostatné lůžkové zařízení s péčí DIP, NIOP, NIP",0,0,0,0,0,0,15,0,0,0,5707
2020,"AquaKlim, s. r. o.","27849562","91791100","CZ0806","Odborné léčebné ústavy",0,0,0,0,60,0,0,0,0,0,4495
2020,"BH - Nemocnice Vimperk a.s.","29015839","37105000","CZ0315","Léčebna pro dlouhodobě nemocné (LDN)",0,0,60,0,0,0,0,0,0,0,12105
2020,"Bohumínská městská nemocnice, a.s.","26834022","87003000","CZ0803","Nemocnice",57,9,60,37,0,0,0,0,11481,1131,13081
2020,"Bílovecká nemocnice, a.s.","26865858","88015000","CZ0804","Nemocnice",46,4,0,0,0,0,0,0,8044,695,0
2020,"Bílovecká nemocnice, a.s.","26865858","88016000","CZ0804","Léčebna pro dlouhodobě nemocné (LDN)",0,0,71,0,0,0,0,0,0,0,18319
2020,"CARVAC s.r.o.","63504260","41182000","CZ0411","Léčebna pro dlouhodobě nemocné (LDN)",0,0,0,90,0,0,0,0,0,0,26615
2020,"CELOP s.r.o.","06774857","69010000","CZ0525","Nemocnice následné (ošetřovatelské) péče",0,0,0,95,0,0,0,0,0,0,8588
2020,"CNS-CENTRUM TŘINEC s.r.o.","26816407","86112000","CZ0802","Nemocnice",42,0,0,0,0,0,0,0,12226,0,0
2020,"Centrum kardiovaskulární a TCH Brno","00209775","72932000","CZ0642","Nemocnice",55,35,0,0,0,0,0,0,12059,9462,0
2020,"Centrum léčby pohybového aparátu, s.r.o.","26432471","09438000","CZ0100","Nemocnice",33,0,0,0,0,0,0,0,6872,0,0
2020,"Charita Ostrava - Hospic sv. Lukáše","44940998","91997300","CZ0806","LZ hospicového typu poskytující paliativní péči",0,0,0,0,0,30,0,0,0,0,7896
2020,"Chronicare Mund s.r.o","05327296","72053300","CZ0642","Samostatné lůžkové zařízení s péčí DIP, NIOP, NIP",0,0,0,0,0,0,20,10,0,0,11392
2020,"Chronicare Nord s.r.o.","04679954","91111600","CZ0806","Samostatné lůžkové zařízení s péčí DIP, NIOP, NIP",0,0,0,0,0,0,17,13,0,0,8112
2020,"Chronicare s.r.o.","02989204","27019000","CZ0208","Samostatné lůžkové zařízení s péčí DIP, NIOP, NIP",0,0,0,0,0,0,16,0,0,0,6222
2020,"DOP - HC s.r.o.","26356589","48004000","CZ0413","Léčebna pro dlouhodobě nemocné (LDN)",0,0,82,0,0,0,0,0,0,0,26771
2020,"Diakonie Valašské Meziříčí","73632783","94203000","CZ0723","Nemocnice následné (ošetřovatelské) péče",0,0,0,8,0,15,0,0,0,0,6581
2020,"Diecézní charita Brno,OCH Rajhrad","44990260","73006000","CZ0643","LZ hospicového typu poskytující paliativní péči",0,0,0,0,0,50,0,0,0,0,11850
2020,"Dlouhodobá intenzivní oš. péče","05212146","31500000","CZ020C","Samostatné lůžkové zařízení s péčí DIP, NIOP, NIP",0,0,0,0,0,0,5,11,0,0,1949
2020,"Domažlická nemocnice, a.s.","26361078","40001000","CZ0321","Nemocnice",101,10,0,0,0,0,0,0,16492,1722,0
2020,"Domažlická nemocnice, a.s. - LDN","26361078","40501000","CZ0321","Léčebna pro dlouhodobě nemocné (LDN)",0,0,50,0,0,0,0,0,0,0,18675
2020,"Domov sv.Karla Boromejského","65400143","06353000","CZ0100","Léčebna pro dlouhodobě nemocné (LDN)",0,0,79,0,0,0,0,0,0,0,19854
2020,"Dopravní zdravotnictví a.s.","25903659","02368000","CZ0100","Léčebna pro dlouhodobě nemocné (LDN)",0,0,42,0,0,0,0,0,0,0,12954
2020,"Dětská odb.léčebna Ch.G.Masaryk,p.s.ČČK","42726646","30148000","CZ020B","Odborné léčebné ústavy",0,0,0,0,60,0,0,0,0,0,6050
2020,"Dětská psychiatrická nemocnice","00842052","84420000","CZ0635","Odborné léčebné ústavy",0,0,0,0,50,0,0,0,0,0,13055
2020,"Dětská psychiatrická nemocnice Louny","00831034","56004000","CZ0424","Odborné léčebné ústavy",0,0,0,0,50,0,0,0,0,0,12394
2020,"Dětská psychiatrická nemocnice Opařany","00667421","39801000","CZ0317","Odborné léčebné ústavy",0,0,0,0,110,0,0,0,0,0,21175
2020,"Dům klidného stáří, spol. s r.o.","26369427","48006000","CZ0413","Léčebna pro dlouhodobě nemocné (LDN)",0,0,30,0,0,0,0,0,0,0,9659
2020,"ETOILE CZ a.s.","28973976","10663000","CZ0100","Samostatné lůžkové zařízení s péčí DIP, NIOP, NIP",0,0,0,0,0,0,30,0,0,0,10201
2020,"EUC Klinika Zlín a.s.","60726636","82002000","CZ0724","Nemocnice",45,7,0,0,0,0,0,0,7716,723,0
2020,"FITCARE s.r.o.","07524013","09631000","CZ0100","Odborné léčebné ústavy",0,0,0,0,25,0,0,0,0,0,2792
2020,"Fakultní Thomayerova nemocnice","00064190","04005000","CZ0100","Nemocnice",732,81,0,0,0,0,0,0,137997,17577,0
2020,"Fakultní Thomayerova nemocnice","00064190","04679000","CZ0100","Léčebna pro dlouhodobě nemocné (LDN)",0,0,115,0,0,0,0,0,0,0,39809
2020,"Fakultní Thomayerova nemocnice","00064190","04775000","CZ0100","Odborné léčebné ústavy",0,0,0,0,35,0,0,0,0,0,6691
2020,"Fakultní Thomayerova nemocnice","00064190","04940000","CZ0100","Léčebna pro dlouhodobě nemocné (LDN)",0,0,0,0,25,0,0,0,0,0,4689
2020,"Fakultní nemocnice Brno","65269705","72100000","CZ0642","Fakultní nemocnice",1594,317,0,0,0,0,0,0,275195,76680,0
2020,"Fakultní nemocnice Bulovka","00064211","08006000","CZ0100","Nemocnice",788,99,0,0,0,0,0,0,158338,23789,0
2020,"Fakultní nemocnice Bulovka","00064211","08368000","CZ0100","Nemocnice následné (ošetřovatelské) péče",0,0,0,54,0,0,0,0,0,0,7590
2020,"Fakultní nemocnice Hradec Králové","00179906","61004000","CZ0521","Fakultní nemocnice",1114,184,0,0,0,0,0,0,233270,49289,0
2020,"Fakultní nemocnice Hradec Králové","00179906","61778000","CZ0521","Odborné léčebné ústavy",0,0,0,10,56,0,0,0,0,0,16486
2020,"Fakultní nemocnice Královské Vinohrady","00064173","10002000","CZ0100","Fakultní nemocnice",829,194,0,0,0,0,0,0,150951,40964,0
2020,"Fakultní nemocnice Královské Vinohrady","00064173","10433000","CZ0100","Léčebna pro dlouhodobě nemocné (LDN)",0,0,70,0,0,0,0,0,0,0,31975
2020,"Fakultní nemocnice Olomouc","00098892","89100600","CZ0712","Léčebna pro dlouhodobě nemocné (LDN)",0,0,0,25,0,0,0,0,0,0,8650
2020,"Fakultní nemocnice Olomouc","00098892","89301000","CZ0712","Fakultní nemocnice",972,152,0,0,0,0,10,4,211861,38582,1646
2020,"Fakultní nemocnice Ostrava","00843989","91009000","CZ0806","Fakultní nemocnice",918,225,0,0,0,0,0,0,193068,55573,0
2020,"Fakultní nemocnice Ostrava","00843989","91009888","CZ0805","Léčebna pro dlouhodobě nemocné (LDN)",0,0,140,0,0,0,0,0,0,0,40938
2020,"Fakultní nemocnice Plzeň","00669806","44101000","CZ0323","Fakultní nemocnice",1420,178,0,0,0,0,10,10,307559,48174,9906
2020,"Fakultní nemocnice Plzeň","00669806","44117000","CZ0323","Léčebna pro dlouhodobě nemocné (LDN)",0,0,75,0,0,0,0,0,0,0,22684
2020,"Fakultní nemocnice u sv. Anny v Brně","00159816","72001000","CZ0642","Fakultní nemocnice",639,128,0,0,0,0,4,0,125064,27779,410
2020,"Fakultní nemocnice u sv. Anny v Brně","00159816","72056000","CZ0642","Odborné léčebné ústavy",0,0,0,0,115,0,0,0,0,0,33134
2020,"Fakultní nemocnice v Motole","00064203","05002000","CZ0100","Fakultní nemocnice",1472,364,0,0,0,0,0,0,265398,89604,0
2020,"Fakultní nemocnice v Motole","00064203","05434000","CZ0100","Léčebna pro dlouhodobě nemocné (LDN)",0,0,361,0,0,0,0,0,0,0,122999
2020,"Fakultní nemocnice v Motole NIP,DIOP","00064203","05768000","CZ0100","Samostatné lůžkové zařízení s péčí DIP, NIOP, NIP",0,0,0,0,0,0,14,20,0,0,11438
2020,"Filimed s.r.o.","07628196","29039000","CZ020A","Odborné léčebné ústavy",0,0,89,0,0,0,0,0,0,0,31836
2020,"GARC Kladno, s.r.o.,","27371794","22128000","CZ0203","Léčebna pro dlouhodobě nemocné (LDN)",0,0,112,0,40,0,0,0,0,0,38254
2020,"Gaudium Frýdek-Místek s.r.o.","26788799","86111000","CZ0802","Léčebna pro dlouhodobě nemocné (LDN)",0,0,0,60,0,0,0,0,0,0,19574
2020,"Gerontologické centrum","45250022","08299000","CZ0100","Léčebna pro dlouhodobě nemocné (LDN)",0,0,32,0,0,0,0,0,0,0,7877
2020,"GynCentrum, spol. s r.o.","45316783","09262000","CZ0100","Nemocnice",27,4,0,0,0,0,0,0,1644,96,0
2020,"HOSPIC Frýdek-Místek, p.o.","72046546","86114000","CZ0802","LZ hospicového typu poskytující paliativní péči",0,0,0,0,0,27,0,0,0,0,6391
2020,"HOSPIC v MOSTĚ, o.p.s.","25419561","57623000","CZ0425","LZ hospicového typu poskytující paliativní péči",0,0,0,0,0,15,0,0,0,0,3462
2020,"HOSPIC ŠTRASBURK o.p.s.","61383457","08277000","CZ0100","LZ hospicového typu poskytující paliativní péči",0,0,0,0,0,25,0,0,0,0,7672
2020,"Hamzova odborná léčebna pro děti a dosp.","00183024","62901000","CZ0531","Odborné léčebné ústavy",0,0,0,85,398,0,0,0,0,0,163405
2020,"Hornická NsP - LDN","61325422","58105000","CZ0426","Léčebna pro dlouhodobě nemocné (LDN)",0,0,75,0,0,0,0,0,0,0,29695
2020,"Hospic Chrudim z.ú.","26625385","62421000","CZ0531","LZ hospicového typu poskytující paliativní péči",0,0,0,0,0,27,0,0,0,0,9678
2020,"Hospic na Svatém Kopečku","73634671","89163000","CZ0712","LZ hospicového typu poskytující paliativní péči",0,0,0,0,0,30,0,0,0,0,6028
2020,"Hospic sv. Alžběty o.p.s.","26604582","72058000","CZ0642","LZ hospicového typu poskytující paliativní péči",0,0,0,0,0,20,0,0,0,0,5646
2020,"Hospic sv. Jana N. Neumanna, o.p.s.","70853517","37106000","CZ0315","LZ hospicového typu poskytující paliativní péči",0,0,0,0,0,30,0,0,0,0,7434
2020,"Hospic sv. Zdislavy, o.p.s.","28700210","54191000","CZ0513","LZ hospicového typu poskytující paliativní péči",0,0,0,0,0,28,0,0,0,0,7228
2020,"Hospic sv. Štěpána, z.s.","65081374","55038000","CZ0423","LZ hospicového typu poskytující paliativní péči",0,0,0,0,0,26,0,0,0,0,5523
2020,"Hospic svatého Lazara","66361508","44107000","CZ0323","LZ hospicového typu poskytující paliativní péči",0,0,0,0,0,28,0,0,0,0,8442
2020,"ISCARE a.s.","61858366","09628000","CZ0100","Nemocnice",17,3,0,0,0,0,0,0,947,177,0
2020,"ISCARE a.s.","61858366","09636000","CZ0100","Léčebna pro dlouhodobě nemocné (LDN)",0,0,20,0,0,0,0,0,,,
2020,"ISCARE a.s.","61858366","09998033","CZ0100","Nemocnice",1,0,0,0,0,0,0,0,1,0,0
2020,"Institut klin.a exper.medicíny v Praze","00023001","04002000","CZ0100","Fakultní nemocnice",200,115,0,0,0,0,0,0,47312,23972,0
2020,"Interna Zábřeh, s. r. o.","60774916","93203000","CZ0715","Nemocnice následné (ošetřovatelské) péče",0,0,0,20,0,0,0,0,0,0,6705
2020,"JESSENIA a.s.","26752051","21005000","CZ0202","Nemocnice",0,0,0,0,22,0,0,0,0,0,422
2020,"JESSENIA a.s. - Rehabilitační Nem.Beroun","26752051","21001000","CZ0202","Nemocnice",119,7,0,0,0,0,0,0,46990,2572,0
2020,"Jihomoravské dětské léčebny, p.o.","00386766","71103000","CZ0641","Odborné léčebné ústavy",0,0,0,0,40,0,0,0,0,0,10905
2020,"Jihomoravské dětské léčebny, p.o.","00386766","71105000","CZ0641","Odborné léčebné ústavy",0,0,0,0,42,0,0,0,0,0,10694
2020,"Jihomoravské dětské léčebny, p.o.","00386766","71108000","CZ0641","Odborné léčebné ústavy",0,0,0,0,30,0,0,0,0,0,6933
2020,"KARDIOLOGIE NA BULOVCE, s.r.o.","49679236","08075000","CZ0100","Nemocnice",12,0,0,0,0,0,0,0,4458,0,0
2020,"KZ, a.s. - Nemocnice Chomutov, o.z.","25488627","52111000","CZ0422","Léčebna pro dlouhodobě nemocné (LDN)",0,0,81,0,0,0,0,0,0,0,24610
2020,"KZ,a.s.-oddělení následné péče Most","25488627","57015000","CZ0425","Léčebna pro dlouhodobě nemocné (LDN)",0,0,106,7,0,0,0,0,0,0,16556
2020,"Karlovarská krajská nemocnice a.s.","26365804","42008000","CZ0412","Nemocnice",385,47,0,0,0,0,0,0,68827,9744,0
2020,"Karlovarská krajská nemocnice a.s.","26365804","42616000","CZ0412","Nemocnice následné (ošetřovatelské) péče",0,0,0,10,0,0,0,0,0,0,1328
2020,"Karlovarská krajská nemocnice a.s.-Cheb","26365804","42041000","CZ0411","Nemocnice",214,17,0,0,0,0,0,0,29618,4017,0
2020,"Karvinská hornická nemocnice a.s.","60793490","87013000","CZ0803","Nemocnice",127,21,0,0,0,0,0,0,27866,4485,0
2020,"Klatovská nemocnice, a.s.","26360527","43001000","CZ0322","Nemocnice",254,16,0,0,0,0,5,5,48441,3357,1114
2020,"Klatovská nemocnice, a.s.","26360527","43006000","CZ0322","Léčebna pro dlouhodobě nemocné (LDN)",0,0,20,0,0,0,0,0,0,0,9612
2020,"Klinika Dr. Pírka s. r. o.","47540265","26007000","CZ0207","Nemocnice",47,6,0,0,0,0,0,0,11479,972,0
2020,"Krajská nemocnice Liberec, a.s.","27283933","54100000","CZ0513","Nemocnice",685,123,0,0,0,0,0,0,127246,29759,0
2020,"Krajská nemocnice Liberec, a.s. - Nemocnice Frýdlant","27283933","54280000","CZ0513","Nemocnice",20,0,0,0,0,0,0,0,280,0,0
2020,"Krajská nemocnice Liberec, a.s. - Turnov","27283933","67104000","CZ0514","Nemocnice",115,11,0,0,0,0,0,0,23983,1573,0
2020,"Krajská nemocnice Liberec, a.s. - Turnov","27283933","67174000","CZ0514","Léčebna pro dlouhodobě nemocné (LDN)",0,0,36,0,0,0,0,0,0,0,8661
2020,"Krajská nemocnice Liberec, a.s. Frýdlant","27283933","54209000","CZ0513","Léčebna pro dlouhodobě nemocné (LDN)",0,0,65,0,0,0,0,0,0,0,16877
2020,"Krajská nemocnice Liberec, a.s.- LDN","27283933","54103000","CZ0513","Léčebna pro dlouhodobě nemocné (LDN)",0,0,98,0,0,0,0,0,0,0,32443
2020,"Krajská nemocnice T. Bati, a. s.","27661989","82001000","CZ0724","Nemocnice",670,91,0,0,0,0,10,12,149312,21160,5768
2020,"Krajská nemocnice T. Bati, a. s.","27661989","82050000","CZ0724","Léčebna pro dlouhodobě nemocné (LDN)",0,0,115,21,0,0,0,0,0,0,30940
2020,"Krajská zdravotní, a.s.","25488627","59001000","CZ0427","Fakultní nemocnice",1002,129,0,0,0,0,0,10,156013,25241,1342
2020,"Krajská zdravotní, a.s.","25488627","59287000","CZ0427","Léčebna pro dlouhodobě nemocné (LDN)",0,0,115,0,0,0,0,0,0,0,33543
2020,"Krajská zdravotní, a.s.","25488627","59326000","CZ0427","Fakultní nemocnice",0,0,0,30,0,0,0,0,,,
2020,"Krajská zdravotní, a.s.","25488627","59454000","CZ0427","Nemocnice následné (ošetřovatelské) péče",0,0,0,0,20,0,0,0,0,0,1409
2020,"Krajská zdravotní, a.s.-Nemoc.Děčín,o.z.","25488627","51100000","CZ0421","Nemocnice",259,27,0,22,0,0,0,0,45824,7828,1469
2020,"Krajská zdravotní, a.s.-Nemoc.Most,o.z.","25488627","57001000","CZ0425","Nemocnice",557,69,0,0,0,0,12,15,93563,10543,4521
2020,"Krajská zdravotní,a.s.-N.Litoměřice,o.z.","25488627","55021000","CZ0423","Nemocnice",348,37,0,0,0,0,0,0,53672,7107,0
2020,"Krajská zdravotní,a.s.-N.Litoměřice,o.z.","25488627","55037000","CZ0423","Léčebna pro dlouhodobě nemocné (LDN)",0,0,130,0,0,0,0,0,0,0,52165
2020,"Krajská zdravotní,a.s.-Nem.Chomutov,o.z.","25488627","52110000","CZ0422","Nemocnice",331,46,0,0,0,0,0,0,52866,6981,0
2020,"Krajská zdravotní,a.s.-Nemocnice Teplice","25488627","58101000","CZ0426","Nemocnice",376,51,0,0,0,0,0,0,68418,10571,0
2020,"Krajská zdravotní,a.s.-Nemocnice Teplice","25488627","58106000","CZ0426","Léčebna pro dlouhodobě nemocné (LDN)",0,0,51,0,0,0,0,0,0,0,14932
2020,"Kroměřížská nemocnice a.s.","27660532","77001000","CZ0721","Nemocnice",326,35,0,20,0,0,0,0,57638,6078,4116
2020,"Krušnohorská poliklinika s.r.o.","25030302","57622000","CZ0425","Nemocnice následné (ošetřovatelské) péče",0,0,0,30,0,0,0,0,0,0,14273
2020,"LRS Chvaly, o.p.s.","24805807","09514000","CZ0100","Odborné léčebné ústavy",0,0,0,0,50,0,0,0,0,0,16153
2020,"Levitovo centrum následné péče p.o.- LDN","00190217","63113000","CZ0522","Léčebna pro dlouhodobě nemocné (LDN)",0,0,110,0,0,0,0,0,0,0,35142
2020,"Lužická nemocnice a poliklinika, a.s.","61538990","51300000","CZ0421","Nemocnice",62,8,0,30,0,0,0,0,3841,17,9872
2020,"Lázně Bělohrad a.s._rehabilitace","46504834","63803000","CZ0522","Odborné léčebné ústavy",0,0,0,0,25,0,0,0,0,0,3834
2020,"Lázně Darkov, a.s.","61974935","87063000","CZ0803","Odborné léčebné ústavy",0,0,0,0,111,0,0,0,0,0,24546
2020,"Lázně Slatinice a.s.","25367757","89875000","CZ0712","Odborné léčebné ústavy",0,0,0,0,50,0,0,0,0,0,12940
2020,"Lázně Teplice nad Bečvou a.s.","45192570","92374000","CZ0714","Odborné léčebné ústavy",0,0,0,0,100,0,0,0,0,0,23369
2020,"Léčebna dlouhodobě nemocných","05212146","31093000","CZ020C","Léčebna pro dlouhodobě nemocné (LDN)",0,0,62,0,0,0,0,0,0,0,14282
2020,"Léčebna dlouhodobě nemocných Opočno","00191744","66232000","CZ0524","Léčebna pro dlouhodobě nemocné (LDN)",0,0,52,0,0,0,0,0,0,0,13335
2020,"Léčebna dlouhodobě nemocných Rybitví","00190560","65360000","CZ0532","Léčebna pro dlouhodobě nemocné (LDN)",0,0,105,0,0,0,0,0,0,0,31075
2020,"Léčebna dlouhodobě nemocných Vršovice","00879649","10499000","CZ0100","Léčebna pro dlouhodobě nemocné (LDN)",0,0,72,0,0,0,0,0,0,0,24668
2020,"Léčebna dlouhodobě nemocných na Vojkově","27256391","28015000","CZ0209","Léčebna pro dlouhodobě nemocné (LDN)",0,0,100,0,0,0,0,0,0,0,34034
2020,"Léčebna dlouhodobě nemocných v Praze 6","45243956","06372000","CZ0100","Léčebna pro dlouhodobě nemocné (LDN)",0,0,94,0,0,0,0,0,0,0,29424
2020,"Léčebna pro dlouhodobě nemocné HK","00180092","61358000","CZ0521","Léčebna pro dlouhodobě nemocné (LDN)",0,0,94,0,0,0,0,0,0,0,30304
2020,"Léčebna respiračních nemocí Cvikov,p.o.,","00673951","50213000","CZ0511","Odborné léčebné ústavy",0,0,0,0,72,0,0,0,0,0,23662
2020,"Léčebna respiračních nemocí Cvikov,p.o.,","00673951","50280000","CZ0511","Odborné léčebné ústavy",0,0,0,0,70,0,0,0,0,0,16644
2020,"MEDI HELP s.r.o., Masarykovo sanatorium","46359443","30515000","CZ020B","Nemocnice následné (ošetřovatelské) péče",0,0,0,180,0,0,0,0,0,0,65336
2020,"MEDICINA, spol. s r.o. - LDN","49904035","56009000","CZ0424","Léčebna pro dlouhodobě nemocné (LDN)",0,0,82,0,0,0,0,0,0,0,29209
2020,"MEDICON Hospitals s.r.o.","25634691","04757000","CZ0100","Léčebna pro dlouhodobě nemocné (LDN)",0,0,48,60,0,0,0,0,0,0,29209
2020,"MEDITERRA - Sedlčany, s.r.o.","26429683","30529000","CZ020B","Nemocnice následné (ošetřovatelské) péče",0,0,0,60,0,0,0,0,0,0,18956
2020,"MEDITERRA Sedlčany, s.r.o.  - NIP, DIOP","26429683","30530000","CZ020B","Samostatné lůžkové zařízení s péčí DIP, NIOP, NIP",0,0,0,0,0,0,18,10,0,0,9601
2020,"MEDITERRA s.r.o.","49686356","05522000","CZ0100","Samostatné lůžkové zařízení s péčí DIP, NIOP, NIP",0,0,0,0,0,0,21,8,0,0,10921
2020,"MEDITERRA s.r.o.","49686356","05523000","CZ0100","Odborné léčebné ústavy",0,0,0,0,142,0,0,0,0,0,36232
2020,"MEDITERRA s.r.o.","49686356","05656000","CZ0100","Nemocnice",20,3,0,0,0,0,0,0,1751,516,0
2020,"MMN, a.s.","05421888","67101000","CZ0514","Nemocnice",20,4,0,0,0,0,0,0,4089,306,0
2020,"MMN, a.s.","05421888","67102000","CZ0514","Nemocnice",166,14,0,0,0,0,0,0,31788,3852,0
2020,"MMN, a.s.","05421888","67171000","CZ0514","Léčebna pro dlouhodobě nemocné (LDN)",0,0,75,0,0,0,0,0,0,0,19164
2020,"MSCARE s.r.o.","28509480","10637000","CZ0100","Léčebna pro dlouhodobě nemocné (LDN)",0,0,42,0,0,0,0,0,0,0,16876
2020,"Masarykova nemocnice Rakovník s.r.o.","05212146","31001000","CZ020C","Nemocnice",124,18,0,0,0,0,0,0,25783,2247,0
2020,"Masarykův onkologický ústav","00209805","72931000","CZ0642","Nemocnice",229,16,0,0,0,0,0,0,46606,4902,0
2020,"MediCentrum Praha a.s.","64949486","04727000","CZ0100","Odborné léčebné ústavy",0,0,0,0,50,0,0,0,0,0,13113
2020,"Mulačova nemocnice s. r. o.","25202189","44105000","CZ0323","Nemocnice",156,7,0,0,0,0,10,0,27201,1407,1869
2020,"Mělnická zdravotní, a.s.","27958639","25110000","CZ0206","Nemocnice",223,25,0,0,0,0,0,0,41928,5055,0
2020,"Mělnická zdravotní, a.s.","27958639","25119000","CZ0206","Nemocnice následné (ošetřovatelské) péče",0,0,0,93,0,0,0,0,0,0,30841
2020,"Městská nemocnice Městec Králové a.s.","26495015","27002000","CZ0208","Nemocnice",20,4,0,0,0,0,0,0,3423,953,0
2020,"Městská nemocnice Městec Králové a.s.","26495015","27011000","CZ0208","Léčebna pro dlouhodobě nemocné (LDN)",0,0,140,0,0,0,0,0,0,0,31581
2020,"Městská nemocnice Městec Králové, a.s.","26495015","27015000","CZ0208","Samostatné lůžkové zařízení s péčí DIP, NIOP, NIP",0,0,0,0,0,0,16,15,0,0,11492
2020,"Městská nemocnice Ostrava","00635162","91001000","CZ0806","Nemocnice",606,73,0,0,0,0,5,0,119420,17010,263
2020,"Městská nemocnice Ostrava","00635162","91001680","CZ0806","Léčebna pro dlouhodobě nemocné (LDN)",0,0,94,56,0,0,0,0,0,0,39792
2020,"Městská nemocnice Slavičín","62181378","82052000","CZ0724","Léčebna pro dlouhodobě nemocné (LDN)",0,0,50,0,0,0,0,0,0,0,14396
2020,"Městská nemocnice následné péče","45245843","09004000","CZ0100","Nemocnice následné (ošetřovatelské) péče",0,0,0,128,0,0,0,0,0,0,33496
2020,"Městská nemocnice s pol. Uh. Brod, s.r.o","25583905","80020000","CZ0722","Léčebna pro dlouhodobě nemocné (LDN)",0,0,90,0,0,0,0,0,0,0,24646
2020,"Městská nemocnice v Odrách, p.o.","66183596","88005000","CZ0804","Nemocnice",20,4,75,0,0,0,0,0,7867,967,15140
2020,"Městská nemocnice Čáslav","00873764","24200000","CZ0205","Nemocnice",138,10,0,0,0,0,0,0,24618,1222,0
2020,"Městská nemocnice Čáslav","00873764","24451000","CZ0205","Léčebna pro dlouhodobě nemocné (LDN)",0,0,30,0,0,0,0,0,0,0,9351
2020,"Městská nemocnice, a.s.","25262238","69002000","CZ0525","Nemocnice",109,7,0,0,0,0,0,0,20859,934,0
2020,"Městská nemocnice, a.s.","25262238","69005000","CZ0525","Nemocnice následné (ošetřovatelské) péče",0,0,0,50,0,0,0,0,0,0,11605
2020,"NH Hospital a.s.","27872963","21017000","CZ0202","Nemocnice",0,0,0,0,0,0,8,5,0,0,1947
2020,"NH Hospital a.s. - Nemocnice Hořovice","27872963","21002000","CZ0202","Nemocnice",239,33,0,0,0,0,0,0,56584,7612,0
2020,"Nem. Milos. sester sv. Vincence de Paul","17809193","77910000","CZ0721","Léčebna pro dlouhodobě nemocné (LDN)",0,0,105,0,0,0,0,0,0,0,38627
2020,"Nem. násl. péče LDN Horažďovice, s.r.o.","26360870","43030000","CZ0322","Léčebna pro dlouhodobě nemocné (LDN)",0,0,130,0,20,0,0,0,0,0,44339
2020,"Nem.Mil.sester sv.K.Boromej.v Praze","73634085","01002000","CZ0100","Nemocnice",122,10,0,30,0,0,0,0,26684,2910,7660
2020,"Nem.Mil.sester sv.K.Boromej.v Praze","73634085","01475000","CZ0100","LZ hospicového typu poskytující paliativní péči",0,0,0,0,0,13,0,0,0,0,4482
2020,"Nemocnice  Prachatice, a.s. - LDN","26095165","37104000","CZ0315","Léčebna pro dlouhodobě nemocné (LDN)",0,0,25,0,0,0,0,0,0,0,6164
2020,"Nemocnice  Slaný","00875295","22102000","CZ0203","Nemocnice",229,20,0,60,0,0,0,0,38947,5290,11103
2020,"Nemocnice AGEL Jeseník a.s.","47973927","95202000","CZ0711","Nemocnice",98,5,0,0,0,0,0,0,19815,1176,0
2020,"Nemocnice AGEL Jeseník a.s.","47973927","95206000","CZ0711","Léčebna pro dlouhodobě nemocné (LDN)",0,0,30,0,0,0,0,0,0,0,9403
2020,"Nemocnice AGEL Louny a.s. - LDN","27332730","56012000","CZ0424","Léčebna pro dlouhodobě nemocné (LDN)",0,0,90,0,0,0,0,0,0,0,22126
2020,"Nemocnice AGEL Nový Jičín a.s.","25886207","88001000","CZ0804","Nemocnice",362,34,0,0,0,0,0,0,72950,9227,0
2020,"Nemocnice AGEL Nový Jičín a.s.","25886207","88014000","CZ0804","Léčebna pro dlouhodobě nemocné (LDN)",0,0,40,0,0,0,0,0,0,0,10200
2020,"Nemocnice AGEL Ostrava-Vítkovice a.s.","60793201","91950000","CZ0806","Nemocnice",316,39,0,0,0,0,0,0,55472,8205,0
2020,"Nemocnice AGEL Ostrava-Vítkovice a.s.","60793201","91950888","CZ0806","Léčebna pro dlouhodobě nemocné (LDN)",0,0,30,0,0,0,0,0,0,0,9810
2020,"Nemocnice AGEL Podhorská a.s.","47668989","85200000","CZ0801","Nemocnice",95,8,0,0,0,0,0,0,15611,1765,0
2020,"Nemocnice AGEL Podhorská a.s.","47668989","85291000","CZ0801","Nemocnice následné (ošetřovatelské) péče",0,0,0,40,0,0,0,0,0,0,9237
2020,"Nemocnice AGEL Třinec-Podlesí a.s.","48401129","86106000","CZ0802","Nemocnice",113,38,0,0,0,0,0,0,22357,7502,0
2020,"Nemocnice AGEL Valašské Meziříčí a.s.","26822105","94102000","CZ0723","Nemocnice",181,23,0,0,0,0,0,0,45471,3973,0
2020,"Nemocnice AGEL Valašské Meziříčí a.s.","26822105","94220000","CZ0723","Léčebna pro dlouhodobě nemocné (LDN)",0,0,78,0,0,0,0,0,0,0,24998
2020,"Nemocnice AGEL Český Těšín a.s.","25897551","87029000","CZ0803","Nemocnice",31,0,59,34,0,0,0,0,7281,0,14176
2020,"Nemocnice AGEL Říčany a.s.","27365867","28003000","CZ0209","Nemocnice",49,4,0,0,0,0,0,0,9004,830,0
2020,"Nemocnice AGEL Říčany a.s.","27365867","28658000","CZ0209","Léčebna pro dlouhodobě nemocné (LDN)",0,0,35,0,0,0,0,0,0,0,7727
2020,"Nemocnice Beroun - LDN","26752051","21003000","CZ0202","Léčebna pro dlouhodobě nemocné (LDN)",0,0,42,0,0,0,0,0,0,0,18999
2020,"Nemocnice Blansko","00386634","71101000","CZ0641","Nemocnice",145,15,0,0,0,0,0,0,35709,4277,0
2020,"Nemocnice Blansko","00386634","71110000","CZ0641","Léčebna pro dlouhodobě nemocné (LDN)",0,0,30,0,0,0,0,0,0,0,10649
2020,"Nemocnice Boskovice s.r.o.","26925974","71113000","CZ0641","Nemocnice",205,24,0,0,0,0,0,0,41423,4197,0
2020,"Nemocnice Boskovice s.r.o.","26925974","71119000","CZ0641","Léčebna pro dlouhodobě nemocné (LDN)",0,0,12,0,0,0,0,5,0,0,4477
2020,"Nemocnice Břeclav, p. o.","00390780","74001000","CZ0644","Nemocnice",378,41,0,0,0,0,0,0,72853,7836,0
2020,"Nemocnice Dačice, a.s.","28113195","34013000","CZ0313","Léčebna pro dlouhodobě nemocné (LDN)",0,0,30,0,0,0,0,0,0,0,6251
2020,"Nemocnice Havlíčkův Brod, přísp. org.","00179540","60001000","CZ0631","Nemocnice",410,47,0,0,0,0,0,0,78378,7152,0
2020,"Nemocnice Havlíčkův Brod, přísp. org.","00179540","60223000","CZ0631","Léčebna pro dlouhodobě nemocné (LDN)",0,0,44,0,0,0,0,0,0,0,14447
2020,"Nemocnice Havířov, příspěv. organizace","00844896","87004000","CZ0803","Nemocnice",339,31,0,0,0,0,0,0,74010,7309,0
2020,"Nemocnice Havířov, příspěv. organizace","00844896","87054000","CZ0803","Léčebna pro dlouhodobě nemocné (LDN)",0,0,30,0,0,0,0,0,0,0,8845
2020,"Nemocnice Hranice a.s.","47677406","92002000","CZ0714","Nemocnice",98,10,0,0,0,0,0,0,16350,1836,0
2020,"Nemocnice Hranice a.s.","47677406","92283000","CZ0714","Léčebna pro dlouhodobě nemocné (LDN)",0,0,80,0,0,0,0,0,0,0,30318
2020,"Nemocnice Hustopeče p.o.","04212029","74022000","CZ0644","Nemocnice",25,0,0,0,0,0,0,0,5591,0,0
2020,"Nemocnice Hustopeče, p.o.","04212029","74007000","CZ0644","Nemocnice následné (ošetřovatelské) péče",0,0,94,0,0,0,0,0,0,0,29976
2020,"Nemocnice Ivančice, příspěvková organiz.","00225827","73303000","CZ0643","Léčebna pro dlouhodobě nemocné (LDN)",0,0,60,0,0,0,0,0,0,0,18952
2020,"Nemocnice Ivančice,příspěvková organiz.","00225827","73003000","CZ0643","Nemocnice",144,10,0,0,0,0,0,0,28483,3474,0
2020,"Nemocnice Jablonec n. N., p.o.","00829838","53201000","CZ0512","Nemocnice",276,33,0,0,0,0,0,0,58594,7167,0
2020,"Nemocnice Jablonec n. N.. p. o.","00829838","53212000","CZ0512","Léčebna pro dlouhodobě nemocné (LDN)",0,0,67,0,0,0,0,0,0,0,21697
2020,"Nemocnice Jihlava, p. o.","00090638","76001000","CZ0632","Nemocnice",559,63,0,0,0,0,0,0,91914,12718,0
2020,"Nemocnice Jihlava,příspěvková organizace","00090638","76002000","CZ0632","Léčebna pro dlouhodobě nemocné (LDN)",0,0,75,0,0,15,0,0,0,0,16984
2020,"Nemocnice Jindřichův Hradec, a.s.","26095157","34001000","CZ0313","Nemocnice",242,30,0,0,0,0,8,0,47285,5713,3607
2020,"Nemocnice Jindřichův Hradec, a.s.","26095157","34011000","CZ0313","Léčebna pro dlouhodobě nemocné (LDN)",0,0,52,0,0,2,0,3,0,0,17671
2020,"Nemocnice Kadaň, s.r.o.","25479300","52120000","CZ0422","Nemocnice",157,15,0,0,0,0,0,0,30531,4634,0
2020,"Nemocnice Kadaň, s.r.o.","25479300","52121000","CZ0422","Léčebna pro dlouhodobě nemocné (LDN)",0,0,24,0,0,0,0,0,0,0,7400
2020,"Nemocnice Karviná - Ráj, příspěvková org","00844853","87001000","CZ0803","Nemocnice",205,22,108,0,0,0,15,5,42187,4986,19029
2020,"Nemocnice Kyjov, příspěvková organizace","00226912","75002000","CZ0645","Nemocnice",395,35,0,0,0,0,0,0,80779,8314,931
2020,"Nemocnice Kyjov, příspěvková organizace","00226912","75007000","CZ0645","Nemocnice následné (ošetřovatelské) péče",0,0,0,48,0,0,0,0,0,0,12922
2020,"Nemocnice Letovice p.o.","00387134","71107000","CZ0641","Léčebna pro dlouhodobě nemocné (LDN)",0,0,120,0,0,0,0,0,0,0,42937
2020,"Nemocnice Mariánské Lázně s.r.o.","26376709","41191000","CZ0411","Nemocnice následné (ošetřovatelské) péče",0,0,57,37,0,0,0,0,0,0,24683
2020,"Nemocnice Milosrdných bratří, p.o.","48512478","72048000","CZ0642","Nemocnice",205,20,0,0,0,0,0,0,33026,4815,0
2020,"Nemocnice Milosrdných bratří, p.o.","48512478","72052000","CZ0642","Léčebna pro dlouhodobě nemocné (LDN)",0,0,243,0,0,0,0,0,0,0,68256
2020,"Nemocnice Měšice - CIOP, z.s.","65401921","28004000","CZ0209","Nemocnice následné (ošetřovatelské) péče",0,0,0,80,0,0,0,0,0,0,35553
2020,"Nemocnice Na Bulovce","00064211","08454000","CZ0100","Samostatné lůžkové zařízení s péčí DIP, NIOP, NIP",0,0,0,0,0,0,0,7,0,0,2730
2020,"Nemocnice Na Františku","00879444","01003000","CZ0100","Nemocnice",108,13,0,0,0,0,0,0,17267,3096,0
2020,"Nemocnice Na Františku","00879444","01311000","CZ0100","Léčebna pro dlouhodobě nemocné (LDN)",0,0,46,0,13,0,0,0,0,0,16340
2020,"Nemocnice Na Homolce","00023884","05004000","CZ0100","Fakultní nemocnice",228,129,0,0,0,0,0,0,52601,32351,0
2020,"Nemocnice Na Pleši s.r.o.","27207064","30006000","CZ020B","Nemocnice",40,0,0,0,0,0,0,0,7907,0,0
2020,"Nemocnice Na Pleši s.r.o.","27207064","30522000","CZ020B","Odborné léčebné ústavy",0,0,0,0,95,0,0,0,0,0,27510
2020,"Nemocnice Na Pleši s.r.o.","27207064","30605000","CZ020B","Nemocnice následné (ošetřovatelské) péče",0,0,0,70,0,0,0,0,0,0,11599
2020,"Nemocnice Nové Město na Moravě, p. o.","00842001","84231000","CZ0635","Nemocnice",348,31,0,0,0,0,8,0,71192,7300,1973
2020,"Nemocnice Nové Město na Moravě, p. o.","00842001","84425000","CZ0635","Léčebna pro dlouhodobě nemocné (LDN)",0,0,70,0,0,0,0,8,0,0,16924
2020,"Nemocnice Nymburk s.r.o.","28762886","27001000","CZ0208","Nemocnice",139,11,0,0,0,0,0,0,28782,2702,0
2020,"Nemocnice Nymburk s.r.o.","28762886","27017000","CZ0208","Nemocnice následné (ošetřovatelské) péče",0,0,0,20,0,0,0,0,0,0,5938
2020,"Nemocnice Ostrov s.r.o.","47714913","42010000","CZ0412","Nemocnice",122,7,0,0,0,0,30,20,27076,1024,17919
2020,"Nemocnice Ostrov s.r.o.","47714913","42452000","CZ0412","Léčebna pro dlouhodobě nemocné (LDN)",0,0,57,0,0,0,0,0,0,0,13121
2020,"Nemocnice Pardubického kraje, a.s.","27520536","62001000","CZ0531","Nemocnice",245,29,0,0,0,0,10,0,50978,6598,869
2020,"Nemocnice Pardubického kraje, a.s.","27520536","62002000","CZ0531","Léčebna pro dlouhodobě nemocné (LDN)",0,0,89,0,0,0,0,10,0,0,22562
2020,"Nemocnice Pardubického kraje, a.s.","27520536","65001000","CZ0532","Nemocnice",788,78,0,0,0,0,0,0,122002,14547,0
2020,"Nemocnice Pardubického kraje, a.s.","27520536","65361000","CZ0532","Léčebna pro dlouhodobě nemocné (LDN)",0,0,66,0,0,0,0,0,0,0,15795
2020,"Nemocnice Pardubického kraje, a.s.","27520536","68001000","CZ0533","Nemocnice",269,15,0,0,0,0,0,0,42008,4212,0
2020,"Nemocnice Pardubického kraje, a.s.","27520536","68002000","CZ0533","Nemocnice",187,20,0,0,0,0,0,0,30575,3864,0
2020,"Nemocnice Pardubického kraje, a.s.","27520536","68011000","CZ0533","Léčebna pro dlouhodobě nemocné (LDN)",0,0,23,0,0,0,0,0,0,0,7964
2020,"Nemocnice Pardubického kraje, a.s.","27520536","68012000","CZ0533","Léčebna pro dlouhodobě nemocné (LDN)",0,0,40,0,0,0,0,0,0,0,9762
2020,"Nemocnice Pardubického kraje, a.s.","27520536","70001000","CZ0534","Nemocnice",306,26,0,0,0,0,0,0,54709,6058,0
2020,"Nemocnice Pelhřimov, příspěvková org.","00511951","35001000","CZ0633","Nemocnice",271,23,0,0,0,0,0,0,50909,5387,0
2020,"Nemocnice Pelhřimov, příspěvková org.","00511951","35040000","CZ0633","Léčebna pro dlouhodobě nemocné (LDN)",0,0,46,0,0,0,0,0,0,0,10865
2020,"Nemocnice Počátky, s.r.o.","26216701","35043000","CZ0633","Léčebna pro dlouhodobě nemocné (LDN)",0,0,120,0,0,0,0,0,0,0,30178
2020,"Nemocnice Prachatice, a.s.","26095165","37101000","CZ0315","Nemocnice",137,9,0,0,0,0,0,0,25320,2744,0
2020,"Nemocnice Písek, a.s.","26095190","36101000","CZ0314","Nemocnice",314,48,0,0,0,0,0,5,49045,7796,1134
2020,"Nemocnice Písek, a.s.","26095190","36102000","CZ0314","Léčebna pro dlouhodobě nemocné (LDN)",0,0,36,0,0,0,0,0,0,0,10313
2020,"Nemocnice Roudnice nad Labem s.r.o.","25443801","55039000","CZ0423","Nemocnice",135,8,0,0,0,0,0,0,19480,1520,0
2020,"Nemocnice Roudnice nad Labem s.r.o.","25443801","55040000","CZ0423","Léčebna pro dlouhodobě nemocné (LDN)",0,0,43,0,0,0,0,0,0,0,6590
2020,"Nemocnice Roudnice nad Labem s.r.o.","25443801","55044000","CZ0423","Nemocnice následné (ošetřovatelské) péče",0,0,0,28,0,0,0,0,0,0,2027
2020,"Nemocnice Rudolfa a Stefanie Benešov,a.s","27253236","20003000","CZ0201","Odborné léčebné ústavy",0,0,0,0,25,0,0,0,0,0,4572
2020,"Nemocnice Rudolfa a Stefanie Benešov,a.s","27253236","20101000","CZ0201","Nemocnice",298,30,0,78,0,0,0,0,49604,6896,21194
2020,"Nemocnice Sokolov s.r.o.","24747246","48008000","CZ0413","Nemocnice",223,27,0,0,0,0,0,0,40647,6487,0
2020,"Nemocnice Sokolov s.r.o.","24747246","48009000","CZ0413","Léčebna pro dlouhodobě nemocné (LDN)",0,0,50,0,0,0,0,0,0,0,17272
2020,"Nemocnice Strakonice, a.s.","26095181","38001000","CZ0316","Nemocnice",245,20,0,0,0,0,0,0,48667,4370,0
2020,"Nemocnice Strakonice, a.s.","26095181","38005001","CZ0316","Léčebna pro dlouhodobě nemocné (LDN)",0,0,36,0,0,0,0,5,0,0,12863
2020,"Nemocnice Sv. Kříže Žižkov, s.r.o.","47124733","03324000","CZ0100","Nemocnice následné (ošetřovatelské) péče",0,0,0,67,0,0,0,0,0,0,15788
2020,"Nemocnice Sv. Kříže Žižkov, s.r.o.","47124733","03325000","CZ0100","Samostatné lůžkové zařízení s péčí DIP, NIOP, NIP",0,0,0,0,0,0,0,10,0,0,4212
2020,"Nemocnice TGM Hodonín, příspěvková org.","00226637","75001000","CZ0645","Nemocnice",133,24,0,0,0,0,5,0,28172,7864,295
2020,"Nemocnice TGM Hodonín, příspěvková org.","00226637","75008000","CZ0645","Nemocnice následné (ošetřovatelské) péče",0,0,0,43,0,0,0,0,0,0,11630
2020,"Nemocnice Tanvald, s. r. o.","63145766","53208000","CZ0512","Nemocnice následné (ošetřovatelské) péče",0,0,0,35,0,0,24,20,0,0,29485
2020,"Nemocnice Tanvald, s.r.o","63145766","53286000","CZ0512","Nemocnice",18,3,0,0,0,0,0,0,5568,876,0
2020,"Nemocnice Tišnov,příspěvková organizace","44947909","73007000","CZ0643","Léčebna pro dlouhodobě nemocné (LDN)",0,0,60,0,30,0,0,0,0,0,24581
2020,"Nemocnice Tábor, a.s.","26095203","39001000","CZ0317","Nemocnice",366,34,0,0,0,0,0,0,88115,7136,0
2020,"Nemocnice Tábor, a.s.","26095203","39007000","CZ0317","Léčebna pro dlouhodobě nemocné (LDN)",0,0,69,0,0,0,0,0,0,0,23720
2020,"Nemocnice Třebíč, příspěvková organizace","00839396","79001000","CZ0634","Nemocnice",386,36,0,0,0,0,0,0,71725,7435,0
2020,"Nemocnice Třebíč, příspěvková organizace","00839396","79003000","CZ0634","Nemocnice následné (ošetřovatelské) péče",0,0,104,0,0,0,0,10,0,0,33609
2020,"Nemocnice Třinec, příspěvková organizace","00534242","86102000","CZ0802","Nemocnice",284,31,30,20,0,0,0,0,61308,8048,2429
2020,"Nemocnice Valtice s.r.o.","63488329","74021000","CZ0644","Léčebna pro dlouhodobě nemocné (LDN)",0,0,184,0,0,0,0,0,0,0,52092
2020,"Nemocnice Varnsdorf- LDN","49888498","51303000","CZ0421","Léčebna pro dlouhodobě nemocné (LDN)",0,0,100,0,0,0,0,0,0,0,32191
2020,"Nemocnice Volyně s.r.o.","25155946","38033001","CZ0316","Léčebna pro dlouhodobě nemocné (LDN)",0,0,66,0,0,0,0,0,0,0,10008
2020,"Nemocnice Vrchlabí, s.r.o.","64827232","69003000","CZ0525","Nemocnice",54,5,0,0,0,0,12,0,7735,1410,4895
2020,"Nemocnice Vrchlabí, s.r.o.","64827232","69008000","CZ0525","Nemocnice následné (ošetřovatelské) péče",0,0,0,25,10,0,0,0,0,0,11587
2020,"Nemocnice Vršovice a.s.","28971906","10693000","CZ0100","Odborné léčebné ústavy",0,0,0,0,35,0,0,0,0,0,10053
2020,"Nemocnice Vršovice a.s.","28971906","10706000","CZ0100","Samostatné lůžkové zařízení s péčí DIP, NIOP, NIP",0,0,0,0,0,0,17,0,0,0,5773
2020,"Nemocnice Vršovice a.s.","28971906","10714000","CZ0100","Nemocnice",16,4,0,0,0,0,0,0,3500,1131,0
2020,"Nemocnice Vyškov, příspěvková organizace","00839205","81001000","CZ0646","Nemocnice",285,25,0,0,0,0,0,0,70581,7515,0
2020,"Nemocnice Vyškov, příspěvková organizace","00839205","81065000","CZ0646","Léčebna pro dlouhodobě nemocné (LDN)",0,0,90,0,0,0,0,0,0,0,23613
2020,"Nemocnice Znojmo,příspěvková organizace","00092584","83001000","CZ0647","Nemocnice",432,41,0,0,0,0,0,0,84963,8803,0
2020,"Nemocnice Znojmo,příspěvková organizace","00092584","83002000","CZ0647","Léčebna pro dlouhodobě nemocné (LDN)",0,0,115,0,0,0,0,0,0,0,28836
2020,"Nemocnice následné péče Moravská Třebová","00193895","68013000","CZ0533","Léčebna pro dlouhodobě nemocné (LDN)",0,0,80,0,0,0,0,0,0,0,23725
2020,"Nemocnice následné péče Praha s.r.o.","45789924","06408000","CZ0100","Léčebna pro dlouhodobě nemocné (LDN)",0,0,40,20,0,0,0,0,0,0,19464
2020,"Nemocnice následné péče Praha s.r.o.","45789924","06610000","CZ0100","Odborné léčebné ústavy",0,0,0,0,20,0,0,0,0,0,6503
2020,"Nemocnice následné péče Svatá Anna,s.r.o","26360896","49008000","CZ0327","Léčebna pro dlouhodobě nemocné (LDN)",0,0,90,0,0,0,0,0,0,0,25296
2020,"Nemocnice následné péče VIA, s.r.o.","02390221","51262000","CZ0421","Léčebna pro dlouhodobě nemocné (LDN)",0,0,100,0,0,0,0,0,0,0,45134
2020,"Nemocnice následné péče s pol. Lom. n/P","00854875","67130000","CZ0514","Léčebna pro dlouhodobě nemocné (LDN)",0,0,59,0,0,0,0,0,0,0,18569
2020,"Nemocnice s poliklinikou Česká Lípa a.s.","27283518","50292000","CZ0511","Léčebna pro dlouhodobě nemocné (LDN)",0,0,117,0,0,0,0,0,0,0,35541
2020,"Nemocnice s poliklinikou Česká Lípa,a.s.","27283518","50100000","CZ0511","Nemocnice",315,32,0,0,0,0,0,6,58747,7084,1821
2020,"Nemocnice sv. Alžběty Na Slupi, s.r.o.","07579969","02259000","CZ0100","Léčebna pro dlouhodobě nemocné (LDN)",0,0,89,0,0,0,0,0,0,0,39194
2020,"Nemocnice sv.Zdislavy,a.s.","25542681","84427000","CZ0635","Nemocnice",38,6,0,0,0,0,15,0,9906,1377,5967
2020,"Nemocnice sv.Zdislavy,a.s.","25542681","84428000","CZ0635","Léčebna pro dlouhodobě nemocné (LDN)",0,0,80,0,0,0,0,0,0,0,25815
2020,"Nemocnice u Sv. Jiří s. r. o.","49786954","44613000","CZ0323","Nemocnice",15,5,0,0,0,0,0,0,1390,476,0
2020,"Nemocnice ve Frýdku-Místku, přís. organ.","00534188","86101000","CZ0802","Nemocnice",331,31,0,0,0,0,8,10,73722,8806,1973
2020,"Nemocnice ve Frýdku-Místku, přís. organ.","00534188","86101200","CZ0802","Léčebna pro dlouhodobě nemocné (LDN)",0,0,65,32,0,0,0,0,0,0,27282
2020,"Nemocnice České Budějovice, a.s.","26068877","32006000","CZ0311","Nemocnice",1020,171,0,0,0,0,0,0,210443,30945,0
2020,"Nemocnice České Budějovice, a.s.","26068877","32067000","CZ0311","Léčebna pro dlouhodobě nemocné (LDN)",0,0,229,0,0,0,0,0,0,0,55447
2020,"Nemocnice České Budějovice, a.s.","26068877","32070000","CZ0311","Odborné léčebné ústavy",0,0,0,0,50,0,0,0,0,0,6772
2020,"Nemocnice Český Brod s.r.o.","27161838","23333000","CZ0204","Léčebna pro dlouhodobě nemocné (LDN)",0,0,60,61,0,0,0,10,0,0,35921
2020,"Nemocnice Český Krumlov, a.s.","26095149","33100000","CZ0312","Nemocnice",144,14,0,0,0,0,0,0,31525,3105,0
2020,"Nemocnice Český Krumlov, a.s.","26095149","33103000","CZ0312","Léčebna pro dlouhodobě nemocné (LDN)",0,0,88,0,0,0,0,0,0,0,25327
2020,"Nemocnice Šumperk a.s.","47682795","93008000","CZ0715","Nemocnice následné (ošetřovatelské) péče",0,0,0,87,0,0,0,0,0,0,26958
2020,"Nemocnice Šumperk a.s.","47682795","93201000","CZ0715","Nemocnice",342,24,0,0,0,0,6,3,62982,5853,296
2020,"Nemocnice Žatec, o.p.s.","25026259","56007000","CZ0424","Nemocnice",119,11,0,0,0,0,0,0,19116,1735,0
2020,"Nemocnice Žatec, o.p.s. - LDN","25026259","56010000","CZ0424","Léčebna pro dlouhodobě nemocné (LDN)",0,0,50,0,0,0,0,0,0,0,13411
2020,"Neurologie, s.r.o. - léč. dlouh. nem.","49900391","51276000","CZ0421","Odborné léčebné ústavy",0,0,20,0,0,0,0,0,0,0,6422
2020,"Neuron Medical s.r.o.","29288223","72949000","CZ0642","Nemocnice",8,0,0,0,0,0,0,0,642,0,0
2020,"Národní ústav duševního zdraví","00023752","08002000","CZ0209","Nemocnice",47,0,0,0,0,0,0,0,10878,0,0
2020,"Národní ústav duševního zdraví","00023752","28196000","CZ0209","Odborné léčebné ústavy",0,0,0,0,8,0,0,0,0,0,2304
2020,"OB klinika a.s.","28892950","03336000","CZ0100","Nemocnice",28,0,0,0,0,0,0,0,3031,0,0
2020,"OLÚ Metylovice-Moravskosl. sanator.,p.o.","00534200","86404000","CZ0802","Odborné léčebné ústavy",0,0,0,0,62,0,0,0,0,0,6834
2020,"ORTHES, spol. s r.o.","60718048","94125000","CZ0723","Nemocnice",10,3,0,0,0,0,0,0,2655,576,0
2020,"ORTO - REHA, s.r.o.","29032806","08439000","CZ0100","Nemocnice",20,0,0,0,0,0,0,0,5030,0,0
2020,"OSMED Group s.r.o.","27828930","91100870","CZ0806","Nemocnice následné (ošetřovatelské) péče",0,0,0,120,0,0,0,0,0,0,46786
2020,"Oblastní charita ČK - HOSPIC A. České","48623814","64306000","CZ0523","LZ hospicového typu poskytující paliativní péči",0,0,0,0,0,30,0,0,0,0,8497
2020,"Oblastní charita Červený Kostelec","48623814","69007000","CZ0525","Nemocnice následné (ošetřovatelské) péče",0,0,0,28,0,0,0,0,0,0,7058
2020,"Oblastní nemocnice Jičín a.s.","26001551","63101000","CZ0522","Nemocnice",328,19,0,0,0,0,0,0,60039,4917,0
2020,"Oblastní nemocnice Jičín a.s.","26001551","63112000","CZ0521","Léčebna pro dlouhodobě nemocné (LDN)",0,0,107,51,0,0,0,0,0,0,49983
2020,"Oblastní nemocnice Kladno, a.s.","27256537","22115000","CZ0203","Samostatné lůžkové zařízení s péčí DIP, NIOP, NIP",0,0,0,0,0,0,6,2,0,0,102
2020,"Oblastní nemocnice Kladno, a.s.,","27256537","22101000","CZ0203","Nemocnice",465,57,0,0,0,0,0,0,95458,11800,0
2020,"Oblastní nemocnice Kolín, a.s.","27256391","23100000","CZ0204","Odborné léčebné ústavy",0,0,0,0,20,0,0,0,0,0,2584
2020,"Oblastní nemocnice Kolín, a.s.","27256391","23101000","CZ0204","Nemocnice",519,52,0,0,0,0,0,0,99295,13560,0
2020,"Oblastní nemocnice Kolín, a.s.","27256391","23200000","CZ0205","Léčebna pro dlouhodobě nemocné (LDN)",0,0,102,0,0,0,0,0,0,0,28362
2020,"Oblastní nemocnice Kolín,a.s.","27256391","23351000","CZ0205","Samostatné lůžkové zařízení s péčí DIP, NIOP, NIP",0,0,0,0,0,0,5,0,0,0,1537
2020,"Oblastní nemocnice Mladá Boleslav, a. s.","27256456","26001000","CZ0207","Nemocnice",394,56,0,0,0,0,0,0,74358,11921,0
2020,"Oblastní nemocnice Mladá Boleslav, a.s.","27256456","26012000","CZ0207","Léčebna pro dlouhodobě nemocné (LDN)",0,0,116,0,0,0,0,0,0,0,32445
2020,"Oblastní nemocnice Náchod a.s.","26000202","64001000","CZ0523","Nemocnice",559,46,0,0,0,0,5,0,100938,12299,1734
2020,"Oblastní nemocnice Náchod a.s.","26000202","64007000","CZ0523","Léčebna pro dlouhodobě nemocné (LDN)",0,0,83,124,20,0,0,5,0,0,50847
2020,"Oblastní nemocnice Příbram, a. s.","27085031","30601000","CZ020B","Nemocnice následné (ošetřovatelské) péče",0,0,0,30,0,0,0,0,0,0,9234
2020,"Oblastní nemocnice Příbram, a. s.","27085031","30602000","CZ020B","Léčebna pro dlouhodobě nemocné (LDN)",0,0,30,0,0,0,0,0,0,0,7749
2020,"Oblastní nemocnice Příbram, a.s.","27085031","30217000","CZ020B","Odborné léčebné ústavy",0,0,0,0,23,0,0,0,0,0,5619
2020,"Oblastní nemocnice Příbram, a.s.","27085031","30231000","CZ020B","LZ hospicového typu poskytující paliativní péči",0,0,0,0,0,16,0,0,0,0,3979
2020,"Oblastní nemocnice Příbram, a.s.","27085031","30531000","CZ020B","Nemocnice",325,34,0,0,0,0,0,0,65287,7302,0
2020,"Oblastní nemocnice Trutnov a.s.","26000237","69001000","CZ0525","Nemocnice",281,19,0,0,0,0,0,0,44717,3497,0
2020,"Oblastní spolek ČČK Mladá Boleslav","00425788","26014000","CZ0207","Nemocnice následné (ošetřovatelské) péče",0,0,0,20,0,0,0,0,0,0,4545
2020,"Odborný léčebný ústav Jevíčko","00193976","68005000","CZ0533","Odborné léčebné ústavy",0,0,0,0,176,0,0,0,0,0,50938
2020,"Odborný léčebný ústav Paseka, p.o.","00849081","89723000","CZ0712","Odborné léčebné ústavy",0,0,229,60,126,0,0,0,0,0,131630
2020,"Olivova dětská léčebna, o.p.s.","25689371","28005000","CZ0209","Odborné léčebné ústavy",0,0,0,0,80,0,0,0,0,0,21727
2020,"Ošetřovatelská lůžka","05212146","31110000","CZ020C","Nemocnice následné (ošetřovatelské) péče",0,0,0,26,0,0,0,0,0,0,5972
2020,"PATEB s.r.o.","26940281","79591000","CZ0634","Odborné léčebné ústavy",0,0,0,0,45,0,0,0,0,0,19793
2020,"PP Hospitals, s.r.o.","26085011","28002000","CZ0209","Nemocnice",40,6,0,0,0,0,0,0,5682,1713,0
2020,"PP Hospitals, s.r.o.","26085011","28660000","CZ0209","Léčebna pro dlouhodobě nemocné (LDN)",0,0,80,0,0,0,0,0,0,0,19837
2020,"PRIVAMED a.s.","46885251","44103000","CZ0323","Nemocnice",155,12,0,0,0,0,0,0,33978,2336,0
2020,"PRIVAMED a.s.","46885251","44106000","CZ0323","Léčebna pro dlouhodobě nemocné (LDN)",0,0,180,0,0,0,0,20,0,0,90905
2020,"PRVNÍ PRIVÁTNÍ CHIRURGICKÉ CENTRUM spol.","49813692","61303000","CZ0521","Nemocnice",47,8,0,0,0,0,0,0,5950,481,0
2020,"Paliativní medicína","61383082","06680000","CZ0100","Fakultní nemocnice",0,0,0,0,0,8,0,0,0,0,239
2020,"Poliklinika Prosek a.s.","28495306","09362000","CZ0100","Nemocnice následné (ošetřovatelské) péče",0,0,0,25,0,0,0,0,0,0,8875
2020,"Poličská nemocnice, s.r.o.","25296094","68019000","CZ0533","Léčebna pro dlouhodobě nemocné (LDN)",0,0,120,0,0,0,0,0,0,0,38590
2020,"Psychiatric. nemocnice Marianny Oranžské","00851388","95020000","CZ0711","Odborné léčebné ústavy",0,0,0,0,150,0,0,0,0,0,48814
2020,"Psychiatrická léčebna Lnáře","00668168","38002000","CZ0316","Odborné léčebné ústavy",0,0,0,0,70,0,0,0,0,0,20980
2020,"Psychiatrická léčebna Petrohrad, p.o.","00829137","56005000","CZ0424","Odborné léčebné ústavy",0,0,0,0,130,0,0,0,0,0,52457
2020,"Psychiatrická léčebna Červený Dvůr","00583600","33200000","CZ0312","Odborné léčebné ústavy",0,0,0,0,109,0,0,0,0,0,40089
2020,"Psychiatrická léčebna Šternberk","00843954","89303000","CZ0712","Odborné léčebné ústavy",0,0,0,0,502,0,0,0,0,0,165754
2020,"Psychiatrická nemocnice Bohnice","00064220","08005000","CZ0100","Odborné léčebné ústavy",195,0,0,0,928,0,0,0,40590,0,384923
2020,"Psychiatrická nemocnice Bohnice","00064220","08279000","CZ0100","Léčebna pro dlouhodobě nemocné (LDN)",0,0,63,0,0,0,0,0,0,0,21578
2020,"Psychiatrická nemocnice Brno","00160105","72935000","CZ0642","Odborné léčebné ústavy",0,0,0,0,761,0,0,0,0,0,231640
2020,"Psychiatrická nemocnice Havlíčkův Brod","00179230","60006000","CZ0631","Odborné léčebné ústavy",0,0,0,0,688,0,0,0,0,0,203689
2020,"Psychiatrická nemocnice Horní Beřkovice","00673552","55024000","CZ0423","Odborné léčebné ústavy",0,0,0,0,399,0,0,0,0,0,141910
2020,"Psychiatrická nemocnice Horní Beřkovice","00673552","55845000","CZ0423","Nemocnice",25,0,0,0,0,0,0,0,7058,0,0
2020,"Psychiatrická nemocnice Jihlava","00600601","76021000","CZ0632","Odborné léčebné ústavy",0,0,0,0,492,0,0,0,0,0,192765
2020,"Psychiatrická nemocnice Kosmonosy","00068691","26003000","CZ0207","Odborné léčebné ústavy",30,0,0,0,551,0,0,0,4383,0,215137
2020,"Psychiatrická nemocnice Písek a.s.","28092732","36896000","CZ0314","Odborné léčebné ústavy",0,0,0,0,96,0,0,0,0,0,24823
2020,"Psychiatrická nemocnice v Dobřanech","00669792","45901000","CZ0324","Odborné léčebné ústavy",0,0,0,0,1137,0,0,0,0,0,361314
2020,"Psychiatrická nemocnice v Dobřanech","00669792","45909000","CZ0324","Nemocnice",55,0,0,0,0,0,0,0,3641,0,0
2020,"Psychiatrická nemocnice v Kroměříži","00567914","77951000","CZ0721","Odborné léčebné ústavy",0,0,0,0,910,0,0,0,0,0,287653
2020,"Psychiatrická nemocnice v Opavě","00844004","90224000","CZ0805","Odborné léčebné ústavy",0,0,0,0,742,0,0,0,0,0,229970
2020,"REHAMEDICA Žacléř, a.s.","08208778","69009000","CZ0525","Nemocnice následné (ošetřovatelské) péče",0,0,0,65,0,0,0,0,0,0,22466
2020,"RHG spol. s r. o.","61852287","29004000","CZ020A","Léčebna pro dlouhodobě nemocné (LDN)",0,0,0,77,0,0,0,0,0,0,25529
2020,"RHG spol. s.r.o.","61852287","25211000","CZ0206","Nemocnice následné (ošetřovatelské) péče",0,0,0,132,0,0,0,0,0,0,55162
2020,"Rehabilit.ústav pro cévní choroby mozk.","49813447","60190000","CZ0631","Odborné léčebné ústavy",0,0,0,0,39,0,0,0,0,0,12048
2020,"Rehabilitační centrum Čeladná s.r.o.","25868951","86110000","CZ0802","Odborné léčebné ústavy",0,0,0,0,246,0,0,0,0,0,68170
2020,"Rehabilitační ústav Brandýs nad Orlicí","00853879","70012000","CZ0534","Odborné léčebné ústavy",0,0,0,0,150,0,0,0,0,0,38965
2020,"Rehabilitační ústav Hrabyně","00601233","90158000","CZ0805","Odborné léčebné ústavy",0,0,0,0,388,0,0,0,0,0,112950
2020,"Rehabilitační ústav Kladruby","00068705","20105000","CZ0201","Odborné léčebné ústavy",0,0,0,0,250,0,0,0,0,0,85987
2020,"Revmatologický ústav","00023728","02001000","CZ0100","Fakultní nemocnice",50,0,0,0,0,0,0,0,10169,0,0
2020,"Rokycanská nemocnice,  a.s.","26360900","47113000","CZ0326","Nemocnice následné (ošetřovatelské) péče",0,0,20,30,0,0,0,0,0,0,1241
2020,"Rokycanská nemocnice, a.s.","26360900","47101000","CZ0326","Nemocnice",74,9,0,0,0,0,0,0,20259,1396,0
2020,"SANATORIUM EDEL s.r.o.","49609599","95683000","CZ0711","Odborné léčebné ústavy",0,0,0,0,93,0,0,0,0,0,21450
2020,"SENIOR CZ, s.r.o.","25413244","59314000","CZ0427","Odborné léčebné ústavy",0,0,0,0,30,0,0,0,0,0,6107
2020,"SOaL okresu Trutnov","00195201","69034000","CZ0525","Odborné léčebné ústavy",0,0,0,0,159,0,0,0,0,0,42781
2020,"SOaL okresu Trutnov","00195201","69034002","CZ0525","Odborné léčebné ústavy",0,0,0,0,30,0,0,0,0,0,5943
2020,"Sanatorium Jablunkov, a.s.","27835545","86113000","CZ0802","Léčebna pro dlouhodobě nemocné (LDN)",0,0,28,30,105,0,0,0,0,0,39134
2020,"Sanatorium Kochova s.r.o.","02402106","87070000","CZ0803","Nemocnice následné (ošetřovatelské) péče",0,0,0,110,0,0,0,0,0,0,33057
2020,"Sdružené zdravotnické zařízení Krnov,p.o","00844641","85600000","CZ0801","Nemocnice",270,29,0,0,0,0,0,8,51487,6223,838
2020,"Sdružené zdravotnické zařízení Krnov,p.o","00844641","85780000","CZ0801","Léčebna pro dlouhodobě nemocné (LDN)",0,0,45,150,25,0,0,0,0,0,59910
2020,"Slezská nemocnice v Opavě, příspěv. org.","47813750","90001000","CZ0805","Nemocnice",443,44,0,0,0,0,0,0,89684,10076,0
2020,"Slezská nemocnice v Opavě, příspěv. org.","47813750","90604000","CZ0805","Léčebna pro dlouhodobě nemocné (LDN)",0,0,48,0,0,0,0,0,0,0,17985
2020,"Soc. a zdravotní centrum Letiny s.r.o.","63504502","44109000","CZ0324","Nemocnice následné (ošetřovatelské) péče",0,0,0,30,0,0,0,0,0,0,10835
2020,"Stodská nemocnice, a.s.","26361086","45001000","CZ0324","Nemocnice",120,8,0,0,0,0,0,0,20450,1550,0
2020,"Stodská nemocnice, a.s. - LDN","26361086","45002000","CZ0324","Léčebna pro dlouhodobě nemocné (LDN)",0,0,57,0,0,0,0,0,0,0,18386
2020,"Státní léčebné lázně Janské Lázně, s.p.","00024007","69022000","CZ0525","Odborné léčebné ústavy",0,0,0,0,140,0,0,0,0,0,43719
2020,"SurGal Clinic s.r.o.","46965033","72186000","CZ0642","Nemocnice",60,6,0,0,0,0,22,20,8962,1565,10494
2020,"SurGal Clinic s.r.o.","46965033","72186100","CZ0642","Nemocnice následné (ošetřovatelské) péče",0,0,70,60,20,0,0,0,0,0,57858
2020,"Sušická nemocnice s.r.o.","08176302","43010000","CZ0322","Nemocnice",40,8,0,0,0,0,0,0,9164,881,0
2020,"Sušická nemocnice s.r.o.","08176302","43011000","CZ0322","Léčebna pro dlouhodobě nemocné (LDN)",0,0,80,0,0,0,0,0,0,0,17128
2020,"THERÁPON 98, a. s.","25399195","88012000","CZ0804","Léčebna pro dlouhodobě nemocné (LDN)",0,0,56,0,0,0,0,0,0,0,16295
2020,"TRN - Léčebna v Mirošově - Janově","00669784","47102000","CZ0326","Odborné léčebné ústavy",0,0,0,0,130,0,0,0,0,0,30412
2020,"TŘI, z.ú.","18623433","20121000","CZ0201","LZ hospicového typu poskytující paliativní péči",0,0,0,0,0,25,0,0,0,0,8543
2020,"Uherskohradišťská nemocnice a.s.","27660915","80001000","CZ0722","Nemocnice",435,44,0,0,0,0,9,0,104321,10146,2350
2020,"Uherskohradišťská nemocnice a.s.","27660915","80003000","CZ0722","Léčebna pro dlouhodobě nemocné (LDN)",0,0,83,30,0,0,0,0,0,0,34256
2020,"Vazební věznice a ÚpVZD Brno","00212423","72046000","CZ0642","Nemocnice",59,0,0,0,0,0,0,0,10239,0,0
2020,"Vazební věznice a ÚpVZD Brno","00212423","72059000","CZ0642","Nemocnice následné (ošetřovatelské) péče",0,0,26,0,25,0,0,0,0,0,60
2020,"Vividus Medical, s.r.o.","05157005","72053200","CZ0642","Nemocnice následné (ošetřovatelské) péče",0,0,0,90,0,0,0,0,0,0,21260
2020,"Vojenská nemocnice Brno","60555530","72037000","CZ0642","Nemocnice",192,20,0,0,0,0,0,0,42682,4447,0
2020,"Vojenská nemocnice Olomouc","60800691","89382000","CZ0712","Léčebna pro dlouhodobě nemocné (LDN)",0,0,23,0,0,0,0,0,0,0,3720
2020,"Vojenská nemocnice Olomouc","60800691","89903000","CZ0712","Nemocnice",196,15,0,0,0,0,20,8,36461,3136,2400
2020,"Vojenský rehabilitační ústav","00000582","29005000","CZ020A","Odborné léčebné ústavy",0,0,0,0,150,0,0,0,0,0,43925
2020,"Vsetínská nemocnice a.s.","26871068","94101000","CZ0723","Nemocnice",231,19,0,0,0,0,0,0,43726,4748,0
2020,"Vsetínská nemocnice a.s.","26871068","94210000","CZ0723","Léčebna pro dlouhodobě nemocné (LDN)",0,0,61,0,0,0,0,0,0,0,22951
2020,"Vysokomýtská nemocnice","71207856","70052000","CZ0534","Léčebna pro dlouhodobě nemocné (LDN)",0,0,120,0,0,0,0,0,0,0,31848
2020,"Vysočinské nemocnice s.r.o.","25257005","60224000","CZ0633","Léčebna pro dlouhodobě nemocné (LDN)",0,0,149,65,40,0,0,0,0,0,64115
2020,"Všeobecná fakultní nemocnice v Praze","00064165","02004000","CZ0100","Fakultní nemocnice",1205,227,0,19,0,0,0,0,210671,50722,49
2020,"Všeobecná fakultní nemocnice v Praze","00064165","02276000","CZ0100","Odborné léčebné ústavy",0,0,0,0,66,0,0,0,0,0,13378
2020,"Všeobecná fakultní nemocnice v Praze","00064165","02405000","CZ0100","Odborné léčebné ústavy",0,0,0,0,20,0,0,0,0,0,1143
2020,"Zařízení následné reh. a hosp. péče,p.o.","69979821","42441000","CZ0412","Léčebna pro dlouhodobě nemocné (LDN)",0,0,60,0,0,0,0,0,0,0,15062
2020,"Zařízení následné reh. a hosp. péče,p.o.","69979821","42442000","CZ0412","LZ hospicového typu poskytující paliativní péči",0,0,0,0,0,20,0,0,0,0,4466
2020,"ÚVN - Vojenská fakultní nemocnice Praha","61383082","06648000","CZ0100","Samostatné lůžkové zařízení s péčí DIP, NIOP, NIP",0,0,0,0,0,0,6,0,0,0,1539
2020,"ÚVN-Vojenská fakultní nemocnice Praha","61383082","06051000","CZ0100","Fakultní nemocnice",467,68,0,28,0,0,0,0,87426,17407,6689
2020,"ÚVN-Vojenská fakultní nemocnice Praha","61383082","06419000","CZ0100","Odborné léčebné ústavy",0,0,0,0,14,0,0,0,0,0,2523
2020,"ÚVN-Vojenská fakultní nemocnice Praha","61383082","06530000","CZ0100","Léčebna pro dlouhodobě nemocné (LDN)",0,0,26,0,0,0,0,0,0,0,11095
2020,"ÚVN-Vojenská fakultní nemocnice Praha","61383082","06566000","CZ0100","Samostatné lůžkové zařízení s péčí DIP, NIOP, NIP",0,0,0,0,0,0,0,14,0,0,3999
2020,"Úrazová nemocnice v Brně","00209813","72933000","CZ0642","Nemocnice",146,23,0,0,0,0,0,0,28805,6452,0
2020,"Úrazová nemocnice v Brně","00209813","72933950","CZ0642","Odborné léčebné ústavy",0,0,0,0,30,0,0,0,0,0,8202
2020,"Ústav chirurgie ruky a plast. chirurgie","00193011","67711000","CZ0514","Nemocnice",52,0,0,0,0,0,0,0,8174,0,0
2020,"Ústav hematologie a krevní transfuze","00023736","02002000","CZ0100","Fakultní nemocnice",16,21,0,0,0,0,0,0,5794,5120,0
2020,"Ústav pro péči o matku a dítě","00023698","04004000","CZ0100","Fakultní nemocnice",222,35,0,0,0,0,0,0,49218,14065,0
2020,"ČR, VS ČR, VV a ÚpVZD Praha Pankrác","00212423","04150000","CZ0100","Nemocnice",54,0,0,49,0,0,0,0,9325,0,1034
2020,"Českomoravská provincie Hospitálského ř.","44995776","82051000","CZ0724","Léčebna pro dlouhodobě nemocné (LDN)",0,0,65,0,0,0,0,0,0,0,17554
2021,"HVĚZDA z.ú.","70829560","82072000","CZ0724","LZ hospicového typu poskytující paliativní péči",0,0,0,0,0,14,0,0,0,0,4878
2021,"soft palm"" o. s.","01327216","14274000","CZ0100","LZ hospicového typu poskytující paliativní péči",0,0,0,0,0,30,0,0,0,0,5450
2021,"ADP - SANCO s.r.o.","27685934","78004000","CZ0713","Nemocnice následné (ošetřovatelské) péče",0,0,0,50,0,0,0,0,0,0,14998
2021,"AESKULAP spol. s r.o.","60913266","70006000","CZ0534","Léčebna pro dlouhodobě nemocné (LDN)",0,0,81,0,0,0,0,0,0,0,41201
2021,"AGEL Středomoravská nemocniční a.s.","27797660","78006000","CZ0713","Nemocnice",790,83,0,0,0,0,13,0,135486,18832,3399
2021,"AGEL Středomoravská nemocniční a.s.","27797660","78007000","CZ0713","Léčebna pro dlouhodobě nemocné (LDN)",0,0,221,0,0,0,0,0,0,0,59243
2021,"AHC Centrum následné péče Sedlec-Prčice","25579282","20110000","CZ020B","Léčebna pro dlouhodobě nemocné (LDN)",0,0,110,0,0,0,0,0,0,0,29916
2021,"AHC Centrum následné péče Trutnov s.r.o.","10913416","69006000","CZ0525","Nemocnice následné (ošetřovatelské) péče",0,0,0,30,0,0,0,0,0,0,9397
2021,"AHC Nemocnice Duchcov s.r.o.","61537713","58102000","CZ0426","Nemocnice",40,3,0,0,0,0,0,0,6842,271,0
2021,"AHC Nemocnice Duchcov s.r.o.","61537713","58535000","CZ0426","Nemocnice následné (ošetřovatelské) péče",0,0,0,68,0,0,0,0,0,0,17624
2021,"AHC Rehabilitační centrum Meziboří s.r.o","47283661","57541000","CZ0425","Nemocnice následné (ošetřovatelské) péče",0,0,0,0,46,0,0,0,0,0,12891
2021,"ALBERTINUM,odborný léčebný ústav,Žamberk","00196096","70008000","CZ0534","Odborné léčebné ústavy",0,0,0,0,92,0,0,0,0,0,34109
2021,"ALBERTINUM,odborný léčebný ústav,Žamberk","00196096","70058000","CZ0534","Léčebna pro dlouhodobě nemocné (LDN)",0,0,70,0,0,0,0,0,0,0,15466
2021,"ALBERTINUM,odborný léčebný ústav,Žamberk","00196096","70068000","CZ0534","Nemocnice následné (ošetřovatelské) péče",0,0,0,30,0,0,0,0,,,
2021,"ALMEDA, a.s.","25079174","25310000","CZ0206","Nemocnice",56,6,0,0,0,0,0,0,11633,966,0
2021,"ALMEDA, a.s.","25079174","25312000","CZ0206","Samostatné lůžkové zařízení s péčí DIP, NIOP, NIP",0,0,0,0,0,0,15,12,0,0,9800
2021,"AMICA CENTRUM s.r.o.","18233392","41281000","CZ0411","Léčebna pro dlouhodobě nemocné (LDN)",0,0,0,120,0,0,0,0,0,0,36615
2021,"ANESAN, s.r.o.","61677540","23111000","CZ0204","Samostatné lůžkové zařízení s péčí DIP, NIOP, NIP",0,0,0,0,0,0,15,0,0,0,5043
2021,"AquaKlim, s. r. o.","27849562","91791100","CZ0806","Odborné léčebné ústavy",0,0,0,0,60,0,0,0,0,0,10587
2021,"BH - Nemocnice Vimperk a.s.","29015839","37105000","CZ0315","Léčebna pro dlouhodobě nemocné (LDN)",0,0,60,0,0,0,0,0,0,0,10551
2021,"Bohumínská městská nemocnice, a.s.","26834022","87003000","CZ0803","Nemocnice",57,9,60,37,0,0,0,0,12741,1622,12252
2021,"Bílovecká nemocnice, a.s.","26865858","88015000","CZ0804","Nemocnice",46,4,0,0,0,0,0,0,9805,632,0
2021,"Bílovecká nemocnice, a.s.","26865858","88016000","CZ0804","Léčebna pro dlouhodobě nemocné (LDN)",0,0,71,0,0,0,0,0,0,0,12201
2021,"CARVAC s.r.o.","63504260","41182000","CZ0411","Léčebna pro dlouhodobě nemocné (LDN)",0,0,0,90,0,0,0,0,0,0,32063
2021,"CELOP s.r.o.","06774857","69010000","CZ0525","Nemocnice následné (ošetřovatelské) péče",0,0,0,161,0,0,0,0,0,0,27512
2021,"CNS-CENTRUM TŘINEC s.r.o.","26816407","86112000","CZ0802","Nemocnice",42,0,0,0,0,0,0,0,12024,0,0
2021,"Centrum kardiovaskulární a TCH Brno","00209775","72932000","CZ0642","Nemocnice",55,35,0,0,0,0,0,0,11345,10137,0
2021,"Centrum léčby pohybového aparátu, s.r.o.","26432471","09438000","CZ0100","Nemocnice",33,0,0,0,0,0,0,0,6870,0,0
2021,"Charita Ostrava - Hospic sv. Lukáše","44940998","91997300","CZ0806","LZ hospicového typu poskytující paliativní péči",0,0,0,0,0,30,0,0,0,0,9989
2021,"Chronicare Mund s.r.o","05327296","72053300","CZ0642","Samostatné lůžkové zařízení s péčí DIP, NIOP, NIP",0,0,0,0,0,0,20,10,0,0,15648
2021,"Chronicare Nord s.r.o.","04679954","91111600","CZ0806","Samostatné lůžkové zařízení s péčí DIP, NIOP, NIP",0,0,0,0,0,0,17,13,0,0,9713
2021,"Chronicare s.r.o.","02989204","27019000","CZ0208","Samostatné lůžkové zařízení s péčí DIP, NIOP, NIP",0,0,0,0,0,0,16,0,0,0,5491
2021,"DOP - HC s.r.o.","26356589","48004000","CZ0413","Léčebna pro dlouhodobě nemocné (LDN)",0,0,82,0,0,0,0,0,0,0,24622
2021,"Diakonie Valašské Meziříčí","73632783","94203000","CZ0723","Nemocnice následné (ošetřovatelské) péče",0,0,0,8,0,15,0,0,0,0,6860
2021,"Diecézní charita Brno,OCH Rajhrad","44990260","73006000","CZ0643","LZ hospicového typu poskytující paliativní péči",0,0,0,0,0,50,0,0,0,0,8770
2021,"Dlouhodobá intenzivní oš. péče","05212146","31500000","CZ020C","Samostatné lůžkové zařízení s péčí DIP, NIOP, NIP",0,0,0,0,0,0,5,11,0,0,5744
2021,"Domažlická nemocnice, a.s.","26361078","40001000","CZ0321","Nemocnice",121,10,0,0,0,0,0,0,20178,2718,0
2021,"Domažlická nemocnice, a.s. - LDN","26361078","40501000","CZ0321","Léčebna pro dlouhodobě nemocné (LDN)",0,0,50,0,0,0,0,0,0,0,13358
2021,"Domov sv.Karla Boromejského","65400143","06353000","CZ0100","Léčebna pro dlouhodobě nemocné (LDN)",0,0,79,0,0,0,0,0,0,0,18237
2021,"Domov třetího věku s.r.o.","06934226","05833000","CZ0100","Nemocnice následné (ošetřovatelské) péče",0,0,0,55,0,0,0,0,0,0,4269
2021,"Dopravní zdravotnictví a.s.","25903659","02368000","CZ0100","Léčebna pro dlouhodobě nemocné (LDN)",0,0,42,0,0,0,0,0,0,0,12819
2021,"Dětská odb.léčebna Ch.G.Masaryk,p.s.ČČK","42726646","30148000","CZ020B","Odborné léčebné ústavy",0,0,0,0,60,0,0,0,0,0,4622
2021,"Dětská psychiatrická nemocnice","00842052","84420000","CZ0635","Odborné léčebné ústavy",0,0,0,0,50,0,0,0,0,0,13370
2021,"Dětská psychiatrická nemocnice Louny","00831034","56004000","CZ0424","Odborné léčebné ústavy",0,0,0,0,50,0,0,0,0,0,13200
2021,"Dětská psychiatrická nemocnice Opařany","00667421","39801000","CZ0317","Odborné léčebné ústavy",0,0,0,0,90,0,0,0,0,0,13839
2021,"Dům klidného stáří, spol. s r.o.","26369427","48006000","CZ0413","Léčebna pro dlouhodobě nemocné (LDN)",0,0,30,0,0,0,0,0,0,0,9143
2021,"ESTRELLA Health a.s.","04808886","61853000","CZ0521","Nemocnice následné (ošetřovatelské) péče",0,0,0,0,0,0,10,0,0,0,1919
2021,"ETOILE CZ a.s.","28973976","10663000","CZ0100","Samostatné lůžkové zařízení s péčí DIP, NIOP, NIP",0,0,0,0,0,0,30,0,0,0,9035
2021,"EUC Klinika Zlín a.s.","60726636","82002000","CZ0724","Nemocnice",45,7,0,0,0,0,0,0,7362,909,0
2021,"FITCARE s.r.o.","07524013","09631000","CZ0100","Odborné léčebné ústavy",0,0,0,0,25,0,0,0,0,0,8350
2021,"Fakultní Thomayerova nemocnice","00064190","04005000","CZ0100","Nemocnice",732,81,0,0,0,0,0,0,142669,20049,0
2021,"Fakultní Thomayerova nemocnice","00064190","04679000","CZ0100","Léčebna pro dlouhodobě nemocné (LDN)",0,0,115,0,0,0,0,0,0,0,32111
2021,"Fakultní Thomayerova nemocnice","00064190","04775000","CZ0100","Odborné léčebné ústavy",0,0,0,0,35,0,0,0,0,0,7003
2021,"Fakultní Thomayerova nemocnice","00064190","04940000","CZ0100","Léčebna pro dlouhodobě nemocné (LDN)",0,0,0,0,25,0,0,0,0,0,6613
2021,"Fakultní nemocnice Brno","65269705","72057400","CZ0642","Léčebna pro dlouhodobě nemocné (LDN)",0,0,30,0,0,0,0,0,,,
2021,"Fakultní nemocnice Brno","65269705","72100000","CZ0642","Fakultní nemocnice",1579,320,0,0,0,0,2,3,282000,82385,39
2021,"Fakultní nemocnice Bulovka","00064211","08006000","CZ0100","Nemocnice",788,102,0,0,0,0,0,0,165510,26387,0
2021,"Fakultní nemocnice Bulovka","00064211","08368000","CZ0100","Nemocnice následné (ošetřovatelské) péče",0,0,0,54,0,0,0,0,0,0,4955
2021,"Fakultní nemocnice Hradec Králové","00179906","61004000","CZ0521","Fakultní nemocnice",1085,180,0,0,0,0,0,0,224842,52836,0
2021,"Fakultní nemocnice Hradec Králové","00179906","61778000","CZ0521","Odborné léčebné ústavy",0,0,0,18,56,0,0,0,0,0,11702
2021,"Fakultní nemocnice Královské Vinohrady","00064173","10002000","CZ0100","Fakultní nemocnice",829,194,0,0,0,0,0,0,152106,47515,0
2021,"Fakultní nemocnice Královské Vinohrady","00064173","10433000","CZ0100","Léčebna pro dlouhodobě nemocné (LDN)",0,0,70,0,0,0,0,0,0,0,16198
2021,"Fakultní nemocnice Olomouc","00098892","89100600","CZ0712","Léčebna pro dlouhodobě nemocné (LDN)",0,0,0,25,0,0,0,0,0,0,7191
2021,"Fakultní nemocnice Olomouc","00098892","89301000","CZ0712","Fakultní nemocnice",972,152,0,0,0,0,10,4,215199,43862,126
2021,"Fakultní nemocnice Ostrava","00843989","91009000","CZ0806","Fakultní nemocnice",989,225,0,0,0,0,0,0,201598,60494,0
2021,"Fakultní nemocnice Ostrava","00843989","91009888","CZ0805","Léčebna pro dlouhodobě nemocné (LDN)",0,0,140,0,0,0,0,0,0,0,38242
2021,"Fakultní nemocnice Plzeň","00669806","44101000","CZ0323","Fakultní nemocnice",1420,178,0,0,0,0,10,10,300692,52949,1523
2021,"Fakultní nemocnice Plzeň","00669806","44117000","CZ0323","Léčebna pro dlouhodobě nemocné (LDN)",0,0,75,0,0,0,0,0,0,0,16903
2021,"Fakultní nemocnice u sv. Anny v Brně","00159816","72001000","CZ0642","Fakultní nemocnice",639,132,0,0,0,0,4,0,123520,30717,303
2021,"Fakultní nemocnice u sv. Anny v Brně","00159816","72056000","CZ0642","Odborné léčebné ústavy",0,0,0,0,115,0,0,0,0,0,34199
2021,"Fakultní nemocnice v Motole","00064203","05002000","CZ0100","Fakultní nemocnice",1479,364,0,0,0,0,0,0,268772,95489,0
2021,"Fakultní nemocnice v Motole","00064203","05434000","CZ0100","Léčebna pro dlouhodobě nemocné (LDN)",0,0,361,0,0,0,0,0,0,0,97752
2021,"Fakultní nemocnice v Motole NIP,DIOP","00064203","05768000","CZ0100","Samostatné lůžkové zařízení s péčí DIP, NIOP, NIP",0,0,0,0,0,0,14,20,0,0,1121
2021,"Filimed s.r.o.","07628196","29039000","CZ020A","Odborné léčebné ústavy",0,0,87,0,0,0,0,0,0,0,30110
2021,"GARC Kladno, s.r.o.,","27371794","22128000","CZ0203","Léčebna pro dlouhodobě nemocné (LDN)",0,0,112,0,40,0,0,0,0,0,39516
2021,"Gaudium Frýdek-Místek s.r.o.","26788799","86111000","CZ0802","Léčebna pro dlouhodobě nemocné (LDN)",0,0,0,60,0,0,0,0,0,0,19126
2021,"Gerontologické centrum","45250022","08299000","CZ0100","Léčebna pro dlouhodobě nemocné (LDN)",0,0,32,0,0,0,0,0,0,0,8069
2021,"HOSPIC Frýdek-Místek, p.o.","72046546","86114000","CZ0802","LZ hospicového typu poskytující paliativní péči",0,0,0,0,0,27,0,0,0,0,6771
2021,"HOSPIC v MOSTĚ, o.p.s.","25419561","57623000","CZ0425","LZ hospicového typu poskytující paliativní péči",0,0,0,0,0,15,0,0,0,0,2914
2021,"HOSPIC ŠTRASBURK o.p.s.","61383457","08277000","CZ0100","LZ hospicového typu poskytující paliativní péči",0,0,0,0,0,25,0,0,0,0,6825
2021,"Hamzova odborná léčebna pro děti a dosp.","00183024","62901000","CZ0531","Odborné léčebné ústavy",0,0,0,85,398,0,0,0,0,0,155152
2021,"Hornická NsP - LDN","61325422","58105000","CZ0426","Léčebna pro dlouhodobě nemocné (LDN)",0,0,75,0,0,0,0,0,0,0,28986
2021,"Hospic Chrudim z.ú.","26625385","62421000","CZ0531","LZ hospicového typu poskytující paliativní péči",0,0,0,0,0,27,0,0,0,0,9327
2021,"Hospic na Svatém Kopečku","73634671","89163000","CZ0712","LZ hospicového typu poskytující paliativní péči",0,0,0,0,0,30,0,0,0,0,5022
2021,"Hospic sv. Alžběty o.p.s.","26604582","72058000","CZ0642","LZ hospicového typu poskytující paliativní péči",0,0,0,0,0,20,0,0,0,0,6158
2021,"Hospic sv. Jana N. Neumanna, o.p.s.","70853517","37106000","CZ0315","LZ hospicového typu poskytující paliativní péči",0,0,0,0,0,30,0,0,0,0,9563
2021,"Hospic sv. Zdislavy, o.p.s.","28700210","54191000","CZ0513","LZ hospicového typu poskytující paliativní péči",0,0,0,0,0,28,0,0,0,0,4698
2021,"Hospic sv. Štěpána, z.s.","65081374","55038000","CZ0423","LZ hospicového typu poskytující paliativní péči",0,0,0,0,0,26,0,0,0,0,5938
2021,"Hospic svatého Lazara","66361508","44107000","CZ0323","LZ hospicového typu poskytující paliativní péči",0,0,0,0,0,28,0,0,0,0,8299
2021,"ISCARE a.s.","61858366","09628000","CZ0100","Nemocnice",44,7,0,0,0,0,0,0,2863,582,0
2021,"ISCARE a.s.","61858366","09636000","CZ0100","Léčebna pro dlouhodobě nemocné (LDN)",0,0,20,0,0,0,0,0,0,0,5
2021,"Institut klin.a exper.medicíny v Praze","00023001","04002000","CZ0100","Fakultní nemocnice",200,115,0,0,0,0,0,0,49126,25155,0
2021,"Interna Zábřeh, s. r. o.","60774916","93203000","CZ0715","Nemocnice následné (ošetřovatelské) péče",0,0,0,20,0,0,0,0,0,0,6325
2021,"JESSENIA a.s.","26752051","21005000","CZ0202","Nemocnice",0,0,0,0,22,0,0,0,0,0,554
2021,"JESSENIA a.s. - Rehabilitační Nem.Beroun","26752051","21001000","CZ0202","Nemocnice",119,7,0,0,0,0,0,0,44771,3645,0
2021,"Jihomoravské dětské léčebny, p.o.","00386766","71103000","CZ0641","Odborné léčebné ústavy",0,0,0,0,40,0,0,0,0,0,12391
2021,"Jihomoravské dětské léčebny, p.o.","00386766","71105000","CZ0641","Odborné léčebné ústavy",0,0,0,0,42,0,0,0,0,0,10197
2021,"Jihomoravské dětské léčebny, p.o.","00386766","71108000","CZ0641","Odborné léčebné ústavy",0,0,0,0,30,0,0,0,0,0,8068
2021,"KARDIOLOGIE NA BULOVCE, s.r.o.","49679236","08075000","CZ0100","Nemocnice",12,0,0,0,0,0,0,0,5075,0,0
2021,"KZ, a.s. - Nemocnice Chomutov, o.z.","25488627","52111000","CZ0422","Léčebna pro dlouhodobě nemocné (LDN)",0,0,81,0,0,0,0,0,0,0,24845
2021,"KZ,a.s.-oddělení následné péče Most","25488627","57015000","CZ0425","Léčebna pro dlouhodobě nemocné (LDN)",0,0,106,7,0,0,0,0,0,0,15737
2021,"Karlovarská krajská nemocnice a.s.","26365804","42008000","CZ0412","Nemocnice",385,47,0,0,0,0,0,0,70396,11255,0
2021,"Karlovarská krajská nemocnice a.s.","26365804","42616000","CZ0412","Nemocnice následné (ošetřovatelské) péče",0,0,0,10,0,0,0,0,0,0,50
2021,"Karlovarská krajská nemocnice a.s.-Cheb","26365804","42041000","CZ0411","Nemocnice",214,17,0,0,0,0,0,0,26792,4151,0
2021,"Karvinská hornická nemocnice a.s.","60793490","87013000","CZ0803","Nemocnice",139,25,0,0,0,0,0,0,26496,4626,31
2021,"Karvinská hornická nemocnice a.s.","60793490","87013900","CZ0803","Léčebna pro dlouhodobě nemocné (LDN)",0,0,30,0,0,0,0,0,0,0,2131
2021,"Klatovská nemocnice, a.s.","26360527","43001000","CZ0322","Nemocnice",254,16,0,0,0,0,5,5,49708,3690,3005
2021,"Klatovská nemocnice, a.s.","26360527","43006000","CZ0322","Léčebna pro dlouhodobě nemocné (LDN)",0,0,20,0,0,0,0,0,0,0,9087
2021,"Klinika Dr. Pírka s. r. o.","47540265","26007000","CZ0207","Nemocnice",47,6,0,0,0,0,0,0,12671,1203,0
2021,"Krajská nemocnice Liberec, a.s.","27283933","54100000","CZ0513","Nemocnice",685,123,0,0,0,0,0,0,136186,31791,0
2021,"Krajská nemocnice Liberec, a.s. - Nemocnice Frýdlant","27283933","54280000","CZ0513","Nemocnice",20,0,0,0,0,0,0,0,2265,0,0
2021,"Krajská nemocnice Liberec, a.s. - Turnov","27283933","67104000","CZ0514","Nemocnice",115,11,0,0,0,0,0,0,26041,1785,0
2021,"Krajská nemocnice Liberec, a.s. - Turnov","27283933","67174000","CZ0514","Léčebna pro dlouhodobě nemocné (LDN)",0,0,36,0,0,0,0,0,0,0,8144
2021,"Krajská nemocnice Liberec, a.s. Frýdlant","27283933","54209000","CZ0513","Léčebna pro dlouhodobě nemocné (LDN)",0,0,55,0,0,0,0,0,0,0,14990
2021,"Krajská nemocnice Liberec, a.s.- LDN","27283933","54103000","CZ0513","Léčebna pro dlouhodobě nemocné (LDN)",0,0,98,0,0,0,0,0,0,0,28661
2021,"Krajská nemocnice T. Bati, a. s.","27661989","82001000","CZ0724","Nemocnice",670,91,0,0,0,0,10,12,149718,22206,4756
2021,"Krajská nemocnice T. Bati, a. s.","27661989","82050000","CZ0724","Léčebna pro dlouhodobě nemocné (LDN)",0,0,115,21,0,0,0,0,0,0,21271
2021,"Krajská zdravotní, a.s.","25488627","59001000","CZ0427","Fakultní nemocnice",1054,134,0,0,0,0,0,10,161817,26800,1360
2021,"Krajská zdravotní, a.s.","25488627","59287000","CZ0427","Léčebna pro dlouhodobě nemocné (LDN)",0,0,185,0,0,0,0,0,0,0,31601
2021,"Krajská zdravotní, a.s.","25488627","59326000","CZ0427","Fakultní nemocnice",0,0,0,30,0,0,0,0,,,
2021,"Krajská zdravotní, a.s.","25488627","59454000","CZ0427","Nemocnice následné (ošetřovatelské) péče",0,0,0,0,20,0,0,0,0,0,1335
2021,"Krajská zdravotní, a.s.-Nemoc.Děčín,o.z.","25488627","51100000","CZ0421","Nemocnice",259,27,0,22,0,0,0,0,47082,7892,381
2021,"Krajská zdravotní, a.s.-Nemoc.Most,o.z.","25488627","57001000","CZ0425","Nemocnice",557,69,0,0,0,0,12,15,90208,11801,3830
2021,"Krajská zdravotní,a.s.-N.Litoměřice,o.z.","25488627","55021000","CZ0423","Nemocnice",348,37,0,0,0,0,0,0,50558,8928,0
2021,"Krajská zdravotní,a.s.-N.Litoměřice,o.z.","25488627","55037000","CZ0423","Léčebna pro dlouhodobě nemocné (LDN)",0,0,130,0,0,0,0,0,0,0,33098
2021,"Krajská zdravotní,a.s.-Nem.Chomutov,o.z.","25488627","52110000","CZ0422","Nemocnice",331,46,0,0,0,0,0,0,55509,8127,0
2021,"Krajská zdravotní,a.s.-Nemocnice Teplice","25488627","58101000","CZ0426","Nemocnice",376,51,0,0,0,0,0,0,67002,11673,0
2021,"Krajská zdravotní,a.s.-Nemocnice Teplice","25488627","58106000","CZ0426","Léčebna pro dlouhodobě nemocné (LDN)",0,0,51,0,0,0,0,0,0,0,12821
2021,"Kroměřížská nemocnice a.s.","27660532","77001000","CZ0721","Nemocnice",326,35,0,20,0,0,0,0,59271,6857,1472
2021,"Krušnohorská poliklinika s.r.o.","25030302","57622000","CZ0425","Nemocnice následné (ošetřovatelské) péče",0,0,0,30,0,0,0,0,0,0,11861
2021,"LRS Chvaly, o.p.s.","24805807","09514000","CZ0100","Odborné léčebné ústavy",0,0,0,0,50,0,0,0,0,0,16686
2021,"Levitovo centrum následné péče p.o.- LDN","00190217","63113000","CZ0522","Léčebna pro dlouhodobě nemocné (LDN)",0,0,110,0,0,0,0,0,0,0,35998
2021,"Lázně Bělohrad a.s._rehabilitace","46504834","63803000","CZ0522","Odborné léčebné ústavy",0,0,0,0,56,0,0,0,0,0,14288
2021,"Lázně Darkov, a.s.","61974935","87063000","CZ0803","Odborné léčebné ústavy",0,0,0,0,111,0,0,0,0,0,23319
2021,"Lázně Slatinice a.s.","25367757","89875000","CZ0712","Odborné léčebné ústavy",0,0,0,0,50,0,0,0,0,0,14283
2021,"Lázně Teplice nad Bečvou a.s.","45192570","92374000","CZ0714","Odborné léčebné ústavy",0,0,0,0,100,0,0,0,0,0,18002
2021,"Léčebna dlouhodobě nemocných","05212146","31093000","CZ020C","Léčebna pro dlouhodobě nemocné (LDN)",0,0,62,0,0,0,0,0,0,0,11810
2021,"Léčebna dlouhodobě nemocných Opočno","00191744","66232000","CZ0524","Léčebna pro dlouhodobě nemocné (LDN)",0,0,52,0,0,0,0,0,0,0,12252
2021,"Léčebna dlouhodobě nemocných Rybitví","00190560","65360000","CZ0532","Léčebna pro dlouhodobě nemocné (LDN)",0,0,105,0,0,0,0,0,0,0,32625
2021,"Léčebna dlouhodobě nemocných Vršovice","00879649","10499000","CZ0100","Léčebna pro dlouhodobě nemocné (LDN)",0,0,72,0,0,0,0,0,0,0,26040
2021,"Léčebna dlouhodobě nemocných na Vojkově","27256391","28015000","CZ0209","Léčebna pro dlouhodobě nemocné (LDN)",0,0,100,0,0,0,0,0,0,0,29073
2021,"Léčebna dlouhodobě nemocných v Praze 6","45243956","06372000","CZ0100","Léčebna pro dlouhodobě nemocné (LDN)",0,0,94,0,0,0,0,0,0,0,32152
2021,"Léčebna pro dlouhodobě nemocné HK","00180092","61358000","CZ0521","Léčebna pro dlouhodobě nemocné (LDN)",0,0,94,0,0,0,0,0,0,0,26481
2021,"Léčebna respiračních nemocí Cvikov,p.o.,","00673951","50213000","CZ0511","Odborné léčebné ústavy",0,0,0,0,72,0,0,0,0,0,22733
2021,"Léčebna respiračních nemocí Cvikov,p.o.,","00673951","50280000","CZ0511","Odborné léčebné ústavy",0,0,0,0,70,0,0,0,0,0,12994
2021,"MEDI HELP s.r.o., Masarykovo sanatorium","46359443","30515000","CZ020B","Nemocnice následné (ošetřovatelské) péče",0,0,0,180,0,0,0,0,0,0,57026
2021,"MEDICINA, spol. s r.o. - LDN","49904035","56009000","CZ0424","Léčebna pro dlouhodobě nemocné (LDN)",0,0,82,0,0,0,0,0,0,0,27739
2021,"MEDICON Hospitals s.r.o.","25634691","04757000","CZ0100","Léčebna pro dlouhodobě nemocné (LDN)",0,0,48,60,0,0,0,0,0,0,35693
2021,"MEDITERRA - Sedlčany, s.r.o.","26429683","30529000","CZ020B","Nemocnice následné (ošetřovatelské) péče",0,0,0,60,0,0,0,0,0,0,16684
2021,"MEDITERRA Sedlčany, s.r.o.  - NIP, DIOP","26429683","30530000","CZ020B","Samostatné lůžkové zařízení s péčí DIP, NIOP, NIP",0,0,0,0,0,0,18,10,0,0,16051
2021,"MEDITERRA s.r.o.","49686356","05522000","CZ0100","Samostatné lůžkové zařízení s péčí DIP, NIOP, NIP",0,0,0,0,0,0,21,8,0,0,11901
2021,"MEDITERRA s.r.o.","49686356","05523000","CZ0100","Odborné léčebné ústavy",0,0,0,0,142,0,0,0,0,0,33759
2021,"MEDITERRA s.r.o.","49686356","05656000","CZ0100","Nemocnice",20,3,0,0,0,0,0,0,2131,782,0
2021,"MMN, a.s.","05421888","67101000","CZ0514","Nemocnice",20,4,0,0,0,0,0,0,4980,477,0
2021,"MMN, a.s.","05421888","67102000","CZ0514","Nemocnice",166,14,0,0,0,0,0,0,30347,4704,0
2021,"MMN, a.s.","05421888","67171000","CZ0514","Léčebna pro dlouhodobě nemocné (LDN)",0,0,75,0,0,0,0,0,0,0,17167
2021,"MSCARE s.r.o.","28509480","10637000","CZ0100","Léčebna pro dlouhodobě nemocné (LDN)",0,0,42,0,0,0,0,0,0,0,21334
2021,"Masarykova nemocnice Rakovník s.r.o.","05212146","31001000","CZ020C","Nemocnice",124,18,0,0,0,0,0,0,24909,2697,0
2021,"Masarykův onkologický ústav","00209805","72931000","CZ0642","Nemocnice",229,16,0,0,0,0,0,0,45954,4797,0
2021,"MediCentrum Praha a.s.","64949486","04727000","CZ0100","Odborné léčebné ústavy",0,0,0,0,50,0,0,0,0,0,12214
2021,"Mulačova nemocnice s. r. o.","25202189","44105000","CZ0323","Nemocnice",156,7,0,0,0,0,10,0,24589,1842,1328
2021,"Mělnická zdravotní, a.s.","27958639","25110000","CZ0206","Nemocnice",223,25,0,0,0,0,0,0,39196,4839,0
2021,"Mělnická zdravotní, a.s.","27958639","25119000","CZ0206","Nemocnice následné (ošetřovatelské) péče",0,0,0,93,0,0,0,0,0,0,31391
2021,"Městská nemocnice Městec Králové a.s.","26495015","27002000","CZ0208","Nemocnice",20,4,0,0,0,0,0,0,3730,816,0
2021,"Městská nemocnice Městec Králové a.s.","26495015","27011000","CZ0208","Léčebna pro dlouhodobě nemocné (LDN)",0,0,110,20,0,0,0,0,0,0,34187
2021,"Městská nemocnice Městec Králové a.s.","26495015","27028000","CZ0208","Odborné léčebné ústavy",0,0,0,0,20,0,0,0,,,
2021,"Městská nemocnice Městec Králové, a.s.","26495015","27015000","CZ0208","Samostatné lůžkové zařízení s péčí DIP, NIOP, NIP",0,0,0,0,0,0,16,15,0,0,8285
2021,"Městská nemocnice Ostrava","00635162","91001000","CZ0806","Nemocnice",606,73,0,0,0,0,5,0,118983,17919,0
2021,"Městská nemocnice Ostrava","00635162","91001680","CZ0806","Léčebna pro dlouhodobě nemocné (LDN)",0,0,94,56,0,0,0,0,0,0,39504
2021,"Městská nemocnice Slavičín","62181378","82052000","CZ0724","Léčebna pro dlouhodobě nemocné (LDN)",0,0,50,0,0,0,0,0,0,0,15262
2021,"Městská nemocnice následné péče","45245843","09004000","CZ0100","Nemocnice následné (ošetřovatelské) péče",0,0,0,136,0,0,0,0,0,0,23864
2021,"Městská nemocnice s pol. Uh. Brod, s.r.o","25583905","80020000","CZ0722","Léčebna pro dlouhodobě nemocné (LDN)",0,0,90,0,0,0,0,0,0,0,26142
2021,"Městská nemocnice v Odrách, p.o.","66183596","88005000","CZ0804","Nemocnice",20,4,75,0,0,0,0,0,8467,871,12114
2021,"Městská nemocnice Čáslav","00873764","24200000","CZ0205","Nemocnice",138,6,0,0,0,0,0,0,17767,1425,0
2021,"Městská nemocnice Čáslav","00873764","24451000","CZ0205","Léčebna pro dlouhodobě nemocné (LDN)",0,0,30,0,0,0,0,0,0,0,10085
2021,"Městská nemocnice, a.s.","25262238","69002000","CZ0525","Nemocnice",109,7,0,0,0,0,0,0,18239,903,0
2021,"Městská nemocnice, a.s.","25262238","69005000","CZ0525","Nemocnice následné (ošetřovatelské) péče",0,0,0,50,0,0,0,0,0,0,11205
2021,"NH Hospital a.s.","27872963","21017000","CZ0202","Nemocnice",0,0,0,0,0,0,8,5,0,0,2029
2021,"NH Hospital a.s. - Nemocnice Hořovice","27872963","21002000","CZ0202","Nemocnice",239,33,0,0,0,0,0,0,60572,9279,0
2021,"Nem. Milos. sester sv. Vincence de Paul","17809193","77910000","CZ0721","Léčebna pro dlouhodobě nemocné (LDN)",0,0,105,0,0,0,0,0,0,0,39055
2021,"Nem. násl. péče LDN Horažďovice, s.r.o.","26360870","43030000","CZ0322","Léčebna pro dlouhodobě nemocné (LDN)",0,0,130,0,20,0,0,0,0,0,46436
2021,"Nem.Mil.sester sv.K.Boromej.v Praze","73634085","01002000","CZ0100","Nemocnice",108,10,0,0,0,0,0,0,23255,2877,4914
2021,"Nem.Mil.sester sv.K.Boromej.v Praze","73634085","01475000","CZ0100","LZ hospicového typu poskytující paliativní péči",0,0,0,0,0,13,0,0,0,0,5345
2021,"Nem.Mil.sester sv.K.Boromej.v Praze","73634085","01528000","CZ0100","Nemocnice následné (ošetřovatelské) péče",0,0,30,0,0,0,0,0,0,0,1206
2021,"Nemocnice  Prachatice, a.s. - LDN","26095165","37104000","CZ0315","Léčebna pro dlouhodobě nemocné (LDN)",0,0,25,0,0,0,0,0,0,0,2526
2021,"Nemocnice  Slaný","00875295","22102000","CZ0203","Nemocnice",229,20,0,60,0,0,0,0,38760,5331,9704
2021,"Nemocnice AGEL Jeseník a.s.","47973927","95202000","CZ0711","Nemocnice",98,5,0,0,0,0,0,0,19474,1431,0
2021,"Nemocnice AGEL Jeseník a.s.","47973927","95206000","CZ0711","Léčebna pro dlouhodobě nemocné (LDN)",0,0,30,0,0,0,0,0,0,0,9620
2021,"Nemocnice AGEL Louny a.s. - LDN","27332730","56012000","CZ0424","Léčebna pro dlouhodobě nemocné (LDN)",0,0,60,0,0,0,0,0,0,0,17498
2021,"Nemocnice AGEL Nový Jičín a.s.","25886207","88001000","CZ0804","Nemocnice",342,34,0,0,0,0,0,0,73935,10867,0
2021,"Nemocnice AGEL Nový Jičín a.s.","25886207","88014000","CZ0804","Léčebna pro dlouhodobě nemocné (LDN)",0,0,40,0,0,0,0,0,0,0,10450
2021,"Nemocnice AGEL Ostrava-Vítkovice a.s.","60793201","91950000","CZ0806","Nemocnice",316,39,0,0,0,0,0,0,54007,8771,0
2021,"Nemocnice AGEL Ostrava-Vítkovice a.s.","60793201","91950888","CZ0806","Léčebna pro dlouhodobě nemocné (LDN)",0,0,30,0,0,0,0,0,0,0,6915
2021,"Nemocnice AGEL Podhorská a.s.","47668989","85200000","CZ0801","Nemocnice",95,8,0,0,0,0,0,0,14394,1684,0
2021,"Nemocnice AGEL Podhorská a.s.","47668989","85291000","CZ0801","Nemocnice následné (ošetřovatelské) péče",0,0,0,40,0,0,0,0,0,0,7654
2021,"Nemocnice AGEL Třinec-Podlesí a.s.","48401129","86106000","CZ0802","Nemocnice",113,38,0,0,0,0,0,0,23496,9117,0
2021,"Nemocnice AGEL Valašské Meziříčí a.s.","26822105","94102000","CZ0723","Nemocnice",181,23,0,0,0,0,0,0,40993,4334,0
2021,"Nemocnice AGEL Valašské Meziříčí a.s.","26822105","94220000","CZ0723","Léčebna pro dlouhodobě nemocné (LDN)",0,0,78,0,0,0,0,0,0,0,19714
2021,"Nemocnice AGEL Český Těšín a.s.","25897551","87029000","CZ0803","Nemocnice",31,0,59,34,0,0,0,0,6991,0,12215
2021,"Nemocnice AGEL Říčany a.s.","27365867","28003000","CZ0209","Nemocnice",49,4,0,0,0,0,0,0,6486,1206,0
2021,"Nemocnice AGEL Říčany a.s.","27365867","28658000","CZ0209","Léčebna pro dlouhodobě nemocné (LDN)",0,0,35,0,0,0,0,0,0,0,7545
2021,"Nemocnice Beroun - LDN","26752051","21003000","CZ0202","Léčebna pro dlouhodobě nemocné (LDN)",0,0,42,0,0,0,0,0,0,0,20577
2021,"Nemocnice Blansko","00386634","71101000","CZ0641","Nemocnice",145,15,0,0,0,0,0,0,32530,4139,0
2021,"Nemocnice Blansko","00386634","71110000","CZ0641","Léčebna pro dlouhodobě nemocné (LDN)",0,0,30,0,0,0,0,0,0,0,9091
2021,"Nemocnice Boskovice s.r.o.","26925974","71113000","CZ0641","Nemocnice",205,24,0,0,0,0,0,0,40089,4413,0
2021,"Nemocnice Boskovice s.r.o.","26925974","71119000","CZ0641","Léčebna pro dlouhodobě nemocné (LDN)",0,0,12,0,0,0,0,5,0,0,1122
2021,"Nemocnice Břeclav, p. o.","00390780","74001000","CZ0644","Nemocnice",378,41,0,0,0,0,0,0,73151,9242,0
2021,"Nemocnice Dačice, a.s.","28113195","34013000","CZ0313","Léčebna pro dlouhodobě nemocné (LDN)",0,0,0,30,0,0,0,0,0,0,7836
2021,"Nemocnice Havlíčkův Brod, přísp. org.","00179540","60001000","CZ0631","Nemocnice",410,47,0,0,0,0,0,0,75653,8172,0
2021,"Nemocnice Havlíčkův Brod, přísp. org.","00179540","60223000","CZ0631","Léčebna pro dlouhodobě nemocné (LDN)",0,0,44,0,0,0,0,0,0,0,12995
2021,"Nemocnice Havířov, příspěv. organizace","00844896","87004000","CZ0803","Nemocnice",357,31,0,0,0,0,0,0,72474,7927,0
2021,"Nemocnice Havířov, příspěv. organizace","00844896","87054000","CZ0803","Léčebna pro dlouhodobě nemocné (LDN)",0,0,30,0,0,0,0,0,0,0,8336
2021,"Nemocnice Hranice a.s.","47677406","92002000","CZ0714","Nemocnice",98,10,0,0,0,0,0,0,17581,2078,0
2021,"Nemocnice Hranice a.s.","47677406","92283000","CZ0714","Léčebna pro dlouhodobě nemocné (LDN)",0,0,80,0,0,0,0,0,0,0,30847
2021,"Nemocnice Hustopeče p.o.","04212029","74022000","CZ0644","Nemocnice",25,0,0,0,0,0,0,0,5190,0,0
2021,"Nemocnice Hustopeče, p.o.","04212029","74007000","CZ0644","Nemocnice následné (ošetřovatelské) péče",0,0,94,0,0,0,0,0,0,0,17529
2021,"Nemocnice Ivančice, příspěvková organiz.","00225827","73303000","CZ0643","Léčebna pro dlouhodobě nemocné (LDN)",0,0,60,0,0,0,0,0,0,0,14379
2021,"Nemocnice Ivančice,příspěvková organiz.","00225827","73003000","CZ0643","Nemocnice",144,10,0,0,0,0,0,0,23408,3800,0
2021,"Nemocnice Jablonec n. N., p.o.","00829838","53201000","CZ0512","Nemocnice",276,33,0,0,0,0,0,0,51789,7444,0
2021,"Nemocnice Jablonec n. N.. p. o.","00829838","53212000","CZ0512","Léčebna pro dlouhodobě nemocné (LDN)",0,0,67,0,0,0,0,0,0,0,18150
2021,"Nemocnice Jihlava, p. o.","00090638","76001000","CZ0632","Nemocnice",559,66,0,0,0,0,0,0,91178,13156,0
2021,"Nemocnice Jihlava,příspěvková organizace","00090638","76002000","CZ0632","Léčebna pro dlouhodobě nemocné (LDN)",0,0,70,0,0,15,0,0,0,0,15913
2021,"Nemocnice Jindřichův Hradec, a.s.","26095157","34001000","CZ0313","Nemocnice",242,30,0,0,0,0,8,0,47363,7454,824
2021,"Nemocnice Jindřichův Hradec, a.s.","26095157","34011000","CZ0313","Léčebna pro dlouhodobě nemocné (LDN)",0,0,52,0,0,2,0,3,0,0,17703
2021,"Nemocnice Kadaň, s.r.o.","25479300","52120000","CZ0422","Nemocnice",157,15,0,0,0,0,0,0,35008,7382,0
2021,"Nemocnice Kadaň, s.r.o.","25479300","52121000","CZ0422","Léčebna pro dlouhodobě nemocné (LDN)",0,0,24,0,0,0,0,0,0,0,7697
2021,"Nemocnice Karviná - Ráj, příspěvková org","00844853","87001000","CZ0803","Nemocnice",205,22,108,0,0,0,15,5,43936,5678,15756
2021,"Nemocnice Kyjov, příspěvková organizace","00226912","75002000","CZ0645","Nemocnice",395,35,0,0,0,0,0,0,78678,8539,1351
2021,"Nemocnice Kyjov, příspěvková organizace","00226912","75007000","CZ0645","Nemocnice následné (ošetřovatelské) péče",0,0,0,48,0,0,0,0,0,0,9910
2021,"Nemocnice Letovice p.o.","00387134","71107000","CZ0641","Léčebna pro dlouhodobě nemocné (LDN)",0,0,120,0,0,0,0,0,0,0,42226
2021,"Nemocnice Mariánské Lázně s.r.o.","26376709","41191000","CZ0411","Nemocnice následné (ošetřovatelské) péče",0,0,57,37,0,0,0,0,0,0,21119
2021,"Nemocnice Milosrdných bratří, p.o.","48512478","72048000","CZ0642","Nemocnice",205,20,0,0,0,0,0,0,37880,5374,0
2021,"Nemocnice Milosrdných bratří, p.o.","48512478","72052000","CZ0642","Léčebna pro dlouhodobě nemocné (LDN)",0,0,243,0,0,0,0,0,0,0,57682
2021,"Nemocnice Měšice - CIOP, z.s.","65401921","28004000","CZ0209","Nemocnice následné (ošetřovatelské) péče",0,0,0,80,0,0,0,0,0,0,35476
2021,"Nemocnice Na Františku","00879444","01003000","CZ0100","Nemocnice",108,13,0,0,0,0,0,0,16964,3058,0
2021,"Nemocnice Na Františku","00879444","01311000","CZ0100","Léčebna pro dlouhodobě nemocné (LDN)",0,0,46,0,13,0,0,0,0,0,11954
2021,"Nemocnice Na Homolce","00023884","05004000","CZ0100","Fakultní nemocnice",228,129,0,0,0,0,0,0,52097,34564,0
2021,"Nemocnice Na Pleši s.r.o.","27207064","30006000","CZ020B","Nemocnice",60,0,0,0,0,0,0,0,10511,0,0
2021,"Nemocnice Na Pleši s.r.o.","27207064","30522000","CZ020B","Odborné léčebné ústavy",0,0,0,0,80,0,0,0,0,0,25227
2021,"Nemocnice Na Pleši s.r.o.","27207064","30605000","CZ020B","Nemocnice následné (ošetřovatelské) péče",0,0,0,58,0,0,0,0,0,0,6996
2021,"Nemocnice Nové Město na Moravě, p. o.","00842001","84231000","CZ0635","Nemocnice",348,31,0,0,0,0,8,0,73243,7647,2242
2021,"Nemocnice Nové Město na Moravě, p. o.","00842001","84425000","CZ0635","Léčebna pro dlouhodobě nemocné (LDN)",0,0,70,0,0,0,0,8,0,0,15587
2021,"Nemocnice Nymburk s.r.o.","28762886","27001000","CZ0208","Nemocnice",125,11,0,0,0,0,0,0,29381,2680,0
2021,"Nemocnice Nymburk s.r.o.","28762886","27017000","CZ0208","Nemocnice následné (ošetřovatelské) péče",0,0,40,0,0,0,0,0,0,0,6500
2021,"Nemocnice Ostrov s.r.o.","47714913","42010000","CZ0412","Nemocnice",122,7,0,0,0,0,30,20,34138,828,14410
2021,"Nemocnice Ostrov s.r.o.","47714913","42452000","CZ0412","Léčebna pro dlouhodobě nemocné (LDN)",0,0,57,0,0,0,0,0,0,0,9144
2021,"Nemocnice Pardubického kraje, a.s.","27520536","62001000","CZ0531","Nemocnice",245,29,0,0,0,0,10,0,46512,7866,348
2021,"Nemocnice Pardubického kraje, a.s.","27520536","62002000","CZ0531","Léčebna pro dlouhodobě nemocné (LDN)",0,0,89,0,0,0,0,10,0,0,18250
2021,"Nemocnice Pardubického kraje, a.s.","27520536","65001000","CZ0532","Nemocnice",813,78,0,0,0,0,0,0,128913,15683,0
2021,"Nemocnice Pardubického kraje, a.s.","27520536","65361000","CZ0532","Léčebna pro dlouhodobě nemocné (LDN)",0,0,66,0,0,0,0,0,0,0,9846
2021,"Nemocnice Pardubického kraje, a.s.","27520536","68001000","CZ0533","Nemocnice",269,15,0,0,0,0,0,0,40039,4106,0
2021,"Nemocnice Pardubického kraje, a.s.","27520536","68002000","CZ0533","Nemocnice",187,20,0,0,0,0,0,0,28649,3685,0
2021,"Nemocnice Pardubického kraje, a.s.","27520536","68011000","CZ0533","Léčebna pro dlouhodobě nemocné (LDN)",0,0,23,0,0,0,0,0,0,0,6805
2021,"Nemocnice Pardubického kraje, a.s.","27520536","68012000","CZ0533","Léčebna pro dlouhodobě nemocné (LDN)",0,0,40,0,0,0,0,0,0,0,2068
2021,"Nemocnice Pardubického kraje, a.s.","27520536","70001000","CZ0534","Nemocnice",306,26,0,0,0,0,0,0,51667,7389,0
2021,"Nemocnice Pelhřimov, příspěvková org.","00511951","35001000","CZ0633","Nemocnice",271,23,0,0,0,0,0,0,47200,5653,0
2021,"Nemocnice Pelhřimov, příspěvková org.","00511951","35040000","CZ0633","Léčebna pro dlouhodobě nemocné (LDN)",0,0,46,0,0,0,0,0,0,0,11080
2021,"Nemocnice Počátky, s.r.o.","26216701","35043000","CZ0633","Léčebna pro dlouhodobě nemocné (LDN)",0,0,120,0,0,0,0,0,0,0,24334
2021,"Nemocnice Prachatice, a.s.","26095165","37101000","CZ0315","Nemocnice",137,9,0,0,0,0,0,0,27469,2772,0
2021,"Nemocnice Písek, a.s.","26095190","36101000","CZ0314","Nemocnice",314,48,0,0,0,0,0,5,46919,8670,989
2021,"Nemocnice Písek, a.s.","26095190","36102000","CZ0314","Léčebna pro dlouhodobě nemocné (LDN)",0,0,36,0,0,0,0,0,0,0,9540
2021,"Nemocnice Roudnice nad Labem s.r.o.","25443801","55039000","CZ0423","Nemocnice",135,8,0,0,0,0,0,0,20501,2100,0
2021,"Nemocnice Roudnice nad Labem s.r.o.","25443801","55040000","CZ0423","Léčebna pro dlouhodobě nemocné (LDN)",0,0,43,0,0,0,0,0,0,0,6601
2021,"Nemocnice Roudnice nad Labem s.r.o.","25443801","55044000","CZ0423","Nemocnice následné (ošetřovatelské) péče",0,0,0,28,0,0,0,0,0,0,396
2021,"Nemocnice Rudolfa a Stefanie Benešov,a.s","27253236","20003000","CZ0201","Odborné léčebné ústavy",0,0,0,0,25,0,0,0,0,0,1253
2021,"Nemocnice Rudolfa a Stefanie Benešov,a.s","27253236","20101000","CZ0201","Nemocnice",298,30,0,78,0,0,0,0,52852,6678,20368
2021,"Nemocnice Sokolov s.r.o.","24747246","48008000","CZ0413","Nemocnice",223,27,0,0,0,0,0,0,42401,6732,0
2021,"Nemocnice Sokolov s.r.o.","24747246","48009000","CZ0413","Léčebna pro dlouhodobě nemocné (LDN)",0,0,50,0,0,0,0,0,0,0,17686
2021,"Nemocnice Strakonice, a.s.","26095181","38001000","CZ0316","Nemocnice",245,20,0,0,0,0,0,0,52166,4664,0
2021,"Nemocnice Strakonice, a.s.","26095181","38005001","CZ0316","Léčebna pro dlouhodobě nemocné (LDN)",0,0,36,0,0,0,0,5,0,0,15276
2021,"Nemocnice Sv. Kříže Žižkov, s.r.o.","47124733","03324000","CZ0100","Nemocnice následné (ošetřovatelské) péče",0,0,0,67,0,0,0,0,0,0,12585
2021,"Nemocnice Sv. Kříže Žižkov, s.r.o.","47124733","03325000","CZ0100","Samostatné lůžkové zařízení s péčí DIP, NIOP, NIP",0,0,0,0,0,0,0,10,0,0,2866
2021,"Nemocnice TGM Hodonín, příspěvková org.","00226637","75001000","CZ0645","Nemocnice",133,24,0,0,0,0,5,0,29786,8162,128
2021,"Nemocnice TGM Hodonín, příspěvková org.","00226637","75008000","CZ0645","Nemocnice následné (ošetřovatelské) péče",0,0,0,43,0,0,0,0,0,0,7889
2021,"Nemocnice Tanvald, s. r. o.","63145766","53208000","CZ0512","Nemocnice následné (ošetřovatelské) péče",0,0,0,35,0,0,24,20,0,0,23493
2021,"Nemocnice Tanvald, s.r.o","63145766","53286000","CZ0512","Nemocnice",18,3,0,0,0,0,0,0,5605,872,0
2021,"Nemocnice Tišnov,příspěvková organizace","44947909","73007000","CZ0643","Léčebna pro dlouhodobě nemocné (LDN)",0,0,60,0,30,0,0,0,0,0,22298
2021,"Nemocnice Tábor, a.s.","26095203","39001000","CZ0317","Nemocnice",398,34,0,0,0,0,0,0,92740,7960,0
2021,"Nemocnice Tábor, a.s.","26095203","39007000","CZ0317","Léčebna pro dlouhodobě nemocné (LDN)",0,0,69,0,0,0,0,0,0,0,19770
2021,"Nemocnice Třebíč, příspěvková organizace","00839396","79001000","CZ0634","Nemocnice",386,36,0,0,0,0,0,0,67472,7819,0
2021,"Nemocnice Třebíč, příspěvková organizace","00839396","79003000","CZ0634","Nemocnice následné (ošetřovatelské) péče",0,0,104,0,0,0,0,10,0,0,28543
2021,"Nemocnice Třinec, příspěvková organizace","00534242","86102000","CZ0802","Nemocnice",284,31,30,20,0,0,0,0,61961,9400,3986
2021,"Nemocnice Valtice s.r.o.","63488329","74021000","CZ0644","Léčebna pro dlouhodobě nemocné (LDN)",0,0,184,0,0,0,0,0,0,0,59257
2021,"Nemocnice Varnsdorf- LDN","49888498","51303000","CZ0421","Léčebna pro dlouhodobě nemocné (LDN)",0,0,100,0,0,0,0,0,0,0,30029
2021,"Nemocnice Volyně s.r.o.","25155946","38033001","CZ0316","Léčebna pro dlouhodobě nemocné (LDN)",0,0,66,0,0,0,0,0,0,0,8736
2021,"Nemocnice Vrchlabí, s.r.o.","64827232","69003000","CZ0525","Nemocnice",74,5,0,0,0,0,12,0,10592,1372,4273
2021,"Nemocnice Vrchlabí, s.r.o.","64827232","69008000","CZ0525","Nemocnice následné (ošetřovatelské) péče",0,0,0,25,10,0,0,0,0,0,11897
2021,"Nemocnice Vršovice a.s.","28971906","10693000","CZ0100","Odborné léčebné ústavy",0,0,0,0,35,0,0,0,0,0,10440
2021,"Nemocnice Vršovice a.s.","28971906","10706000","CZ0100","Samostatné lůžkové zařízení s péčí DIP, NIOP, NIP",0,0,0,0,0,0,17,0,0,0,5667
2021,"Nemocnice Vršovice a.s.","28971906","10714000","CZ0100","Nemocnice",16,4,0,0,0,0,0,0,4280,1186,0
2021,"Nemocnice Vyškov, příspěvková organizace","00839205","81001000","CZ0646","Nemocnice",285,25,0,0,0,0,0,0,65333,8573,0
2021,"Nemocnice Vyškov, příspěvková organizace","00839205","81065000","CZ0646","Léčebna pro dlouhodobě nemocné (LDN)",0,0,90,0,0,0,0,0,0,0,17233
2021,"Nemocnice Znojmo,příspěvková organizace","00092584","83001000","CZ0647","Nemocnice",432,41,0,0,0,0,0,0,85627,9167,0
2021,"Nemocnice Znojmo,příspěvková organizace","00092584","83002000","CZ0647","Léčebna pro dlouhodobě nemocné (LDN)",0,0,115,0,0,0,0,0,0,0,23082
2021,"Nemocnice následné péče Moravská Třebová","00193895","68013000","CZ0533","Léčebna pro dlouhodobě nemocné (LDN)",0,0,80,0,0,0,0,0,0,0,23557
2021,"Nemocnice následné péče Praha s.r.o.","45789924","06408000","CZ0100","Léčebna pro dlouhodobě nemocné (LDN)",0,0,40,20,0,0,0,0,0,0,17390
2021,"Nemocnice následné péče Praha s.r.o.","45789924","06610000","CZ0100","Odborné léčebné ústavy",0,0,0,0,20,0,0,0,0,0,7407
2021,"Nemocnice následné péče Svatá Anna,s.r.o","26360896","49008000","CZ0327","Léčebna pro dlouhodobě nemocné (LDN)",0,0,90,0,0,0,0,0,0,0,24351
2021,"Nemocnice následné péče VIA, s.r.o.","02390221","51262000","CZ0421","Léčebna pro dlouhodobě nemocné (LDN)",0,0,100,0,0,0,0,0,0,0,46870
2021,"Nemocnice následné péče s pol. Lom. n/P","00854875","67130000","CZ0514","Léčebna pro dlouhodobě nemocné (LDN)",0,0,59,0,0,0,0,0,0,0,18381
2021,"Nemocnice s poliklinikou Česká Lípa a.s.","27283518","50292000","CZ0511","Léčebna pro dlouhodobě nemocné (LDN)",0,0,117,0,0,0,0,0,0,0,29214
2021,"Nemocnice s poliklinikou Česká Lípa,a.s.","27283518","50100000","CZ0511","Nemocnice",315,32,0,0,0,0,0,6,54134,7650,244
2021,"Nemocnice sv. Alžběty Na Slupi, s.r.o.","07579969","02259000","CZ0100","Léčebna pro dlouhodobě nemocné (LDN)",0,0,89,0,0,0,0,0,0,0,41610
2021,"Nemocnice sv.Zdislavy,a.s.","25542681","84427000","CZ0635","Nemocnice",38,6,0,0,0,0,15,0,9756,1404,6465
2021,"Nemocnice sv.Zdislavy,a.s.","25542681","84428000","CZ0635","Léčebna pro dlouhodobě nemocné (LDN)",0,0,80,0,0,0,0,0,0,0,22098
2021,"Nemocnice u Sv. Jiří s. r. o.","49786954","44613000","CZ0323","Nemocnice",15,5,0,0,0,0,0,0,1429,575,0
2021,"Nemocnice ve Frýdku-Místku, přís. organ.","00534188","86101000","CZ0802","Nemocnice",331,31,0,0,0,0,8,10,77532,9958,1809
2021,"Nemocnice ve Frýdku-Místku, přís. organ.","00534188","86101200","CZ0802","Léčebna pro dlouhodobě nemocné (LDN)",0,0,65,32,0,0,0,0,0,0,14344
2021,"Nemocnice České Budějovice, a.s.","26068877","32006000","CZ0311","Nemocnice",1020,171,0,0,0,0,0,0,212948,35855,0
2021,"Nemocnice České Budějovice, a.s.","26068877","32067000","CZ0311","Léčebna pro dlouhodobě nemocné (LDN)",0,0,229,0,0,0,0,0,0,0,49133
2021,"Nemocnice České Budějovice, a.s.","26068877","32070000","CZ0311","Odborné léčebné ústavy",0,0,0,0,50,0,0,0,0,0,7123
2021,"Nemocnice Český Brod s.r.o.","27161838","23333000","CZ0204","Léčebna pro dlouhodobě nemocné (LDN)",0,0,60,61,0,0,0,10,0,0,34803
2021,"Nemocnice Český Krumlov, a.s.","26095149","33100000","CZ0312","Nemocnice",144,14,0,0,0,0,0,0,30907,3170,0
2021,"Nemocnice Český Krumlov, a.s.","26095149","33103000","CZ0312","Léčebna pro dlouhodobě nemocné (LDN)",0,0,88,0,0,0,0,0,0,0,22729
2021,"Nemocnice Šumperk a.s.","47682795","93008000","CZ0715","Nemocnice následné (ošetřovatelské) péče",0,0,0,87,0,0,0,0,0,0,29527
2021,"Nemocnice Šumperk a.s.","47682795","93201000","CZ0715","Nemocnice",342,24,0,0,0,0,6,3,61164,5891,623
2021,"Nemocnice Žatec, o.p.s.","25026259","56007000","CZ0424","Nemocnice",111,11,0,0,0,0,0,0,20099,2002,0
2021,"Nemocnice Žatec, o.p.s. - LDN","25026259","56010000","CZ0424","Léčebna pro dlouhodobě nemocné (LDN)",0,0,50,0,0,0,0,0,0,0,15113
2021,"Neurologie, s.r.o. - léč. dlouh. nem.","49900391","51276000","CZ0421","Odborné léčebné ústavy",0,0,20,0,0,0,0,0,0,0,6509
2021,"Neuron Medical s.r.o.","29288223","72949000","CZ0642","Nemocnice",8,0,0,0,0,0,0,0,709,0,0
2021,"Národní ústav duševního zdraví","00023752","08002000","CZ0209","Nemocnice",47,0,0,0,0,0,0,0,12692,0,0
2021,"Národní ústav duševního zdraví","00023752","28196000","CZ0209","Odborné léčebné ústavy",0,0,0,0,8,0,0,0,0,0,2054
2021,"OB klinika a.s.","28892950","03336000","CZ0100","Nemocnice",28,0,0,0,0,0,0,0,3006,0,0
2021,"OLÚ Metylovice-Moravskosl. sanator.,p.o.","00534200","86404000","CZ0802","Odborné léčebné ústavy",0,0,0,0,62,0,0,0,0,0,7211
2021,"ORTHES, spol. s r.o.","60718048","94125000","CZ0723","Nemocnice",10,3,0,0,0,0,0,0,2832,659,0
2021,"ORTO - REHA, s.r.o.","29032806","08439000","CZ0100","Nemocnice",20,0,0,0,0,0,0,0,5286,0,0
2021,"OSMED Group s.r.o.","27828930","91100870","CZ0806","Nemocnice následné (ošetřovatelské) péče",0,0,0,120,0,0,0,0,0,0,47128
2021,"Oblastní charita ČK - HOSPIC A. České","48623814","64306000","CZ0523","LZ hospicového typu poskytující paliativní péči",0,0,0,0,0,30,0,0,0,0,8546
2021,"Oblastní charita Červený Kostelec","48623814","69007000","CZ0525","Nemocnice následné (ošetřovatelské) péče",0,0,0,28,0,0,0,0,0,0,8446
2021,"Oblastní nemocnice Jičín a.s.","26001551","63101000","CZ0522","Nemocnice",328,19,0,0,0,0,0,0,55270,6385,0
2021,"Oblastní nemocnice Jičín a.s.","26001551","63112000","CZ0521","Léčebna pro dlouhodobě nemocné (LDN)",0,0,107,51,0,0,0,0,0,0,42381
2021,"Oblastní nemocnice Kladno, a.s.","27256537","22115000","CZ0203","Samostatné lůžkové zařízení s péčí DIP, NIOP, NIP",0,0,0,0,0,0,6,2,,,
2021,"Oblastní nemocnice Kladno, a.s.,","27256537","22101000","CZ0203","Nemocnice",465,57,0,0,0,0,0,0,86665,11053,0
2021,"Oblastní nemocnice Kolín, a.s.","27256391","23100000","CZ0204","Odborné léčebné ústavy",0,0,0,0,20,0,0,0,0,0,2306
2021,"Oblastní nemocnice Kolín, a.s.","27256391","23101000","CZ0204","Nemocnice",519,52,0,0,0,0,0,0,104075,14691,0
2021,"Oblastní nemocnice Kolín, a.s.","27256391","23200000","CZ0205","Léčebna pro dlouhodobě nemocné (LDN)",0,0,102,0,0,0,0,0,0,0,30572
2021,"Oblastní nemocnice Kolín,a.s.","27256391","23351000","CZ0205","Samostatné lůžkové zařízení s péčí DIP, NIOP, NIP",0,0,0,0,0,0,5,0,0,0,1845
2021,"Oblastní nemocnice Mladá Boleslav, a. s.","27256456","26001000","CZ0207","Nemocnice",394,56,0,0,0,0,0,0,72999,11986,0
2021,"Oblastní nemocnice Mladá Boleslav, a.s.","27256456","26012000","CZ0207","Léčebna pro dlouhodobě nemocné (LDN)",0,0,116,0,0,0,0,0,0,0,26140
2021,"Oblastní nemocnice Náchod a.s.","26000202","64001000","CZ0523","Nemocnice",559,54,0,0,0,0,7,0,102965,15598,1442
2021,"Oblastní nemocnice Náchod a.s.","26000202","64007000","CZ0523","Léčebna pro dlouhodobě nemocné (LDN)",0,0,83,124,20,0,0,5,0,0,37146
2021,"Oblastní nemocnice Příbram, a. s.","27085031","30601000","CZ020B","Nemocnice následné (ošetřovatelské) péče",0,0,0,30,0,0,0,0,0,0,5968
2021,"Oblastní nemocnice Příbram, a. s.","27085031","30602000","CZ020B","Léčebna pro dlouhodobě nemocné (LDN)",0,0,30,0,0,0,0,0,0,0,6050
2021,"Oblastní nemocnice Příbram, a.s.","27085031","30217000","CZ020B","Odborné léčebné ústavy",0,0,0,0,23,0,0,0,0,0,2060
2021,"Oblastní nemocnice Příbram, a.s.","27085031","30231000","CZ020B","LZ hospicového typu poskytující paliativní péči",0,0,0,0,0,16,0,0,0,0,3304
2021,"Oblastní nemocnice Příbram, a.s.","27085031","30531000","CZ020B","Nemocnice",325,34,0,0,0,0,0,0,66289,7257,0
2021,"Oblastní nemocnice Trutnov a.s.","26000237","69001000","CZ0525","Nemocnice",281,19,0,0,0,0,0,0,41024,3392,0
2021,"Oblastní spolek ČČK Mladá Boleslav","00425788","26014000","CZ0207","Nemocnice následné (ošetřovatelské) péče",0,0,0,20,0,0,0,0,0,0,3767
2021,"Odborný léčebný ústav Jevíčko","00193976","68005000","CZ0533","Odborné léčebné ústavy",0,0,0,0,176,0,0,0,0,0,54007
2021,"Odborný léčebný ústav Paseka, p.o.","00849081","89723000","CZ0712","Odborné léčebné ústavy",0,0,229,60,126,0,0,0,0,0,132513
2021,"Olivova dětská léčebna, o.p.s.","25689371","28005000","CZ0209","Odborné léčebné ústavy",0,0,0,0,80,0,0,0,0,0,26733
2021,"Ošetřovatelská lůžka","05212146","31110000","CZ020C","Nemocnice následné (ošetřovatelské) péče",0,0,0,26,0,0,0,0,0,0,7637
2021,"PATEB s.r.o.","26940281","79591000","CZ0634","Odborné léčebné ústavy",0,0,0,0,45,0,0,0,0,0,20016
2021,"PP Hospitals, s.r.o.","26085011","28002000","CZ0209","Nemocnice",40,6,0,0,0,0,0,0,9459,1698,0
2021,"PP Hospitals, s.r.o.","26085011","28660000","CZ0209","Léčebna pro dlouhodobě nemocné (LDN)",0,0,80,0,0,0,0,0,0,0,20701
2021,"PRIVAMED a.s.","46885251","44103000","CZ0323","Nemocnice",155,12,0,0,0,0,0,0,35211,2636,15
2021,"PRIVAMED a.s.","46885251","44106000","CZ0323","Léčebna pro dlouhodobě nemocné (LDN)",0,0,180,0,0,0,0,20,0,0,76525
2021,"PRVNÍ PRIVÁTNÍ CHIRURGICKÉ CENTRUM spol.","49813692","61303000","CZ0521","Nemocnice",47,8,0,0,0,0,0,0,7305,624,0
2021,"Paliativní medicína","61383082","06680000","CZ0100","Fakultní nemocnice",0,0,0,0,0,8,0,0,0,0,1091
2021,"Poliklinika Prosek a.s.","28495306","09362000","CZ0100","Nemocnice následné (ošetřovatelské) péče",0,0,0,25,0,0,0,0,0,0,9230
2021,"Poličská nemocnice, s.r.o.","25296094","68019000","CZ0533","Léčebna pro dlouhodobě nemocné (LDN)",0,0,120,0,0,0,0,0,0,0,42499
2021,"Psychiatric. nemocnice Marianny Oranžské","00851388","95020000","CZ0711","Odborné léčebné ústavy",0,0,0,0,150,0,0,0,0,0,43753
2021,"Psychiatrická léčebna Lnáře","00668168","38002000","CZ0316","Odborné léčebné ústavy",0,0,0,0,65,0,0,0,0,0,21673
2021,"Psychiatrická léčebna Petrohrad, p.o.","00829137","56005000","CZ0424","Odborné léčebné ústavy",0,0,0,0,120,0,0,0,0,0,44535
2021,"Psychiatrická léčebna Červený Dvůr","00583600","33200000","CZ0312","Odborné léčebné ústavy",0,0,0,0,109,0,0,0,0,0,32313
2021,"Psychiatrická léčebna Šternberk","00843954","89303000","CZ0712","Odborné léčebné ústavy",0,0,0,0,482,0,0,0,0,0,184864
2021,"Psychiatrická nemocnice Bohnice","00064220","08005000","CZ0100","Odborné léčebné ústavy",0,0,0,0,928,0,0,0,0,0,348352
2021,"Psychiatrická nemocnice Bohnice","00064220","08279000","CZ0100","Léčebna pro dlouhodobě nemocné (LDN)",0,0,63,0,0,0,0,0,0,0,18767
2021,"Psychiatrická nemocnice Bohnice","00064220","08516000","CZ0100","Nemocnice",195,0,0,0,0,0,0,0,54388,0,0
2021,"Psychiatrická nemocnice Brno","00160105","72935000","CZ0642","Odborné léčebné ústavy",0,0,0,0,676,0,0,0,0,0,233816
2021,"Psychiatrická nemocnice Brno","00160105","72935800","CZ0642","Nemocnice",50,0,0,0,0,0,0,0,1128,0,0
2021,"Psychiatrická nemocnice Havlíčkův Brod","00179230","60006000","CZ0631","Odborné léčebné ústavy",0,0,0,0,610,0,0,0,0,0,234772
2021,"Psychiatrická nemocnice Havlíčkův Brod","00179230","60707000","CZ0631","Nemocnice",52,0,0,0,0,0,0,0,10375,0,0
2021,"Psychiatrická nemocnice Horní Beřkovice","00673552","55024000","CZ0423","Odborné léčebné ústavy",0,0,0,0,399,0,0,0,0,0,148328
2021,"Psychiatrická nemocnice Horní Beřkovice","00673552","55845000","CZ0423","Nemocnice",40,0,0,0,0,0,0,0,8851,0,0
2021,"Psychiatrická nemocnice Jihlava","00600601","76021000","CZ0632","Odborné léčebné ústavy",0,0,0,0,430,0,0,0,0,0,180277
2021,"Psychiatrická nemocnice Jihlava","00600601","76026000","CZ0632","Nemocnice",40,0,0,0,0,0,0,0,2692,0,0
2021,"Psychiatrická nemocnice Kosmonosy","00068691","26003000","CZ0207","Odborné léčebné ústavy",0,0,0,0,527,0,0,0,867,0,215540
2021,"Psychiatrická nemocnice Kosmonosy","00068691","26026000","CZ0207","Nemocnice",30,0,0,0,0,0,0,0,5496,0,0
2021,"Psychiatrická nemocnice Písek a.s.","28092732","36896000","CZ0314","Odborné léčebné ústavy",0,0,0,0,96,0,0,0,0,0,27060
2021,"Psychiatrická nemocnice v Dobřanech","00669792","45901000","CZ0324","Odborné léčebné ústavy",0,0,0,0,1095,0,0,0,0,0,404857
2021,"Psychiatrická nemocnice v Dobřanech","00669792","45909000","CZ0324","Nemocnice",55,0,0,0,0,0,0,0,12209,0,0
2021,"Psychiatrická nemocnice v Kroměříži","00567914","77951000","CZ0721","Odborné léčebné ústavy",0,0,0,0,875,0,0,0,0,0,293932
2021,"Psychiatrická nemocnice v Kroměříži","00567914","77954000","CZ0721","Nemocnice",25,0,0,0,0,0,0,0,1326,0,0
2021,"Psychiatrická nemocnice v Opavě","00844004","90224000","CZ0805","Odborné léčebné ústavy",0,0,0,0,707,0,0,0,0,0,240803
2021,"Psychiatrická nemocnice v Opavě","00844004","90224400","CZ0805","Nemocnice",40,0,0,0,0,0,0,0,10465,0,0
2021,"REHAMEDICA Žacléř, a.s.","08208778","69009000","CZ0525","Nemocnice následné (ošetřovatelské) péče",0,0,0,65,0,0,0,0,0,0,24431
2021,"RHG spol. s r. o.","61852287","29004000","CZ020A","Léčebna pro dlouhodobě nemocné (LDN)",0,0,0,77,0,0,0,0,0,0,22988
2021,"RHG spol. s.r.o.","61852287","25211000","CZ0206","Nemocnice následné (ošetřovatelské) péče",0,0,0,132,0,0,0,0,0,0,47416
2021,"Rehabilit.ústav pro cévní choroby mozk.","49813447","60190000","CZ0631","Odborné léčebné ústavy",0,0,0,0,39,0,0,0,0,0,12211
2021,"Rehabilitační centrum Čeladná s.r.o.","25868951","86110000","CZ0802","Odborné léčebné ústavy",0,0,0,0,246,0,0,0,0,0,63616
2021,"Rehabilitační ústav Brandýs nad Orlicí","00853879","70012000","CZ0534","Odborné léčebné ústavy",0,0,0,0,150,0,0,0,0,0,31480
2021,"Rehabilitační ústav Hrabyně","00601233","90158000","CZ0805","Odborné léčebné ústavy",0,0,0,0,388,0,0,0,0,0,114163
2021,"Rehabilitační ústav Kladruby","00068705","20105000","CZ0201","Odborné léčebné ústavy",0,0,0,0,250,0,0,0,0,0,81636
2021,"Revmatologický ústav","00023728","02001000","CZ0100","Fakultní nemocnice",50,0,0,0,0,0,0,0,10303,0,0
2021,"Rokycanská nemocnice,  a.s.","26360900","47113000","CZ0326","Nemocnice následné (ošetřovatelské) péče",0,0,30,30,0,0,0,0,0,0,6155
2021,"Rokycanská nemocnice, a.s.","26360900","47101000","CZ0326","Nemocnice",84,9,0,0,0,0,0,0,20512,1873,0
2021,"SANATORIUM EDEL s.r.o.","49609599","95683000","CZ0711","Odborné léčebné ústavy",0,0,0,0,93,0,0,0,0,0,18940
2021,"SENIOR CZ, s.r.o.","25413244","59314000","CZ0427","Odborné léčebné ústavy",0,0,0,0,30,0,0,0,0,0,5510
2021,"SOaL okresu Trutnov","00195201","69034000","CZ0525","Odborné léčebné ústavy",0,0,0,0,159,0,0,0,0,0,43258
2021,"SOaL okresu Trutnov","00195201","69034002","CZ0525","Odborné léčebné ústavy",0,0,0,0,30,0,0,0,0,0,6285
2021,"Sanatorium Jablunkov, a.s.","27835545","86113000","CZ0802","Léčebna pro dlouhodobě nemocné (LDN)",0,0,28,30,97,0,0,0,0,0,39029
2021,"Sanatorium Kochova s.r.o.","02402106","87070000","CZ0803","Nemocnice následné (ošetřovatelské) péče",0,0,0,110,0,0,0,0,0,0,36322
2021,"Sdružené zdravotnické zařízení Krnov,p.o","00844641","85600000","CZ0801","Nemocnice",270,29,0,0,0,0,0,8,47094,7331,1387
2021,"Sdružené zdravotnické zařízení Krnov,p.o","00844641","85780000","CZ0801","Léčebna pro dlouhodobě nemocné (LDN)",0,0,45,150,25,0,0,0,0,0,58945
2021,"Slezská nemocnice v Opavě, příspěv. org.","47813750","90001000","CZ0805","Nemocnice",443,44,0,0,0,0,0,0,91852,11065,0
2021,"Slezská nemocnice v Opavě, příspěv. org.","47813750","90604000","CZ0805","Léčebna pro dlouhodobě nemocné (LDN)",0,0,54,0,0,0,0,0,0,0,18720
2021,"Soc. a zdravotní centrum Letiny s.r.o.","63504502","44109000","CZ0324","Nemocnice následné (ošetřovatelské) péče",0,0,0,30,0,0,0,0,0,0,12737
2021,"Stodská nemocnice, a.s.","26361086","45001000","CZ0324","Nemocnice",120,8,0,0,0,0,0,0,23188,2443,0
2021,"Stodská nemocnice, a.s. - LDN","26361086","45002000","CZ0324","Léčebna pro dlouhodobě nemocné (LDN)",0,0,57,0,0,0,0,0,0,0,15865
2021,"Státní léčebné lázně Janské Lázně, s.p.","00024007","69022000","CZ0525","Odborné léčebné ústavy",0,0,0,0,140,0,0,0,0,0,46476
2021,"SurGal Clinic s.r.o.","46965033","72186000","CZ0642","Nemocnice",60,6,0,0,0,0,22,20,7932,1809,8597
2021,"SurGal Clinic s.r.o.","46965033","72186100","CZ0642","Nemocnice následné (ošetřovatelské) péče",0,0,70,60,30,0,0,0,0,0,38191
2021,"Sušická nemocnice s.r.o.","08176302","43010000","CZ0322","Nemocnice",20,8,0,0,0,0,0,0,7602,1579,0
2021,"Sušická nemocnice s.r.o.","08176302","43011000","CZ0322","Léčebna pro dlouhodobě nemocné (LDN)",0,0,55,0,0,0,0,0,0,0,13644
2021,"THERÁPON 98, a. s.","25399195","88012000","CZ0804","Léčebna pro dlouhodobě nemocné (LDN)",0,0,56,0,0,0,0,0,0,0,18641
2021,"TRN - Léčebna v Mirošově - Janově","00669784","47102000","CZ0326","Odborné léčebné ústavy",0,0,0,0,130,0,0,0,0,0,32321
2021,"TŘI, z.ú.","18623433","20121000","CZ0201","LZ hospicového typu poskytující paliativní péči",0,0,0,0,0,25,0,0,0,0,9428
2021,"Uherskohradišťská nemocnice a.s.","27660915","80001000","CZ0722","Nemocnice",435,44,0,0,0,0,9,0,109473,11268,2096
2021,"Uherskohradišťská nemocnice a.s.","27660915","80003000","CZ0722","Léčebna pro dlouhodobě nemocné (LDN)",0,0,83,30,0,0,0,0,0,0,27235
2021,"VDH MED Project a.s.","03604977","09637000","CZ0100","Nemocnice následné (ošetřovatelské) péče",0,0,0,20,0,0,0,0,0,0,586
2021,"Vazební věznice a ÚpVZD Brno","00212423","72046000","CZ0642","Nemocnice",59,0,0,0,0,0,0,0,9029,0,0
2021,"Vazební věznice a ÚpVZD Brno","00212423","72059000","CZ0642","Nemocnice následné (ošetřovatelské) péče",0,0,26,0,25,0,0,0,0,0,804
2021,"Vividus Medical, s.r.o.","05157005","72053200","CZ0642","Nemocnice následné (ošetřovatelské) péče",0,0,0,90,0,0,0,0,0,0,28306
2021,"Vojenská nemocnice Brno","60555530","72037000","CZ0642","Nemocnice",192,20,0,0,0,0,0,0,41739,4858,0
2021,"Vojenská nemocnice Olomouc","60800691","89382000","CZ0712","Léčebna pro dlouhodobě nemocné (LDN)",0,0,23,0,0,0,0,0,0,0,4487
2021,"Vojenská nemocnice Olomouc","60800691","89903000","CZ0712","Nemocnice",196,15,0,0,0,0,20,8,38821,3461,3736
2021,"Vojenský rehabilitační ústav","00000582","29005000","CZ020A","Odborné léčebné ústavy",0,0,0,0,150,0,0,0,0,0,52004
2021,"Vsetínská nemocnice a.s.","26871068","94101000","CZ0723","Nemocnice",231,17,0,0,0,0,0,0,44425,5258,0
2021,"Vsetínská nemocnice a.s.","26871068","94210000","CZ0723","Léčebna pro dlouhodobě nemocné (LDN)",0,0,61,0,0,0,0,0,0,0,19455
2021,"Vysokomýtská nemocnice","71207856","70052000","CZ0534","Léčebna pro dlouhodobě nemocné (LDN)",0,0,120,0,0,0,0,0,0,0,31746
2021,"Vysočinské nemocnice s.r.o.","25257005","60224000","CZ0633","Léčebna pro dlouhodobě nemocné (LDN)",0,0,149,65,40,0,0,0,0,0,67177
2021,"Všeobecná fakultní nemocnice v Praze","00064165","02004000","CZ0100","Fakultní nemocnice",1219,227,0,19,0,0,0,0,209339,51629,0
2021,"Všeobecná fakultní nemocnice v Praze","00064165","02276000","CZ0100","Odborné léčebné ústavy",0,0,0,0,66,0,0,0,0,0,12858
2021,"Všeobecná fakultní nemocnice v Praze","00064165","02405000","CZ0100","Odborné léčebné ústavy",0,0,0,0,20,0,0,0,0,0,411
2021,"Zařízení následné reh. a hosp. péče,p.o.","69979821","42441000","CZ0412","Léčebna pro dlouhodobě nemocné (LDN)",0,0,40,0,0,0,0,0,0,0,14372
2021,"Zařízení následné reh. a hosp. péče,p.o.","69979821","42442000","CZ0412","LZ hospicového typu poskytující paliativní péči",0,0,0,0,0,20,0,0,0,0,2469
2021,"ÚVN - Vojenská fakultní nemocnice Praha","61383082","06648000","CZ0100","Samostatné lůžkové zařízení s péčí DIP, NIOP, NIP",0,0,0,0,0,0,6,0,0,0,1843
2021,"ÚVN-Vojenská fakultní nemocnice Praha","61383082","06051000","CZ0100","Fakultní nemocnice",467,68,0,28,0,0,0,0,91641,17804,5480
2021,"ÚVN-Vojenská fakultní nemocnice Praha","61383082","06419000","CZ0100","Odborné léčebné ústavy",0,0,0,0,14,0,0,0,0,0,706
2021,"ÚVN-Vojenská fakultní nemocnice Praha","61383082","06530000","CZ0100","Léčebna pro dlouhodobě nemocné (LDN)",0,0,26,0,0,0,0,0,0,0,7995
2021,"ÚVN-Vojenská fakultní nemocnice Praha","61383082","06566000","CZ0100","Samostatné lůžkové zařízení s péčí DIP, NIOP, NIP",0,0,0,0,0,0,0,14,0,0,2082
2021,"Úrazová nemocnice v Brně","00209813","72933000","CZ0642","Nemocnice",146,26,0,0,0,0,0,0,29813,6826,0
2021,"Úrazová nemocnice v Brně","00209813","72933950","CZ0642","Odborné léčebné ústavy",0,0,0,0,30,0,0,0,0,0,7371
2021,"Ústav chirurgie ruky a plast. chirurgie","00193011","67711000","CZ0514","Nemocnice",52,0,0,0,0,0,0,0,9220,0,0
2021,"Ústav hematologie a krevní transfuze","00023736","02002000","CZ0100","Fakultní nemocnice",16,21,0,0,0,0,0,0,5729,4896,0
2021,"Ústav pro péči o matku a dítě","00023698","04004000","CZ0100","Fakultní nemocnice",222,35,0,0,0,0,0,0,51719,13891,0
2021,"ČR, VS ČR, VV a ÚpVZD Praha Pankrác","00212423","04150000","CZ0100","Nemocnice",54,0,0,49,0,0,0,0,7373,0,954
2021,"Českomoravská provincie Hospitálského ř.","44995776","82051000","CZ0724","Léčebna pro dlouhodobě nemocné (LDN)",0,0,65,0,0,0,0,0,0,0,20527
2017,"OSMED Group s.r.o.","27828930","91100870","CZ0806","Nemocnice následné (ošetřovatelské) péče",0,0,0,120,0,0,0,0,0,0,47979
2017,"Oblastní charita ČK - HOSPIC A. České","48623814","64306000","CZ0523","LZ hospicového typu poskytující paliativní péči",0,0,0,0,0,30,0,0,0,0,8298
2017,"Oblastní charita Červený Kostelec","48623814","69007000","CZ0525","Nemocnice následné (ošetřovatelské) péče",0,0,0,28,0,0,0,0,0,0,8748
2017,"Oblastní nemocnice Jičín a.s.","26001551","63101000","CZ0522","Nemocnice",328,19,0,0,0,0,0,0,77277,5327,0
2017,"Oblastní nemocnice Jičín a.s.","26001551","63112000","CZ0521","Léčebna pro dlouhodobě nemocné (LDN)",0,0,107,51,0,0,0,0,0,0,51531
2017,"Oblastní nemocnice Kladno, a.s.,","27256537","22101000","CZ0203","Nemocnice",474,57,0,0,0,0,0,0,119311,14931,0
2017,"Oblastní nemocnice Kolín, a.s.","27256391","23100000","CZ0204","Odborné léčebné ústavy",0,0,0,0,20,0,0,0,0,0,5154
2017,"Oblastní nemocnice Kolín, a.s.","27256391","23101000","CZ0204","Nemocnice",555,55,0,0,0,0,0,0,124019,15554,0
2017,"Oblastní nemocnice Kolín, a.s.","27256391","23200000","CZ0205","Léčebna pro dlouhodobě nemocné (LDN)",0,0,82,0,0,0,0,0,0,0,29266
2017,"Oblastní nemocnice Mladá Boleslav, a. s.","27256456","26001000","CZ0207","Nemocnice",426,58,0,0,0,0,0,0,96580,14139,0
2017,"Oblastní nemocnice Mladá Boleslav, a.s.","27256456","26012000","CZ0207","Léčebna pro dlouhodobě nemocné (LDN)",0,0,128,0,0,0,0,0,0,0,34661
2017,"Oblastní nemocnice Náchod a.s.","26000202","64001000","CZ0523","Nemocnice",580,40,0,0,0,0,5,0,113651,10907,826
2017,"Oblastní nemocnice Náchod a.s.","26000202","64007000","CZ0523","Léčebna pro dlouhodobě nemocné (LDN)",0,0,83,124,0,0,0,0,0,0,62031
2017,"Oblastní nemocnice Příbram, a. s.","27085031","30601000","CZ020B","Nemocnice následné (ošetřovatelské) péče",0,0,0,30,0,0,0,0,0,0,8921
2017,"Oblastní nemocnice Příbram, a. s.","27085031","30602000","CZ020B","Léčebna pro dlouhodobě nemocné (LDN)",0,0,30,0,0,0,0,0,0,0,9389
2017,"Oblastní nemocnice Příbram, a.s.","27085031","30217000","CZ020B","Odborné léčebné ústavy",0,0,0,0,23,0,0,0,0,0,5435
2017,"Oblastní nemocnice Příbram, a.s.","27085031","30531000","CZ020B","Nemocnice",352,36,0,0,0,0,0,0,86123,9388,0
2017,"Oblastní nemocnice Trutnov a.s.","26000237","69001000","CZ0525","Nemocnice",281,19,0,0,0,0,0,0,61121,4090,0
2017,"Oblastní spolek ČČK Mladá Boleslav","00425788","26014000","CZ0207","Nemocnice následné (ošetřovatelské) péče",0,0,0,15,0,0,0,0,0,0,8675
2017,"Odborný léčebný ústav Jevíčko","00193976","68005000","CZ0533","Odborné léčebné ústavy",0,0,0,0,176,0,0,0,0,0,58680
2017,"Odborný léčebný ústav Paseka, p.o.","00849081","89723000","CZ0712","Odborné léčebné ústavy",0,0,229,60,126,0,0,0,0,0,140425
2017,"Olivova dětská léčebna, o.p.s.","25689371","28005000","CZ0209","Odborné léčebné ústavy",0,0,0,0,64,0,0,0,0,0,17446
2017,"Ošetřovatelská lůžka","05212146","31110000","CZ020C","Nemocnice následné (ošetřovatelské) péče",0,0,0,26,0,0,0,0,0,0,8083
2017,"PATEB s.r.o.","26940281","79591000","CZ0634","Odborné léčebné ústavy",0,0,0,0,45,0,0,0,0,0,20916
2017,"PP Hospitals, s.r.o.","26085011","28002000","CZ0209","Nemocnice",40,6,0,0,0,0,0,0,8064,796,0
2017,"PP Hospitals, s.r.o.","26085011","28660000","CZ0209","Léčebna pro dlouhodobě nemocné (LDN)",0,0,80,0,0,0,0,0,0,0,24763
2017,"PRIVAMED a.s.","46885251","44103000","CZ0323","Nemocnice",155,12,0,0,0,0,0,0,34486,2272,0
2017,"PRIVAMED a.s.","46885251","44106000","CZ0323","Léčebna pro dlouhodobě nemocné (LDN)",0,0,180,0,0,0,0,20,0,0,87356
2017,"PRVNÍ PRIVÁTNÍ CHIRURGICKÉ CENTRUM spol.","49813692","61303000","CZ0521","Nemocnice",47,8,0,0,0,0,0,0,7304,541,0
2017,"Poliklinika Prosek a.s.","28495306","09362000","CZ0100","Nemocnice následné (ošetřovatelské) péče",0,0,0,20,0,0,0,0,0,0,8766
2017,"Poličská nemocnice, s.r.o.","25296094","68019000","CZ0533","Léčebna pro dlouhodobě nemocné (LDN)",0,0,120,0,0,0,0,0,0,0,45459
2017,"Psychiatric. nemocnice Marianny Oranžské","00851388","95020000","CZ0711","Odborné léčebné ústavy",0,0,0,0,150,0,0,0,0,0,49969
2017,"Psychiatrická léčebna Lnáře","00668168","38002000","CZ0316","Odborné léčebné ústavy",0,0,0,0,70,0,0,0,0,0,24396
2017,"Psychiatrická léčebna Petrohrad, p.o.","00829137","56005000","CZ0424","Odborné léčebné ústavy",0,0,0,0,130,0,0,0,0,0,49717
2017,"Psychiatrická léčebna Červený Dvůr","00583600","33200000","CZ0312","Odborné léčebné ústavy",0,0,0,0,103,0,0,0,0,0,38287
2017,"Psychiatrická léčebna Šternberk","00843954","89303000","CZ0712","Odborné léčebné ústavy",0,0,0,0,502,0,0,0,0,0,166557
2017,"Psychiatrická nemocnice Bohnice","00064220","08005000","CZ0100","Odborné léčebné ústavy",183,0,0,0,997,0,0,0,16986,0,387884
2017,"Psychiatrická nemocnice Bohnice","00064220","08279000","CZ0100","Léčebna pro dlouhodobě nemocné (LDN)",0,0,63,0,0,0,0,0,0,0,22605
2017,"Psychiatrická nemocnice Brno","00160105","72935000","CZ0642","Odborné léčebné ústavy",0,0,0,0,761,0,0,0,0,0,228292
2017,"Psychiatrická nemocnice Havlíčkův Brod","00179230","60006000","CZ0631","Odborné léčebné ústavy",0,0,0,0,710,0,0,0,0,0,198040
2017,"Psychiatrická nemocnice Horní Beřkovice","00673552","55024000","CZ0423","Odborné léčebné ústavy",0,0,0,0,507,0,0,0,0,0,160593
2017,"Psychiatrická nemocnice Jihlava","00600601","76021000","CZ0632","Odborné léčebné ústavy",0,0,0,0,520,0,0,0,0,0,146602
2017,"Psychiatrická nemocnice Kosmonosy","00068691","26003000","CZ0207","Odborné léčebné ústavy",0,0,0,0,595,0,0,0,0,0,252949
2017,"Psychiatrická nemocnice Písek a.s.","28092732","36896000","CZ0314","Odborné léčebné ústavy",0,0,0,0,96,0,0,0,0,0,29556
2017,"Psychiatrická nemocnice v Dobřanech","00669792","45901000","CZ0324","Odborné léčebné ústavy",0,0,0,0,1210,0,0,0,0,0,332751
2017,"Psychiatrická nemocnice v Kroměříži","00567914","77951000","CZ0721","Odborné léčebné ústavy",0,0,0,0,935,0,0,0,0,0,307054
2017,"Psychiatrická nemocnice v Opavě","00844004","90224000","CZ0805","Odborné léčebné ústavy",0,0,0,0,863,0,0,0,0,0,274928
2017,"REHAMEDICA Žacléř, a.s.","08208778","69009000","CZ0525","Nemocnice následné (ošetřovatelské) péče",0,0,0,65,0,0,0,0,0,0,25381
2017,"RHG spol. s r. o.","61852287","29004000","CZ020A","Léčebna pro dlouhodobě nemocné (LDN)",0,0,0,77,0,0,0,0,0,0,26867
2017,"RHG spol. s.r.o.","61852287","25211000","CZ0206","Nemocnice následné (ošetřovatelské) péče",0,0,0,132,0,0,0,0,0,0,47874
2017,"Rehabilit.ústav pro cévní choroby mozk.","49813447","60190000","CZ0631","Odborné léčebné ústavy",0,0,0,0,39,0,0,0,0,0,14352
2017,"Rehabilitační centrum Čeladná s.r.o.","25868951","86110000","CZ0802","Odborné léčebné ústavy",0,0,0,0,246,0,0,0,0,0,74527
2017,"Rehabilitační ústav Brandýs nad Orlicí","00853879","70012000","CZ0534","Odborné léčebné ústavy",0,0,0,0,150,0,0,0,0,0,53355
2017,"Rehabilitační ústav Hrabyně","00601233","90158000","CZ0805","Odborné léčebné ústavy",0,0,0,0,388,0,0,0,0,0,130184
2017,"Rehabilitační ústav Kladruby","00068705","20105000","CZ0201","Odborné léčebné ústavy",0,0,0,0,250,0,0,0,0,0,85784
2017,"Revmatologický ústav","00023728","02001000","CZ0100","Fakultní nemocnice",50,0,0,0,0,0,0,0,12041,0,0
2017,"Rokycanská nemocnice,  a.s.","26360900","47113000","CZ0326","Nemocnice následné (ošetřovatelské) péče",0,0,0,30,0,0,0,0,0,0,1544
2017,"Rokycanská nemocnice, a.s.","26360900","47101000","CZ0326","Nemocnice",74,9,0,0,0,0,0,0,23888,1180,0
2017,"SANATORIUM EDEL s.r.o.","49609599","95683000","CZ0711","Odborné léčebné ústavy",0,0,0,0,93,0,0,0,0,0,27967
2017,"SENIOR CZ, s.r.o.","25413244","59314000","CZ0427","Odborné léčebné ústavy",0,0,0,0,30,0,0,0,0,0,5170
2017,"SOaL okresu Trutnov","00195201","69034000","CZ0525","Odborné léčebné ústavy",0,0,0,0,159,0,0,0,0,0,53563
2017,"SOaL okresu Trutnov","00195201","69034002","CZ0525","Odborné léčebné ústavy",0,0,0,0,30,0,0,0,0,0,7153
2017,"Sanatorium Jablunkov, a.s.","27835545","86113000","CZ0802","Léčebna pro dlouhodobě nemocné (LDN)",0,0,28,30,105,0,0,0,0,0,50563
2017,"Sanatorium Kochova s.r.o.","02402106","87070000","CZ0803","Nemocnice následné (ošetřovatelské) péče",0,0,0,110,0,0,0,0,0,0,26766
2017,"Sdružené zdravotnické zařízení Krnov,p.o","00844641","85600000","CZ0801","Nemocnice",270,29,0,0,0,0,0,8,63367,7028,2486
2017,"Sdružené zdravotnické zařízení Krnov,p.o","00844641","85780000","CZ0801","Léčebna pro dlouhodobě nemocné (LDN)",0,0,45,150,25,0,0,0,0,0,61564
2017,"Slezská nemocnice v Opavě, příspěv. org.","47813750","90001000","CZ0805","Nemocnice",443,44,0,0,0,0,0,0,102108,10565,0
2017,"Slezská nemocnice v Opavě, příspěv. org.","47813750","90604000","CZ0805","Léčebna pro dlouhodobě nemocné (LDN)",0,0,48,0,0,0,0,0,0,0,17565
2017,"Soc. a zdravotní centrum Letiny s.r.o.","63504502","44109000","CZ0324","Nemocnice následné (ošetřovatelské) péče",0,0,0,30,0,0,0,0,0,0,10650
2017,"Stodská nemocnice, a.s.","26361086","45001000","CZ0324","Nemocnice",120,8,0,0,0,0,0,0,31328,2082,0
2017,"Stodská nemocnice, a.s. - LDN","26361086","45002000","CZ0324","Léčebna pro dlouhodobě nemocné (LDN)",0,0,57,0,0,0,0,0,0,0,16889
2017,"Státní léčebné lázně Janské Lázně, s.p.","00024007","69022000","CZ0525","Odborné léčebné ústavy",0,0,0,0,140,0,0,0,0,0,45413
2017,"SurGal Clinic s.r.o.","46965033","72186000","CZ0642","Nemocnice",60,6,0,0,0,0,22,20,11306,1581,21559
2017,"SurGal Clinic s.r.o.","46965033","72186100","CZ0642","Nemocnice následné (ošetřovatelské) péče",0,0,20,30,0,0,0,0,0,0,7476
2017,"THERÁPON 98, a. s.","25399195","88012000","CZ0804","Léčebna pro dlouhodobě nemocné (LDN)",0,0,41,0,0,0,0,0,0,0,16900
2017,"TRN - Léčebna v Mirošově - Janově","00669784","47102000","CZ0326","Odborné léčebné ústavy",0,0,0,0,130,0,0,0,0,0,33253
2017,"TŘI, z.ú.","18623433","20121000","CZ0201","LZ hospicového typu poskytující paliativní péči",0,0,0,0,0,30,0,0,0,0,5980
2017,"Uherskohradišťská nemocnice a.s.","27660915","80001000","CZ0722","Nemocnice",442,44,0,0,0,0,10,0,120398,10428,2941
2017,"Uherskohradišťská nemocnice a.s.","27660915","80003000","CZ0722","Léčebna pro dlouhodobě nemocné (LDN)",0,0,83,30,0,0,0,0,0,0,40162
2017,"Vazební věznice a ÚpVZD Brno","00212423","72046000","CZ0642","Nemocnice",59,0,0,0,0,0,0,0,12948,0,0
2017,"Vazební věznice a ÚpVZD Brno","00212423","72059000","CZ0642","Nemocnice následné (ošetřovatelské) péče",0,0,26,0,25,0,0,0,0,0,6618
2017,"Vojenská nemocnice Brno","60555530","72037000","CZ0642","Nemocnice",192,20,0,0,0,0,0,0,48660,4541,0
2017,"Vojenská nemocnice Olomouc","60800691","89382000","CZ0712","Léčebna pro dlouhodobě nemocné (LDN)",0,0,23,0,0,0,0,0,0,0,4467
2017,"Vojenská nemocnice Olomouc","60800691","89903000","CZ0712","Nemocnice",196,15,0,0,0,0,16,8,44407,3438,2834
2017,"Vojenský rehabilitační ústav","00000582","29005000","CZ020A","Odborné léčebné ústavy",0,0,0,0,150,0,0,0,0,0,51652
2017,"Vsetínská nemocnice a.s.","26871068","94101000","CZ0723","Nemocnice",239,20,0,0,0,0,0,0,49676,4792,0
2017,"Vsetínská nemocnice a.s.","26871068","94210000","CZ0723","Léčebna pro dlouhodobě nemocné (LDN)",0,0,85,0,0,0,0,0,0,0,30444
2017,"Vysokomýtská nemocnice","71207856","70052000","CZ0534","Léčebna pro dlouhodobě nemocné (LDN)",0,0,120,0,0,0,0,0,0,0,45307
2017,"Vysočinské nemocnice s.r.o.","25257005","60224000","CZ0633","Léčebna pro dlouhodobě nemocné (LDN)",0,0,169,45,40,0,0,0,0,0,71069
2017,"Všeobecná fakultní nemocnice v Praze","00064165","02004000","CZ0100","Fakultní nemocnice",1205,229,0,19,0,0,0,0,260451,53264,1353
2017,"Všeobecná fakultní nemocnice v Praze","00064165","02276000","CZ0100","Odborné léčebné ústavy",0,0,0,0,66,0,0,0,0,0,13961
2017,"Všeobecná fakultní nemocnice v Praze","00064165","02405000","CZ0100","Odborné léčebné ústavy",0,0,0,0,20,0,0,0,0,0,1580
2017,"Zařízení následné reh. a hosp. péče,p.o.","69979821","42441000","CZ0412","Léčebna pro dlouhodobě nemocné (LDN)",0,0,80,0,0,0,0,0,0,0,23366
2017,"ÚVN - Vojenská fakultní nemocnice Praha","61383082","06648000","CZ0100","Samostatné lůžkové zařízení s péčí DIP, NIOP, NIP",0,0,0,0,0,0,6,0,0,0,1673
2017,"ÚVN-Vojenská fakultní nemocnice Praha","61383082","06051000","CZ0100","Fakultní nemocnice",467,68,0,28,0,0,0,0,110949,18620,4628
2017,"ÚVN-Vojenská fakultní nemocnice Praha","61383082","06419000","CZ0100","Odborné léčebné ústavy",0,0,0,0,14,0,0,0,0,0,3743
2017,"ÚVN-Vojenská fakultní nemocnice Praha","61383082","06530000","CZ0100","Léčebna pro dlouhodobě nemocné (LDN)",0,0,26,0,0,0,0,0,0,0,8339
2017,"ÚVN-Vojenská fakultní nemocnice Praha","61383082","06566000","CZ0100","Samostatné lůžkové zařízení s péčí DIP, NIOP, NIP",0,0,0,0,0,0,0,14,0,0,3603
2017,"Úrazová nemocnice v Brně","00209813","72933000","CZ0642","Nemocnice",121,23,0,0,0,0,0,0,36425,6702,0
2017,"Úrazová nemocnice v Brně","00209813","72933950","CZ0642","Odborné léčebné ústavy",0,0,0,0,30,0,0,0,0,0,9708
2017,"Ústav chirurgie ruky a plast. chirurgie","00193011","67711000","CZ0514","Nemocnice",52,0,0,0,0,0,0,0,9903,0,0
2017,"Ústav hematologie a krevní transfuze","00023736","02002000","CZ0100","Fakultní nemocnice",16,21,0,0,0,0,0,0,5402,5509,0
2017,"Ústav pro péči o matku a dítě","00023698","04004000","CZ0100","Fakultní nemocnice",222,35,0,0,0,0,0,0,54871,14172,0
2017,"ČR, VS ČR, VV a ÚpVZD Praha Pankrác","00212423","04150000","CZ0100","Nemocnice",54,0,0,49,0,0,0,0,14375,0,325
2017,"Českomoravská provincie Hospitálského ř.","44995776","82051000","CZ0724","Léčebna pro dlouhodobě nemocné (LDN)",0,0,65,0,0,0,0,0,0,0,21339
2022,"HVĚZDA z.ú.","70829560","82072000","CZ0724","LZ hospicového typu poskytující paliativní péči",0,0,0,0,0,14,0,0,0,0,3346
2022,"soft palm"" o. s.","01327216","14274000","CZ0100","LZ hospicového typu poskytující paliativní péči",0,0,0,0,0,30,0,0,0,0,4833
2022,"ADP - SANCO s.r.o.","27685934","78004000","CZ0713","Nemocnice následné (ošetřovatelské) péče",0,0,0,50,0,0,0,0,0,0,14006
2022,"AESKULAP spol. s r.o.","60913266","70006000","CZ0534","Léčebna pro dlouhodobě nemocné (LDN)",0,0,81,0,0,0,0,0,0,0,38464
2022,"AGEL Středomoravská nemocniční a.s.","27797660","78006000","CZ0713","Nemocnice",795,83,0,0,0,0,13,0,146435,18744,1978
2022,"AGEL Středomoravská nemocniční a.s.","27797660","78007000","CZ0713","Léčebna pro dlouhodobě nemocné (LDN)",0,0,221,0,0,0,0,0,0,0,64084
2022,"AHC Centrum následné péče Sedlec-Prčice","25579282","20110000","CZ020B","Léčebna pro dlouhodobě nemocné (LDN)",0,0,110,0,0,0,0,0,0,0,32471
2022,"AHC Centrum následné péče Trutnov s.r.o.","10913416","69006000","CZ0525","Nemocnice následné (ošetřovatelské) péče",0,0,0,30,0,0,0,0,0,0,6967
2022,"AHC Nemocnice Duchcov s.r.o.","61537713","58102000","CZ0426","Nemocnice",40,3,0,0,0,0,0,0,6329,263,0
2022,"AHC Nemocnice Duchcov s.r.o.","61537713","58535000","CZ0426","Nemocnice následné (ošetřovatelské) péče",0,0,0,68,0,0,0,0,0,0,21890
2022,"AHC Rehabilitační centrum Meziboří s.r.o","47283661","57541000","CZ0425","Nemocnice následné (ošetřovatelské) péče",0,0,0,0,46,0,0,0,0,0,15157
2022,"ALBERTINUM,odborný léčebný ústav,Žamberk","00196096","70008000","CZ0534","Odborné léčebné ústavy",0,0,0,0,92,0,0,0,0,0,32993
2022,"ALBERTINUM,odborný léčebný ústav,Žamberk","00196096","70058000","CZ0534","Léčebna pro dlouhodobě nemocné (LDN)",0,0,70,0,0,0,0,0,0,0,14118
2022,"ALBERTINUM,odborný léčebný ústav,Žamberk","00196096","70059000","CZ0534","LZ hospicového typu poskytující paliativní péči",0,0,0,0,0,20,0,0,0,0,4251
2022,"ALBERTINUM,odborný léčebný ústav,Žamberk","00196096","70068000","CZ0534","Nemocnice následné (ošetřovatelské) péče",0,0,0,30,0,0,0,0,0,0,2872
2022,"ALMEDA, a.s.","25079174","25310000","CZ0206","Nemocnice",56,6,0,0,0,0,0,0,9412,968,0
2022,"ALMEDA, a.s.","25079174","25312000","CZ0206","Samostatné lůžkové zařízení s péčí DIP, NIOP, NIP",0,0,0,0,0,0,15,12,0,0,8869
2022,"AMICA CENTRUM s.r.o.","18233392","41281000","CZ0411","Léčebna pro dlouhodobě nemocné (LDN)",0,0,0,120,0,0,0,0,0,0,37555
2022,"ANESAN, s.r.o.","61677540","23111000","CZ0204","Samostatné lůžkové zařízení s péčí DIP, NIOP, NIP",0,0,0,0,0,0,15,0,0,0,5262
2022,"AquaKlim, s. r. o.","27849562","91791100","CZ0806","Odborné léčebné ústavy",0,0,0,0,60,0,0,0,0,0,11626
2022,"BH - Nemocnice Vimperk a.s.","29015839","37105000","CZ0315","Léčebna pro dlouhodobě nemocné (LDN)",0,0,45,0,0,0,0,0,0,0,11677
2022,"Bohumínská městská nemocnice, a.s.","26834022","87003000","CZ0803","Nemocnice",57,9,60,37,0,0,0,0,12263,1230,13642
2022,"Bílovecká nemocnice, a.s.","26865858","88015000","CZ0804","Nemocnice",46,4,0,0,0,0,0,0,9931,404,0
2022,"Bílovecká nemocnice, a.s.","26865858","88016000","CZ0804","Léčebna pro dlouhodobě nemocné (LDN)",0,0,71,0,0,0,0,0,0,0,18156
2022,"CARVAC s.r.o.","63504260","41182000","CZ0411","Léčebna pro dlouhodobě nemocné (LDN)",0,0,0,90,0,0,0,0,0,0,28021
2022,"CELOP s.r.o.","06774857","69010000","CZ0525","Nemocnice následné (ošetřovatelské) péče",0,0,0,161,0,0,0,0,0,0,33966
2022,"CNS-CENTRUM TŘINEC s.r.o.","26816407","86112000","CZ0802","Nemocnice",42,0,0,0,0,0,0,0,11690,0,0
2022,"Centrum kardiovaskulární a TCH Brno","00209775","72932000","CZ0642","Nemocnice",55,35,0,0,0,0,0,0,12068,9753,0
2022,"Centrum léčby pohybového aparátu, s.r.o.","26432471","09438000","CZ0100","Nemocnice",33,0,0,0,0,0,0,0,7920,0,0
2022,"Charita Ostrava - Hospic sv. Lukáše","44940998","91997300","CZ0806","LZ hospicového typu poskytující paliativní péči",0,0,0,0,0,30,0,0,0,0,8333
2022,"Chronicare Mund s.r.o","05327296","72053300","CZ0642","Samostatné lůžkové zařízení s péčí DIP, NIOP, NIP",0,0,0,0,0,0,25,10,0,0,17107
2022,"Chronicare Nord s.r.o.","04679954","91111600","CZ0806","Samostatné lůžkové zařízení s péčí DIP, NIOP, NIP",0,0,0,0,0,0,17,13,0,0,8076
2022,"Chronicare s.r.o.","02989204","27019000","CZ0208","Samostatné lůžkové zařízení s péčí DIP, NIOP, NIP",0,0,0,0,0,0,16,2,0,0,4914
2022,"DOP - HC s.r.o.","26356589","48004000","CZ0413","Léčebna pro dlouhodobě nemocné (LDN)",0,0,82,0,0,0,0,0,0,0,24514
2022,"Diakonie Valašské Meziříčí","73632783","94203000","CZ0723","Nemocnice následné (ošetřovatelské) péče",0,0,0,8,0,15,0,0,0,0,7113
2022,"Diecézní charita Brno,OCH Rajhrad","44990260","73006000","CZ0643","LZ hospicového typu poskytující paliativní péči",0,0,0,0,0,50,0,0,0,0,11664
2022,"Dlouhodobá intenzivní oš. péče","05212146","31500000","CZ020C","Samostatné lůžkové zařízení s péčí DIP, NIOP, NIP",0,0,0,0,0,0,5,11,0,0,8829
2022,"Domažlická nemocnice, a.s.","26361078","40001000","CZ0321","Nemocnice",119,8,0,0,0,0,0,0,22916,2065,0
2022,"Domažlická nemocnice, a.s. - LDN","26361078","40501000","CZ0321","Léčebna pro dlouhodobě nemocné (LDN)",0,0,50,0,0,0,0,0,0,0,16879
2022,"Domov sv.Karla Boromejského","65400143","06353000","CZ0100","Léčebna pro dlouhodobě nemocné (LDN)",0,0,79,0,0,0,0,0,0,0,19410
2022,"Domov třetího věku s.r.o.","06934226","05833000","CZ0100","Nemocnice následné (ošetřovatelské) péče",0,0,0,55,0,0,0,0,0,0,16851
2022,"Dopravní zdravotnictví a.s.","25903659","02368000","CZ0100","Léčebna pro dlouhodobě nemocné (LDN)",0,0,42,0,0,0,0,0,0,0,11686
2022,"Dětská odb.léčebna Ch.G.Masaryk,p.s.ČČK","42726646","30148000","CZ020B","Odborné léčebné ústavy",0,0,0,0,60,0,0,0,0,0,2503
2022,"Dětská psychiatrická nemocnice","00842052","84420000","CZ0635","Odborné léčebné ústavy",0,0,0,0,50,0,0,0,0,0,13456
2022,"Dětská psychiatrická nemocnice Louny","00831034","56004000","CZ0424","Odborné léčebné ústavy",0,0,0,0,50,0,0,0,0,0,11949
2022,"Dětská psychiatrická nemocnice Opařany","00667421","39801000","CZ0317","Odborné léčebné ústavy",0,0,0,0,60,0,0,0,0,0,12432
2022,"Dům klidného stáří, spol. s r.o.","26369427","48006000","CZ0413","Léčebna pro dlouhodobě nemocné (LDN)",0,0,30,0,0,0,0,0,0,0,9107
2022,"ESTRELLA Health a.s.","04808886","61853000","CZ0521","Nemocnice následné (ošetřovatelské) péče",0,0,0,0,0,0,15,0,0,0,3469
2022,"ETOILE CZ a.s.","28973976","10663000","CZ0100","Samostatné lůžkové zařízení s péčí DIP, NIOP, NIP",0,0,0,0,0,0,30,0,0,0,8914
2022,"EUC Klinika Zlín a.s.","60726636","82002000","CZ0724","Nemocnice",45,7,0,0,0,0,0,0,6717,665,0
2022,"FITCARE s.r.o.","07524013","09631000","CZ0100","Odborné léčebné ústavy",0,0,0,0,25,0,0,0,0,0,9140
2022,"Fakultní Thomayerova nemocnice","00064190","04005000","CZ0100","Nemocnice",732,81,0,0,0,0,0,0,146907,19874,0
2022,"Fakultní Thomayerova nemocnice","00064190","04679000","CZ0100","Léčebna pro dlouhodobě nemocné (LDN)",0,0,115,0,0,0,0,0,0,0,33314
2022,"Fakultní Thomayerova nemocnice","00064190","04775000","CZ0100","Odborné léčebné ústavy",0,0,0,0,35,0,0,0,0,0,7553
2022,"Fakultní Thomayerova nemocnice","00064190","04940000","CZ0100","Léčebna pro dlouhodobě nemocné (LDN)",0,0,0,0,25,0,0,0,0,0,7682
2022,"Fakultní nemocnice Brno","65269705","72057400","CZ0642","Léčebna pro dlouhodobě nemocné (LDN)",0,0,30,0,0,0,0,0,,,
2022,"Fakultní nemocnice Brno","65269705","72100000","CZ0642","Fakultní nemocnice",1553,337,0,0,0,0,2,3,302533,82703,140
2022,"Fakultní nemocnice Bulovka","00064211","08006000","CZ0100","Nemocnice",788,102,0,0,0,0,0,0,174238,26851,0
2022,"Fakultní nemocnice Bulovka","00064211","08368000","CZ0100","Nemocnice následné (ošetřovatelské) péče",0,0,0,54,0,0,0,0,0,0,4920
2022,"Fakultní nemocnice Bulovka","00064211","27029000","CZ0209","Odborné léčebné ústavy",0,0,0,0,18,0,0,0,0,0,418
2022,"Fakultní nemocnice Hradec Králové","00179906","61004000","CZ0521","Fakultní nemocnice",1114,186,0,0,0,0,0,0,251528,54399,0
2022,"Fakultní nemocnice Hradec Králové","00179906","61778000","CZ0521","Odborné léčebné ústavy",0,0,0,18,56,0,0,0,0,0,15391
2022,"Fakultní nemocnice Královské Vinohrady","00064173","10002000","CZ0100","Fakultní nemocnice",829,194,0,0,0,0,0,0,158319,38893,0
2022,"Fakultní nemocnice Královské Vinohrady","00064173","10433000","CZ0100","Léčebna pro dlouhodobě nemocné (LDN)",0,0,70,0,0,0,0,0,0,0,20501
2022,"Fakultní nemocnice Olomouc","00098892","89100600","CZ0712","Léčebna pro dlouhodobě nemocné (LDN)",0,0,0,25,0,0,0,0,0,0,7609
2022,"Fakultní nemocnice Olomouc","00098892","89301000","CZ0712","Fakultní nemocnice",972,152,0,0,0,0,10,4,227663,38199,776
2022,"Fakultní nemocnice Ostrava","00843989","91009000","CZ0806","Fakultní nemocnice",981,234,0,0,0,0,0,0,207995,57905,0
2022,"Fakultní nemocnice Ostrava","00843989","91009888","CZ0805","Léčebna pro dlouhodobě nemocné (LDN)",0,0,140,0,0,0,0,0,0,0,40675
2022,"Fakultní nemocnice Plzeň","00669806","44101000","CZ0323","Fakultní nemocnice",1439,179,0,0,0,0,10,10,313415,47901,2470
2022,"Fakultní nemocnice Plzeň","00669806","44117000","CZ0323","Léčebna pro dlouhodobě nemocné (LDN)",0,0,75,0,0,0,0,0,0,0,15653
2022,"Fakultní nemocnice u sv. Anny v Brně","00159816","72001000","CZ0642","Fakultní nemocnice",639,132,0,0,0,0,4,0,136055,30252,539
2022,"Fakultní nemocnice u sv. Anny v Brně","00159816","72056000","CZ0642","Odborné léčebné ústavy",0,0,0,0,115,0,0,0,0,0,37396
2022,"Fakultní nemocnice v Motole","00064203","05002000","CZ0100","Fakultní nemocnice",1524,368,0,0,0,0,0,0,281335,94529,0
2022,"Fakultní nemocnice v Motole","00064203","05434000","CZ0100","Léčebna pro dlouhodobě nemocné (LDN)",0,0,157,0,0,0,0,0,0,0,70461
2022,"Fakultní nemocnice v Motole NIP,DIOP","00064203","05768000","CZ0100","Samostatné lůžkové zařízení s péčí DIP, NIOP, NIP",0,0,0,0,0,0,14,20,0,0,5459
2022,"Filimed s.r.o.","07628196","29039000","CZ020A","Odborné léčebné ústavy",0,0,87,0,0,0,0,0,0,0,29324
2022,"GARC Kladno, s.r.o.,","27371794","22128000","CZ0203","Léčebna pro dlouhodobě nemocné (LDN)",0,0,112,0,40,0,0,0,0,0,37430
2022,"Gaudium Frýdek-Místek s.r.o.","26788799","86111000","CZ0802","Léčebna pro dlouhodobě nemocné (LDN)",0,0,0,60,0,0,0,0,0,0,20105
2022,"Gerontologické centrum","45250022","08299000","CZ0100","Léčebna pro dlouhodobě nemocné (LDN)",0,0,32,0,0,0,0,0,0,0,8771
2022,"HOSPIC Frýdek-Místek, p.o.","72046546","86114000","CZ0802","LZ hospicového typu poskytující paliativní péči",0,0,0,0,0,27,0,0,0,0,7429
2022,"HOSPIC v MOSTĚ, o.p.s.","25419561","57623000","CZ0425","LZ hospicového typu poskytující paliativní péči",0,0,0,0,0,15,0,0,0,0,3264
2022,"HOSPIC ŠTRASBURK o.p.s.","61383457","08277000","CZ0100","LZ hospicového typu poskytující paliativní péči",0,0,0,0,0,25,0,0,0,0,6580
2022,"Hamzova odborná léčebna pro děti a dosp.","00183024","62901000","CZ0531","Odborné léčebné ústavy",0,0,0,85,398,0,0,0,0,0,164423
2022,"Hornická NsP - LDN","61325422","58105000","CZ0426","Léčebna pro dlouhodobě nemocné (LDN)",0,0,75,0,0,0,0,0,0,0,27653
2022,"Hospic Chrudim z.ú.","26625385","62421000","CZ0531","LZ hospicového typu poskytující paliativní péči",0,0,0,0,0,27,0,0,0,0,8215
2022,"Hospic na Svatém Kopečku","73634671","89163000","CZ0712","LZ hospicového typu poskytující paliativní péči",0,0,0,0,0,30,0,0,0,0,6559
2022,"Hospic sv. Alžběty o.p.s.","26604582","72058000","CZ0642","LZ hospicového typu poskytující paliativní péči",0,0,0,0,0,20,0,0,0,0,6413
2022,"Hospic sv. Jana N. Neumanna, o.p.s.","70853517","37106000","CZ0315","LZ hospicového typu poskytující paliativní péči",0,0,0,0,0,30,0,0,0,0,7923
2022,"Hospic sv. Zdislavy, o.p.s.","28700210","54191000","CZ0513","LZ hospicového typu poskytující paliativní péči",0,0,0,0,0,28,0,0,0,0,6363
2022,"Hospic sv. Štěpána, z.s.","65081374","55038000","CZ0423","LZ hospicového typu poskytující paliativní péči",0,0,0,0,0,26,0,0,0,0,6004
2022,"Hospic svatého Lazara","66361508","44107000","CZ0323","LZ hospicového typu poskytující paliativní péči",0,0,0,0,0,28,0,0,0,0,8939
2022,"ISCARE a.s.","61858366","09628000","CZ0100","Nemocnice",44,7,0,0,0,0,0,0,5844,838,0
2022,"ISCARE a.s.","61858366","09636000","CZ0100","Léčebna pro dlouhodobě nemocné (LDN)",0,0,20,0,0,0,0,0,,,
2022,"Institut klin.a exper.medicíny v Praze","00023001","04002000","CZ0100","Fakultní nemocnice",200,115,0,0,0,0,0,0,50933,25093,0
2022,"Interna Zábřeh, s. r. o.","60774916","93203000","CZ0715","Nemocnice následné (ošetřovatelské) péče",0,0,0,20,0,0,0,0,0,0,5731
2022,"JESSENIA a.s.","26752051","21005000","CZ0202","Nemocnice",0,0,0,0,22,0,0,0,0,0,505
2022,"JESSENIA a.s. - Rehabilitační Nem.Beroun","26752051","21001000","CZ0202","Nemocnice",119,7,0,0,0,0,0,0,55789,1749,0
2022,"Jihomoravské dětské léčebny, p.o.","00386766","71103000","CZ0641","Odborné léčebné ústavy",0,0,0,0,40,0,0,0,0,0,12364
2022,"Jihomoravské dětské léčebny, p.o.","00386766","71105000","CZ0641","Odborné léčebné ústavy",0,0,0,0,42,0,0,0,0,0,10755
2022,"Jihomoravské dětské léčebny, p.o.","00386766","71108000","CZ0641","Odborné léčebné ústavy",0,0,0,0,30,0,0,0,0,0,8039
2022,"KARDIOLOGIE NA BULOVCE, s.r.o.","49679236","08075000","CZ0100","Nemocnice",12,0,0,0,0,0,0,0,5261,0,0
2022,"KZ, a.s. - Nemocnice Chomutov, o.z.","25488627","52111000","CZ0422","Léčebna pro dlouhodobě nemocné (LDN)",0,0,81,0,0,0,0,0,0,0,21523
2022,"KZ,a.s.-oddělení následné péče Most","25488627","57015000","CZ0425","Léčebna pro dlouhodobě nemocné (LDN)",0,0,106,7,0,0,0,0,0,0,21555
2022,"Karlovarská krajská nemocnice a.s.","26365804","42008000","CZ0412","Nemocnice",385,47,0,0,0,0,0,0,75404,9841,0
2022,"Karlovarská krajská nemocnice a.s.","26365804","42616000","CZ0412","Nemocnice následné (ošetřovatelské) péče",0,0,0,10,0,0,0,0,,,
2022,"Karlovarská krajská nemocnice a.s.-Cheb","26365804","42041000","CZ0411","Nemocnice",214,17,0,0,0,0,0,0,30849,3691,0
2022,"Karvinská hornická nemocnice a.s.","60793490","87013000","CZ0803","Nemocnice",139,25,0,0,0,0,0,0,32787,4824,496
2022,"Karvinská hornická nemocnice a.s.","60793490","87013900","CZ0803","Léčebna pro dlouhodobě nemocné (LDN)",0,0,30,0,0,0,0,0,0,0,3564
2022,"Klatovská nemocnice, a.s.","26360527","43001000","CZ0322","Nemocnice",254,16,0,0,0,0,5,5,51762,3256,1654
2022,"Klatovská nemocnice, a.s.","26360527","43006000","CZ0322","Léčebna pro dlouhodobě nemocné (LDN)",0,0,20,0,0,0,0,0,0,0,9042
2022,"Klinika Dr. Pírka s. r. o.","47540265","26007000","CZ0207","Nemocnice",47,6,0,0,0,0,0,0,13755,1383,0
2022,"Krajská nemocnice Liberec, a.s.","27283933","54100000","CZ0513","Nemocnice",685,123,0,0,0,0,0,0,142544,29809,0
2022,"Krajská nemocnice Liberec, a.s. - Nemocnice Frýdlant","27283933","54280000","CZ0513","Nemocnice",20,0,0,0,0,0,0,0,1861,0,0
2022,"Krajská nemocnice Liberec, a.s. - Turnov","27283933","67104000","CZ0514","Nemocnice",115,11,0,0,0,0,0,0,26384,1565,0
2022,"Krajská nemocnice Liberec, a.s. - Turnov","27283933","67174000","CZ0514","Léčebna pro dlouhodobě nemocné (LDN)",0,0,36,0,0,0,0,0,0,0,7872
2022,"Krajská nemocnice Liberec, a.s. Frýdlant","27283933","54209000","CZ0513","Léčebna pro dlouhodobě nemocné (LDN)",0,0,55,0,0,0,0,0,0,0,16631
2022,"Krajská nemocnice Liberec, a.s.- LDN","27283933","54103000","CZ0513","Léčebna pro dlouhodobě nemocné (LDN)",0,0,98,0,0,0,0,0,0,0,30134
2022,"Krajská nemocnice T. Bati, a. s.","27661989","82001000","CZ0724","Nemocnice",670,91,0,0,0,0,10,12,145875,22420,4401
2022,"Krajská nemocnice T. Bati, a. s.","27661989","82050000","CZ0724","Léčebna pro dlouhodobě nemocné (LDN)",0,0,115,21,0,0,0,0,0,0,35367
2022,"Krajská zdravotní, a.s.","25488627","59001000","CZ0427","Fakultní nemocnice",1054,134,0,0,0,0,0,10,171764,24130,1218
2022,"Krajská zdravotní, a.s.","25488627","59287000","CZ0427","Léčebna pro dlouhodobě nemocné (LDN)",0,0,185,0,0,0,0,0,0,0,38474
2022,"Krajská zdravotní, a.s.","25488627","59326000","CZ0427","Fakultní nemocnice",0,0,0,30,0,0,0,0,,,
2022,"Krajská zdravotní, a.s.","25488627","59454000","CZ0427","Nemocnice následné (ošetřovatelské) péče",0,0,0,0,20,0,0,0,0,0,2448
2022,"Krajská zdravotní, a.s.-Nemoc.Děčín,o.z.","25488627","51100000","CZ0421","Nemocnice",259,27,0,22,0,0,0,0,42210,6853,2239
2022,"Krajská zdravotní, a.s.-Nemoc.Most,o.z.","25488627","57001000","CZ0425","Nemocnice",557,69,0,0,0,0,12,15,97779,11339,5134
2022,"Krajská zdravotní,a.s.-N.Litoměřice,o.z.","25488627","55021000","CZ0423","Nemocnice",348,37,0,0,0,0,0,0,57199,8351,0
2022,"Krajská zdravotní,a.s.-N.Litoměřice,o.z.","25488627","55037000","CZ0423","Léčebna pro dlouhodobě nemocné (LDN)",0,0,130,0,0,0,0,0,0,0,31304
2022,"Krajská zdravotní,a.s.-Nem.Chomutov,o.z.","25488627","52110000","CZ0422","Nemocnice",331,46,0,0,0,0,0,0,54912,7673,0
2022,"Krajská zdravotní,a.s.-Nemocnice Teplice","25488627","58101000","CZ0426","Nemocnice",376,51,0,0,0,0,0,0,68673,10417,0
2022,"Krajská zdravotní,a.s.-Nemocnice Teplice","25488627","58106000","CZ0426","Léčebna pro dlouhodobě nemocné (LDN)",0,0,51,0,0,0,0,0,0,0,13492
2022,"Kroměřížská nemocnice a.s.","27660532","77001000","CZ0721","Nemocnice",326,35,0,20,0,0,0,0,61280,5983,2272
2022,"Krušnohorská poliklinika s.r.o.","25030302","57622000","CZ0425","Nemocnice následné (ošetřovatelské) péče",0,0,0,30,0,0,0,0,0,0,14647
2022,"LRS Chvaly, o.p.s.","24805807","09514000","CZ0100","Odborné léčebné ústavy",0,0,0,0,50,0,0,0,0,0,16659
2022,"Levitovo centrum následné péče p.o.- LDN","00190217","63113000","CZ0522","Léčebna pro dlouhodobě nemocné (LDN)",0,0,110,0,0,0,0,0,0,0,34796
2022,"Lázně Bělohrad a.s._rehabilitace","46504834","63803000","CZ0522","Odborné léčebné ústavy",0,0,0,0,56,0,0,0,0,0,18829
2022,"Lázně Darkov, a.s.","61974935","87063000","CZ0803","Odborné léčebné ústavy",0,0,0,0,111,0,0,0,0,0,30677
2022,"Lázně Slatinice a.s.","25367757","89875000","CZ0712","Odborné léčebné ústavy",0,0,0,0,50,0,0,0,0,0,15521
2022,"Lázně Teplice nad Bečvou a.s.","45192570","92374000","CZ0714","Odborné léčebné ústavy",0,0,0,0,100,0,0,0,0,0,22397
2022,"Léčebna dlouhodobě nemocných","05212146","31093000","CZ020C","Léčebna pro dlouhodobě nemocné (LDN)",0,0,62,0,0,0,0,0,0,0,9809
2022,"Léčebna dlouhodobě nemocných Opočno","00191744","66232000","CZ0524","Léčebna pro dlouhodobě nemocné (LDN)",0,0,52,0,0,0,0,0,0,0,13078
2022,"Léčebna dlouhodobě nemocných Rybitví","00190560","65360000","CZ0532","Léčebna pro dlouhodobě nemocné (LDN)",0,0,105,0,0,0,0,0,0,0,31682
2022,"Léčebna dlouhodobě nemocných Vršovice","00879649","10499000","CZ0100","Léčebna pro dlouhodobě nemocné (LDN)",0,0,74,0,0,0,0,0,0,0,17814
2022,"Léčebna dlouhodobě nemocných na Vojkově","27256391","28015000","CZ0209","Léčebna pro dlouhodobě nemocné (LDN)",0,0,100,0,0,0,0,0,0,0,29704
2022,"Léčebna dlouhodobě nemocných v Praze 6","45243956","06372000","CZ0100","Léčebna pro dlouhodobě nemocné (LDN)",0,0,94,0,0,0,0,0,0,0,31584
2022,"Léčebna pro dlouhodobě nemocné HK","00180092","61358000","CZ0521","Léčebna pro dlouhodobě nemocné (LDN)",0,0,94,0,0,0,0,0,0,0,30358
2022,"Léčebna respiračních nemocí Cvikov,p.o.,","00673951","50213000","CZ0511","Odborné léčebné ústavy",0,0,0,0,72,0,0,0,0,0,21421
2022,"Léčebna respiračních nemocí Cvikov,p.o.,","00673951","50280000","CZ0511","Odborné léčebné ústavy",0,0,0,0,70,0,0,0,0,0,18763
2022,"MEDI HELP s.r.o., Masarykovo sanatorium","46359443","30515000","CZ020B","Nemocnice následné (ošetřovatelské) péče",0,0,0,180,0,0,0,0,0,0,56505
2022,"MEDICINA, spol. s r.o. - LDN","49904035","56009000","CZ0424","Léčebna pro dlouhodobě nemocné (LDN)",0,0,82,0,0,0,0,0,0,0,29926
2022,"MEDICON Hospitals s.r.o.","25634691","04757000","CZ0100","Léčebna pro dlouhodobě nemocné (LDN)",0,0,48,60,0,0,0,0,0,0,36079
2022,"MEDITERRA - Sedlčany, s.r.o.","26429683","30529000","CZ020B","Nemocnice následné (ošetřovatelské) péče",0,0,0,60,0,0,0,0,0,0,20612
2022,"MEDITERRA Sedlčany, s.r.o.  - NIP, DIOP","26429683","30530000","CZ020B","Samostatné lůžkové zařízení s péčí DIP, NIOP, NIP",0,0,0,0,0,0,18,10,0,0,7174
2022,"MEDITERRA s.r.o.","49686356","05522000","CZ0100","Samostatné lůžkové zařízení s péčí DIP, NIOP, NIP",0,0,0,0,0,0,21,8,0,0,10804
2022,"MEDITERRA s.r.o.","49686356","05523000","CZ0100","Odborné léčebné ústavy",0,0,0,0,142,0,0,0,0,0,35578
2022,"MEDITERRA s.r.o.","49686356","05656000","CZ0100","Nemocnice",20,7,0,0,0,0,0,0,3021,1087,0
2022,"MMN, a.s.","05421888","67101000","CZ0514","Nemocnice",20,4,0,0,0,0,0,0,4699,567,0
2022,"MMN, a.s.","05421888","67102000","CZ0514","Nemocnice",166,14,0,0,0,0,0,0,27916,3506,0
2022,"MMN, a.s.","05421888","67171000","CZ0514","Léčebna pro dlouhodobě nemocné (LDN)",0,0,75,0,0,0,0,0,0,0,18710
2022,"MSCARE s.r.o.","28509480","10637000","CZ0100","Léčebna pro dlouhodobě nemocné (LDN)",0,0,42,0,0,0,0,0,0,0,27900
2022,"Masarykova nemocnice Rakovník s.r.o.","05212146","31001000","CZ020C","Nemocnice",124,18,0,0,0,0,0,0,26216,2297,0
2022,"Masarykův onkologický ústav","00209805","72931000","CZ0642","Nemocnice",229,20,0,0,0,0,0,0,44299,4774,0
2022,"MediCentrum Praha a.s.","64949486","04727000","CZ0100","Odborné léčebné ústavy",0,0,0,0,50,0,0,0,0,0,15535
2022,"Mulačova nemocnice s. r. o.","25202189","44105000","CZ0323","Nemocnice",156,7,0,0,0,0,10,0,24381,1406,1242
2022,"Mělnická zdravotní, a.s.","27958639","25110000","CZ0206","Nemocnice",223,25,0,0,0,0,0,0,42089,4909,0
2022,"Mělnická zdravotní, a.s.","27958639","25119000","CZ0206","Nemocnice následné (ošetřovatelské) péče",0,0,0,93,0,0,0,0,0,0,29075
2022,"Městská nemocnice Městec Králové a.s.","26495015","27002000","CZ0208","Nemocnice",20,4,0,0,0,0,0,0,3445,923,0
2022,"Městská nemocnice Městec Králové a.s.","26495015","27011000","CZ0208","Léčebna pro dlouhodobě nemocné (LDN)",0,0,110,20,0,0,0,0,0,0,33144
2022,"Městská nemocnice Městec Králové a.s.","26495015","27028000","CZ0208","Odborné léčebné ústavy",0,0,0,0,20,0,0,0,,,
2022,"Městská nemocnice Městec Králové, a.s.","26495015","27015000","CZ0208","Samostatné lůžkové zařízení s péčí DIP, NIOP, NIP",0,0,0,0,0,0,16,15,0,0,7249
2022,"Městská nemocnice Ostrava","00635162","91001000","CZ0806","Nemocnice",606,79,0,0,0,0,5,0,123391,17127,0
2022,"Městská nemocnice Ostrava","00635162","91001680","CZ0806","Léčebna pro dlouhodobě nemocné (LDN)",0,0,94,56,0,0,0,0,0,0,41075
2022,"Městská nemocnice Slavičín","62181378","82052000","CZ0724","Léčebna pro dlouhodobě nemocné (LDN)",0,0,50,0,0,0,0,0,0,0,14841
2022,"Městská nemocnice následné péče","45245843","09004000","CZ0100","Nemocnice následné (ošetřovatelské) péče",0,0,0,136,0,0,0,0,0,0,37102
2022,"Městská nemocnice s pol. Uh. Brod, s.r.o","25583905","80020000","CZ0722","Léčebna pro dlouhodobě nemocné (LDN)",0,0,90,0,0,0,0,0,0,0,27310
2022,"Městská nemocnice v Odrách, p.o.","66183596","88005000","CZ0804","Nemocnice",20,4,75,0,0,0,0,0,8023,897,12351
2022,"Městská nemocnice Čáslav","00873764","24200000","CZ0205","Nemocnice",112,6,0,0,0,0,0,0,15410,1218,0
2022,"Městská nemocnice Čáslav","00873764","24451000","CZ0205","Léčebna pro dlouhodobě nemocné (LDN)",0,0,30,0,0,0,0,0,0,0,12240
2022,"Městská nemocnice, a.s.","25262238","69002000","CZ0525","Nemocnice",109,7,0,0,0,0,0,0,19251,1040,0
2022,"Městská nemocnice, a.s.","25262238","69005000","CZ0525","Nemocnice následné (ošetřovatelské) péče",0,0,0,50,0,0,0,0,0,0,10979
2022,"NH Hospital a.s.","27872963","21017000","CZ0202","Nemocnice",0,0,0,0,0,0,11,5,0,0,2830
2022,"NH Hospital a.s. - Nemocnice Hořovice","27872963","21002000","CZ0202","Nemocnice",239,33,0,0,0,0,0,0,63146,7613,0
2022,"Nem. Milos. sester sv. Vincence de Paul","17809193","77910000","CZ0721","Léčebna pro dlouhodobě nemocné (LDN)",0,0,105,0,0,0,0,0,0,0,36866
2022,"Nem. násl. péče LDN Horažďovice, s.r.o.","26360870","43030000","CZ0322","Léčebna pro dlouhodobě nemocné (LDN)",0,0,130,0,20,0,0,0,0,0,47082
2022,"Nem.Mil.sester sv.K.Boromej.v Praze","73634085","01002000","CZ0100","Nemocnice",108,10,0,0,0,0,0,0,25108,2828,0
2022,"Nem.Mil.sester sv.K.Boromej.v Praze","73634085","01475000","CZ0100","LZ hospicového typu poskytující paliativní péči",0,0,0,0,0,13,0,0,0,0,4624
2022,"Nem.Mil.sester sv.K.Boromej.v Praze","73634085","01528000","CZ0100","Nemocnice následné (ošetřovatelské) péče",0,0,30,0,0,0,0,0,0,0,6790
2022,"Nemocnice  Prachatice, a.s. - LDN","26095165","37104000","CZ0315","Léčebna pro dlouhodobě nemocné (LDN)",0,0,25,0,0,0,0,0,0,0,2686
2022,"Nemocnice  Slaný","00875295","22102000","CZ0203","Nemocnice",229,20,20,40,0,0,0,0,40671,4389,8036
2022,"Nemocnice AGEL Jeseník a.s.","47973927","95202000","CZ0711","Nemocnice",98,5,0,0,0,0,0,0,18738,1127,0
2022,"Nemocnice AGEL Jeseník a.s.","47973927","95206000","CZ0711","Léčebna pro dlouhodobě nemocné (LDN)",0,0,30,0,0,0,0,0,0,0,10348
2022,"Nemocnice AGEL Louny a.s. - LDN","27332730","56012000","CZ0424","Léčebna pro dlouhodobě nemocné (LDN)",0,0,60,0,0,0,0,0,0,0,18270
2022,"Nemocnice AGEL Nový Jičín a.s.","25886207","88001000","CZ0804","Nemocnice",342,34,0,0,0,0,0,0,75868,9851,0
2022,"Nemocnice AGEL Nový Jičín a.s.","25886207","88014000","CZ0804","Léčebna pro dlouhodobě nemocné (LDN)",0,0,40,0,0,0,0,0,0,0,9941
2022,"Nemocnice AGEL Ostrava-Vítkovice a.s.","60793201","91950000","CZ0806","Nemocnice",316,39,0,0,0,0,0,0,56293,7725,0
2022,"Nemocnice AGEL Ostrava-Vítkovice a.s.","60793201","91950888","CZ0806","Léčebna pro dlouhodobě nemocné (LDN)",0,0,30,0,0,0,0,0,0,0,8205
2022,"Nemocnice AGEL Podhorská a.s.","47668989","85200000","CZ0801","Nemocnice",95,8,0,0,0,0,0,0,16488,1539,0
2022,"Nemocnice AGEL Podhorská a.s.","47668989","85291000","CZ0801","Nemocnice následné (ošetřovatelské) péče",0,0,0,40,0,0,0,0,0,0,9119
2022,"Nemocnice AGEL Třinec-Podlesí a.s.","48401129","86106000","CZ0802","Nemocnice",113,38,0,0,0,0,0,0,25424,7825,0
2022,"Nemocnice AGEL Valašské Meziříčí a.s.","26822105","94102000","CZ0723","Nemocnice",181,23,0,0,0,0,0,0,49403,3774,0
2022,"Nemocnice AGEL Valašské Meziříčí a.s.","26822105","94220000","CZ0723","Léčebna pro dlouhodobě nemocné (LDN)",0,0,78,0,0,0,0,0,0,0,16537
2022,"Nemocnice AGEL Český Těšín a.s.","25897551","87029000","CZ0803","Nemocnice",31,0,59,34,0,0,0,0,10618,0,12376
2022,"Nemocnice AGEL Říčany a.s.","27365867","28003000","CZ0209","Nemocnice",49,4,0,0,0,0,0,0,9108,1058,0
2022,"Nemocnice AGEL Říčany a.s.","27365867","28658000","CZ0209","Léčebna pro dlouhodobě nemocné (LDN)",0,0,35,0,0,0,0,0,0,0,7145
2022,"Nemocnice Beroun - LDN","26752051","21003000","CZ0202","Léčebna pro dlouhodobě nemocné (LDN)",0,0,42,0,0,0,0,0,0,0,22250
2022,"Nemocnice Blansko","00386634","71101000","CZ0641","Nemocnice",145,15,0,0,0,0,0,0,39687,4098,0
2022,"Nemocnice Blansko","00386634","71110000","CZ0641","Léčebna pro dlouhodobě nemocné (LDN)",0,0,30,0,0,0,0,0,0,0,8812
2022,"Nemocnice Boskovice s.r.o.","26925974","71113000","CZ0641","Nemocnice",205,24,0,0,0,0,0,0,41906,3839,0
2022,"Nemocnice Boskovice s.r.o.","26925974","71119000","CZ0641","Léčebna pro dlouhodobě nemocné (LDN)",0,0,12,0,0,0,0,5,0,0,2074
2022,"Nemocnice Břeclav, p. o.","00390780","74001000","CZ0644","Nemocnice",378,41,0,0,0,0,0,0,72804,8434,0
2022,"Nemocnice Dačice, a.s.","28113195","34013000","CZ0313","Léčebna pro dlouhodobě nemocné (LDN)",0,0,30,0,0,0,0,0,0,0,8540
2022,"Nemocnice Havlíčkův Brod, přísp. org.","00179540","60001000","CZ0631","Nemocnice",410,47,0,0,0,0,0,0,87274,7776,0
2022,"Nemocnice Havlíčkův Brod, přísp. org.","00179540","60223000","CZ0631","Léčebna pro dlouhodobě nemocné (LDN)",0,0,44,0,0,0,0,0,0,0,12709
2022,"Nemocnice Havířov, příspěv. organizace","00844896","87004000","CZ0803","Nemocnice",357,31,0,0,0,0,0,0,81323,7191,0
2022,"Nemocnice Havířov, příspěv. organizace","00844896","87054000","CZ0803","Léčebna pro dlouhodobě nemocné (LDN)",0,0,30,0,0,0,0,0,0,0,9846
2022,"Nemocnice Hranice a.s.","47677406","92002000","CZ0714","Nemocnice",98,10,0,0,0,0,0,0,18291,2029,0
2022,"Nemocnice Hranice a.s.","47677406","92283000","CZ0714","Léčebna pro dlouhodobě nemocné (LDN)",0,0,80,0,0,0,0,0,0,0,33792
2022,"Nemocnice Hustopeče p.o.","04212029","74022000","CZ0644","Nemocnice",25,0,0,0,0,0,0,0,5088,0,0
2022,"Nemocnice Hustopeče, p.o.","04212029","74007000","CZ0644","Nemocnice následné (ošetřovatelské) péče",0,0,94,0,0,0,0,0,0,0,23826
2022,"Nemocnice Ivančice, příspěvková organiz.","00225827","73303000","CZ0643","Léčebna pro dlouhodobě nemocné (LDN)",0,0,60,0,0,0,0,0,0,0,15289
2022,"Nemocnice Ivančice,příspěvková organiz.","00225827","73003000","CZ0643","Nemocnice",144,10,0,0,0,0,0,0,22727,3263,0
2022,"Nemocnice Jablonec n. N., p.o.","00829838","53201000","CZ0512","Nemocnice",276,33,0,0,0,0,0,0,59437,7059,0
2022,"Nemocnice Jablonec n. N.. p. o.","00829838","53212000","CZ0512","Léčebna pro dlouhodobě nemocné (LDN)",0,0,67,0,0,0,0,0,0,0,18146
2022,"Nemocnice Jihlava, p. o.","00090638","76001000","CZ0632","Nemocnice",559,66,0,0,0,0,0,0,100547,12432,0
2022,"Nemocnice Jihlava,příspěvková organizace","00090638","76002000","CZ0632","Léčebna pro dlouhodobě nemocné (LDN)",0,0,70,0,0,15,0,0,0,0,17728
2022,"Nemocnice Jindřichův Hradec, a.s.","26095157","34001000","CZ0313","Nemocnice",242,30,0,0,0,0,8,0,51203,6055,881
2022,"Nemocnice Jindřichův Hradec, a.s.","26095157","34011000","CZ0313","Léčebna pro dlouhodobě nemocné (LDN)",0,0,52,0,0,2,0,3,0,0,18870
2022,"Nemocnice Kadaň, s.r.o.","25479300","52120000","CZ0422","Nemocnice",157,15,0,0,0,0,0,0,32754,6457,0
2022,"Nemocnice Kadaň, s.r.o.","25479300","52121000","CZ0422","Léčebna pro dlouhodobě nemocné (LDN)",0,0,24,0,0,0,0,0,0,0,7802
2022,"Nemocnice Karviná - Ráj, příspěvková org","00844853","87001000","CZ0803","Nemocnice",205,22,108,0,0,0,15,5,46190,5332,13881
2022,"Nemocnice Kyjov, příspěvková organizace","00226912","75002000","CZ0645","Nemocnice",395,35,0,0,0,0,0,0,87407,8311,2044
2022,"Nemocnice Kyjov, příspěvková organizace","00226912","75007000","CZ0645","Nemocnice následné (ošetřovatelské) péče",0,0,0,48,0,0,0,0,0,0,13148
2022,"Nemocnice Letovice p.o.","00387134","71107000","CZ0641","Léčebna pro dlouhodobě nemocné (LDN)",0,0,120,0,0,0,0,0,0,0,38118
2022,"Nemocnice Mariánské Lázně s.r.o.","26376709","41191000","CZ0411","Nemocnice následné (ošetřovatelské) péče",0,0,57,37,0,0,0,0,0,0,26640
2022,"Nemocnice Milosrdných bratří, p.o.","48512478","72048000","CZ0642","Nemocnice",205,20,0,0,0,0,0,0,40235,4558,0
2022,"Nemocnice Milosrdných bratří, p.o.","48512478","72052000","CZ0642","Léčebna pro dlouhodobě nemocné (LDN)",0,0,243,0,0,0,0,0,0,0,58286
2022,"Nemocnice Měšice - CIOP, z.s.","65401921","28004000","CZ0209","Nemocnice následné (ošetřovatelské) péče",0,0,0,80,0,0,0,0,0,0,35051
2022,"Nemocnice Na Františku","00879444","01003000","CZ0100","Nemocnice",108,13,0,0,0,0,0,0,18204,3105,0
2022,"Nemocnice Na Františku","00879444","01311000","CZ0100","Léčebna pro dlouhodobě nemocné (LDN)",0,0,46,0,13,0,0,0,0,0,16388
2022,"Nemocnice Na Homolce","00023884","05004000","CZ0100","Fakultní nemocnice",228,129,0,0,0,0,0,0,58932,32843,0
2022,"Nemocnice Na Pleši s.r.o.","27207064","30006000","CZ020B","Nemocnice",55,0,0,0,0,0,0,0,14444,0,0
2022,"Nemocnice Na Pleši s.r.o.","27207064","30522000","CZ020B","Odborné léčebné ústavy",0,0,0,0,80,0,0,0,0,0,23407
2022,"Nemocnice Na Pleši s.r.o.","27207064","30605000","CZ020B","Nemocnice následné (ošetřovatelské) péče",0,0,0,58,0,0,0,0,0,0,6110
2022,"Nemocnice Nové Město na Moravě, p. o.","00842001","84231000","CZ0635","Nemocnice",355,31,0,0,0,0,10,0,73453,6884,1549
2022,"Nemocnice Nové Město na Moravě, p. o.","00842001","84425000","CZ0635","Léčebna pro dlouhodobě nemocné (LDN)",0,0,70,0,0,0,0,8,0,0,16464
2022,"Nemocnice Nymburk s.r.o.","28762886","27001000","CZ0208","Nemocnice",125,11,0,0,0,0,0,0,27949,2247,0
2022,"Nemocnice Nymburk s.r.o.","28762886","27017000","CZ0208","Nemocnice následné (ošetřovatelské) péče",0,0,40,0,0,0,0,0,0,0,11720
2022,"Nemocnice Ostrov s.r.o.","47714913","42010000","CZ0412","Nemocnice",97,7,0,0,0,0,30,20,31820,735,15284
2022,"Nemocnice Ostrov s.r.o.","47714913","42452000","CZ0412","Léčebna pro dlouhodobě nemocné (LDN)",0,0,57,0,25,0,0,0,0,0,14561
2022,"Nemocnice Pardubického kraje, a.s.","27520536","62001000","CZ0531","Nemocnice",245,29,0,0,0,0,10,0,37961,4778,1121
2022,"Nemocnice Pardubického kraje, a.s.","27520536","62002000","CZ0531","Léčebna pro dlouhodobě nemocné (LDN)",0,0,89,0,0,0,0,10,0,0,18245
2022,"Nemocnice Pardubického kraje, a.s.","27520536","65001000","CZ0532","Nemocnice",813,78,0,0,0,0,0,0,138536,15527,0
2022,"Nemocnice Pardubického kraje, a.s.","27520536","65361000","CZ0532","Léčebna pro dlouhodobě nemocné (LDN)",0,0,66,0,0,0,0,0,0,0,10033
2022,"Nemocnice Pardubického kraje, a.s.","27520536","68001000","CZ0533","Nemocnice",269,15,0,0,0,0,0,0,45380,3686,0
2022,"Nemocnice Pardubického kraje, a.s.","27520536","68002000","CZ0533","Nemocnice",187,20,0,0,0,0,0,0,34589,3481,0
2022,"Nemocnice Pardubického kraje, a.s.","27520536","68011000","CZ0533","Léčebna pro dlouhodobě nemocné (LDN)",0,0,23,0,0,0,0,0,0,0,7474
2022,"Nemocnice Pardubického kraje, a.s.","27520536","68012000","CZ0533","Léčebna pro dlouhodobě nemocné (LDN)",0,0,40,0,0,0,0,0,0,0,928
2022,"Nemocnice Pardubického kraje, a.s.","27520536","70001000","CZ0534","Nemocnice",306,26,0,0,0,0,0,0,56254,6477,0
2022,"Nemocnice Pelhřimov, příspěvková org.","00511951","35001000","CZ0633","Nemocnice",271,23,0,0,0,0,0,0,51396,5358,0
2022,"Nemocnice Pelhřimov, příspěvková org.","00511951","35040000","CZ0633","Léčebna pro dlouhodobě nemocné (LDN)",0,0,46,0,0,0,0,0,0,0,11207
2022,"Nemocnice Počátky, s.r.o.","26216701","35043000","CZ0633","Léčebna pro dlouhodobě nemocné (LDN)",0,0,120,0,0,0,0,0,0,0,29924
2022,"Nemocnice Prachatice, a.s.","26095165","37101000","CZ0315","Nemocnice",137,12,0,0,0,0,0,0,28638,2500,0
2022,"Nemocnice Písek, a.s.","26095190","36101000","CZ0314","Nemocnice",314,48,0,0,0,0,0,5,53460,8203,1081
2022,"Nemocnice Písek, a.s.","26095190","36102000","CZ0314","Léčebna pro dlouhodobě nemocné (LDN)",0,0,36,0,0,0,0,0,0,0,10592
2022,"Nemocnice Roudnice nad Labem s.r.o.","25443801","55039000","CZ0423","Nemocnice",135,8,0,0,0,0,15,15,21231,1770,21
2022,"Nemocnice Roudnice nad Labem s.r.o.","25443801","55040000","CZ0423","Léčebna pro dlouhodobě nemocné (LDN)",0,0,43,0,0,0,0,0,0,0,7544
2022,"Nemocnice Roudnice nad Labem s.r.o.","25443801","55044000","CZ0423","Nemocnice následné (ošetřovatelské) péče",0,0,0,28,0,0,0,0,0,0,159
2022,"Nemocnice Rudolfa a Stefanie Benešov,a.s","27253236","20003000","CZ0201","Odborné léčebné ústavy",0,0,0,0,20,0,0,0,0,0,1780
2022,"Nemocnice Rudolfa a Stefanie Benešov,a.s","27253236","20101000","CZ0201","Nemocnice",289,30,0,78,0,0,0,0,59661,7351,18993
2022,"Nemocnice Sokolov s.r.o.","24747246","48008000","CZ0413","Nemocnice",223,27,0,0,0,0,0,0,41006,6203,0
2022,"Nemocnice Sokolov s.r.o.","24747246","48009000","CZ0413","Léčebna pro dlouhodobě nemocné (LDN)",0,0,50,0,0,0,0,0,0,0,16318
2022,"Nemocnice Strakonice, a.s.","26095181","38001000","CZ0316","Nemocnice",245,20,0,0,0,0,0,0,49298,4721,0
2022,"Nemocnice Strakonice, a.s.","26095181","38005001","CZ0316","Léčebna pro dlouhodobě nemocné (LDN)",0,0,36,0,0,0,0,5,0,0,13814
2022,"Nemocnice Sv. Kříže Žižkov, s.r.o.","47124733","03324000","CZ0100","Nemocnice následné (ošetřovatelské) péče",0,0,70,0,0,0,0,0,0,0,20156
2022,"Nemocnice Sv. Kříže Žižkov, s.r.o.","47124733","03325000","CZ0100","Samostatné lůžkové zařízení s péčí DIP, NIOP, NIP",0,0,0,0,0,0,0,5,0,0,2206
2022,"Nemocnice TGM Hodonín, příspěvková org.","00226637","75001000","CZ0645","Nemocnice",133,24,0,0,0,0,5,0,28907,7851,525
2022,"Nemocnice TGM Hodonín, příspěvková org.","00226637","75008000","CZ0645","Nemocnice následné (ošetřovatelské) péče",0,0,0,43,0,0,0,0,0,0,10381
2022,"Nemocnice Tanvald, s. r. o.","63145766","53208000","CZ0512","Nemocnice následné (ošetřovatelské) péče",0,0,0,35,0,0,24,20,0,0,26358
2022,"Nemocnice Tanvald, s.r.o","63145766","53286000","CZ0512","Nemocnice",18,3,0,0,0,0,0,0,5429,858,0
2022,"Nemocnice Tišnov,příspěvková organizace","44947909","73007000","CZ0643","Léčebna pro dlouhodobě nemocné (LDN)",0,0,60,0,30,0,0,0,0,0,20739
2022,"Nemocnice Tábor, a.s.","26095203","39001000","CZ0317","Nemocnice",398,34,0,0,0,0,0,0,95481,7467,0
2022,"Nemocnice Tábor, a.s.","26095203","39007000","CZ0317","Léčebna pro dlouhodobě nemocné (LDN)",0,0,69,0,0,0,0,0,0,0,17901
2022,"Nemocnice Třebíč, příspěvková organizace","00839396","79001000","CZ0634","Nemocnice",386,36,0,0,0,0,0,0,70401,7968,0
2022,"Nemocnice Třebíč, příspěvková organizace","00839396","79003000","CZ0634","Nemocnice následné (ošetřovatelské) péče",0,0,104,0,0,0,0,10,0,0,30547
2022,"Nemocnice Třinec, příspěvková organizace","00534242","86102000","CZ0802","Nemocnice",284,31,30,20,0,0,0,0,64077,8449,4836
2022,"Nemocnice Valtice s.r.o.","63488329","74021000","CZ0644","Léčebna pro dlouhodobě nemocné (LDN)",0,0,190,0,0,0,0,0,0,0,63287
2022,"Nemocnice Varnsdorf- LDN","49888498","51303000","CZ0421","Léčebna pro dlouhodobě nemocné (LDN)",0,0,80,0,0,0,0,0,0,0,23787
2022,"Nemocnice Volyně s.r.o.","25155946","38033001","CZ0316","Léčebna pro dlouhodobě nemocné (LDN)",0,0,61,0,0,0,0,0,0,0,10865
2022,"Nemocnice Vrchlabí, s.r.o.","64827232","69003000","CZ0525","Nemocnice",74,5,0,0,0,0,12,0,11267,1188,6847
2022,"Nemocnice Vrchlabí, s.r.o.","64827232","69008000","CZ0525","Nemocnice následné (ošetřovatelské) péče",0,0,0,25,10,0,0,0,0,0,12688
2022,"Nemocnice Vršovice a.s.","28971906","10693000","CZ0100","Odborné léčebné ústavy",0,0,0,0,35,0,0,0,0,0,10510
2022,"Nemocnice Vršovice a.s.","28971906","10706000","CZ0100","Samostatné lůžkové zařízení s péčí DIP, NIOP, NIP",0,0,0,0,0,0,17,0,0,0,5393
2022,"Nemocnice Vršovice a.s.","28971906","10714000","CZ0100","Nemocnice",16,4,0,0,0,0,0,0,4933,1313,0
2022,"Nemocnice Vyškov, příspěvková organizace","00839205","81001000","CZ0646","Nemocnice",285,25,0,0,0,0,0,0,65790,8197,0
2022,"Nemocnice Vyškov, příspěvková organizace","00839205","81065000","CZ0646","Léčebna pro dlouhodobě nemocné (LDN)",0,0,90,0,0,0,0,0,0,0,22051
2022,"Nemocnice Znojmo,příspěvková organizace","00092584","83001000","CZ0647","Nemocnice",432,41,0,0,0,0,0,0,88950,8813,0
2022,"Nemocnice Znojmo,příspěvková organizace","00092584","83002000","CZ0647","Léčebna pro dlouhodobě nemocné (LDN)",0,0,115,0,0,0,0,0,0,0,24636
2022,"Nemocnice následné péče Moravská Třebová","00193895","68013000","CZ0533","Léčebna pro dlouhodobě nemocné (LDN)",0,0,80,0,0,0,0,0,0,0,26261
2022,"Nemocnice následné péče Praha s.r.o.","45789924","06408000","CZ0100","Léčebna pro dlouhodobě nemocné (LDN)",0,0,40,0,0,0,0,0,0,0,19341
2022,"Nemocnice následné péče Praha s.r.o.","45789924","06610000","CZ0100","Odborné léčebné ústavy",0,0,0,0,20,0,0,0,0,0,6957
2022,"Nemocnice následné péče Svatá Anna,s.r.o","26360896","49008000","CZ0327","Léčebna pro dlouhodobě nemocné (LDN)",0,0,90,0,0,0,0,0,0,0,26218
2022,"Nemocnice následné péče VIA, s.r.o.","02390221","51262000","CZ0421","Léčebna pro dlouhodobě nemocné (LDN)",0,0,120,0,0,0,0,0,0,0,40786
2022,"Nemocnice následné péče s pol. Lom. n/P","00854875","67130000","CZ0514","Léčebna pro dlouhodobě nemocné (LDN)",0,0,59,0,0,0,0,0,0,0,17665
2022,"Nemocnice s poliklinikou Česká Lípa a.s.","27283518","50292000","CZ0511","Léčebna pro dlouhodobě nemocné (LDN)",0,0,117,0,0,0,0,0,0,0,35731
2022,"Nemocnice s poliklinikou Česká Lípa,a.s.","27283518","50100000","CZ0511","Nemocnice",315,32,0,0,0,0,0,6,58265,7241,2162
2022,"Nemocnice sv. Alžběty Na Slupi, s.r.o.","07579969","02259000","CZ0100","Léčebna pro dlouhodobě nemocné (LDN)",0,0,89,0,0,0,0,0,0,0,40167
2022,"Nemocnice sv.Zdislavy,a.s.","25542681","84427000","CZ0635","Nemocnice",38,6,0,0,0,0,15,0,9203,1431,4393
2022,"Nemocnice sv.Zdislavy,a.s.","25542681","84428000","CZ0635","Léčebna pro dlouhodobě nemocné (LDN)",0,0,80,0,0,0,0,0,0,0,23878
2022,"Nemocnice u Sv. Jiří s. r. o.","49786954","44613000","CZ0323","Nemocnice",15,5,0,0,0,0,0,0,1260,594,0
2022,"Nemocnice ve Frýdku-Místku, přís. organ.","00534188","86101000","CZ0802","Nemocnice",325,29,0,0,0,0,8,10,81031,8322,954
2022,"Nemocnice ve Frýdku-Místku, přís. organ.","00534188","86101200","CZ0802","Léčebna pro dlouhodobě nemocné (LDN)",0,0,95,0,0,0,0,0,0,0,30414
2022,"Nemocnice České Budějovice, a.s.","26068877","32006000","CZ0311","Nemocnice",1020,171,0,0,0,0,0,0,219210,33393,0
2022,"Nemocnice České Budějovice, a.s.","26068877","32067000","CZ0311","Léčebna pro dlouhodobě nemocné (LDN)",0,0,229,0,0,0,0,0,0,0,52140
2022,"Nemocnice České Budějovice, a.s.","26068877","32070000","CZ0311","Odborné léčebné ústavy",0,0,0,0,50,0,0,0,0,0,6943
2022,"Nemocnice Český Brod s.r.o.","27161838","23333000","CZ0204","Léčebna pro dlouhodobě nemocné (LDN)",0,0,60,61,0,0,0,10,0,0,34937
2022,"Nemocnice Český Krumlov, a.s.","26095149","33100000","CZ0312","Nemocnice",144,14,0,0,0,0,0,0,29579,2850,0
2022,"Nemocnice Český Krumlov, a.s.","26095149","33103000","CZ0312","Léčebna pro dlouhodobě nemocné (LDN)",0,0,88,0,0,0,0,0,0,0,18266
2022,"Nemocnice Šumperk a.s.","47682795","93008000","CZ0715","Nemocnice následné (ošetřovatelské) péče",0,0,0,87,0,0,0,0,0,0,25610
2022,"Nemocnice Šumperk a.s.","47682795","93201000","CZ0715","Nemocnice",342,24,0,0,0,0,6,3,62498,5105,1330
2022,"Nemocnice Žatec, o.p.s.","25026259","56007000","CZ0424","Nemocnice",111,11,0,0,0,0,0,0,19287,1995,0
2022,"Nemocnice Žatec, o.p.s. - LDN","25026259","56010000","CZ0424","Léčebna pro dlouhodobě nemocné (LDN)",0,0,50,0,0,0,0,0,0,0,14159
2022,"Neurologie, s.r.o. - léč. dlouh. nem.","49900391","51276000","CZ0421","Odborné léčebné ústavy",0,0,20,0,0,0,0,0,0,0,6800
2022,"Neuron Medical s.r.o.","29288223","72949000","CZ0642","Nemocnice",8,0,0,0,0,0,0,0,773,0,0
2022,"Národní ústav duševního zdraví","00023752","08002000","CZ0209","Nemocnice",47,0,0,0,0,0,0,0,12202,0,0
2022,"Národní ústav duševního zdraví","00023752","28196000","CZ0209","Odborné léčebné ústavy",0,0,0,0,8,0,0,0,0,0,1713
2022,"OB klinika a.s.","28892950","03336000","CZ0100","Nemocnice",28,0,0,0,0,0,0,0,4201,0,0
2022,"OLÚ Metylovice-Moravskosl. sanator.,p.o.","00534200","86404000","CZ0802","Odborné léčebné ústavy",0,0,0,0,62,0,0,0,0,0,8782
2022,"ORTHES, spol. s r.o.","60718048","94125000","CZ0723","Nemocnice",10,3,0,0,0,0,0,0,2613,631,0
2022,"ORTO - REHA, s.r.o.","29032806","08439000","CZ0100","Nemocnice",20,0,0,0,0,0,0,0,5568,0,0
2022,"OSMED Group s.r.o.","27828930","91100870","CZ0806","Nemocnice následné (ošetřovatelské) péče",0,0,0,120,0,0,0,0,0,0,48559
2022,"Oblastní charita ČK - HOSPIC A. České","48623814","64306000","CZ0523","LZ hospicového typu poskytující paliativní péči",0,0,0,0,0,30,0,0,0,0,9357
2022,"Oblastní charita Červený Kostelec","48623814","69007000","CZ0525","Nemocnice následné (ošetřovatelské) péče",0,0,0,28,0,0,0,0,0,0,8727
2022,"Oblastní nemocnice Jičín a.s.","26001551","63101000","CZ0522","Nemocnice",328,19,0,0,0,0,0,0,60855,4784,0
2022,"Oblastní nemocnice Jičín a.s.","26001551","63112000","CZ0521","Léčebna pro dlouhodobě nemocné (LDN)",0,0,107,51,0,0,0,0,0,0,47843
2022,"Oblastní nemocnice Kladno, a.s.","27256537","22115000","CZ0203","Samostatné lůžkové zařízení s péčí DIP, NIOP, NIP",0,0,0,0,0,0,6,2,0,0,28
2022,"Oblastní nemocnice Kladno, a.s.,","27256537","22101000","CZ0203","Nemocnice",465,57,0,0,0,0,0,0,90055,11243,0
2022,"Oblastní nemocnice Kolín, a.s.","27256391","23100000","CZ0204","Odborné léčebné ústavy",0,0,0,0,20,0,0,0,0,0,3100
2022,"Oblastní nemocnice Kolín, a.s.","27256391","23101000","CZ0204","Nemocnice",529,48,0,0,0,0,0,0,109280,12086,0
2022,"Oblastní nemocnice Kolín, a.s.","27256391","23200000","CZ0205","Léčebna pro dlouhodobě nemocné (LDN)",0,0,102,0,0,0,0,0,0,0,22100
2022,"Oblastní nemocnice Kolín,a.s.","27256391","23351000","CZ0205","Samostatné lůžkové zařízení s péčí DIP, NIOP, NIP",0,0,0,0,0,0,9,0,0,0,2556
2022,"Oblastní nemocnice Mladá Boleslav, a. s.","27256456","26001000","CZ0207","Nemocnice",394,56,0,0,0,0,0,0,81125,11800,0
2022,"Oblastní nemocnice Mladá Boleslav, a.s.","27256456","26012000","CZ0207","Léčebna pro dlouhodobě nemocné (LDN)",0,0,116,0,0,0,0,0,0,0,34250
2022,"Oblastní nemocnice Náchod a.s.","26000202","64001000","CZ0523","Nemocnice",559,54,0,0,0,0,7,0,113317,13162,1333
2022,"Oblastní nemocnice Náchod a.s.","26000202","64007000","CZ0523","Léčebna pro dlouhodobě nemocné (LDN)",0,0,83,84,40,0,0,5,0,0,42967
2022,"Oblastní nemocnice Příbram, a. s.","27085031","30601000","CZ020B","Nemocnice následné (ošetřovatelské) péče",0,0,0,30,0,0,0,0,0,0,7435
2022,"Oblastní nemocnice Příbram, a. s.","27085031","30602000","CZ020B","Léčebna pro dlouhodobě nemocné (LDN)",0,0,30,0,0,0,0,0,0,0,8306
2022,"Oblastní nemocnice Příbram, a.s.","27085031","30217000","CZ020B","Odborné léčebné ústavy",0,0,0,0,23,0,0,0,0,0,3996
2022,"Oblastní nemocnice Příbram, a.s.","27085031","30231000","CZ020B","LZ hospicového typu poskytující paliativní péči",0,0,0,0,0,16,0,0,0,0,4507
2022,"Oblastní nemocnice Příbram, a.s.","27085031","30531000","CZ020B","Nemocnice",325,34,0,0,0,0,0,0,71617,6774,0
2022,"Oblastní nemocnice Trutnov a.s.","26000237","69001000","CZ0525","Nemocnice",281,19,0,0,0,0,0,0,50942,3216,0
2022,"Oblastní spolek ČČK Mladá Boleslav","00425788","26014000","CZ0207","Nemocnice následné (ošetřovatelské) péče",0,0,0,20,0,0,0,0,0,0,7192
2022,"Odborný léčebný ústav Jevíčko","00193976","68005000","CZ0533","Odborné léčebné ústavy",0,0,0,0,176,0,0,0,0,0,55583
2022,"Odborný léčebný ústav Paseka, p.o.","00849081","89723000","CZ0712","Odborné léčebné ústavy",0,0,229,60,126,0,0,0,0,0,130189
2022,"Olivova dětská léčebna, o.p.s.","25689371","28005000","CZ0209","Odborné léčebné ústavy",0,0,0,0,80,0,0,0,0,0,29684
2022,"Ošetřovatelská lůžka","05212146","31110000","CZ020C","Nemocnice následné (ošetřovatelské) péče",0,0,0,26,0,0,0,0,0,0,7609
2022,"PATEB s.r.o.","26940281","79591000","CZ0634","Odborné léčebné ústavy",0,0,0,0,45,0,0,0,0,0,20794
2022,"PP Hospitals, s.r.o.","26085011","28002000","CZ0209","Nemocnice",40,6,0,0,0,0,0,0,9069,1382,0
2022,"PP Hospitals, s.r.o.","26085011","28660000","CZ0209","Léčebna pro dlouhodobě nemocné (LDN)",0,0,80,0,0,0,0,0,0,0,22363
2022,"PRIVAMED a.s.","46885251","44103000","CZ0323","Nemocnice",164,12,0,0,0,0,0,0,36367,2253,0
2022,"PRIVAMED a.s.","46885251","44106000","CZ0323","Léčebna pro dlouhodobě nemocné (LDN)",0,0,180,0,30,0,0,20,0,0,73613
2022,"PRVNÍ PRIVÁTNÍ CHIRURGICKÉ CENTRUM spol.","49813692","61303000","CZ0521","Nemocnice",47,8,0,0,0,0,0,0,7379,665,0
2022,"Paliativní medicína","61383082","06680000","CZ0100","Fakultní nemocnice",0,0,0,0,0,8,0,0,0,0,1597
2022,"Poliklinika Prosek a.s.","28495306","09362000","CZ0100","Nemocnice následné (ošetřovatelské) péče",0,0,0,25,0,0,0,0,0,0,9230
2022,"Poličská nemocnice, s.r.o.","25296094","68019000","CZ0533","Léčebna pro dlouhodobě nemocné (LDN)",0,0,120,0,0,0,0,0,0,0,39088
2022,"Psychiatric. nemocnice Marianny Oranžské","00851388","95020000","CZ0711","Odborné léčebné ústavy",0,0,0,0,150,0,0,0,0,0,45262
2022,"Psychiatrická léčebna Lnáře","00668168","38002000","CZ0316","Odborné léčebné ústavy",0,0,0,0,65,0,0,0,0,0,22028
2022,"Psychiatrická léčebna Petrohrad, p.o.","00829137","56005000","CZ0424","Odborné léčebné ústavy",0,0,0,0,120,0,0,0,0,0,55462
2022,"Psychiatrická léčebna Červený Dvůr","00583600","33200000","CZ0312","Odborné léčebné ústavy",0,0,0,0,109,0,0,0,0,0,38577
2022,"Psychiatrická léčebna Šternberk","00843954","89303000","CZ0712","Odborné léčebné ústavy",0,0,0,0,446,0,0,0,708,0,132714
2022,"Psychiatrická léčebna Šternberk","00843954","89303100","CZ0712","Nemocnice",28,0,0,0,0,0,0,0,4047,0,0
2022,"Psychiatrická nemocnice Bohnice","00064220","08005000","CZ0100","Odborné léčebné ústavy",0,0,0,0,828,0,0,0,0,0,248085
2022,"Psychiatrická nemocnice Bohnice","00064220","08279000","CZ0100","Léčebna pro dlouhodobě nemocné (LDN)",0,0,63,0,0,0,0,0,0,0,18251
2022,"Psychiatrická nemocnice Bohnice","00064220","08516000","CZ0100","Nemocnice",266,0,0,0,0,0,0,0,73870,0,0
2022,"Psychiatrická nemocnice Brno","00160105","72935000","CZ0642","Odborné léčebné ústavy",0,0,0,0,676,0,0,0,0,0,207730
2022,"Psychiatrická nemocnice Brno","00160105","72935800","CZ0642","Nemocnice",50,0,0,0,0,0,0,0,8888,0,0
2022,"Psychiatrická nemocnice Havlíčkův Brod","00179230","60006000","CZ0631","Odborné léčebné ústavy",0,0,0,0,603,0,0,0,0,0,208275
2022,"Psychiatrická nemocnice Havlíčkův Brod","00179230","60707000","CZ0631","Nemocnice",52,0,0,0,0,0,0,0,13081,0,0
2022,"Psychiatrická nemocnice Horní Beřkovice","00673552","55024000","CZ0423","Odborné léčebné ústavy",0,0,0,0,371,0,0,0,0,0,122681
2022,"Psychiatrická nemocnice Horní Beřkovice","00673552","55845000","CZ0423","Nemocnice",40,0,0,0,0,0,0,0,13768,0,0
2022,"Psychiatrická nemocnice Jihlava","00600601","76021000","CZ0632","Odborné léčebné ústavy",0,0,0,0,430,0,0,0,0,0,150375
2022,"Psychiatrická nemocnice Jihlava","00600601","76026000","CZ0632","Nemocnice",40,0,0,0,0,0,0,0,13733,0,0
2022,"Psychiatrická nemocnice Kosmonosy","00068691","26003000","CZ0207","Odborné léčebné ústavy",0,0,0,0,527,0,0,0,1239,0,164894
2022,"Psychiatrická nemocnice Kosmonosy","00068691","26026000","CZ0207","Nemocnice",30,0,0,0,0,0,0,0,10217,0,0
2022,"Psychiatrická nemocnice Písek a.s.","28092732","36896000","CZ0314","Odborné léčebné ústavy",0,0,0,0,96,0,0,0,0,0,26264
2022,"Psychiatrická nemocnice v Dobřanech","00669792","45901000","CZ0324","Odborné léčebné ústavy",0,0,0,0,1090,0,0,0,0,0,340645
2022,"Psychiatrická nemocnice v Dobřanech","00669792","45909000","CZ0324","Nemocnice",55,0,0,0,0,0,0,0,16798,0,0
2022,"Psychiatrická nemocnice v Kroměříži","00567914","77951000","CZ0721","Odborné léčebné ústavy",0,0,0,0,835,0,0,0,0,0,276743
2022,"Psychiatrická nemocnice v Kroměříži","00567914","77954000","CZ0721","Nemocnice",25,0,0,0,0,0,0,0,7208,0,0
2022,"Psychiatrická nemocnice v Opavě","00844004","90224000","CZ0805","Odborné léčebné ústavy",0,0,0,0,707,0,0,0,0,0,222059
2022,"Psychiatrická nemocnice v Opavě","00844004","90224400","CZ0805","Nemocnice",40,0,0,0,0,0,0,0,10428,0,0
2022,"REHAMEDICA Žacléř, a.s.","08208778","69009000","CZ0525","Nemocnice následné (ošetřovatelské) péče",0,0,0,65,0,0,0,0,0,0,21991
2022,"RHG spol. s r. o.","61852287","29004000","CZ020A","Léčebna pro dlouhodobě nemocné (LDN)",0,0,0,77,0,0,0,0,0,0,23683
2022,"RHG spol. s.r.o.","61852287","25211000","CZ0206","Nemocnice následné (ošetřovatelské) péče",0,0,0,132,0,0,0,0,0,0,42604
2022,"Rehabilit.ústav pro cévní choroby mozk.","49813447","60190000","CZ0631","Odborné léčebné ústavy",0,0,0,0,39,0,0,0,0,0,13299
2022,"Rehabilitační centrum Čeladná s.r.o.","25868951","86110000","CZ0802","Odborné léčebné ústavy",0,0,0,0,246,0,0,0,0,0,69735
2022,"Rehabilitační ústav Brandýs nad Orlicí","00853879","70012000","CZ0534","Odborné léčebné ústavy",0,0,0,0,150,0,0,0,0,0,42605
2022,"Rehabilitační ústav Hrabyně","00601233","90158000","CZ0805","Odborné léčebné ústavy",0,0,0,0,388,0,0,0,0,0,118836
2022,"Rehabilitační ústav Kladruby","00068705","20105000","CZ0201","Odborné léčebné ústavy",0,0,0,0,250,0,0,0,0,0,83520
2022,"Revmatologický ústav","00023728","02001000","CZ0100","Fakultní nemocnice",47,0,0,0,0,0,0,0,10084,0,0
2022,"Rokycanská nemocnice,  a.s.","26360900","47113000","CZ0326","Nemocnice následné (ošetřovatelské) péče",0,0,30,30,0,0,0,0,0,0,8224
2022,"Rokycanská nemocnice, a.s.","26360900","47101000","CZ0326","Nemocnice",84,9,0,0,0,0,0,0,20806,1780,0
2022,"SANATORIUM EDEL s.r.o.","49609599","95683000","CZ0711","Odborné léčebné ústavy",0,0,0,0,93,0,0,0,0,0,25387
2022,"SENIOR CZ, s.r.o.","25413244","59314000","CZ0427","Odborné léčebné ústavy",0,0,0,0,30,0,0,0,0,0,8856
2022,"SOaL okresu Trutnov","00195201","69034000","CZ0525","Odborné léčebné ústavy",0,0,0,0,159,0,0,0,0,0,48922
2022,"SOaL okresu Trutnov","00195201","69034002","CZ0525","Odborné léčebné ústavy",0,0,0,0,30,0,0,0,0,0,6774
2022,"Sanatorium Jablunkov, a.s.","27835545","86113000","CZ0802","Léčebna pro dlouhodobě nemocné (LDN)",0,0,28,30,97,0,0,0,0,0,38255
2022,"Sanatorium Kochova s.r.o.","02402106","87070000","CZ0803","Nemocnice následné (ošetřovatelské) péče",0,0,0,110,0,0,0,0,0,0,33704
2022,"Sdružené zdravotnické zařízení Krnov,p.o","00844641","85600000","CZ0801","Nemocnice",270,29,0,0,0,0,0,8,54624,6691,617
2012,"HVĚZDA z.ú.","70829560","82072000","CZ0724","LZ hospicového typu poskytující paliativní péči",0,0,0,14,0,0,0,0,0,0,2648
2012,"ADP - SANCO s.r.o.","27685934","78004000","CZ0713","Nemocnice následné (ošetřovatelské) péče",0,0,0,30,0,0,0,0,0,0,10677
2012,"AESKULAP spol. s r.o.","60913266","70006000","CZ0534","Léčebna pro dlouhodobě nemocné (LDN)",0,0,81,0,0,0,0,0,0,0,31463
2012,"AGEL Středomoravská nemocniční a.s.","27797660","78006000","CZ0713","Nemocnice",848,86,0,0,0,0,10,0,246280,28989,1396
2012,"AGEL Středomoravská nemocniční a.s.","27797660","78007000","CZ0713","Léčebna pro dlouhodobě nemocné (LDN)",0,0,197,0,0,0,0,0,0,0,70925
2012,"AHC Centrum následné péče Sedlec-Prčice","25579282","20110000","CZ020B","Léčebna pro dlouhodobě nemocné (LDN)",0,0,110,0,0,0,0,0,0,0,48305
2012,"AHC Centrum následné péče Trutnov s.r.o.","10913416","69006000","CZ0525","Nemocnice následné (ošetřovatelské) péče",0,0,0,30,0,0,0,0,0,0,9455
2012,"AHC Nemocnice Duchcov s.r.o.","61537713","58102000","CZ0426","Nemocnice",75,5,0,0,0,0,0,0,15970,553,216
2012,"AHC Nemocnice Duchcov s.r.o.","61537713","58535000","CZ0426","Nemocnice následné (ošetřovatelské) péče",0,0,0,48,0,0,0,0,0,0,17720
2012,"AHC Rehabilitační centrum Meziboří s.r.o","47283661","57541000","CZ0425","Nemocnice následné (ošetřovatelské) péče",0,0,0,0,46,0,0,0,0,0,13063
2012,"ALBERTINUM,odborný léčebný ústav,Žamberk","00196096","70008000","CZ0534","Odborné léčebné ústavy",0,0,0,0,142,0,0,0,0,0,34022
2012,"ALBERTINUM,odborný léčebný ústav,Žamberk","00196096","70058000","CZ0534","Léčebna pro dlouhodobě nemocné (LDN)",0,0,70,0,0,0,0,0,0,0,22233
2012,"ALMEDA, a.s.","25079174","25310000","CZ0206","Nemocnice",56,6,0,0,0,0,0,0,14435,1917,292
2012,"ALMEDA, a.s.","25079174","25312000","CZ0206","Samostatné lůžkové zařízení s péčí DIP, NIOP, NIP",0,0,0,0,0,0,15,12,0,0,6217
2012,"AMICA CENTRUM s.r.o.","18233392","41281000","CZ0411","Léčebna pro dlouhodobě nemocné (LDN)",0,0,0,120,0,0,0,0,0,0,51125
2012,"ANESAN, s.r.o.","61677540","23111000","CZ0204","Samostatné lůžkové zařízení s péčí DIP, NIOP, NIP",0,0,0,0,0,0,15,0,0,0,4600
2012,"BH - Nemocnice Vimperk a.s.","29015839","37105000","CZ0315","Léčebna pro dlouhodobě nemocné (LDN)",0,0,60,0,0,0,0,0,0,0,17509
2012,"Bohumínská městská nemocnice, a.s.","26834022","87003000","CZ0803","Nemocnice",94,9,25,70,0,0,0,0,20845,3124,12438
2012,"Bílovecká nemocnice, a.s.","26865858","88015000","CZ0804","Nemocnice",72,6,0,0,0,0,0,0,17164,1847,0
2012,"Bílovecká nemocnice, a.s.","26865858","88016000","CZ0804","Léčebna pro dlouhodobě nemocné (LDN)",0,0,80,0,0,0,0,0,0,0,26713
2012,"CARVAC s.r.o.","63504260","41182000","CZ0411","Léčebna pro dlouhodobě nemocné (LDN)",0,0,0,70,0,0,0,0,0,0,32635
2012,"CNS-CENTRUM TŘINEC s.r.o.","26816407","86112000","CZ0802","Nemocnice",42,0,0,0,0,0,0,0,13792,0,0
2012,"Centrum kardiovaskulární a TCH Brno","00209775","72932000","CZ0642","Nemocnice",59,34,0,0,0,0,0,0,16313,9839,0
2012,"Centrum léčby pohybového aparátu, s.r.o.","26432471","09438000","CZ0100","Nemocnice",33,0,0,0,0,0,0,0,8725,0,0
2012,"Charita Ostrava - Hospic sv. Lukáše","44940998","91997300","CZ0806","LZ hospicového typu poskytující paliativní péči",0,0,0,0,0,30,0,0,0,0,9060
2012,"DOP - HC s.r.o.","26356589","48004000","CZ0413","Léčebna pro dlouhodobě nemocné (LDN)",0,0,82,0,0,0,0,0,0,0,29445
2012,"Diakonie Valašské Meziříčí","73632783","94203000","CZ0723","Nemocnice následné (ošetřovatelské) péče",0,0,0,8,0,15,0,0,0,0,6475
2012,"Diecézní charita Brno,OCH Rajhrad","44990260","73006000","CZ0643","LZ hospicového typu poskytující paliativní péči",0,0,0,0,0,50,0,0,0,0,13845
2012,"Dlouhodobá intenzivní oš. péče","05212146","31500000","CZ020C","Samostatné lůžkové zařízení s péčí DIP, NIOP, NIP",0,0,0,0,0,0,1,10,0,0,3550
2012,"Domažlická nemocnice, a.s.","26361078","40001000","CZ0321","Nemocnice",142,10,0,0,0,0,0,0,39160,2858,0
2012,"Domažlická nemocnice, a.s. - LDN","26361078","40501000","CZ0321","Léčebna pro dlouhodobě nemocné (LDN)",0,0,50,0,0,0,0,0,0,0,14908
2012,"Domov sv.Karla Boromejského","65400143","06353000","CZ0100","Léčebna pro dlouhodobě nemocné (LDN)",0,0,79,0,0,0,0,0,0,0,24163
2012,"Dopravní zdravotnictví a.s.","25903659","02368000","CZ0100","Léčebna pro dlouhodobě nemocné (LDN)",0,0,42,0,0,0,0,0,0,0,10831
2012,"Dětská odb.léčebna Ch.G.Masaryk,p.s.ČČK","42726646","30148000","CZ020B","Odborné léčebné ústavy",0,0,0,0,120,0,0,0,0,0,11981
2012,"Dětská psychiatrická nemocnice","00842052","84420000","CZ0635","Odborné léčebné ústavy",0,0,0,0,50,0,0,0,0,0,15680
2012,"Dětská psychiatrická nemocnice Louny","00831034","56004000","CZ0424","Odborné léčebné ústavy",0,0,0,0,50,0,0,0,0,0,17729
2012,"Dětská psychiatrická nemocnice Opařany","00667421","39801000","CZ0317","Odborné léčebné ústavy",0,0,0,0,150,0,0,0,0,0,38928
2012,"Dům Kochova, s.r.o.","28624858","87053000","CZ0803","Nemocnice následné (ošetřovatelské) péče",0,0,0,60,0,0,0,0,0,0,21742
2012,"Dům klidného stáří, spol. s r.o.","26369427","48006000","CZ0413","Léčebna pro dlouhodobě nemocné (LDN)",0,0,30,0,0,0,0,0,0,0,8800
2012,"ETOILE CZ a.s.","28973976","10663000","CZ0100","Samostatné lůžkové zařízení s péčí DIP, NIOP, NIP",0,0,0,0,0,0,15,0,0,0,5555
2012,"EUC Klinika Kladno s.r.o.","47539771","22105000","CZ0203","Nemocnice",20,0,0,0,0,0,0,0,3638,0,0
2012,"EUC Klinika Zlín a.s.","60726636","82002000","CZ0724","Nemocnice",80,7,0,0,0,0,0,0,16507,1285,0
2012,"EUC Klinika Zlín a.s.","60726636","82053000","CZ0724","Léčebna pro dlouhodobě nemocné (LDN)",0,0,20,0,0,0,0,0,0,0,6150
2012,"Fakultní Thomayerova nemocnice","00064190","04005000","CZ0100","Nemocnice",769,78,0,0,0,0,0,0,163997,18818,0
2012,"Fakultní Thomayerova nemocnice","00064190","04679000","CZ0100","Léčebna pro dlouhodobě nemocné (LDN)",0,0,240,0,0,0,0,0,0,0,85723
2012,"Fakultní Thomayerova nemocnice","00064190","04775000","CZ0100","Odborné léčebné ústavy",0,0,0,0,35,0,0,0,0,0,7595
2012,"Fakultní nemocnice Brno","65269705","72100000","CZ0642","Fakultní nemocnice",1629,296,0,0,0,0,0,0,406112,83540,0
2012,"Fakultní nemocnice Bulovka","00064211","08006000","CZ0100","Nemocnice",944,102,0,0,0,0,0,0,221846,31398,0
2012,"Fakultní nemocnice Bulovka","00064211","08368000","CZ0100","Nemocnice následné (ošetřovatelské) péče",0,0,0,34,0,0,0,0,0,0,10308
2012,"Fakultní nemocnice Hradec Králové","00179906","61004000","CZ0521","Fakultní nemocnice",1150,169,0,0,0,0,0,0,279305,54000,0
2012,"Fakultní nemocnice Hradec Králové","00179906","61778000","CZ0521","Odborné léčebné ústavy",0,0,0,18,56,0,0,0,0,0,19190
2012,"Fakultní nemocnice Královské Vinohrady","00064173","10002000","CZ0100","Fakultní nemocnice",846,194,0,0,0,0,0,0,204437,43254,0
2012,"Fakultní nemocnice Královské Vinohrady","00064173","10433000","CZ0100","Léčebna pro dlouhodobě nemocné (LDN)",0,0,70,0,0,0,0,0,0,0,15047
2012,"Fakultní nemocnice Olomouc","00098892","89301000","CZ0712","Fakultní nemocnice",1009,140,0,0,0,0,0,0,295923,40030,0
2012,"Fakultní nemocnice Ostrava","00843989","91009000","CZ0806","Fakultní nemocnice",891,192,0,0,0,0,0,0,236942,59469,0
2012,"Fakultní nemocnice Ostrava","00843989","91009888","CZ0805","Léčebna pro dlouhodobě nemocné (LDN)",0,0,140,0,0,0,0,0,0,0,44105
2012,"Fakultní nemocnice Plzeň","00669806","44101000","CZ0323","Fakultní nemocnice",1492,178,0,0,0,0,10,0,375995,51158,3228
2012,"Fakultní nemocnice Plzeň","00669806","44117000","CZ0323","Léčebna pro dlouhodobě nemocné (LDN)",0,0,75,0,0,0,0,0,0,0,25729
2012,"Fakultní nemocnice u sv. Anny v Brně","00159816","72001000","CZ0642","Fakultní nemocnice",680,109,0,0,0,0,0,0,170094,31762,0
2012,"Fakultní nemocnice u sv. Anny v Brně","00159816","72056000","CZ0642","Odborné léčebné ústavy",0,0,0,0,115,0,0,0,0,0,35757
2012,"Fakultní nemocnice v Motole","00064203","05002000","CZ0100","Fakultní nemocnice",1435,373,0,0,0,0,0,0,323304,111831,0
2012,"Fakultní nemocnice v Motole","00064203","05434000","CZ0100","Léčebna pro dlouhodobě nemocné (LDN)",0,0,381,0,0,0,0,0,0,0,122352
2012,"GARC Kladno, s.r.o.,","27371794","22128000","CZ0203","Léčebna pro dlouhodobě nemocné (LDN)",0,0,112,0,40,0,0,0,0,0,53614
2012,"Gaudium Frýdek-Místek s.r.o.","26788799","86111000","CZ0802","Léčebna pro dlouhodobě nemocné (LDN)",0,0,0,60,0,0,0,0,0,0,20126
2012,"Gerontologické centrum","45250022","08299000","CZ0100","Léčebna pro dlouhodobě nemocné (LDN)",0,0,46,0,0,0,0,0,0,0,10435
2012,"GynCentrum, spol. s r.o.","45316783","09262000","CZ0100","Nemocnice",27,4,0,0,0,0,0,0,4664,1010,0
2012,"HOSPIC Frýdek-Místek, p.o.","72046546","86114000","CZ0802","LZ hospicového typu poskytující paliativní péči",0,0,0,0,0,30,0,0,0,0,3904
2012,"HOSPIC v MOSTĚ, o.p.s.","25419561","57623000","CZ0425","LZ hospicového typu poskytující paliativní péči",0,0,0,15,0,0,0,0,0,0,3445
2012,"HOSPIC ŠTRASBURK o.p.s.","61383457","08277000","CZ0100","LZ hospicového typu poskytující paliativní péči",0,0,0,0,0,55,0,0,0,0,12109
2012,"Hamzova odborná léčebna pro děti a dosp.","00183024","62901000","CZ0531","Odborné léčebné ústavy",0,0,0,40,465,0,0,0,0,0,162398
2012,"Hornická NsP - LDN","61325422","58105000","CZ0426","Léčebna pro dlouhodobě nemocné (LDN)",0,0,75,0,0,0,0,0,0,0,25737
2012,"Hospic Chrudim z.ú.","26625385","62421000","CZ0531","LZ hospicového typu poskytující paliativní péči",0,0,0,0,0,27,0,0,0,0,9721
2012,"Hospic na Svatém Kopečku","73634671","89163000","CZ0712","LZ hospicového typu poskytující paliativní péči",0,0,0,0,0,30,0,0,0,0,8970
2012,"Hospic sv. Alžběty o.p.s.","26604582","72058000","CZ0642","LZ hospicového typu poskytující paliativní péči",0,0,0,0,0,20,0,0,0,0,6347
2012,"Hospic sv. Jana N. Neumanna, o.p.s.","70853517","37106000","CZ0315","LZ hospicového typu poskytující paliativní péči",0,0,0,0,0,30,0,0,0,0,6381
2012,"Hospic sv. Štěpána, z.s.","65081374","55038000","CZ0423","LZ hospicového typu poskytující paliativní péči",0,0,0,0,0,26,0,0,0,0,5663
2012,"Hospic svatého Lazara","66361508","44107000","CZ0323","LZ hospicového typu poskytující paliativní péči",0,0,0,0,0,28,0,0,0,0,6876
2012,"Institut klin.a exper.medicíny v Praze","00023001","04002000","CZ0100","Fakultní nemocnice",193,111,0,0,0,0,0,0,53216,30763,0
2012,"Interna Zábřeh, s. r. o.","60774916","93203000","CZ0715","Nemocnice následné (ošetřovatelské) péče",0,0,0,32,0,0,0,0,0,0,7298
2012,"JESSENIA a.s. - Rehabilitační Nem.Beroun","26752051","21001000","CZ0202","Nemocnice",97,7,0,0,0,0,0,0,38091,3092,0
2012,"Jihomoravské dětské léčebny, p.o.","00386766","71103000","CZ0641","Odborné léčebné ústavy",0,0,0,0,40,0,0,0,0,0,12505
2012,"Jihomoravské dětské léčebny, p.o.","00386766","71105000","CZ0641","Odborné léčebné ústavy",0,0,0,0,42,0,0,0,0,0,10677
2012,"Jihomoravské dětské léčebny, p.o.","00386766","71108000","CZ0641","Odborné léčebné ústavy",0,0,0,0,30,0,0,0,0,0,7358
2012,"KARDIOLOGIE NA BULOVCE, s.r.o.","49679236","08075000","CZ0100","Nemocnice",12,0,0,0,0,0,0,0,4804,0,0
2012,"KZ, a.s. - Nemocnice Chomutov, o.z.","25488627","52111000","CZ0422","Léčebna pro dlouhodobě nemocné (LDN)",0,0,81,0,0,0,0,0,0,0,27135
2012,"KZ,a.s.-oddělení následné péče Most","25488627","57015000","CZ0425","Léčebna pro dlouhodobě nemocné (LDN)",0,0,106,7,0,0,0,0,0,0,35986
2012,"Karlovarská krajská nemocnice a.s.","26365804","42008000","CZ0412","Nemocnice",385,47,0,0,0,0,0,0,85321,10308,0
2012,"Karlovarská krajská nemocnice a.s.","26365804","42616000","CZ0412","Nemocnice následné (ošetřovatelské) péče",0,0,0,8,0,0,0,0,0,0,2109
2012,"Karlovarská krajská nemocnice a.s.-Cheb","26365804","42041000","CZ0411","Nemocnice",223,17,0,0,0,0,0,0,46617,4624,0
2012,"Karvinská hornická nemocnice a.s.","60793490","87013000","CZ0803","Nemocnice",128,17,0,0,0,0,0,0,31654,5297,0
2012,"Klatovská nemocnice, a.s.","26360527","43001000","CZ0322","Nemocnice",278,10,0,0,0,0,5,0,57739,3587,441
2012,"Klatovská nemocnice, a.s.","26360527","43006000","CZ0322","Léčebna pro dlouhodobě nemocné (LDN)",0,0,20,0,0,0,0,0,0,0,5397
2012,"Klinika Dr. Pírka s. r. o.","47540265","26007000","CZ0207","Nemocnice",47,6,0,0,0,0,0,0,10364,1552,0
2012,"Krajská nemocnice Liberec, a.s.","27283933","54100000","CZ0513","Nemocnice",734,94,0,0,0,0,0,0,169656,31959,0
2012,"Krajská nemocnice Liberec, a.s. - Turnov","27283933","67104000","CZ0514","Nemocnice",132,11,0,0,0,0,0,0,26250,2800,0
2012,"Krajská nemocnice Liberec, a.s. - Turnov","27283933","67174000","CZ0514","Léčebna pro dlouhodobě nemocné (LDN)",0,0,36,0,0,0,0,0,0,0,11232
2012,"Krajská nemocnice Liberec, a.s. Frýdlant","27283933","54209000","CZ0513","Léčebna pro dlouhodobě nemocné (LDN)",0,0,0,25,0,0,0,5,0,0,9684
2012,"Krajská nemocnice Liberec, a.s.- LDN","27283933","54103000","CZ0513","Léčebna pro dlouhodobě nemocné (LDN)",0,0,142,0,0,0,0,0,0,0,47486
2012,"Krajská nemocnice T. Bati, a. s.","27661989","82001000","CZ0724","Nemocnice",680,91,0,21,0,0,7,8,202957,25142,8569
2012,"Krajská nemocnice T. Bati, a. s.","27661989","82050000","CZ0724","Léčebna pro dlouhodobě nemocné (LDN)",0,0,115,0,0,0,0,0,0,0,37606
2012,"Krajská zdravotní, a.s.","25488627","59001000","CZ0427","Fakultní nemocnice",986,120,0,0,0,0,0,0,210265,30007,0
2012,"Krajská zdravotní, a.s.","25488627","59287000","CZ0427","Léčebna pro dlouhodobě nemocné (LDN)",0,0,115,0,0,0,0,0,0,0,38408
2012,"Krajská zdravotní, a.s.","25488627","59326000","CZ0427","Fakultní nemocnice",0,0,0,30,0,0,0,0,0,0,7093
2012,"Krajská zdravotní, a.s.-Nemoc.Děčín,o.z.","25488627","51100000","CZ0421","Nemocnice",259,27,0,22,0,0,0,0,55723,7494,3232
2012,"Krajská zdravotní, a.s.-Nemoc.Most,o.z.","25488627","57001000","CZ0425","Nemocnice",583,65,0,0,0,0,0,0,141551,18000,0
2012,"Krajská zdravotní,a.s.-N.Litoměřice,o.z.","25488627","55021000","CZ0423","Nemocnice",358,37,0,0,0,0,0,0,81548,7175,0
2012,"Krajská zdravotní,a.s.-N.Litoměřice,o.z.","25488627","55037000","CZ0423","Léčebna pro dlouhodobě nemocné (LDN)",0,0,130,0,0,0,0,0,0,0,42819
2012,"Krajská zdravotní,a.s.-Nem.Chomutov,o.z.","25488627","52110000","CZ0422","Nemocnice",366,46,0,0,0,0,0,0,76078,6235,0
2012,"Krajská zdravotní,a.s.-Nemocnice Teplice","25488627","58101000","CZ0426","Nemocnice",396,52,0,0,0,0,0,0,90772,10343,0
2012,"Krajská zdravotní,a.s.-Nemocnice Teplice","25488627","58106000","CZ0426","Léčebna pro dlouhodobě nemocné (LDN)",0,0,51,0,0,0,0,0,0,0,10524
2012,"Kroměřížská nemocnice a.s.","27660532","77001000","CZ0721","Nemocnice",413,34,0,0,0,0,0,0,92085,8906,0
2012,"Krušnohorská poliklinika s.r.o.","25030302","57622000","CZ0425","Nemocnice následné (ošetřovatelské) péče",0,0,0,30,0,0,0,0,0,0,20747
2012,"LRS Chvaly, o.p.s.","24805807","09514000","CZ0100","Odborné léčebné ústavy",0,0,0,0,50,0,0,0,0,0,14352
2012,"Levitovo centrum následné péče p.o.- LDN","00190217","63113000","CZ0522","Léčebna pro dlouhodobě nemocné (LDN)",0,0,110,0,0,0,0,0,0,0,31495
2012,"Lužická nemocnice a poliklinika, a.s.","61538990","51300000","CZ0421","Nemocnice",125,14,0,30,0,0,0,0,26664,3575,9700
2012,"Lázně Slatinice a.s.","25367757","89875000","CZ0712","Odborné léčebné ústavy",0,0,0,0,28,0,0,0,0,0,10031
2012,"Lázně Teplice nad Bečvou a.s.","45192570","92374000","CZ0714","Odborné léčebné ústavy",0,0,0,0,90,0,0,0,0,0,29901
2012,"Léčebna dlouhodobě nemocných","05212146","31093000","CZ020C","Léčebna pro dlouhodobě nemocné (LDN)",0,0,52,0,0,0,0,0,0,0,14848
2012,"Léčebna dlouhodobě nemocných Opočno","00191744","66232000","CZ0524","Léčebna pro dlouhodobě nemocné (LDN)",0,0,52,0,0,0,0,0,0,0,18043
2012,"Léčebna dlouhodobě nemocných Rybitví","00190560","65360000","CZ0532","Léčebna pro dlouhodobě nemocné (LDN)",0,0,105,0,0,0,0,0,0,0,34337
2012,"Léčebna dlouhodobě nemocných Vršovice","00879649","10499000","CZ0100","Léčebna pro dlouhodobě nemocné (LDN)",0,0,72,0,0,0,0,0,0,0,30998
2012,"Léčebna dlouhodobě nemocných na Vojkově","27256391","28015000","CZ0209","Léčebna pro dlouhodobě nemocné (LDN)",0,0,100,0,0,0,0,0,0,0,35628
2012,"Léčebna dlouhodobě nemocných v Praze 6","45243956","06372000","CZ0100","Léčebna pro dlouhodobě nemocné (LDN)",0,0,100,0,0,0,0,0,0,0,34518
2012,"Léčebna pro dlouhodobě nemocné HK","00180092","61358000","CZ0521","Léčebna pro dlouhodobě nemocné (LDN)",0,0,99,0,0,0,0,0,0,0,33357
2012,"Léčebna respiračních nemocí Cvikov,p.o.,","00673951","50213000","CZ0511","Odborné léčebné ústavy",0,0,0,0,72,0,0,0,0,0,24233
2012,"Léčebna respiračních nemocí Cvikov,p.o.,","00673951","50280000","CZ0511","Odborné léčebné ústavy",0,0,0,0,85,0,0,0,0,0,15816
2012,"Léčebna tuberkulozy a respiračních nem.","00512117","35010000","CZ0633","Odborné léčebné ústavy",0,0,0,0,80,0,0,0,0,0,19897
2012,"MEDI HELP s.r.o., Masarykovo sanatorium","46359443","30515000","CZ020B","Nemocnice následné (ošetřovatelské) péče",0,0,0,120,0,0,0,0,0,0,40638
2012,"MEDI HELP, S.R.O. MASARYKOVO SANATORIUM Dobříš","46359443","30503000","CZ020B","Léčebna pro dlouhodobě nemocné (LDN)",0,0,50,0,0,0,0,0,0,0,27402
2012,"MEDICINA, spol. s r.o. - LDN","49904035","56009000","CZ0424","Léčebna pro dlouhodobě nemocné (LDN)",0,0,82,0,0,0,0,0,0,0,30494
2012,"MEDICON Hospitals s.r.o.","25634691","04757000","CZ0100","Léčebna pro dlouhodobě nemocné (LDN)",0,0,30,78,0,0,0,0,0,0,34159
2012,"MEDITERRA - Sedlčany, s.r.o.","26429683","30529000","CZ020B","Nemocnice následné (ošetřovatelské) péče",0,0,0,34,0,0,0,0,0,0,10272
2012,"MEDITERRA Sedlčany s.r.o.","26429683","30520000","CZ020B","Nemocnice",53,4,0,0,0,0,0,0,13491,1296,0
2012,"MEDITERRA Sedlčany, s.r.o.  - NIP, DIOP","26429683","30530000","CZ020B","Samostatné lůžkové zařízení s péčí DIP, NIOP, NIP",0,0,0,0,0,0,14,0,0,0,7255
2012,"MEDITERRA s.r.o.","49686356","05522000","CZ0100","Samostatné lůžkové zařízení s péčí DIP, NIOP, NIP",0,0,0,0,0,0,21,0,0,0,6899
2012,"MEDITERRA s.r.o.","49686356","05523000","CZ0100","Odborné léčebné ústavy",0,0,0,0,142,0,0,0,0,0,27100
2012,"MEDITERRA s.r.o.","49686356","05656000","CZ0100","Nemocnice",20,3,0,0,0,0,0,0,647,209,0
2012,"MMN, a.s.","05421888","67101000","CZ0514","Nemocnice",79,9,0,0,0,0,0,0,20148,2609,0
2012,"MMN, a.s.","05421888","67102000","CZ0514","Nemocnice",191,13,0,0,0,0,0,0,33077,3359,0
2012,"MMN, a.s.","05421888","67171000","CZ0514","Léčebna pro dlouhodobě nemocné (LDN)",0,0,55,0,0,0,0,0,0,0,14329
2012,"MSCARE s.r.o.","28509480","10637000","CZ0100","Léčebna pro dlouhodobě nemocné (LDN)",0,0,42,0,0,0,0,0,0,0,13102
2012,"Masarykova nemocnice Rakovník s.r.o.","05212146","31001000","CZ020C","Nemocnice",207,17,0,0,0,0,0,0,42844,4197,0
2012,"Masarykův onkologický ústav","00209805","72931000","CZ0642","Nemocnice",228,16,0,0,0,0,0,0,61602,6183,0
2012,"MediCentrum Praha a.s.","64949486","04727000","CZ0100","Odborné léčebné ústavy",0,0,0,0,30,0,0,0,0,0,17135
2012,"Mulačova nemocnice s. r. o.","25202189","44105000","CZ0323","Nemocnice",160,12,0,0,0,0,0,0,32770,1387,0
2012,"Mělnická zdravotní, a.s.","27958639","25110000","CZ0206","Nemocnice",236,26,0,0,0,0,0,0,52680,6449,0
2012,"Mělnická zdravotní, a.s.","27958639","25119000","CZ0206","Nemocnice následné (ošetřovatelské) péče",0,0,0,93,0,0,0,0,0,0,26961
2012,"Městská nemocnice Městec Králové a.s.","26495015","27002000","CZ0208","Nemocnice",44,4,0,0,0,0,0,0,12946,1261,0
2012,"Městská nemocnice Městec Králové a.s.","26495015","27011000","CZ0208","Léčebna pro dlouhodobě nemocné (LDN)",0,0,140,0,0,0,0,0,0,0,42405
2012,"Městská nemocnice Městec Králové, a.s.","26495015","27015000","CZ0208","Samostatné lůžkové zařízení s péčí DIP, NIOP, NIP",0,0,0,0,0,0,10,6,0,0,6642
2012,"Městská nemocnice Ostrava","00635162","91001000","CZ0806","Nemocnice",620,71,0,0,0,0,0,0,168464,21239,0
2012,"Městská nemocnice Ostrava","00635162","91001680","CZ0806","Léčebna pro dlouhodobě nemocné (LDN)",0,0,94,56,0,0,0,0,0,0,46648
2012,"Městská nemocnice Slavičín","62181378","82052000","CZ0724","Léčebna pro dlouhodobě nemocné (LDN)",0,0,50,0,0,0,0,0,0,0,15640
2012,"Městská nemocnice následné péče","45245843","09004000","CZ0100","Nemocnice následné (ošetřovatelské) péče",0,0,0,128,0,0,0,0,0,0,42807
2012,"Městská nemocnice s pol. Uh. Brod, s.r.o","25583905","80020000","CZ0722","Léčebna pro dlouhodobě nemocné (LDN)",0,0,90,0,0,0,0,0,0,0,21420
2012,"Městská nemocnice v Odrách, p.o.","66183596","88005000","CZ0804","Nemocnice",34,4,75,0,0,0,0,0,9653,1050,19395
2012,"Městská nemocnice Čáslav","00873764","24200000","CZ0205","Nemocnice",159,10,0,0,0,0,0,0,37504,1939,0
2012,"Městská nemocnice Čáslav","00873764","24451000","CZ0205","Léčebna pro dlouhodobě nemocné (LDN)",0,0,30,0,0,0,0,0,0,0,12392
2012,"Městská nemocnice, a.s.","25262238","69002000","CZ0525","Nemocnice",109,7,0,0,0,0,0,0,28624,898,0
2012,"Městská nemocnice, a.s.","25262238","69005000","CZ0525","Nemocnice následné (ošetřovatelské) péče",0,0,0,50,0,0,0,0,0,0,14514
2012,"NEMOS PLUS s.r.o.","47714913","42638000","CZ0412","Nemocnice",0,0,0,0,0,0,14,0,0,0,7355
2012,"NH Hospital a.s. - Nemocnice Hořovice","27872963","21002000","CZ0202","Nemocnice",223,20,0,0,0,0,0,0,62345,7595,0
2012,"Nem. Milos. sester sv. Vincence de Paul","17809193","77910000","CZ0721","Léčebna pro dlouhodobě nemocné (LDN)",0,0,105,0,0,0,0,0,0,0,39724
2012,"Nem. násl. péče LDN Horažďovice, s.r.o.","26360870","43030000","CZ0322","Léčebna pro dlouhodobě nemocné (LDN)",0,0,140,0,0,0,0,0,0,0,46399
2012,"Nem.Mil.sester sv.K.Boromej.v Praze","73634085","01002000","CZ0100","Nemocnice",145,14,0,30,0,0,0,0,29979,3635,4685
2012,"Nem.Mil.sester sv.K.Boromej.v Praze","73634085","01475000","CZ0100","LZ hospicového typu poskytující paliativní péči",0,0,0,0,0,13,0,0,0,0,2502
2012,"Nemocnice  Prachatice, a.s. - LDN","26095165","37104000","CZ0315","Léčebna pro dlouhodobě nemocné (LDN)",0,0,25,0,0,0,0,0,0,0,8899
2012,"Nemocnice  Slaný","00875295","22102000","CZ0203","Nemocnice",254,20,0,40,0,0,0,0,65287,5570,9772
2012,"Nemocnice AGEL Jeseník a.s.","47973927","95202000","CZ0711","Nemocnice",121,5,0,0,0,0,0,0,25945,1261,0
2012,"Nemocnice AGEL Jeseník a.s.","47973927","95206000","CZ0711","Léčebna pro dlouhodobě nemocné (LDN)",0,0,30,0,0,0,0,0,0,0,9865
2012,"Nemocnice AGEL Louny a.s. - LDN","27332730","56012000","CZ0424","Léčebna pro dlouhodobě nemocné (LDN)",0,0,90,0,0,0,0,10,0,0,35578
2012,"Nemocnice AGEL Nový Jičín a.s.","25886207","88001000","CZ0804","Nemocnice",378,34,0,0,0,0,0,0,96658,11927,0
2012,"Nemocnice AGEL Nový Jičín a.s.","25886207","88014000","CZ0804","Léčebna pro dlouhodobě nemocné (LDN)",0,0,40,0,0,0,0,0,0,0,11483
2012,"Nemocnice AGEL Ostrava-Vítkovice a.s.","60793201","91950000","CZ0806","Nemocnice",364,38,0,0,0,0,0,0,70731,8862,0
2012,"Nemocnice AGEL Podhorská a.s.","47668989","85200000","CZ0801","Nemocnice",108,9,0,0,0,0,0,0,19721,2331,0
2012,"Nemocnice AGEL Podhorská a.s.","47668989","85291000","CZ0801","Nemocnice následné (ošetřovatelské) péče",0,0,0,40,0,0,0,0,0,0,7937
2012,"Nemocnice AGEL Třinec-Podlesí a.s.","48401129","86106000","CZ0802","Nemocnice",113,38,0,0,0,0,0,0,26576,8764,0
2012,"Nemocnice AGEL Valašské Meziříčí a.s.","26822105","94102000","CZ0723","Nemocnice",200,23,0,0,0,0,0,0,57059,6297,0
2012,"Nemocnice AGEL Valašské Meziříčí a.s.","26822105","94220000","CZ0723","Léčebna pro dlouhodobě nemocné (LDN)",0,0,78,0,0,0,0,0,0,0,29320
2012,"Nemocnice AGEL Český Těšín a.s.","25897551","87029000","CZ0803","Nemocnice",31,0,59,34,0,0,0,0,10897,0,16484
2012,"Nemocnice AGEL Říčany a.s.","27365867","28003000","CZ0209","Nemocnice",61,4,0,0,0,0,0,0,14611,1249,0
2012,"Nemocnice AGEL Říčany a.s.","27365867","28658000","CZ0209","Léčebna pro dlouhodobě nemocné (LDN)",0,0,30,0,0,0,0,0,0,0,10421
2012,"Nemocnice Beroun - LDN","26752051","21003000","CZ0202","Léčebna pro dlouhodobě nemocné (LDN)",0,0,42,0,0,0,0,0,0,0,15754
2012,"Nemocnice Blansko","00386634","71101000","CZ0641","Nemocnice",153,12,0,0,0,0,0,0,48735,4279,0
2012,"Nemocnice Blansko","00386634","71110000","CZ0641","Léčebna pro dlouhodobě nemocné (LDN)",0,0,30,0,0,0,0,0,0,0,10446
2012,"Nemocnice Boskovice s.r.o.","26925974","71113000","CZ0641","Nemocnice",226,24,0,0,0,0,0,0,58698,7786,0
2012,"Nemocnice Břeclav, p. o.","00390780","74001000","CZ0644","Nemocnice",395,46,0,0,0,0,0,0,102547,10166,0
2012,"Nemocnice Dačice, a.s.","28113195","34013000","CZ0313","Léčebna pro dlouhodobě nemocné (LDN)",0,0,56,0,0,0,0,0,0,0,15660
2012,"Nemocnice Frýdlant s.r.o.","47311576","54200000","CZ0513","Nemocnice",86,10,0,0,0,0,0,0,18455,2242,0
2012,"Nemocnice Havlíčkův Brod, přísp. org.","00179540","60001000","CZ0631","Nemocnice",448,43,0,0,0,0,0,0,117261,11437,0
2012,"Nemocnice Havlíčkův Brod, přísp. org.","00179540","60223000","CZ0631","Léčebna pro dlouhodobě nemocné (LDN)",0,0,44,0,0,0,0,0,0,0,17044
2012,"Nemocnice Havířov, příspěv. organizace","00844896","87004000","CZ0803","Nemocnice",358,36,0,0,0,0,0,0,94659,10412,0
2012,"Nemocnice Havířov, příspěv. organizace","00844896","87054000","CZ0803","Léčebna pro dlouhodobě nemocné (LDN)",0,0,30,0,0,0,0,0,0,0,9085
2012,"Nemocnice Hranice a.s.","47677406","92002000","CZ0714","Nemocnice",111,15,0,0,0,0,0,0,27612,3437,0
2012,"Nemocnice Hranice a.s.","47677406","92283000","CZ0714","Léčebna pro dlouhodobě nemocné (LDN)",0,0,80,0,0,0,0,0,0,0,28412
2012,"Nemocnice Hustopeče p.o.","04212029","74022000","CZ0644","Nemocnice",50,6,0,70,0,0,0,0,15747,1570,20783
2012,"Nemocnice Ivančice, příspěvková organiz.","00225827","73303000","CZ0643","Léčebna pro dlouhodobě nemocné (LDN)",0,0,60,0,0,0,0,0,0,0,21244
2012,"Nemocnice Ivančice,příspěvková organiz.","00225827","73003000","CZ0643","Nemocnice",151,10,0,0,0,0,0,0,40769,3480,0
2012,"Nemocnice Jablonec n. N., p.o.","00829838","53201000","CZ0512","Nemocnice",273,31,0,0,0,0,0,0,77311,8973,0
2012,"Nemocnice Jablonec n. N.. p. o.","00829838","53212000","CZ0512","Léčebna pro dlouhodobě nemocné (LDN)",0,0,0,30,0,0,0,0,0,0,10336
2012,"Nemocnice Jablonec nad Nisou  MUDR. Vít NĚMEČEK, MBA","00829838","53213000","CZ0512","Léčebna pro dlouhodobě nemocné (LDN)",0,0,0,37,0,0,0,0,0,0,13232
2012,"Nemocnice Jihlava, p. o.","00090638","76001000","CZ0632","Nemocnice",624,56,0,0,0,0,0,0,126164,12203,0
2012,"Nemocnice Jihlava,příspěvková organizace","00090638","76002000","CZ0632","Léčebna pro dlouhodobě nemocné (LDN)",0,0,0,75,0,10,0,0,0,0,20219
2012,"Nemocnice Jindřichův Hradec, a.s.","26095157","34001000","CZ0313","Nemocnice",290,30,0,0,0,0,0,0,62695,6502,0
2012,"Nemocnice Jindřichův Hradec, a.s.","26095157","34011000","CZ0313","Léčebna pro dlouhodobě nemocné (LDN)",0,0,52,0,0,0,0,0,0,0,15901
2012,"Nemocnice Kadaň, s.r.o.","25479300","52120000","CZ0422","Nemocnice",179,13,0,0,0,0,0,0,39101,2039,0
2012,"Nemocnice Kadaň, s.r.o.","25479300","52121000","CZ0422","Léčebna pro dlouhodobě nemocné (LDN)",0,0,30,0,0,0,0,0,0,0,9208
2012,"Nemocnice Karviná - Ráj, příspěvková org","00844853","87001000","CZ0803","Nemocnice",346,42,100,0,0,0,10,5,84684,10343,23152
2012,"Nemocnice Kyjov, příspěvková organizace","00226912","75002000","CZ0645","Nemocnice",403,35,0,0,0,0,0,0,120092,11812,1257
2012,"Nemocnice Kyjov, příspěvková organizace","00226912","75007000","CZ0645","Nemocnice následné (ošetřovatelské) péče",0,0,0,48,0,0,0,0,0,0,14353
2012,"Nemocnice Letovice p.o.","00387134","71107000","CZ0641","Léčebna pro dlouhodobě nemocné (LDN)",0,0,120,0,0,0,0,0,0,0,43601
2012,"Nemocnice Mariánské Lázně s.r.o.","26376709","41003000","CZ0411","Nemocnice",83,4,0,0,0,0,0,0,17294,1144,0
2012,"Nemocnice Mariánské Lázně s.r.o.","26376709","41191000","CZ0411","Nemocnice následné (ošetřovatelské) péče",0,0,0,40,0,0,0,0,0,0,12358
2012,"Nemocnice Milosrdných bratří, p.o.","48512478","72048000","CZ0642","Nemocnice",216,18,0,0,0,0,0,0,65792,5481,0
2012,"Nemocnice Milosrdných bratří, p.o.","48512478","72052000","CZ0642","Léčebna pro dlouhodobě nemocné (LDN)",0,0,243,0,0,0,0,0,0,0,79835
2012,"Nemocnice Měšice - CIOP, z.s.","65401921","28004000","CZ0209","Nemocnice následné (ošetřovatelské) péče",0,0,0,80,0,0,0,0,0,0,33362
2012,"Nemocnice Na Františku","00879444","01003000","CZ0100","Nemocnice",171,20,0,0,0,0,0,0,37275,4739,0
2012,"Nemocnice Na Františku","00879444","01311000","CZ0100","Léčebna pro dlouhodobě nemocné (LDN)",0,0,26,0,0,0,0,0,0,0,9451
2012,"Nemocnice Na Homolce","00023884","05004000","CZ0100","Fakultní nemocnice",217,129,0,0,0,0,0,0,62491,37876,0
2012,"Nemocnice Na Pleši s.r.o.","27207064","30006000","CZ020B","Nemocnice",91,6,0,0,0,0,0,0,11286,919,0
2012,"Nemocnice Na Pleši s.r.o.","27207064","30522000","CZ020B","Odborné léčebné ústavy",0,0,0,0,105,0,0,0,0,0,31905
2012,"Nemocnice Na Pleši s.r.o.","27207064","30605000","CZ020B","Nemocnice následné (ošetřovatelské) péče",0,0,0,30,0,0,0,0,0,0,4815
2012,"Nemocnice Nové Město na Moravě, p. o.","00842001","84231000","CZ0635","Nemocnice",394,35,0,0,0,0,0,0,88387,8531,0
2012,"Nemocnice Nové Město na Moravě, p. o.","00842001","84425000","CZ0635","Léčebna pro dlouhodobě nemocné (LDN)",0,0,70,0,0,0,0,0,0,0,20208
2012,"Nemocnice Nymburk s.r.o.","28762886","27001000","CZ0208","Nemocnice",159,11,0,0,0,0,0,0,38101,3529,0
2012,"Nemocnice Ostrov s.r.o.","47714913","42010000","CZ0412","Nemocnice",172,10,0,0,0,0,0,0,43092,2794,2057
2012,"Nemocnice Ostrov s.r.o.","47714913","42452000","CZ0412","Léčebna pro dlouhodobě nemocné (LDN)",0,0,57,0,0,0,0,0,0,0,13288
2012,"Nemocnice Ostrov s.r.o.","47714913","42639000","CZ0412","Nemocnice",0,0,0,0,0,0,0,14,0,0,5607
2012,"Nemocnice Pardubického kraje, a.s.","27520536","62001000","CZ0531","Nemocnice",249,29,0,0,0,0,10,0,63072,7318,2696
2012,"Nemocnice Pardubického kraje, a.s.","27520536","62002000","CZ0531","Léčebna pro dlouhodobě nemocné (LDN)",0,0,89,0,0,0,0,10,0,0,25621
2012,"Nemocnice Pardubického kraje, a.s.","27520536","65001000","CZ0532","Nemocnice",787,80,0,0,0,0,0,0,172975,15784,0
2012,"Nemocnice Pardubického kraje, a.s.","27520536","65361000","CZ0532","Léčebna pro dlouhodobě nemocné (LDN)",0,0,66,0,0,0,0,0,0,0,19957
2012,"Nemocnice Pardubického kraje, a.s.","27520536","68001000","CZ0533","Nemocnice",239,14,0,0,0,0,0,0,53784,4537,0
2012,"Nemocnice Pardubického kraje, a.s.","27520536","68002000","CZ0533","Nemocnice",234,20,0,0,0,0,0,0,52485,5400,0
2012,"Nemocnice Pardubického kraje, a.s.","27520536","68011000","CZ0533","Léčebna pro dlouhodobě nemocné (LDN)",0,0,23,0,0,0,0,0,0,0,7881
2012,"Nemocnice Pardubického kraje, a.s.","27520536","68012000","CZ0533","Léčebna pro dlouhodobě nemocné (LDN)",0,0,40,0,0,0,0,0,0,0,12267
2012,"Nemocnice Pardubického kraje, a.s.","27520536","70001000","CZ0534","Nemocnice",306,26,0,0,0,0,0,0,70423,7167,0
2012,"Nemocnice Pelhřimov, příspěvková org.","00511951","35001000","CZ0633","Nemocnice",279,25,0,0,0,0,0,0,67056,6466,0
2012,"Nemocnice Pelhřimov, příspěvková org.","00511951","35040000","CZ0633","Léčebna pro dlouhodobě nemocné (LDN)",0,0,46,0,0,0,0,0,0,0,15104
2012,"Nemocnice Počátky, s.r.o.","26216701","35043000","CZ0633","Léčebna pro dlouhodobě nemocné (LDN)",0,0,120,0,0,0,0,0,0,0,35315
2012,"Nemocnice Prachatice, a.s.","26095165","37101000","CZ0315","Nemocnice",151,9,0,0,0,0,0,0,32836,2665,0
2012,"Nemocnice Písek, a.s.","26095190","36101000","CZ0314","Nemocnice",327,45,0,0,0,0,0,5,71588,10198,767
2012,"Nemocnice Písek, a.s.","26095190","36102000","CZ0314","Léčebna pro dlouhodobě nemocné (LDN)",0,0,36,0,0,0,0,0,0,0,10496
2012,"Nemocnice Roudnice nad Labem s.r.o.","25443801","55039000","CZ0423","Nemocnice",146,8,0,0,0,0,0,0,29166,2327,0
2012,"Nemocnice Roudnice nad Labem s.r.o.","25443801","55040000","CZ0423","Léčebna pro dlouhodobě nemocné (LDN)",0,0,43,0,0,0,0,0,0,0,13185
2012,"Nemocnice Roudnice nad Labem s.r.o.","25443801","55044000","CZ0423","Nemocnice následné (ošetřovatelské) péče",0,0,0,28,0,0,0,0,0,0,8547
2012,"Nemocnice Rudolfa a Stefanie Benešov,a.s","27253236","20101000","CZ0201","Nemocnice",298,31,0,58,0,0,0,0,73149,7551,18317
2012,"Nemocnice Sokolov s.r.o.","24747246","48008000","CZ0413","Nemocnice",252,26,0,0,0,0,0,0,58457,8040,0
2012,"Nemocnice Sokolov s.r.o.","24747246","48009000","CZ0413","Léčebna pro dlouhodobě nemocné (LDN)",0,0,50,0,0,0,0,0,0,0,17166
2012,"Nemocnice Strakonice, a.s.","26095181","38001000","CZ0316","Nemocnice",264,20,0,0,0,0,0,0,56860,4784,0
2012,"Nemocnice Strakonice, a.s.","26095181","38005001","CZ0316","Léčebna pro dlouhodobě nemocné (LDN)",0,0,36,0,0,0,0,5,0,0,11295
2012,"Nemocnice Sv. Kříže Žižkov, s.r.o.","47124733","03324000","CZ0100","Nemocnice následné (ošetřovatelské) péče",0,0,0,67,0,0,0,0,0,0,20298
2012,"Nemocnice Sv. Kříže Žižkov, s.r.o.","47124733","03325000","CZ0100","Samostatné lůžkové zařízení s péčí DIP, NIOP, NIP",0,0,0,0,0,0,0,10,0,0,2020
2012,"Nemocnice TGM Hodonín, příspěvková org.","00226637","75001000","CZ0645","Nemocnice",133,24,0,0,0,0,0,0,39033,7880,0
2012,"Nemocnice TGM Hodonín, příspěvková org.","00226637","75008000","CZ0645","Nemocnice následné (ošetřovatelské) péče",0,0,0,43,0,0,0,0,0,0,11817
2012,"Nemocnice Tanvald s.r.o. POSKOČIL Robert Ing.","63145766","53287000","CZ0512","Nemocnice",0,0,0,0,0,0,15,0,0,0,8692
2012,"Nemocnice Tanvald, s. r. o.","63145766","53208000","CZ0512","Nemocnice následné (ošetřovatelské) péče",0,0,0,30,0,0,0,8,0,0,10621
2012,"Nemocnice Tanvald, s.r.o","63145766","53286000","CZ0512","Nemocnice",18,3,0,0,0,0,0,0,5673,699,0
2012,"Nemocnice Tišnov, příspěvková organizace","44947909","73005000","CZ0643","Sdružení ambulantních zařízení",40,5,0,0,0,0,0,0,11432,1521,0
2012,"Nemocnice Tišnov,příspěvková organizace","44947909","73007000","CZ0643","Léčebna pro dlouhodobě nemocné (LDN)",0,0,48,0,0,0,0,0,0,0,16209
2012,"Nemocnice Tábor, a.s.","26095203","39001000","CZ0317","Nemocnice",397,31,0,0,0,0,0,0,95231,8442,0
2012,"Nemocnice Tábor, a.s.","26095203","39007000","CZ0317","Léčebna pro dlouhodobě nemocné (LDN)",0,0,69,0,0,0,0,0,0,0,23838
2012,"Nemocnice Třebotov a.s.","28061543","29003000","CZ020A","Léčebna pro dlouhodobě nemocné (LDN)",0,0,75,0,0,0,0,0,0,0,25252
2012,"Nemocnice Třebíč, příspěvková organizace","00839396","79001000","CZ0634","Nemocnice",428,40,0,0,0,0,0,0,104975,9648,0
2012,"Nemocnice Třebíč, příspěvková organizace","00839396","79002000","CZ0634","Léčebna pro dlouhodobě nemocné (LDN)",0,0,80,0,0,0,0,0,0,0,15466
2012,"Nemocnice Třebíč, příspěvková organizace","00839396","79003000","CZ0634","Nemocnice následné (ošetřovatelské) péče",0,0,47,0,0,0,0,5,0,0,16611
2012,"Nemocnice Třinec, příspěvková organizace","00534242","86102000","CZ0802","Nemocnice",305,32,0,20,0,0,0,0,83354,8810,3095
2012,"Nemocnice Valtice s.r.o.","63488329","74021000","CZ0644","Léčebna pro dlouhodobě nemocné (LDN)",0,0,164,0,0,0,0,0,0,0,57391
2012,"Nemocnice Varnsdorf- LDN","49888498","51303000","CZ0421","Léčebna pro dlouhodobě nemocné (LDN)",0,0,100,0,0,0,0,0,0,0,28798
2012,"Nemocnice Volyně s.r.o.","25155946","38033001","CZ0316","Léčebna pro dlouhodobě nemocné (LDN)",0,0,66,0,0,0,0,0,0,0,16612
2012,"Nemocnice Vrchlabí, s.r.o.","64827232","69003000","CZ0525","Nemocnice",94,5,0,0,0,0,0,0,14894,1788,0
2012,"Nemocnice Vrchlabí, s.r.o.","64827232","69008000","CZ0525","Nemocnice následné (ošetřovatelské) péče",0,0,0,40,0,0,0,0,0,0,7506
2012,"Nemocnice Vršovice a.s.","28971906","10693000","CZ0100","Odborné léčebné ústavy",0,0,0,0,20,0,0,0,0,0,1784
2012,"Nemocnice Vyškov, příspěvková organizace","00839205","81001000","CZ0646","Nemocnice",302,26,90,0,0,0,0,0,99955,8366,26246
2012,"Nemocnice Znojmo,příspěvková organizace","00092584","83001000","CZ0647","Nemocnice",450,34,0,0,0,0,0,0,109305,8054,0
2012,"Nemocnice Znojmo,příspěvková organizace","00092584","83002000","CZ0647","Léčebna pro dlouhodobě nemocné (LDN)",0,0,115,0,0,0,0,0,0,0,39480
2012,"Nemocnice následné péče Moravská Třebová","00193895","68013000","CZ0533","Léčebna pro dlouhodobě nemocné (LDN)",0,0,80,0,0,0,0,0,0,0,24012
2012,"Nemocnice následné péče Praha s.r.o.","45789924","06408000","CZ0100","Léčebna pro dlouhodobě nemocné (LDN)",0,0,85,0,0,0,0,0,0,0,28761
2012,"Nemocnice následné péče Svatá Anna,s.r.o","26360896","49008000","CZ0327","Léčebna pro dlouhodobě nemocné (LDN)",0,0,90,0,0,0,0,0,0,0,27379
2012,"Nemocnice následné péče VIA, s.r.o.","02390221","51262000","CZ0421","Léčebna pro dlouhodobě nemocné (LDN)",0,0,100,0,0,0,0,0,0,0,55436
2012,"Nemocnice následné péče s pol. Lom. n/P","00854875","67130000","CZ0514","Léčebna pro dlouhodobě nemocné (LDN)",0,0,0,59,0,0,0,0,0,0,20976
2012,"Nemocnice s poliklinikou Česká Lípa a.s.","27283518","50292000","CZ0511","Léčebna pro dlouhodobě nemocné (LDN)",0,0,122,0,0,0,0,0,0,0,30353
2012,"Nemocnice s poliklinikou Česká Lípa,a.s.","27283518","50100000","CZ0511","Nemocnice",347,28,0,0,0,0,0,6,66956,7978,547
2012,"Nemocnice sv. Alžběty Na Slupi, s.r.o.","07579969","02259000","CZ0100","Léčebna pro dlouhodobě nemocné (LDN)",0,0,89,0,0,0,0,0,0,0,33020
2012,"Nemocnice sv.Zdislavy,a.s.","25542681","84427000","CZ0635","Nemocnice",40,6,0,0,0,0,0,0,12733,1421,0
2012,"Nemocnice sv.Zdislavy,a.s.","25542681","84428000","CZ0635","Léčebna pro dlouhodobě nemocné (LDN)",0,0,80,0,0,0,0,0,0,0,19893
2012,"Nemocnice u Sv. Jiří s. r. o.","49786954","44613000","CZ0323","Nemocnice",28,5,0,0,0,0,0,0,1548,1070,0
2012,"Nemocnice ve Frýdku-Místku, přís. organ.","00534188","86101000","CZ0802","Nemocnice",347,34,0,32,0,0,0,0,92251,10875,7960
2012,"Nemocnice České Budějovice, a.s.","26068877","32006000","CZ0311","Nemocnice",1029,172,0,0,0,0,0,0,255418,40774,0
2012,"Nemocnice České Budějovice, a.s.","26068877","32067000","CZ0311","Léčebna pro dlouhodobě nemocné (LDN)",0,0,237,0,0,0,0,0,0,0,74753
2012,"Nemocnice České Budějovice, a.s.","26068877","32070000","CZ0311","Odborné léčebné ústavy",0,0,0,0,50,0,0,0,0,0,9139
2012,"Nemocnice Český Krumlov, a.s.","26095149","33100000","CZ0312","Nemocnice",169,14,0,0,0,0,0,0,40256,3840,0
2012,"Nemocnice Český Krumlov, a.s.","26095149","33103000","CZ0312","Léčebna pro dlouhodobě nemocné (LDN)",0,0,88,0,0,0,0,0,0,0,31347
2012,"Nemocnice Šumperk a.s.","47682795","93008000","CZ0715","Nemocnice následné (ošetřovatelské) péče",0,0,0,57,0,0,0,0,0,0,22299
2012,"Nemocnice Šumperk a.s.","47682795","93201000","CZ0715","Nemocnice",375,31,0,0,0,0,0,0,94626,8305,0
2012,"Nemocnice Žatec, o.p.s.","25026259","56007000","CZ0424","Nemocnice",127,11,0,0,0,0,0,0,30353,2177,0
2012,"Nemocnice Žatec, o.p.s. - LDN","25026259","56010000","CZ0424","Léčebna pro dlouhodobě nemocné (LDN)",0,0,50,0,0,0,0,0,0,0,14163
2012,"Neurologie, s.r.o. - léč. dlouh. nem.","49900391","51276000","CZ0421","Odborné léčebné ústavy",0,0,20,0,0,0,0,0,0,0,7031
2012,"Národní ústav duševního zdraví","00023752","08002000","CZ0209","Nemocnice",51,0,0,0,0,0,0,0,14100,0,0
2012,"OLÚ Metylovice-Moravskosl. sanator.,p.o.","00534200","86404000","CZ0802","Odborné léčebné ústavy",0,0,0,0,62,0,0,0,0,0,8450
2012,"ORTHES, spol. s r.o.","60718048","94125000","CZ0723","Nemocnice",10,3,0,0,0,0,0,0,3228,637,0
2012,"ORTO - REHA, s.r.o.","29032806","08439000","CZ0100","Nemocnice",20,0,0,0,0,0,0,0,6011,0,0
2012,"Oblastní charita ČK - HOSPIC A. České","48623814","64306000","CZ0523","LZ hospicového typu poskytující paliativní péči",0,0,0,0,0,30,0,0,0,0,8972
2012,"Oblastní charita Červený Kostelec","48623814","69007000","CZ0525","Nemocnice následné (ošetřovatelské) péče",0,0,0,28,0,0,0,0,0,0,7472
2012,"Oblastní nemocnice Jičín a.s.","26001551","63101000","CZ0522","Nemocnice",342,22,0,0,0,0,0,0,83891,7438,0
2012,"Oblastní nemocnice Jičín a.s.","26001551","63112000","CZ0521","Léčebna pro dlouhodobě nemocné (LDN)",0,0,95,51,0,0,0,0,0,0,47017
2012,"Oblastní nemocnice Kladno, a.s.,","27256537","22101000","CZ0203","Nemocnice",513,54,0,0,0,0,0,0,158370,19957,0
2012,"Oblastní nemocnice Kolín, a.s.","27256391","23100000","CZ0204","Odborné léčebné ústavy",0,0,0,0,20,0,0,0,0,0,5839
2012,"Oblastní nemocnice Kolín, a.s.","27256391","23101000","CZ0204","Nemocnice",566,54,0,0,0,0,0,0,135386,17201,0
2012,"Oblastní nemocnice Kolín, a.s.","27256391","23200000","CZ0205","Léčebna pro dlouhodobě nemocné (LDN)",0,0,82,0,0,0,0,0,0,0,37715
2012,"Oblastní nemocnice Mladá Boleslav, a. s.","27256456","26001000","CZ0207","Nemocnice",466,52,0,0,0,0,0,0,106996,16482,0
2012,"Oblastní nemocnice Mladá Boleslav, a.s.","27256456","26012000","CZ0207","Léčebna pro dlouhodobě nemocné (LDN)",0,0,128,0,0,0,0,0,0,0,37377
2012,"Oblastní nemocnice Náchod a.s.","26000202","64001000","CZ0523","Nemocnice",404,23,0,0,0,0,0,0,86698,7718,0
2012,"Oblastní nemocnice Náchod a.s.","26000202","64007000","CZ0523","Léčebna pro dlouhodobě nemocné (LDN)",0,0,83,90,0,0,0,0,0,0,44465
2012,"Oblastní nemocnice Příbram, a. s.","27085031","30601000","CZ020B","Nemocnice následné (ošetřovatelské) péče",0,0,0,30,0,0,0,0,0,0,10151
2012,"Oblastní nemocnice Příbram, a. s.","27085031","30602000","CZ020B","Léčebna pro dlouhodobě nemocné (LDN)",0,0,30,0,0,0,0,0,0,0,10684
2012,"Oblastní nemocnice Příbram, a.s.","27085031","30531000","CZ020B","Nemocnice",437,41,0,0,0,0,0,0,85591,10083,0
2012,"Oblastní nemocnice Rychnov n/Kněžnou a.s","25999249","66001000","CZ0524","Nemocnice",223,15,0,0,0,0,0,0,46967,3947,0
2012,"Oblastní nemocnice Rychnov n/Kněžnou a.s","25999249","66001300","CZ0524","Nemocnice následné (ošetřovatelské) péče",0,0,0,31,0,0,0,0,0,0,11720
2012,"Oblastní nemocnice Trutnov a.s.","26000237","69001000","CZ0525","Nemocnice",296,19,0,0,0,0,0,0,66675,3552,0
2012,"Oblastní spolek ČČK Mladá Boleslav","00425788","26014000","CZ0207","Nemocnice následné (ošetřovatelské) péče",0,0,0,15,0,0,0,0,0,0,5437
2012,"Odborný lečebný ústav Paseka, p.o.","00849081","89316000","CZ0712","Léčebna pro dlouhodobě nemocné (LDN)",0,0,135,0,0,0,0,0,0,0,54828
2012,"Odborný léčebný ústav Jevíčko","00193976","68005000","CZ0533","Odborné léčebné ústavy",0,0,0,0,176,0,0,0,0,0,60185
2012,"Odborný léčebný ústav Paseka, p.o.","00849081","89723000","CZ0712","Odborné léčebné ústavy",0,0,0,0,193,0,0,0,0,0,56337
2012,"Odborný léčebný ústav neurologicko-geriatrický Moravský Beroun, p.o.","00600946","89199000","CZ0712","Léčebna pro dlouhodobě nemocné (LDN)",0,0,118,0,0,0,0,10,0,0,36452
2012,"Olivova dětská léčebna, o.p.s.","25689371","28005000","CZ0209","Odborné léčebné ústavy",0,0,0,0,108,0,0,0,0,0,10442
2012,"Ošetřovatelská lůžka","05212146","31110000","CZ020C","Nemocnice následné (ošetřovatelské) péče",0,0,0,16,0,0,0,0,0,0,5783
2012,"PATEB s.r.o.","26940281","79591000","CZ0634","Odborné léčebné ústavy",0,0,0,0,45,0,0,0,0,0,19693
2012,"PP Hospitals, s.r.o.","26085011","28002000","CZ0209","Nemocnice",108,10,0,0,0,0,0,0,17731,2970,0
2012,"PP Hospitals, s.r.o.","26085011","28660000","CZ0209","Léčebna pro dlouhodobě nemocné (LDN)",0,0,35,0,0,0,0,0,0,0,15964
2012,"PRIVAMED a.s.","46885251","44103000","CZ0323","Nemocnice",155,12,0,0,0,0,0,0,43347,2486,0
2012,"PRIVAMED a.s.","46885251","44106000","CZ0323","Léčebna pro dlouhodobě nemocné (LDN)",0,0,190,0,0,0,0,10,0,0,87497
2012,"PRVNÍ PRIVÁTNÍ CHIRURGICKÉ CENTRUM spol.","49813692","61303000","CZ0521","Nemocnice",47,8,0,0,0,0,0,0,7664,619,0
2012,"Poliklinika Prosek a.s.","28495306","09362000","CZ0100","Nemocnice následné (ošetřovatelské) péče",0,0,0,20,0,0,0,0,0,0,8354
2012,"Poličská nemocnice, s.r.o.","25296094","68019000","CZ0533","Léčebna pro dlouhodobě nemocné (LDN)",0,0,120,0,0,0,0,0,0,0,44910
2012,"Psychiatric. nemocnice Marianny Oranžské","00851388","95020000","CZ0711","Odborné léčebné ústavy",0,0,0,0,150,0,0,0,0,0,48416
2012,"Psychiatrická léčebna Lnáře","00668168","38002000","CZ0316","Odborné léčebné ústavy",0,0,0,0,70,0,0,0,0,0,22914
2012,"Psychiatrická léčebna Petrohrad, p.o.","00829137","56005000","CZ0424","Odborné léčebné ústavy",0,0,0,0,150,0,0,0,0,0,35007
2012,"Psychiatrická léčebna Červený Dvůr","00583600","33200000","CZ0312","Odborné léčebné ústavy",0,0,0,0,103,0,0,0,0,0,38578
2012,"Psychiatrická léčebna Šternberk","00843954","89303000","CZ0712","Odborné léčebné ústavy",0,0,0,0,520,0,0,0,0,0,151352
2012,"Psychiatrická nemocnice Bohnice","00064220","08005000","CZ0100","Odborné léčebné ústavy",0,0,0,0,1291,0,0,0,0,0,396784
2012,"Psychiatrická nemocnice Bohnice","00064220","08279000","CZ0100","Léčebna pro dlouhodobě nemocné (LDN)",0,0,63,0,0,0,0,0,0,0,26248
2012,"Psychiatrická nemocnice Brno","00160105","72935000","CZ0642","Odborné léčebné ústavy",0,0,0,0,841,0,0,0,0,0,255976
2012,"Psychiatrická nemocnice Havlíčkův Brod","00179230","60006000","CZ0631","Odborné léčebné ústavy",0,0,0,0,750,0,0,0,0,0,203829
2012,"Psychiatrická nemocnice Horní Beřkovice","00673552","55024000","CZ0423","Odborné léčebné ústavy",0,0,0,0,507,0,0,0,0,0,168743
2012,"Psychiatrická nemocnice Jihlava","00600601","76021000","CZ0632","Odborné léčebné ústavy",0,0,0,0,520,0,0,0,0,0,125559
2012,"Psychiatrická nemocnice Kosmonosy","00068691","26003000","CZ0207","Odborné léčebné ústavy",0,0,0,0,600,0,0,0,0,0,135192
2012,"Psychiatrická nemocnice Písek a.s.","28092732","36896000","CZ0314","Odborné léčebné ústavy",0,0,0,0,57,0,0,0,0,0,19449
2012,"Psychiatrická nemocnice v Dobřanech","00669792","45901000","CZ0324","Odborné léčebné ústavy",0,0,0,0,1210,0,0,0,0,0,352726
2012,"Psychiatrická nemocnice v Kroměříži","00567914","77951000","CZ0721","Odborné léčebné ústavy",0,0,0,0,1050,0,0,0,0,0,310796
2012,"Psychiatrická nemocnice v Opavě","00844004","90224000","CZ0805","Odborné léčebné ústavy",0,0,0,0,872,0,0,0,0,0,299061
2012,"REHAMEDICA Žacléř, a. s.","27550176","69004000","CZ0525","Nemocnice",51,0,0,0,0,0,0,0,19706,0,0
2012,"RHG spol. s r. o.","61852287","29004000","CZ020A","Léčebna pro dlouhodobě nemocné (LDN)",0,0,0,77,0,0,0,0,0,0,26383
2012,"RHG spol. s.r.o.","61852287","25211000","CZ0206","Nemocnice následné (ošetřovatelské) péče",0,0,0,132,0,0,0,0,0,0,33377
2012,"Rehabilit.ústav pro cévní choroby mozk.","49813447","60190000","CZ0631","Odborné léčebné ústavy",0,0,0,0,39,0,0,0,0,0,14141
2012,"Rehabilitační centrum Čeladná s.r.o.","25868951","86110000","CZ0802","Odborné léčebné ústavy",0,0,0,0,221,0,0,0,0,0,67323
2012,"Rehabilitační ústav Brandýs nad Orlicí","00853879","70012000","CZ0534","Odborné léčebné ústavy",0,0,0,0,170,0,0,0,0,0,54567
2012,"Rehabilitační ústav Hrabyně","00601233","90158000","CZ0805","Odborné léčebné ústavy",0,0,0,0,373,0,0,0,0,0,136562
2012,"Rehabilitační ústav Kladruby","00068705","20105000","CZ0201","Odborné léčebné ústavy",0,0,0,0,235,0,0,0,0,0,83493
2012,"Revmatologický ústav","00023728","02001000","CZ0100","Fakultní nemocnice",50,0,0,0,0,0,0,0,13839,0,0
2012,"Rokycanská nemocnice,  a.s.","26360900","47113000","CZ0326","Nemocnice následné (ošetřovatelské) péče",0,0,0,30,0,0,0,0,0,0,1874
2012,"Rokycanská nemocnice, a.s.","26360900","47101000","CZ0326","Nemocnice",117,9,0,0,0,0,0,0,31399,1631,0
2012,"SANATORIUM EDEL s.r.o.","49609599","95683000","CZ0711","Odborné léčebné ústavy",0,0,0,0,93,0,0,0,0,0,24350
2012,"SENIOR CZ, s.r.o.","25413244","59314000","CZ0427","Odborné léčebné ústavy",0,0,0,0,30,0,0,0,0,0,7041
2012,"SOaL okresu Trutnov","00195201","69034000","CZ0525","Odborné léčebné ústavy",0,0,0,0,159,0,0,0,0,0,47083
2012,"SOaL okresu Trutnov","00195201","69034002","CZ0525","Odborné léčebné ústavy",0,0,0,0,30,0,0,0,0,0,6052
2012,"Sanatorium Jablunkov, a.s.","27835545","86113000","CZ0802","Léčebna pro dlouhodobě nemocné (LDN)",0,0,30,36,105,0,0,0,0,0,50006
2012,"Sdružené zdravotnické zařízení Krnov, příspěvková organizace","00844641","85781000","CZ0801","Jednodenní chirurgie",0,0,45,0,0,0,0,0,0,0,17155
2012,"Sdružené zdravotnické zařízení Krnov, příspěvková organizace","00844641","85782000","CZ0801","Jednodenní chirurgie",0,0,0,0,25,0,0,0,0,0,6595
2012,"Sdružené zdravotnické zařízení Krnov, příspěvková organizace","00844641","85783000","CZ0801","Nemocnice následné (ošetřovatelské) péče",0,0,0,150,0,0,0,0,0,0,46754
2012,"Sdružené zdravotnické zařízení Krnov,p.o","00844641","85600000","CZ0801","Nemocnice",275,32,0,0,0,0,0,8,59994,7711,1466
2012,"Slezská nemocnice v Opavě, příspěv. org.","47813750","90001000","CZ0805","Nemocnice",458,44,0,0,0,0,0,0,107322,11637,0
2012,"Slezská nemocnice v Opavě, příspěv. org.","47813750","90604000","CZ0805","Léčebna pro dlouhodobě nemocné (LDN)",0,0,48,0,0,0,0,0,0,0,16307
2012,"Soc. a zdravotní centrum Letiny s.r.o.","63504502","44109000","CZ0324","Nemocnice následné (ošetřovatelské) péče",0,0,0,30,0,0,0,0,0,0,13380
2012,"Stodská nemocnice, a.s.","26361086","45001000","CZ0324","Nemocnice",147,8,0,0,0,0,0,0,34339,2439,0
2012,"Stodská nemocnice, a.s. - LDN","26361086","45002000","CZ0324","Léčebna pro dlouhodobě nemocné (LDN)",0,0,57,0,0,0,0,0,0,0,16507
2012,"SurGal Clinic s.r.o.","46965033","72186000","CZ0642","Nemocnice",60,6,0,0,0,0,15,0,10542,2063,3575
2012,"Sušická nemocnice s.r.o.","08176302","43010000","CZ0322","Nemocnice",86,8,65,0,0,0,0,0,18382,2016,18338
2012,"THERÁPON 98, a. s.","25399195","88012000","CZ0804","Léčebna pro dlouhodobě nemocné (LDN)",0,0,41,0,0,0,0,0,0,0,14752
2012,"TRN - Léčebna v Mirošově - Janově","00669784","47102000","CZ0326","Odborné léčebné ústavy",0,0,0,0,130,0,0,0,0,0,32654
2012,"TŘI, z.ú.","18623433","20121000","CZ0201","LZ hospicového typu poskytující paliativní péči",0,0,0,0,0,30,0,0,0,0,6812
2012,"Uherskohradištská nemocnice a.s.","27660915","80006000","CZ0722","Nemocnice následné (ošetřovatelské) péče",0,0,0,30,0,0,0,0,0,0,9146
2012,"Uherskohradišťská nemocnice a.s.","27660915","80001000","CZ0722","Nemocnice",475,44,0,0,0,0,10,0,122727,12226,3247
2012,"Uherskohradišťská nemocnice a.s.","27660915","80003000","CZ0722","Léčebna pro dlouhodobě nemocné (LDN)",0,0,83,0,0,0,0,0,0,0,30548
2012,"Vazební věznice a ÚpVZD Brno","00212423","72046000","CZ0642","Nemocnice",93,0,0,0,0,0,0,0,12278,0,0
2012,"Vazební věznice a ÚpVZD Brno","00212423","72059000","CZ0642","Nemocnice následné (ošetřovatelské) péče",0,0,0,20,0,0,0,0,0,0,4198
2012,"Vojenská nemocnice Brno","60555530","72037000","CZ0642","Nemocnice",209,20,0,0,0,0,0,0,51576,5309,0
2012,"Vojenská nemocnice Olomouc","60800691","89382000","CZ0712","Léčebna pro dlouhodobě nemocné (LDN)",0,0,23,0,0,0,0,0,0,0,4703
2012,"Vojenská nemocnice Olomouc","60800691","89903000","CZ0712","Nemocnice",202,15,0,0,0,0,10,0,52909,3770,1097
2012,"Vojenský rehabilitační ústav","00000582","29005000","CZ020A","Odborné léčebné ústavy",0,0,0,0,150,0,0,0,0,0,52701
2012,"Vsetínská nemocnice a.s.","26871068","94101000","CZ0723","Nemocnice",288,24,0,0,0,0,0,0,56572,6242,0
2012,"Vsetínská nemocnice a.s.","26871068","94210000","CZ0723","Léčebna pro dlouhodobě nemocné (LDN)",0,0,85,0,0,0,0,0,0,0,28316
2012,"Vysokomýtská nemocnice","71207856","70052000","CZ0534","Léčebna pro dlouhodobě nemocné (LDN)",0,0,120,0,0,0,0,0,0,0,35598
2012,"Vysočinské nemocnice s.r.o.","25257005","60224000","CZ0633","Léčebna pro dlouhodobě nemocné (LDN)",0,0,177,15,0,0,0,0,0,0,50798
2012,"Všeobecná fakultní nemocnice v Praze","00064165","02004000","CZ0100","Fakultní nemocnice",1376,243,0,20,0,0,0,0,277356,64100,6974
2012,"Všeobecná fakultní nemocnice v Praze","00064165","02276000","CZ0100","Odborné léčebné ústavy",0,0,0,0,66,0,0,0,0,0,15765
2012,"Zařízení následné reh. a hosp. péče,p.o.","69979821","42441000","CZ0412","Léčebna pro dlouhodobě nemocné (LDN)",0,0,80,0,0,0,0,0,0,0,28395
2012,"ÚVN-Vojenská fakultní nemocnice Praha","61383082","06051000","CZ0100","Fakultní nemocnice",447,70,0,28,0,0,0,0,121063,19533,7249
2012,"ÚVN-Vojenská fakultní nemocnice Praha","61383082","06419000","CZ0100","Odborné léčebné ústavy",0,0,0,0,14,0,0,0,0,0,3767
2012,"ÚVN-Vojenská fakultní nemocnice Praha","61383082","06530000","CZ0100","Léčebna pro dlouhodobě nemocné (LDN)",0,0,26,0,0,0,0,0,0,0,8766
2012,"ÚVN-Vojenská fakultní nemocnice Praha","61383082","06566000","CZ0100","Samostatné lůžkové zařízení s péčí DIP, NIOP, NIP",0,0,0,0,0,0,0,10,0,0,2718
2012,"Úrazová nemocnice v Brně","00209813","72933000","CZ0642","Nemocnice",142,32,0,0,0,0,0,0,41155,13039,0
2012,"Ústav chirurgie ruky a plast. chirurgie","00193011","67711000","CZ0514","Nemocnice",52,0,0,0,0,0,0,0,11402,0,0
2012,"Ústav hematologie a krevní transfuze","00023736","02002000","CZ0100","Fakultní nemocnice",16,21,0,0,0,0,0,0,5200,5292,0
2012,"Ústav pro péči o matku a dítě","00023698","04004000","CZ0100","Fakultní nemocnice",222,35,0,0,0,0,0,0,59632,14510,0
2012,"ČR, VS ČR, VV a ÚpVZD Praha Pankrác","00212423","04150000","CZ0100","Nemocnice",97,0,0,0,0,0,0,0,21776,0,0
2012,"Českobrodská nemocnice, s.r.o.","28529421","23147000","CZ0204","Léčebna pro dlouhodobě nemocné (LDN)",0,0,60,61,0,0,0,10,0,0,33315
2012,"Českomoravská provincie Hospitálského ř.","44995776","82051000","CZ0724","Léčebna pro dlouhodobě nemocné (LDN)",0,0,65,0,0,0,0,0,0,0,21809
2016,"HVĚZDA z.ú.","70829560","82072000","CZ0724","LZ hospicového typu poskytující paliativní péči",0,0,0,0,0,14,0,0,0,0,4961
2016,"soft palm"" o. s.","01327216","14274000","CZ0100","LZ hospicového typu poskytující paliativní péči",0,0,0,0,0,30,0,0,0,0,6957
2016,"ADP - SANCO s.r.o.","27685934","78004000","CZ0713","Nemocnice následné (ošetřovatelské) péče",0,0,0,50,0,0,0,0,0,0,16336
2016,"AESKULAP spol. s r.o.","60913266","70006000","CZ0534","Léčebna pro dlouhodobě nemocné (LDN)",0,0,81,0,0,0,0,0,0,0,39304
2016,"AGEL Středomoravská nemocniční a.s.","27797660","78006000","CZ0713","Nemocnice",816,86,0,0,0,0,13,0,187488,22340,2330
2016,"AGEL Středomoravská nemocniční a.s.","27797660","78007000","CZ0713","Léčebna pro dlouhodobě nemocné (LDN)",0,0,197,0,0,0,0,0,0,0,60511
2016,"AHC Centrum následné péče Sedlec-Prčice","25579282","20110000","CZ020B","Léčebna pro dlouhodobě nemocné (LDN)",0,0,110,0,0,0,0,0,0,0,30367
2016,"AHC Centrum následné péče Trutnov s.r.o.","10913416","69006000","CZ0525","Nemocnice následné (ošetřovatelské) péče",0,0,0,30,0,0,0,0,0,0,11839
2016,"AHC Nemocnice Duchcov s.r.o.","61537713","58102000","CZ0426","Nemocnice",40,3,0,0,0,0,0,0,8529,363,0
2016,"AHC Nemocnice Duchcov s.r.o.","61537713","58535000","CZ0426","Nemocnice následné (ošetřovatelské) péče",0,0,0,68,0,0,0,0,0,0,24471
2016,"AHC Rehabilitační centrum Meziboří s.r.o","47283661","57541000","CZ0425","Nemocnice následné (ošetřovatelské) péče",0,0,0,0,46,0,0,0,0,0,15886
2016,"ALBERTINUM,odborný léčebný ústav,Žamberk","00196096","70008000","CZ0534","Odborné léčebné ústavy",0,0,0,0,142,0,0,0,0,0,37616
2016,"ALBERTINUM,odborný léčebný ústav,Žamberk","00196096","70058000","CZ0534","Léčebna pro dlouhodobě nemocné (LDN)",0,0,70,0,0,0,0,0,0,0,23317
2016,"ALMEDA, a.s.","25079174","25310000","CZ0206","Nemocnice",56,6,0,0,0,0,0,0,14197,1353,0
2016,"ALMEDA, a.s.","25079174","25312000","CZ0206","Samostatné lůžkové zařízení s péčí DIP, NIOP, NIP",0,0,0,0,0,0,15,12,0,0,9857
2016,"AMICA CENTRUM s.r.o.","18233392","41281000","CZ0411","Léčebna pro dlouhodobě nemocné (LDN)",0,0,0,120,0,0,0,0,0,0,43404
2016,"ANESAN, s.r.o.","61677540","23111000","CZ0204","Samostatné lůžkové zařízení s péčí DIP, NIOP, NIP",0,0,0,0,0,0,15,0,0,0,10539
2016,"AquaKlim, s. r. o.","27849562","91791100","CZ0806","Odborné léčebné ústavy",0,0,0,0,30,0,0,0,0,0,2724
2016,"BH - Nemocnice Vimperk a.s.","29015839","37105000","CZ0315","Léčebna pro dlouhodobě nemocné (LDN)",0,0,60,0,0,0,0,0,0,0,13196
2016,"Bohumínská městská nemocnice, a.s.","26834022","87003000","CZ0803","Nemocnice",79,9,60,15,0,0,0,0,18854,1880,8547
2016,"Bílovecká nemocnice, a.s.","26865858","88015000","CZ0804","Nemocnice",46,4,0,0,0,0,0,0,11319,1032,0
2016,"Bílovecká nemocnice, a.s.","26865858","88016000","CZ0804","Léčebna pro dlouhodobě nemocné (LDN)",0,0,71,0,0,0,0,0,0,0,22795
2016,"CARVAC s.r.o.","63504260","41182000","CZ0411","Léčebna pro dlouhodobě nemocné (LDN)",0,0,0,90,0,0,0,0,0,0,35740
2016,"CNS-CENTRUM TŘINEC s.r.o.","26816407","86112000","CZ0802","Nemocnice",42,0,0,0,0,0,0,0,14484,0,0
2016,"Centrum kardiovaskulární a TCH Brno","00209775","72932000","CZ0642","Nemocnice",55,35,0,0,0,0,0,0,14592,10480,0
2016,"Centrum léčby pohybového aparátu, s.r.o.","26432471","09438000","CZ0100","Nemocnice",33,0,0,0,0,0,0,0,8011,0,0
2016,"Charita Ostrava - Hospic sv. Lukáše","44940998","91997300","CZ0806","LZ hospicového typu poskytující paliativní péči",0,0,0,0,0,30,0,0,0,0,8916
2016,"Chronicare s.r.o.","02989204","27019000","CZ0208","Samostatné lůžkové zařízení s péčí DIP, NIOP, NIP",0,0,0,0,0,0,16,0,0,0,4775
2016,"DOP - HC s.r.o.","26356589","48004000","CZ0413","Léčebna pro dlouhodobě nemocné (LDN)",0,0,82,0,0,0,0,0,0,0,26188
2016,"Diakonie Valašské Meziříčí","73632783","94203000","CZ0723","Nemocnice následné (ošetřovatelské) péče",0,0,0,8,0,15,0,0,0,0,6826
2016,"Diecézní charita Brno,OCH Rajhrad","44990260","73006000","CZ0643","LZ hospicového typu poskytující paliativní péči",0,0,0,0,0,50,0,0,0,0,11092
2016,"Dlouhodobá intenzivní oš. péče","05212146","31500000","CZ020C","Samostatné lůžkové zařízení s péčí DIP, NIOP, NIP",0,0,0,0,0,0,1,10,0,0,2671
2016,"Domažlická nemocnice, a.s.","26361078","40001000","CZ0321","Nemocnice",135,10,0,0,0,0,0,0,32216,2427,0
2016,"Domažlická nemocnice, a.s. - LDN","26361078","40501000","CZ0321","Léčebna pro dlouhodobě nemocné (LDN)",0,0,50,0,0,0,0,0,0,0,16613
2016,"Domov sv.Karla Boromejského","65400143","06353000","CZ0100","Léčebna pro dlouhodobě nemocné (LDN)",0,0,79,0,0,0,0,0,0,0,24849
2016,"Dopravní zdravotnictví a.s.","25903659","02368000","CZ0100","Léčebna pro dlouhodobě nemocné (LDN)",0,0,42,0,0,0,0,0,0,0,12366
2016,"Dětská odb.léčebna Ch.G.Masaryk,p.s.ČČK","42726646","30148000","CZ020B","Odborné léčebné ústavy",0,0,0,0,80,0,0,0,0,0,8982
2016,"Dětská psychiatrická nemocnice","00842052","84420000","CZ0635","Odborné léčebné ústavy",0,0,0,0,50,0,0,0,0,0,15804
2016,"Dětská psychiatrická nemocnice Louny","00831034","56004000","CZ0424","Odborné léčebné ústavy",0,0,0,0,50,0,0,0,0,0,13966
2016,"Dětská psychiatrická nemocnice Opařany","00667421","39801000","CZ0317","Odborné léčebné ústavy",0,0,0,0,130,0,0,0,0,0,28465
2016,"Dům klidného stáří, spol. s r.o.","26369427","48006000","CZ0413","Léčebna pro dlouhodobě nemocné (LDN)",0,0,30,0,0,0,0,0,0,0,10480
2016,"ETOILE CZ a.s.","28973976","10663000","CZ0100","Samostatné lůžkové zařízení s péčí DIP, NIOP, NIP",0,0,0,0,0,0,30,0,0,0,10394
2016,"EUC Klinika Zlín a.s.","60726636","82002000","CZ0724","Nemocnice",45,7,0,0,0,0,0,0,10997,1116,0
2016,"Fakultní Thomayerova nemocnice","00064190","04005000","CZ0100","Nemocnice",712,76,0,0,0,0,0,0,156786,18117,0
2016,"Fakultní Thomayerova nemocnice","00064190","04679000","CZ0100","Léčebna pro dlouhodobě nemocné (LDN)",0,0,240,0,0,0,0,0,0,0,65411
2016,"Fakultní Thomayerova nemocnice","00064190","04775000","CZ0100","Odborné léčebné ústavy",0,0,0,0,35,0,0,0,0,0,8034
2016,"Fakultní nemocnice Brno","65269705","72100000","CZ0642","Fakultní nemocnice",1602,304,0,0,0,0,0,0,373420,75809,0
2016,"Fakultní nemocnice Bulovka","00064211","08006000","CZ0100","Nemocnice",832,99,0,0,0,0,0,0,190231,27328,0
2016,"Fakultní nemocnice Bulovka","00064211","08368000","CZ0100","Nemocnice následné (ošetřovatelské) péče",0,0,0,54,0,0,0,0,0,0,9523
2016,"Fakultní nemocnice Hradec Králové","00179906","61004000","CZ0521","Fakultní nemocnice",1114,187,0,0,0,0,0,0,280518,53150,0
2016,"Fakultní nemocnice Hradec Králové","00179906","61778000","CZ0521","Odborné léčebné ústavy",0,0,0,18,56,0,0,0,0,0,17460
2016,"Fakultní nemocnice Královské Vinohrady","00064173","10002000","CZ0100","Fakultní nemocnice",849,194,0,0,0,0,0,0,181985,39791,0
2016,"Fakultní nemocnice Královské Vinohrady","00064173","10433000","CZ0100","Léčebna pro dlouhodobě nemocné (LDN)",0,0,70,0,0,0,0,0,0,0,13262
2016,"Fakultní nemocnice Olomouc","00098892","89301000","CZ0712","Fakultní nemocnice",985,152,0,0,0,0,0,0,244906,41702,0
2016,"Fakultní nemocnice Ostrava","00843989","91009000","CZ0806","Fakultní nemocnice",905,204,0,0,0,0,0,0,227170,58574,0
2016,"Fakultní nemocnice Ostrava","00843989","91009888","CZ0805","Léčebna pro dlouhodobě nemocné (LDN)",0,0,140,0,0,0,0,0,0,0,41572
2016,"Fakultní nemocnice Plzeň","00669806","44101000","CZ0323","Fakultní nemocnice",1420,178,0,0,0,0,10,10,365802,49828,2017
2016,"Fakultní nemocnice Plzeň","00669806","44117000","CZ0323","Léčebna pro dlouhodobě nemocné (LDN)",0,0,75,0,0,0,0,0,0,0,26226
2016,"Fakultní nemocnice u sv. Anny v Brně","00159816","72001000","CZ0642","Fakultní nemocnice",652,125,0,0,0,0,4,0,156854,29690,249
2016,"Fakultní nemocnice u sv. Anny v Brně","00159816","72056000","CZ0642","Odborné léčebné ústavy",0,0,0,0,115,0,0,0,0,0,34520
2016,"Fakultní nemocnice v Motole","00064203","05002000","CZ0100","Fakultní nemocnice",1438,366,0,0,0,0,0,0,307547,104061,0
2016,"Fakultní nemocnice v Motole","00064203","05434000","CZ0100","Léčebna pro dlouhodobě nemocné (LDN)",0,0,361,0,0,0,0,0,0,0,139542
2016,"Fakultní nemocnice v Motole NIP,DIOP","00064203","05768000","CZ0100","Samostatné lůžkové zařízení s péčí DIP, NIOP, NIP",0,0,0,0,0,0,14,20,0,0,6783
2016,"GARC Kladno, s.r.o.,","27371794","22128000","CZ0203","Léčebna pro dlouhodobě nemocné (LDN)",0,0,112,0,40,0,0,0,0,0,49031
2016,"Gaudium Frýdek-Místek s.r.o.","26788799","86111000","CZ0802","Léčebna pro dlouhodobě nemocné (LDN)",0,0,0,60,0,0,0,0,0,0,12913
2016,"Gerontologické centrum","45250022","08299000","CZ0100","Léčebna pro dlouhodobě nemocné (LDN)",0,0,46,0,0,0,0,0,0,0,13648
2016,"GynCentrum, spol. s r.o.","45316783","09262000","CZ0100","Nemocnice",27,4,0,0,0,0,0,0,2636,456,0
2016,"HOSPIC Frýdek-Místek, p.o.","72046546","86114000","CZ0802","LZ hospicového typu poskytující paliativní péči",0,0,0,0,0,30,0,0,0,0,7943
2016,"HOSPIC v MOSTĚ, o.p.s.","25419561","57623000","CZ0425","LZ hospicového typu poskytující paliativní péči",0,0,0,15,0,0,0,0,0,0,3113
2016,"HOSPIC ŠTRASBURK o.p.s.","61383457","08277000","CZ0100","LZ hospicového typu poskytující paliativní péči",0,0,0,0,0,25,0,0,0,0,6806
2016,"Hamzova odborná léčebna pro děti a dosp.","00183024","62901000","CZ0531","Odborné léčebné ústavy",0,0,0,85,398,0,0,0,0,0,168335
2016,"Hornická NsP - LDN","61325422","58105000","CZ0426","Léčebna pro dlouhodobě nemocné (LDN)",0,0,75,0,0,0,0,0,0,0,25628
2016,"Hospic Chrudim z.ú.","26625385","62421000","CZ0531","LZ hospicového typu poskytující paliativní péči",0,0,0,0,0,27,0,0,0,0,9968
2016,"Hospic na Svatém Kopečku","73634671","89163000","CZ0712","LZ hospicového typu poskytující paliativní péči",0,0,0,0,0,30,0,0,0,0,8706
2016,"Hospic sv. Alžběty o.p.s.","26604582","72058000","CZ0642","LZ hospicového typu poskytující paliativní péči",0,0,0,0,0,20,0,0,0,0,5935
2016,"Hospic sv. Jana N. Neumanna, o.p.s.","70853517","37106000","CZ0315","LZ hospicového typu poskytující paliativní péči",0,0,0,0,0,30,0,0,0,0,7529
2016,"Hospic sv. Zdislavy, o.p.s.","28700210","54191000","CZ0513","LZ hospicového typu poskytující paliativní péči",0,0,0,0,0,28,0,0,0,0,3786
2016,"Hospic sv. Štěpána, z.s.","65081374","55038000","CZ0423","LZ hospicového typu poskytující paliativní péči",0,0,0,0,0,26,0,0,0,0,5646
2016,"Hospic svatého Lazara","66361508","44107000","CZ0323","LZ hospicového typu poskytující paliativní péči",0,0,0,0,0,28,0,0,0,0,8382
2016,"Institut klin.a exper.medicíny v Praze","00023001","04002000","CZ0100","Fakultní nemocnice",200,115,0,0,0,0,0,0,48147,26096,0
2016,"Interna Zábřeh, s. r. o.","60774916","93203000","CZ0715","Nemocnice následné (ošetřovatelské) péče",0,0,0,20,0,0,0,0,0,0,5560
2016,"JESSENIA a.s. - Rehabilitační Nem.Beroun","26752051","21001000","CZ0202","Nemocnice",119,7,0,0,0,0,0,0,52212,1813,0
2016,"Jihomoravské dětské léčebny, p.o.","00386766","71103000","CZ0641","Odborné léčebné ústavy",0,0,0,0,40,0,0,0,0,0,14231
2016,"Jihomoravské dětské léčebny, p.o.","00386766","71105000","CZ0641","Odborné léčebné ústavy",0,0,0,0,42,0,0,0,0,0,12942
2016,"Jihomoravské dětské léčebny, p.o.","00386766","71108000","CZ0641","Odborné léčebné ústavy",0,0,0,0,30,0,0,0,0,0,7254
2016,"KARDIOLOGIE NA BULOVCE, s.r.o.","49679236","08075000","CZ0100","Nemocnice",12,0,0,0,0,0,0,0,5443,0,0
2016,"KZ, a.s. - Nemocnice Chomutov, o.z.","25488627","52111000","CZ0422","Léčebna pro dlouhodobě nemocné (LDN)",0,0,81,0,0,0,0,0,0,0,26830
2016,"KZ,a.s.-oddělení následné péče Most","25488627","57015000","CZ0425","Léčebna pro dlouhodobě nemocné (LDN)",0,0,106,7,0,0,0,0,0,0,39315
2016,"Karlovarská krajská nemocnice a.s.","26365804","42008000","CZ0412","Nemocnice",385,47,0,0,0,0,0,0,76852,9459,0
2016,"Karlovarská krajská nemocnice a.s.","26365804","42616000","CZ0412","Nemocnice následné (ošetřovatelské) péče",0,0,0,10,0,0,0,0,0,0,2779
2016,"Karlovarská krajská nemocnice a.s.-Cheb","26365804","42041000","CZ0411","Nemocnice",214,17,0,0,0,0,0,0,48431,5149,0
2016,"Karvinská hornická nemocnice a.s.","60793490","87013000","CZ0803","Nemocnice",127,21,0,0,0,0,0,0,32866,5049,0
2016,"Klatovská nemocnice, a.s.","26360527","43001000","CZ0322","Nemocnice",239,18,0,0,0,0,5,5,52543,3383,1012
2016,"Klatovská nemocnice, a.s.","26360527","43006000","CZ0322","Léčebna pro dlouhodobě nemocné (LDN)",0,0,20,0,0,0,0,0,0,0,8765
2016,"Klinika Dr. Pírka s. r. o.","47540265","26007000","CZ0207","Nemocnice",47,6,0,0,0,0,0,0,12626,957,0
2016,"Krajská nemocnice Liberec, a.s.","27283933","54100000","CZ0513","Nemocnice",685,122,0,0,0,0,0,0,148558,31149,0
2016,"Krajská nemocnice Liberec, a.s. - Turnov","27283933","67104000","CZ0514","Nemocnice",115,11,0,0,0,0,0,0,28531,3351,0
2016,"Krajská nemocnice Liberec, a.s. - Turnov","27283933","67174000","CZ0514","Léčebna pro dlouhodobě nemocné (LDN)",0,0,36,0,0,0,0,0,0,0,10904
2016,"Krajská nemocnice Liberec, a.s. Frýdlant","27283933","54209000","CZ0513","Léčebna pro dlouhodobě nemocné (LDN)",0,0,0,45,0,0,0,5,0,0,15289
2016,"Krajská nemocnice Liberec, a.s.- LDN","27283933","54103000","CZ0513","Léčebna pro dlouhodobě nemocné (LDN)",0,0,142,0,0,0,0,0,0,0,49060
2016,"Krajská nemocnice T. Bati, a. s.","27661989","82001000","CZ0724","Nemocnice",683,91,0,0,0,0,7,11,190523,22075,3564
2016,"Krajská nemocnice T. Bati, a. s.","27661989","82050000","CZ0724","Léčebna pro dlouhodobě nemocné (LDN)",0,0,115,21,0,0,0,0,0,0,41901
2016,"Krajská zdravotní, a.s.","25488627","59001000","CZ0427","Fakultní nemocnice",986,120,0,0,0,0,0,0,199607,27539,0
2016,"Krajská zdravotní, a.s.","25488627","59287000","CZ0427","Léčebna pro dlouhodobě nemocné (LDN)",0,0,115,0,0,0,0,0,0,0,34085
2016,"Krajská zdravotní, a.s.","25488627","59326000","CZ0427","Fakultní nemocnice",0,0,0,30,0,0,0,0,0,0,6230
2016,"Krajská zdravotní, a.s.-Nemoc.Děčín,o.z.","25488627","51100000","CZ0421","Nemocnice",259,27,0,22,0,0,0,0,46676,6893,3374
2016,"Krajská zdravotní, a.s.-Nemoc.Most,o.z.","25488627","57001000","CZ0425","Nemocnice",528,65,0,0,0,0,0,0,120210,16668,0
2016,"Krajská zdravotní,a.s.-N.Litoměřice,o.z.","25488627","55021000","CZ0423","Nemocnice",342,37,0,0,0,0,0,0,73148,7169,0
2016,"Krajská zdravotní,a.s.-N.Litoměřice,o.z.","25488627","55037000","CZ0423","Léčebna pro dlouhodobě nemocné (LDN)",0,0,130,0,0,0,0,0,0,0,51256
2016,"Krajská zdravotní,a.s.-Nem.Chomutov,o.z.","25488627","52110000","CZ0422","Nemocnice",331,46,0,0,0,0,0,0,61764,7225,0
2016,"Krajská zdravotní,a.s.-Nemocnice Teplice","25488627","58101000","CZ0426","Nemocnice",376,51,0,0,0,0,0,0,85917,11428,0
2016,"Krajská zdravotní,a.s.-Nemocnice Teplice","25488627","58106000","CZ0426","Léčebna pro dlouhodobě nemocné (LDN)",0,0,51,0,0,0,0,0,0,0,15178
2016,"Kroměřížská nemocnice a.s.","27660532","77001000","CZ0721","Nemocnice",331,35,0,20,0,0,0,0,72512,6600,0
2016,"Krušnohorská poliklinika s.r.o.","25030302","57622000","CZ0425","Nemocnice následné (ošetřovatelské) péče",0,0,0,30,0,0,0,0,0,0,15139
2016,"LIFE STAR hc, a.s.","24123374","72053100","CZ0642","Samostatné lůžkové zařízení s péčí DIP, NIOP, NIP",0,0,0,0,0,0,8,0,0,0,998
2016,"LRS Chvaly, o.p.s.","24805807","09514000","CZ0100","Odborné léčebné ústavy",0,0,0,0,50,0,0,0,0,0,16884
2016,"Levitovo centrum následné péče p.o.- LDN","00190217","63113000","CZ0522","Léčebna pro dlouhodobě nemocné (LDN)",0,0,110,0,0,0,0,0,0,0,35466
2016,"Lužická nemocnice a poliklinika, a.s.","61538990","51300000","CZ0421","Nemocnice",105,10,0,30,0,0,0,0,25300,2726,9260
2016,"Lázně Darkov, a.s.","61974935","87063000","CZ0803","Odborné léčebné ústavy",0,0,0,0,111,0,0,0,0,0,29970
2016,"Lázně Slatinice a.s.","25367757","89875000","CZ0712","Odborné léčebné ústavy",0,0,0,0,40,0,0,0,0,0,13282
2016,"Lázně Teplice nad Bečvou a.s.","45192570","92374000","CZ0714","Odborné léčebné ústavy",0,0,0,0,100,0,0,0,0,0,31256
2016,"Léčebna dlouhodobě nemocných","05212146","31093000","CZ020C","Léčebna pro dlouhodobě nemocné (LDN)",0,0,52,0,0,0,0,0,0,0,13883
2016,"Léčebna dlouhodobě nemocných Opočno","00191744","66232000","CZ0524","Léčebna pro dlouhodobě nemocné (LDN)",0,0,52,0,0,0,0,0,0,0,17252
2016,"Léčebna dlouhodobě nemocných Rybitví","00190560","65360000","CZ0532","Léčebna pro dlouhodobě nemocné (LDN)",0,0,105,0,0,0,0,0,0,0,30859
2016,"Léčebna dlouhodobě nemocných Vršovice","00879649","10499000","CZ0100","Léčebna pro dlouhodobě nemocné (LDN)",0,0,89,0,0,0,0,0,0,0,26491
2016,"Léčebna dlouhodobě nemocných na Vojkově","27256391","28015000","CZ0209","Léčebna pro dlouhodobě nemocné (LDN)",0,0,100,0,0,0,0,0,0,0,37607
2016,"Léčebna dlouhodobě nemocných v Praze 6","45243956","06372000","CZ0100","Léčebna pro dlouhodobě nemocné (LDN)",0,0,94,0,0,0,0,0,0,0,33367
2016,"Léčebna pro dlouhodobě nemocné HK","00180092","61358000","CZ0521","Léčebna pro dlouhodobě nemocné (LDN)",0,0,94,0,0,0,0,0,0,0,33077
2016,"Léčebna respiračních nemocí Cvikov,p.o.,","00673951","50213000","CZ0511","Odborné léčebné ústavy",0,0,0,0,72,0,0,0,0,0,25623
2016,"Léčebna respiračních nemocí Cvikov,p.o.,","00673951","50280000","CZ0511","Odborné léčebné ústavy",0,0,0,0,70,0,0,0,0,0,23760
2016,"MEDI HELP s.r.o., Masarykovo sanatorium","46359443","30515000","CZ020B","Nemocnice následné (ošetřovatelské) péče",0,0,0,180,0,0,0,0,0,0,70791
2016,"MEDICINA, spol. s r.o. - LDN","49904035","56009000","CZ0424","Léčebna pro dlouhodobě nemocné (LDN)",0,0,82,0,0,0,0,0,0,0,29079
2016,"MEDICON Hospitals s.r.o.","25634691","04757000","CZ0100","Léčebna pro dlouhodobě nemocné (LDN)",0,0,30,78,0,0,0,0,0,0,37300
2016,"MEDITERRA - Sedlčany, s.r.o.","26429683","30529000","CZ020B","Nemocnice následné (ošetřovatelské) péče",0,0,0,34,0,0,0,0,0,0,12518
2016,"MEDITERRA Sedlčany s.r.o.","26429683","30520000","CZ020B","Nemocnice",32,4,0,0,0,0,0,0,4504,450,0
2016,"MEDITERRA Sedlčany, s.r.o.  - NIP, DIOP","26429683","30530000","CZ020B","Samostatné lůžkové zařízení s péčí DIP, NIOP, NIP",0,0,0,0,0,0,14,6,0,0,10164
2016,"MEDITERRA s.r.o.","49686356","05522000","CZ0100","Samostatné lůžkové zařízení s péčí DIP, NIOP, NIP",0,0,0,0,0,0,21,0,0,0,10599
2016,"MEDITERRA s.r.o.","49686356","05523000","CZ0100","Odborné léčebné ústavy",0,0,0,0,142,0,0,0,0,0,37225
2016,"MEDITERRA s.r.o.","49686356","05656000","CZ0100","Nemocnice",20,3,0,0,0,0,0,0,1720,468,0
2016,"MMN, a.s.","05421888","67101000","CZ0514","Nemocnice",40,4,0,0,0,0,0,0,8798,490,0
2016,"MMN, a.s.","05421888","67102000","CZ0514","Nemocnice",166,14,0,0,0,0,0,0,35219,3406,0
2016,"MMN, a.s.","05421888","67171000","CZ0514","Léčebna pro dlouhodobě nemocné (LDN)",0,0,75,0,0,0,0,0,0,0,19186
2016,"MSCARE s.r.o.","28509480","10637000","CZ0100","Léčebna pro dlouhodobě nemocné (LDN)",0,0,42,0,0,0,0,0,0,0,15522
2016,"Masarykova nemocnice Rakovník s.r.o.","05212146","31001000","CZ020C","Nemocnice",207,17,0,0,0,0,0,0,32838,3465,0
2016,"Masarykův onkologický ústav","00209805","72931000","CZ0642","Nemocnice",228,16,0,0,0,0,0,0,57829,5132,0
2016,"MediCentrum Praha a.s.","64949486","04727000","CZ0100","Odborné léčebné ústavy",0,0,0,0,50,0,0,0,0,0,16384
2016,"Mulačova nemocnice s. r. o.","25202189","44105000","CZ0323","Nemocnice",156,12,0,0,0,0,5,0,32798,1480,416
2016,"Mělnická zdravotní, a.s.","27958639","25110000","CZ0206","Nemocnice",223,27,0,0,0,0,0,0,54195,5741,0
2016,"Mělnická zdravotní, a.s.","27958639","25119000","CZ0206","Nemocnice následné (ošetřovatelské) péče",0,0,0,93,0,0,0,0,0,0,28663
2016,"Městská nemocnice Městec Králové a.s.","26495015","27002000","CZ0208","Nemocnice",20,4,0,0,0,0,0,0,5390,1163,0
2016,"Městská nemocnice Městec Králové a.s.","26495015","27011000","CZ0208","Léčebna pro dlouhodobě nemocné (LDN)",0,0,140,0,0,0,0,0,0,0,39016
2016,"Městská nemocnice Městec Králové, a.s.","26495015","27015000","CZ0208","Samostatné lůžkové zařízení s péčí DIP, NIOP, NIP",0,0,0,0,0,0,12,10,0,0,5962
2016,"Městská nemocnice Ostrava","00635162","91001000","CZ0806","Nemocnice",606,73,0,0,0,0,0,0,153175,20533,0
2016,"Městská nemocnice Ostrava","00635162","91001680","CZ0806","Léčebna pro dlouhodobě nemocné (LDN)",0,0,94,56,0,0,0,0,0,0,44649
2016,"Městská nemocnice Slavičín","62181378","82052000","CZ0724","Léčebna pro dlouhodobě nemocné (LDN)",0,0,50,0,0,0,0,0,0,0,15472
2016,"Městská nemocnice následné péče","45245843","09004000","CZ0100","Nemocnice následné (ošetřovatelské) péče",0,0,0,128,0,0,0,0,0,0,41769
2016,"Městská nemocnice s pol. Uh. Brod, s.r.o","25583905","80020000","CZ0722","Léčebna pro dlouhodobě nemocné (LDN)",0,0,90,0,0,0,0,0,0,0,27888
2016,"Městská nemocnice v Odrách, p.o.","66183596","88005000","CZ0804","Nemocnice",20,4,75,0,0,0,0,0,7882,1073,19684
2016,"Městská nemocnice Čáslav","00873764","24200000","CZ0205","Nemocnice",138,10,0,0,0,0,0,0,30130,1188,0
2016,"Městská nemocnice Čáslav","00873764","24451000","CZ0205","Léčebna pro dlouhodobě nemocné (LDN)",0,0,30,0,0,0,0,0,0,0,11065
2016,"Městská nemocnice, a.s.","25262238","69002000","CZ0525","Nemocnice",109,7,0,0,0,0,0,0,25500,1012,0
2016,"Městská nemocnice, a.s.","25262238","69005000","CZ0525","Nemocnice následné (ošetřovatelské) péče",0,0,0,50,0,0,0,0,0,0,15127
2016,"NH Hospital a.s. - Nemocnice Hořovice","27872963","21002000","CZ0202","Nemocnice",223,33,0,0,0,0,0,0,62794,11765,0
2016,"Nem. Milos. sester sv. Vincence de Paul","17809193","77910000","CZ0721","Léčebna pro dlouhodobě nemocné (LDN)",0,0,105,0,0,0,0,0,0,0,39240
2016,"Nem. násl. péče LDN Horažďovice, s.r.o.","26360870","43030000","CZ0322","Léčebna pro dlouhodobě nemocné (LDN)",0,0,140,0,0,0,0,0,0,0,47003
2016,"Nem.Mil.sester sv.K.Boromej.v Praze","73634085","01002000","CZ0100","Nemocnice",135,10,0,30,0,0,0,0,30946,2677,4731
2016,"Nem.Mil.sester sv.K.Boromej.v Praze","73634085","01475000","CZ0100","LZ hospicového typu poskytující paliativní péči",0,0,0,0,0,13,0,0,0,0,3624
2016,"Nemocnice  Prachatice, a.s. - LDN","26095165","37104000","CZ0315","Léčebna pro dlouhodobě nemocné (LDN)",0,0,25,0,0,0,0,0,0,0,5862
2016,"Nemocnice  Slaný","00875295","22102000","CZ0203","Nemocnice",254,20,0,40,0,0,0,0,51662,5314,7318
2016,"Nemocnice AGEL Jeseník a.s.","47973927","95202000","CZ0711","Nemocnice",98,5,0,0,0,0,0,0,24149,1213,0
2016,"Nemocnice AGEL Jeseník a.s.","47973927","95206000","CZ0711","Léčebna pro dlouhodobě nemocné (LDN)",0,0,30,0,0,0,0,0,0,0,9672
2016,"Nemocnice AGEL Louny a.s. - LDN","27332730","56012000","CZ0424","Léčebna pro dlouhodobě nemocné (LDN)",0,0,90,0,0,0,0,10,0,0,28717
2016,"Nemocnice AGEL Nový Jičín a.s.","25886207","88001000","CZ0804","Nemocnice",362,34,0,0,0,0,0,0,90152,10623,0
2016,"Nemocnice AGEL Nový Jičín a.s.","25886207","88014000","CZ0804","Léčebna pro dlouhodobě nemocné (LDN)",0,0,40,0,0,0,0,0,0,0,11636
2016,"Nemocnice AGEL Ostrava-Vítkovice a.s.","60793201","91950000","CZ0806","Nemocnice",326,39,0,0,0,0,0,0,66540,8581,0
2016,"Nemocnice AGEL Ostrava-Vítkovice a.s.","60793201","91950888","CZ0806","Léčebna pro dlouhodobě nemocné (LDN)",0,0,30,0,0,0,0,0,0,0,6266
2016,"Nemocnice AGEL Podhorská a.s.","47668989","85200000","CZ0801","Nemocnice",95,8,0,0,0,0,0,0,18029,1989,0
2016,"Nemocnice AGEL Podhorská a.s.","47668989","85291000","CZ0801","Nemocnice následné (ošetřovatelské) péče",0,0,0,40,0,0,0,0,0,0,9653
2016,"Nemocnice AGEL Třinec-Podlesí a.s.","48401129","86106000","CZ0802","Nemocnice",113,38,0,0,0,0,0,0,25137,8053,0
2016,"Nemocnice AGEL Valašské Meziříčí a.s.","26822105","94102000","CZ0723","Nemocnice",185,23,0,0,0,0,0,0,55334,4148,0
2016,"Nemocnice AGEL Valašské Meziříčí a.s.","26822105","94220000","CZ0723","Léčebna pro dlouhodobě nemocné (LDN)",0,0,78,0,0,0,0,0,0,0,26551
2016,"Nemocnice AGEL Český Těšín a.s.","25897551","87029000","CZ0803","Nemocnice",31,0,59,34,0,0,0,0,11062,0,17179
2016,"Nemocnice AGEL Říčany a.s.","27365867","28003000","CZ0209","Nemocnice",61,4,0,0,0,0,0,0,13375,1062,0
2016,"Nemocnice AGEL Říčany a.s.","27365867","28658000","CZ0209","Léčebna pro dlouhodobě nemocné (LDN)",0,0,88,0,0,0,0,0,0,0,16076
2016,"Nemocnice Beroun - LDN","26752051","21003000","CZ0202","Léčebna pro dlouhodobě nemocné (LDN)",0,0,42,0,0,0,0,0,0,0,9585
2016,"Nemocnice Blansko","00386634","71101000","CZ0641","Nemocnice",138,15,0,0,0,0,0,0,46424,4341,0
2016,"Nemocnice Blansko","00386634","71110000","CZ0641","Léčebna pro dlouhodobě nemocné (LDN)",0,0,30,0,0,0,0,0,0,0,10451
2016,"Nemocnice Boskovice s.r.o.","26925974","71113000","CZ0641","Nemocnice",205,24,0,0,0,0,0,0,48581,5491,0
2016,"Nemocnice Boskovice s.r.o.","26925974","71119000","CZ0641","Léčebna pro dlouhodobě nemocné (LDN)",0,0,12,0,0,0,0,5,0,0,4377
2016,"Nemocnice Břeclav, p. o.","00390780","74001000","CZ0644","Nemocnice",378,41,0,0,0,0,0,0,95368,9374,0
2016,"Nemocnice Dačice, a.s.","28113195","34013000","CZ0313","Léčebna pro dlouhodobě nemocné (LDN)",0,0,56,0,0,0,0,0,0,0,16626
2016,"Nemocnice Frýdlant s.r.o.","47311576","54200000","CZ0513","Nemocnice",27,5,0,0,0,0,0,0,6216,654,0
2016,"Nemocnice Havlíčkův Brod, přísp. org.","00179540","60001000","CZ0631","Nemocnice",415,47,0,0,0,0,0,0,99702,9648,0
2016,"Nemocnice Havlíčkův Brod, přísp. org.","00179540","60223000","CZ0631","Léčebna pro dlouhodobě nemocné (LDN)",0,0,44,0,0,0,0,0,0,0,14602
2016,"Nemocnice Havířov, příspěv. organizace","00844896","87004000","CZ0803","Nemocnice",339,31,0,0,0,0,0,0,87571,8190,0
2016,"Nemocnice Havířov, příspěv. organizace","00844896","87054000","CZ0803","Léčebna pro dlouhodobě nemocné (LDN)",0,0,25,0,0,0,0,0,0,0,8770
2016,"Nemocnice Hranice a.s.","47677406","92002000","CZ0714","Nemocnice",111,10,0,0,0,0,0,0,19963,1585,0
2016,"Nemocnice Hranice a.s.","47677406","92283000","CZ0714","Léčebna pro dlouhodobě nemocné (LDN)",0,0,80,0,0,0,0,0,0,0,30869
2016,"Nemocnice Hustopeče p.o.","04212029","74022000","CZ0644","Nemocnice",25,0,0,0,0,0,0,0,4944,0,0
2016,"Nemocnice Hustopeče, p.o.","04212029","74007000","CZ0644","Nemocnice následné (ošetřovatelské) péče",0,0,0,94,0,0,0,0,0,0,29429
2016,"Nemocnice Ivančice, příspěvková organiz.","00225827","73303000","CZ0643","Léčebna pro dlouhodobě nemocné (LDN)",0,0,60,0,0,0,0,0,0,0,21333
2016,"Nemocnice Ivančice,příspěvková organiz.","00225827","73003000","CZ0643","Nemocnice",144,10,0,0,0,0,0,0,34774,3588,0
2016,"Nemocnice Jablonec n. N., p.o.","00829838","53201000","CZ0512","Nemocnice",273,32,0,0,0,0,0,0,74046,7900,0
2016,"Nemocnice Jablonec n. N.. p. o.","00829838","53212000","CZ0512","Léčebna pro dlouhodobě nemocné (LDN)",0,0,67,0,0,0,0,0,0,0,21590
2016,"Nemocnice Jihlava, p. o.","00090638","76001000","CZ0632","Nemocnice",559,62,0,0,0,0,0,0,105794,14781,0
2016,"Nemocnice Jihlava,příspěvková organizace","00090638","76002000","CZ0632","Léčebna pro dlouhodobě nemocné (LDN)",0,0,0,75,0,10,0,0,0,0,19365
2016,"Nemocnice Jindřichův Hradec, a.s.","26095157","34001000","CZ0313","Nemocnice",242,30,0,0,0,0,8,0,60468,6145,1921
2016,"Nemocnice Jindřichův Hradec, a.s.","26095157","34011000","CZ0313","Léčebna pro dlouhodobě nemocné (LDN)",0,0,52,0,0,2,0,2,0,0,17436
2016,"Nemocnice Kadaň, s.r.o.","25479300","52120000","CZ0422","Nemocnice",160,12,0,0,0,0,0,0,33917,2014,0
2016,"Nemocnice Kadaň, s.r.o.","25479300","52121000","CZ0422","Léčebna pro dlouhodobě nemocné (LDN)",0,0,30,0,0,0,0,0,0,0,9293
2016,"Nemocnice Karviná - Ráj, příspěvková org","00844853","87001000","CZ0803","Nemocnice",274,37,100,0,0,0,10,5,73108,9066,20603
2016,"Nemocnice Kyjov, příspěvková organizace","00226912","75002000","CZ0645","Nemocnice",395,35,0,0,0,0,0,0,107471,10045,1432
2016,"Nemocnice Kyjov, příspěvková organizace","00226912","75007000","CZ0645","Nemocnice následné (ošetřovatelské) péče",0,0,0,48,0,0,0,0,0,0,14220
2016,"Nemocnice Kyjov, příspěvková organizace","00226912","75990345","CZ0645","Nemocnice",0,4,0,0,0,0,0,0,0,493,0
2016,"Nemocnice Letovice p.o.","00387134","71107000","CZ0641","Léčebna pro dlouhodobě nemocné (LDN)",0,0,120,0,0,0,0,0,0,0,42711
2016,"Nemocnice Mariánské Lázně s.r.o.","26376709","41191000","CZ0411","Nemocnice následné (ošetřovatelské) péče",0,0,57,37,0,0,0,0,0,0,21068
2016,"Nemocnice Milosrdných bratří, p.o.","48512478","72048000","CZ0642","Nemocnice",205,18,0,0,0,0,0,0,62706,4993,0
2016,"Nemocnice Milosrdných bratří, p.o.","48512478","72052000","CZ0642","Léčebna pro dlouhodobě nemocné (LDN)",0,0,243,0,0,0,0,0,0,0,85679
2016,"Nemocnice Měšice - CIOP, z.s.","65401921","28004000","CZ0209","Nemocnice následné (ošetřovatelské) péče",0,0,0,80,0,0,0,0,0,0,34711
2016,"Nemocnice Na Bulovce","00064211","08454000","CZ0100","Samostatné lůžkové zařízení s péčí DIP, NIOP, NIP",0,0,0,0,0,0,0,10,0,0,548
2016,"Nemocnice Na Františku","00879444","01003000","CZ0100","Nemocnice",100,13,0,0,0,0,0,0,21020,2871,0
2016,"Nemocnice Na Františku","00879444","01311000","CZ0100","Léčebna pro dlouhodobě nemocné (LDN)",0,0,26,0,0,0,0,0,0,0,10933
2016,"Nemocnice Na Homolce","00023884","05004000","CZ0100","Fakultní nemocnice",228,129,0,0,0,0,0,0,58117,37543,0
2016,"Nemocnice Na Pleši s.r.o.","27207064","30006000","CZ020B","Nemocnice",40,3,0,0,0,0,0,0,9621,2,0
2016,"Nemocnice Na Pleši s.r.o.","27207064","30522000","CZ020B","Odborné léčebné ústavy",0,0,0,0,105,0,0,0,0,0,32484
2016,"Nemocnice Na Pleši s.r.o.","27207064","30605000","CZ020B","Nemocnice následné (ošetřovatelské) péče",0,0,0,70,0,0,0,0,0,0,18677
2016,"Nemocnice Nové Město na Moravě, p. o.","00842001","84231000","CZ0635","Nemocnice",348,31,0,0,0,0,8,0,84131,7912,313
2016,"Nemocnice Nové Město na Moravě, p. o.","00842001","84425000","CZ0635","Léčebna pro dlouhodobě nemocné (LDN)",0,0,70,0,0,0,0,0,0,0,22293
2016,"Nemocnice Nymburk s.r.o.","28762886","27001000","CZ0208","Nemocnice",139,11,0,0,0,0,0,0,36986,2829,0
2016,"Nemocnice Nymburk s.r.o.","28762886","27017000","CZ0208","Nemocnice následné (ošetřovatelské) péče",0,0,0,0,20,0,0,0,0,0,2451
2016,"Nemocnice Ostrov s.r.o.","47714913","42010000","CZ0412","Nemocnice",175,7,0,0,0,0,30,20,36217,1377,14810
2016,"Nemocnice Ostrov s.r.o.","47714913","42452000","CZ0412","Léčebna pro dlouhodobě nemocné (LDN)",0,0,57,0,0,0,0,0,0,0,16668
2016,"Nemocnice Pardubického kraje, a.s.","27520536","62001000","CZ0531","Nemocnice",249,29,0,0,0,0,10,0,60140,7151,2890
2016,"Nemocnice Pardubického kraje, a.s.","27520536","62002000","CZ0531","Léčebna pro dlouhodobě nemocné (LDN)",0,0,89,0,0,0,0,10,0,0,25950
2016,"Nemocnice Pardubického kraje, a.s.","27520536","65001000","CZ0532","Nemocnice",788,78,0,0,0,0,0,0,158091,15148,0
2016,"Nemocnice Pardubického kraje, a.s.","27520536","65361000","CZ0532","Léčebna pro dlouhodobě nemocné (LDN)",0,0,66,0,0,0,0,0,0,0,14790
2016,"Nemocnice Pardubického kraje, a.s.","27520536","68001000","CZ0533","Nemocnice",269,14,0,0,0,0,0,0,61853,3905,0
2016,"Nemocnice Pardubického kraje, a.s.","27520536","68002000","CZ0533","Nemocnice",187,20,0,0,0,0,0,0,42345,4754,0
2016,"Nemocnice Pardubického kraje, a.s.","27520536","68011000","CZ0533","Léčebna pro dlouhodobě nemocné (LDN)",0,0,23,0,0,0,0,0,0,0,7833
2016,"Nemocnice Pardubického kraje, a.s.","27520536","68012000","CZ0533","Léčebna pro dlouhodobě nemocné (LDN)",0,0,40,0,0,0,0,0,0,0,10315
2016,"Nemocnice Pardubického kraje, a.s.","27520536","70001000","CZ0534","Nemocnice",306,26,0,0,0,0,0,0,69330,6373,0
2016,"Nemocnice Pelhřimov, příspěvková org.","00511951","35001000","CZ0633","Nemocnice",271,23,0,0,0,0,0,0,65723,5970,0
2016,"Nemocnice Pelhřimov, příspěvková org.","00511951","35040000","CZ0633","Léčebna pro dlouhodobě nemocné (LDN)",0,0,46,0,0,0,0,0,0,0,14978
2016,"Nemocnice Počátky, s.r.o.","26216701","35043000","CZ0633","Léčebna pro dlouhodobě nemocné (LDN)",0,0,120,0,0,0,0,0,0,0,37541
2016,"Nemocnice Prachatice, a.s.","26095165","37101000","CZ0315","Nemocnice",137,9,0,0,0,0,0,0,30895,2874,0
2016,"Nemocnice Písek, a.s.","26095190","36101000","CZ0314","Nemocnice",314,48,0,0,0,0,0,5,63954,9222,1751
2016,"Nemocnice Písek, a.s.","26095190","36102000","CZ0314","Léčebna pro dlouhodobě nemocné (LDN)",0,0,36,0,0,0,0,0,0,0,11274
2016,"Nemocnice Roudnice nad Labem s.r.o.","25443801","55039000","CZ0423","Nemocnice",135,8,0,0,0,0,0,0,23329,1627,0
2016,"Nemocnice Roudnice nad Labem s.r.o.","25443801","55040000","CZ0423","Léčebna pro dlouhodobě nemocné (LDN)",0,0,43,0,0,0,0,0,0,0,14774
2016,"Nemocnice Roudnice nad Labem s.r.o.","25443801","55044000","CZ0423","Nemocnice následné (ošetřovatelské) péče",0,0,0,28,0,0,0,0,0,0,5589
2016,"Nemocnice Rudolfa a Stefanie Benešov,a.s","27253236","20101000","CZ0201","Nemocnice",298,31,0,78,0,0,0,0,67657,6867,23189
2016,"Nemocnice Sokolov s.r.o.","24747246","48008000","CZ0413","Nemocnice",294,35,0,0,0,0,0,0,71124,9003,0
2016,"Nemocnice Sokolov s.r.o.","24747246","48009000","CZ0413","Léčebna pro dlouhodobě nemocné (LDN)",0,0,115,0,0,0,0,0,0,0,31186
2016,"Nemocnice Strakonice, a.s.","26095181","38001000","CZ0316","Nemocnice",245,20,0,0,0,0,0,0,53639,4378,0
2016,"Nemocnice Strakonice, a.s.","26095181","38005001","CZ0316","Léčebna pro dlouhodobě nemocné (LDN)",0,0,36,0,0,0,0,5,0,0,12498
2016,"Nemocnice Sv. Kříže Žižkov, s.r.o.","47124733","03324000","CZ0100","Nemocnice následné (ošetřovatelské) péče",0,0,0,67,0,0,0,0,0,0,18368
2016,"Nemocnice Sv. Kříže Žižkov, s.r.o.","47124733","03325000","CZ0100","Samostatné lůžkové zařízení s péčí DIP, NIOP, NIP",0,0,0,0,0,0,0,10,0,0,430
2016,"Nemocnice TGM Hodonín, příspěvková org.","00226637","75001000","CZ0645","Nemocnice",133,24,0,0,0,0,0,0,36582,7488,0
2016,"Nemocnice TGM Hodonín, příspěvková org.","00226637","75008000","CZ0645","Nemocnice následné (ošetřovatelské) péče",0,0,0,43,0,0,0,0,0,0,12522
2016,"Nemocnice Tanvald, s. r. o.","63145766","53208000","CZ0512","Nemocnice následné (ošetřovatelské) péče",0,0,0,35,0,0,20,12,0,0,22857
2016,"Nemocnice Tanvald, s.r.o","63145766","53286000","CZ0512","Nemocnice",18,3,0,0,0,0,0,0,5552,693,0
2016,"Nemocnice Tišnov, příspěvková organizace","44947909","73005000","CZ0643","Sdružení ambulantních zařízení",25,0,0,0,0,0,0,0,5043,0,0
2016,"Nemocnice Tišnov,příspěvková organizace","44947909","73007000","CZ0643","Léčebna pro dlouhodobě nemocné (LDN)",0,0,70,0,0,0,0,0,0,0,22500
2016,"Nemocnice Tábor, a.s.","26095203","39001000","CZ0317","Nemocnice",366,31,0,0,0,0,0,0,101329,8309,0
2016,"Nemocnice Tábor, a.s.","26095203","39007000","CZ0317","Léčebna pro dlouhodobě nemocné (LDN)",0,0,69,0,0,0,0,0,0,0,27209
2016,"Nemocnice Třebíč, příspěvková organizace","00839396","79001000","CZ0634","Nemocnice",386,36,0,0,0,0,0,0,90934,9006,0
2016,"Nemocnice Třebíč, příspěvková organizace","00839396","79003000","CZ0634","Nemocnice následné (ošetřovatelské) péče",0,0,104,0,0,0,0,5,0,0,36610
2016,"Nemocnice Třinec, příspěvková organizace","00534242","86102000","CZ0802","Nemocnice",300,31,0,20,0,0,0,0,78575,8410,2987
2016,"Nemocnice Valtice s.r.o.","63488329","74021000","CZ0644","Léčebna pro dlouhodobě nemocné (LDN)",0,0,184,0,0,0,0,0,0,0,52404
2016,"Nemocnice Varnsdorf- LDN","49888498","51303000","CZ0421","Léčebna pro dlouhodobě nemocné (LDN)",0,0,100,0,0,0,0,0,0,0,41797
2016,"Nemocnice Volyně s.r.o.","25155946","38033001","CZ0316","Léčebna pro dlouhodobě nemocné (LDN)",0,0,66,0,0,0,0,0,0,0,13655
2016,"Nemocnice Vrchlabí, s.r.o.","64827232","69003000","CZ0525","Nemocnice",54,5,0,0,0,0,8,0,11087,1880,2493
2016,"Nemocnice Vrchlabí, s.r.o.","64827232","69008000","CZ0525","Nemocnice následné (ošetřovatelské) péče",0,0,0,35,0,0,0,0,0,0,5170
2016,"Nemocnice Vršovice a.s.","28971906","10693000","CZ0100","Odborné léčebné ústavy",0,0,0,0,20,0,0,0,0,0,6654
2016,"Nemocnice Vršovice a.s.","28971906","10706000","CZ0100","Samostatné lůžkové zařízení s péčí DIP, NIOP, NIP",0,0,0,0,0,0,15,0,0,0,5532
2016,"Nemocnice Vršovice a.s.","28971906","10714000","CZ0100","Nemocnice",16,4,0,0,0,0,0,0,3901,991,0
2016,"Nemocnice Vyškov, příspěvková organizace","00839205","81001000","CZ0646","Nemocnice",285,25,0,0,0,0,0,0,90516,7574,0
2016,"Nemocnice Vyškov, příspěvková organizace","00839205","81065000","CZ0646","Léčebna pro dlouhodobě nemocné (LDN)",0,0,90,0,0,0,0,0,0,0,29534
2016,"Nemocnice Znojmo,příspěvková organizace","00092584","83001000","CZ0647","Nemocnice",442,33,0,0,0,0,0,0,103340,8706,0
2016,"Nemocnice Znojmo,příspěvková organizace","00092584","83002000","CZ0647","Léčebna pro dlouhodobě nemocné (LDN)",0,0,115,0,0,0,0,0,0,0,38559
2016,"Nemocnice následné péče Moravská Třebová","00193895","68013000","CZ0533","Léčebna pro dlouhodobě nemocné (LDN)",0,0,80,0,0,0,0,0,0,0,23654
2016,"Nemocnice následné péče Praha s.r.o.","45789924","06408000","CZ0100","Léčebna pro dlouhodobě nemocné (LDN)",0,0,40,20,0,0,0,0,0,0,18707
2016,"Nemocnice následné péče Praha s.r.o.","45789924","06610000","CZ0100","Odborné léčebné ústavy",0,0,0,0,20,0,0,0,0,0,6431
2016,"Nemocnice následné péče Svatá Anna,s.r.o","26360896","49008000","CZ0327","Léčebna pro dlouhodobě nemocné (LDN)",0,0,90,0,0,0,0,0,0,0,27296
2016,"Nemocnice následné péče VIA, s.r.o.","02390221","51262000","CZ0421","Léčebna pro dlouhodobě nemocné (LDN)",0,0,100,0,0,0,0,0,0,0,43908
2016,"Nemocnice následné péče s pol. Lom. n/P","00854875","67130000","CZ0514","Léčebna pro dlouhodobě nemocné (LDN)",0,0,0,59,0,0,0,0,0,0,20318
2016,"Nemocnice s poliklinikou Česká Lípa a.s.","27283518","50292000","CZ0511","Léčebna pro dlouhodobě nemocné (LDN)",0,0,117,0,0,0,0,0,0,0,40823
2016,"Nemocnice s poliklinikou Česká Lípa,a.s.","27283518","50100000","CZ0511","Nemocnice",315,32,0,0,0,0,0,6,67558,7492,2941
2016,"Nemocnice sv. Alžběty Na Slupi, s.r.o.","07579969","02259000","CZ0100","Léčebna pro dlouhodobě nemocné (LDN)",0,0,89,0,0,0,0,0,0,0,26983
2016,"Nemocnice sv.Zdislavy,a.s.","25542681","84427000","CZ0635","Nemocnice",40,6,0,0,0,0,6,0,12098,1565,588
2016,"Nemocnice sv.Zdislavy,a.s.","25542681","84428000","CZ0635","Léčebna pro dlouhodobě nemocné (LDN)",0,0,80,0,0,0,0,0,0,0,26459
2016,"Nemocnice u Sv. Jiří s. r. o.","49786954","44613000","CZ0323","Nemocnice",15,5,0,0,0,0,0,0,1657,479,0
2016,"Nemocnice ve Frýdku-Místku, přís. organ.","00534188","86101000","CZ0802","Nemocnice",343,34,0,32,0,0,0,0,88392,10382,7559
2016,"Nemocnice ve Frýdku-Místku, přís. organ.","00534188","86101200","CZ0802","Léčebna pro dlouhodobě nemocné (LDN)",0,0,60,0,0,0,0,0,0,0,20755
2016,"Nemocnice České Budějovice, a.s.","26068877","32006000","CZ0311","Nemocnice",994,171,0,0,0,0,0,0,252195,36194,0
2016,"Nemocnice České Budějovice, a.s.","26068877","32067000","CZ0311","Léčebna pro dlouhodobě nemocné (LDN)",0,0,229,0,0,0,0,0,0,0,65587
2016,"Nemocnice České Budějovice, a.s.","26068877","32070000","CZ0311","Odborné léčebné ústavy",0,0,0,0,50,0,0,0,0,0,9154
2016,"Nemocnice Český Brod s.r.o.","27161838","23333000","CZ0204","Léčebna pro dlouhodobě nemocné (LDN)",0,0,60,61,0,0,0,10,0,0,35432
2016,"Nemocnice Český Krumlov, a.s.","26095149","33100000","CZ0312","Nemocnice",144,14,0,0,0,0,0,0,41216,3563,0
2016,"Nemocnice Český Krumlov, a.s.","26095149","33103000","CZ0312","Léčebna pro dlouhodobě nemocné (LDN)",0,0,88,0,0,0,0,0,0,0,28550
2016,"Nemocnice Šumperk a.s.","47682795","93008000","CZ0715","Nemocnice následné (ošetřovatelské) péče",0,0,0,57,0,0,0,0,0,0,20263
2016,"Nemocnice Šumperk a.s.","47682795","93201000","CZ0715","Nemocnice",342,31,0,0,0,0,0,0,85347,6666,0
2016,"Nemocnice Žatec, o.p.s.","25026259","56007000","CZ0424","Nemocnice",127,11,0,0,0,0,0,0,28088,1771,0
2016,"Nemocnice Žatec, o.p.s. - LDN","25026259","56010000","CZ0424","Léčebna pro dlouhodobě nemocné (LDN)",0,0,50,0,0,0,0,0,0,0,14470
2016,"Neurologie, s.r.o. - léč. dlouh. nem.","49900391","51276000","CZ0421","Odborné léčebné ústavy",0,0,20,0,0,0,0,0,0,0,6918
2016,"Národní ústav duševního zdraví","00023752","08002000","CZ0209","Nemocnice",55,0,0,0,0,0,0,0,12875,0,0
2016,"OB klinika a.s.","28892950","03336000","CZ0100","Nemocnice",12,0,0,0,0,0,0,0,1707,0,0
2016,"OLÚ Metylovice-Moravskosl. sanator.,p.o.","00534200","86404000","CZ0802","Odborné léčebné ústavy",0,0,0,0,62,0,0,0,0,0,9954
2016,"ORTHES, spol. s r.o.","60718048","94125000","CZ0723","Nemocnice",10,3,0,0,0,0,0,0,3153,567,0
2016,"ORTO - REHA, s.r.o.","29032806","08439000","CZ0100","Nemocnice",20,0,0,0,0,0,0,0,6465,0,0
2016,"OSMED Group s.r.o.","27828930","91100870","CZ0806","Nemocnice následné (ošetřovatelské) péče",0,0,0,120,0,0,0,0,0,0,44728
2016,"Oblastní charita ČK - HOSPIC A. České","48623814","64306000","CZ0523","LZ hospicového typu poskytující paliativní péči",0,0,0,0,0,30,0,0,0,0,9438
2016,"Oblastní charita Červený Kostelec","48623814","69007000","CZ0525","Nemocnice následné (ošetřovatelské) péče",0,0,0,28,0,0,0,0,0,0,8426
2016,"Oblastní nemocnice Jičín a.s.","26001551","63101000","CZ0522","Nemocnice",328,19,0,0,0,0,0,0,82441,6077,0
2016,"Oblastní nemocnice Jičín a.s.","26001551","63112000","CZ0521","Léčebna pro dlouhodobě nemocné (LDN)",0,0,107,51,0,0,0,0,0,0,49046
2016,"Oblastní nemocnice Kladno, a.s.,","27256537","22101000","CZ0203","Nemocnice",474,57,0,0,0,0,0,0,120996,14497,0
2016,"Oblastní nemocnice Kolín, a.s.","27256391","23100000","CZ0204","Odborné léčebné ústavy",0,0,0,0,20,0,0,0,0,0,5095
2016,"Oblastní nemocnice Kolín, a.s.","27256391","23101000","CZ0204","Nemocnice",555,55,0,0,0,0,0,0,122769,15296,0
2016,"Oblastní nemocnice Kolín, a.s.","27256391","23200000","CZ0205","Léčebna pro dlouhodobě nemocné (LDN)",0,0,82,0,0,0,0,0,0,0,25517
2016,"Oblastní nemocnice Mladá Boleslav, a. s.","27256456","26001000","CZ0207","Nemocnice",426,58,0,0,0,0,0,0,91801,14481,0
2016,"Oblastní nemocnice Mladá Boleslav, a.s.","27256456","26012000","CZ0207","Léčebna pro dlouhodobě nemocné (LDN)",0,0,128,0,0,0,0,0,0,0,34268
2016,"Oblastní nemocnice Náchod a.s.","26000202","64001000","CZ0523","Nemocnice",580,40,0,0,0,0,5,0,122297,11275,81
2016,"Oblastní nemocnice Náchod a.s.","26000202","64007000","CZ0523","Léčebna pro dlouhodobě nemocné (LDN)",0,0,83,124,0,0,0,0,0,0,70842
2016,"Oblastní nemocnice Příbram, a. s.","27085031","30601000","CZ020B","Nemocnice následné (ošetřovatelské) péče",0,0,0,30,0,0,0,0,0,0,9842
2016,"Oblastní nemocnice Příbram, a. s.","27085031","30602000","CZ020B","Léčebna pro dlouhodobě nemocné (LDN)",0,0,30,0,0,0,0,0,0,0,8221
2016,"Oblastní nemocnice Příbram, a.s.","27085031","30217000","CZ020B","Odborné léčebné ústavy",0,0,0,0,23,0,0,0,0,0,1026
2016,"Oblastní nemocnice Příbram, a.s.","27085031","30531000","CZ020B","Nemocnice",335,36,0,0,0,0,0,0,84538,9808,0
2016,"Oblastní nemocnice Trutnov a.s.","26000237","69001000","CZ0525","Nemocnice",281,19,0,0,0,0,0,0,64876,4263,0
2016,"Oblastní spolek ČČK Mladá Boleslav","00425788","26014000","CZ0207","Nemocnice následné (ošetřovatelské) péče",0,0,0,15,0,0,0,0,0,0,7105
2016,"Odborný léčebný ústav Jevíčko","00193976","68005000","CZ0533","Odborné léčebné ústavy",0,0,0,0,176,0,0,0,0,0,60389
2016,"Odborný léčebný ústav Paseka, p.o.","00849081","89723000","CZ0712","Odborné léčebné ústavy",0,0,229,60,126,0,0,0,0,0,133885
2016,"Olivova dětská léčebna, o.p.s.","25689371","28005000","CZ0209","Odborné léčebné ústavy",0,0,0,0,64,0,0,0,0,0,15872
2016,"Ošetřovatelská lůžka","05212146","31110000","CZ020C","Nemocnice následné (ošetřovatelské) péče",0,0,0,26,0,0,0,0,0,0,6412
2016,"PATEB s.r.o.","26940281","79591000","CZ0634","Odborné léčebné ústavy",0,0,0,0,45,0,0,0,0,0,19960
2016,"PP Hospitals, s.r.o.","26085011","28002000","CZ0209","Nemocnice",40,6,0,0,0,0,0,0,7949,1874,0
2016,"PP Hospitals, s.r.o.","26085011","28660000","CZ0209","Léčebna pro dlouhodobě nemocné (LDN)",0,0,80,0,0,0,0,0,0,0,28126
2016,"PRIVAMED a.s.","46885251","44103000","CZ0323","Nemocnice",155,12,0,0,0,0,0,0,36343,2252,0
2016,"PRIVAMED a.s.","46885251","44106000","CZ0323","Léčebna pro dlouhodobě nemocné (LDN)",0,0,180,0,0,0,0,20,0,0,81642
2016,"PRVNÍ PRIVÁTNÍ CHIRURGICKÉ CENTRUM spol.","49813692","61303000","CZ0521","Nemocnice",47,8,0,0,0,0,0,0,7657,580,0
2016,"Poliklinika Prosek a.s.","28495306","09362000","CZ0100","Nemocnice následné (ošetřovatelské) péče",0,0,0,20,0,0,0,0,0,0,8763
2016,"Poličská nemocnice, s.r.o.","25296094","68019000","CZ0533","Léčebna pro dlouhodobě nemocné (LDN)",0,0,120,0,0,0,0,0,0,0,51239
2016,"Psychiatric. nemocnice Marianny Oranžské","00851388","95020000","CZ0711","Odborné léčebné ústavy",0,0,0,0,150,0,0,0,0,0,48523
2016,"Psychiatrická léčebna Lnáře","00668168","38002000","CZ0316","Odborné léčebné ústavy",0,0,0,0,70,0,0,0,0,0,24601
2016,"Psychiatrická léčebna Petrohrad, p.o.","00829137","56005000","CZ0424","Odborné léčebné ústavy",0,0,0,0,130,0,0,0,0,0,47500
2016,"Psychiatrická léčebna Červený Dvůr","00583600","33200000","CZ0312","Odborné léčebné ústavy",0,0,0,0,103,0,0,0,0,0,36024
2016,"Psychiatrická léčebna Šternberk","00843954","89303000","CZ0712","Odborné léčebné ústavy",0,0,0,0,502,0,0,0,0,0,167809
2016,"Psychiatrická nemocnice Bohnice","00064220","08005000","CZ0100","Odborné léčebné ústavy",0,0,0,0,1213,0,0,0,0,0,394220
2016,"Psychiatrická nemocnice Bohnice","00064220","08279000","CZ0100","Léčebna pro dlouhodobě nemocné (LDN)",0,0,63,0,0,0,0,0,0,0,22985
2016,"Psychiatrická nemocnice Brno","00160105","72935000","CZ0642","Odborné léčebné ústavy",0,0,0,0,761,0,0,0,0,0,229023
2016,"Psychiatrická nemocnice Havlíčkův Brod","00179230","60006000","CZ0631","Odborné léčebné ústavy",0,0,0,0,710,0,0,0,0,0,211189
2016,"Psychiatrická nemocnice Horní Beřkovice","00673552","55024000","CZ0423","Odborné léčebné ústavy",0,0,0,0,507,0,0,0,0,0,182617
2016,"Psychiatrická nemocnice Jihlava","00600601","76021000","CZ0632","Odborné léčebné ústavy",0,0,0,0,520,0,0,0,0,0,151490
2016,"Psychiatrická nemocnice Kosmonosy","00068691","26003000","CZ0207","Odborné léčebné ústavy",0,0,0,0,603,0,0,0,0,0,168624
2016,"Psychiatrická nemocnice Písek a.s.","28092732","36896000","CZ0314","Odborné léčebné ústavy",0,0,0,0,96,0,0,0,0,0,31183
2016,"Psychiatrická nemocnice v Dobřanech","00669792","45901000","CZ0324","Odborné léčebné ústavy",0,0,0,0,1210,0,0,0,0,0,335158
2016,"Psychiatrická nemocnice v Kroměříži","00567914","77951000","CZ0721","Odborné léčebné ústavy",0,0,0,0,983,0,0,0,0,0,320390
2016,"Psychiatrická nemocnice v Opavě","00844004","90224000","CZ0805","Odborné léčebné ústavy",0,0,0,0,863,0,0,0,0,0,300086
2016,"REHAMEDICA Žacléř, a.s.","08208778","69009000","CZ0525","Nemocnice následné (ošetřovatelské) péče",0,0,0,65,0,0,0,0,0,0,25880
2016,"RHG spol. s r. o.","61852287","29004000","CZ020A","Léčebna pro dlouhodobě nemocné (LDN)",0,0,0,77,0,0,0,0,0,0,28192
2016,"RHG spol. s.r.o.","61852287","25211000","CZ0206","Nemocnice následné (ošetřovatelské) péče",0,0,0,132,0,0,0,0,0,0,38744
2016,"Rehabilit.ústav pro cévní choroby mozk.","49813447","60190000","CZ0631","Odborné léčebné ústavy",0,0,0,0,39,0,0,0,0,0,14508
2016,"Rehabilitační centrum Čeladná s.r.o.","25868951","86110000","CZ0802","Odborné léčebné ústavy",0,0,0,0,236,0,0,0,0,0,71956
2016,"Rehabilitační ústav Brandýs nad Orlicí","00853879","70012000","CZ0534","Odborné léčebné ústavy",0,0,0,0,150,0,0,0,0,0,51457
2016,"Rehabilitační ústav Hrabyně","00601233","90158000","CZ0805","Odborné léčebné ústavy",0,0,0,0,388,0,0,0,0,0,133612
2016,"Rehabilitační ústav Kladruby","00068705","20105000","CZ0201","Odborné léčebné ústavy",0,0,0,0,250,0,0,0,0,0,82896
2016,"Revmatologický ústav","00023728","02001000","CZ0100","Fakultní nemocnice",50,0,0,0,0,0,0,0,12305,0,0
2016,"Rokycanská nemocnice,  a.s.","26360900","47113000","CZ0326","Nemocnice následné (ošetřovatelské) péče",0,0,0,30,0,0,0,0,0,0,1869
2016,"Rokycanská nemocnice, a.s.","26360900","47101000","CZ0326","Nemocnice",98,9,0,0,0,0,0,0,26614,1264,0
2016,"SANATORIUM EDEL s.r.o.","49609599","95683000","CZ0711","Odborné léčebné ústavy",0,0,0,0,93,0,0,0,0,0,29419
2016,"SENIOR CZ, s.r.o.","25413244","59314000","CZ0427","Odborné léčebné ústavy",0,0,0,0,30,0,0,0,0,0,12649
2016,"SOaL okresu Trutnov","00195201","69034000","CZ0525","Odborné léčebné ústavy",0,0,0,0,159,0,0,0,0,0,53472
2016,"SOaL okresu Trutnov","00195201","69034002","CZ0525","Odborné léčebné ústavy",0,0,0,0,30,0,0,0,0,0,6842
2016,"Sanatorium Jablunkov, a.s.","27835545","86113000","CZ0802","Léčebna pro dlouhodobě nemocné (LDN)",0,0,28,30,105,0,0,0,0,0,49971
2016,"Sanatorium Kochova s.r.o.","02402106","87070000","CZ0803","Nemocnice následné (ošetřovatelské) péče",0,0,0,70,0,0,0,0,0,0,25171
2016,"Sdružené zdravotnické zařízení Krnov,p.o","00844641","85600000","CZ0801","Nemocnice",270,29,0,0,0,0,0,8,63881,6733,654
2016,"Sdružené zdravotnické zařízení Krnov,p.o","00844641","85780000","CZ0801","Léčebna pro dlouhodobě nemocné (LDN)",0,0,45,150,25,0,0,0,0,0,52308
2016,"Slezská nemocnice v Opavě, příspěv. org.","47813750","90001000","CZ0805","Nemocnice",443,44,0,0,0,0,0,0,105211,11157,0
2016,"Slezská nemocnice v Opavě, příspěv. org.","47813750","90604000","CZ0805","Léčebna pro dlouhodobě nemocné (LDN)",0,0,48,0,0,0,0,0,0,0,17680
2016,"Soc. a zdravotní centrum Letiny s.r.o.","63504502","44109000","CZ0324","Nemocnice následné (ošetřovatelské) péče",0,0,0,30,0,0,0,0,0,0,12655
2016,"Stodská nemocnice, a.s.","26361086","45001000","CZ0324","Nemocnice",120,8,0,0,0,0,0,0,27618,1936,0
2016,"Stodská nemocnice, a.s. - LDN","26361086","45002000","CZ0324","Léčebna pro dlouhodobě nemocné (LDN)",0,0,57,0,0,0,0,0,0,0,17709
2016,"Státní léčebné lázně Janské Lázně, s.p.","00024007","69022000","CZ0525","Odborné léčebné ústavy",0,0,0,0,140,0,0,0,0,0,41483
2016,"SurGal Clinic s.r.o.","46965033","72186000","CZ0642","Nemocnice",60,6,0,0,0,0,22,20,11559,2033,10623
2016,"THERÁPON 98, a. s.","25399195","88012000","CZ0804","Léčebna pro dlouhodobě nemocné (LDN)",0,0,41,0,0,0,0,0,0,0,14965
2016,"TRN - Léčebna v Mirošově - Janově","00669784","47102000","CZ0326","Odborné léčebné ústavy",0,0,0,0,130,0,0,0,0,0,32157
2016,"TŘI, z.ú.","18623433","20121000","CZ0201","LZ hospicového typu poskytující paliativní péči",0,0,0,0,0,30,0,0,0,0,7859
2016,"Uherskohradišťská nemocnice a.s.","27660915","80001000","CZ0722","Nemocnice",442,44,0,0,0,0,10,0,118062,10721,2532
2016,"Uherskohradišťská nemocnice a.s.","27660915","80003000","CZ0722","Léčebna pro dlouhodobě nemocné (LDN)",0,0,83,30,0,0,0,0,0,0,41488
2016,"Vazební věznice a ÚpVZD Brno","00212423","72046000","CZ0642","Nemocnice",59,0,0,0,0,0,0,0,12246,0,0
2016,"Vazební věznice a ÚpVZD Brno","00212423","72059000","CZ0642","Nemocnice následné (ošetřovatelské) péče",0,0,26,0,25,0,0,0,0,0,4593
2016,"Vojenská nemocnice Brno","60555530","72037000","CZ0642","Nemocnice",192,20,0,0,0,0,0,0,48002,4546,0
2016,"Vojenská nemocnice Olomouc","60800691","89382000","CZ0712","Léčebna pro dlouhodobě nemocné (LDN)",0,0,23,0,0,0,0,0,0,0,4534
2016,"Vojenská nemocnice Olomouc","60800691","89903000","CZ0712","Nemocnice",202,15,0,0,0,0,10,8,41997,3457,1702
2016,"Vojenský rehabilitační ústav","00000582","29005000","CZ020A","Odborné léčebné ústavy",0,0,0,0,150,0,0,0,0,0,53201
2016,"Vsetínská nemocnice a.s.","26871068","94101000","CZ0723","Nemocnice",239,20,0,0,0,0,0,0,50482,4916,0
2016,"Vsetínská nemocnice a.s.","26871068","94210000","CZ0723","Léčebna pro dlouhodobě nemocné (LDN)",0,0,85,0,0,0,0,0,0,0,31734
2016,"Vysokomýtská nemocnice","71207856","70052000","CZ0534","Léčebna pro dlouhodobě nemocné (LDN)",0,0,120,0,0,0,0,0,0,0,38781
2016,"Vysočinské nemocnice s.r.o.","25257005","60224000","CZ0633","Léčebna pro dlouhodobě nemocné (LDN)",0,0,169,45,40,0,0,0,0,0,69326
2016,"Všeobecná fakultní nemocnice v Praze","00064165","02004000","CZ0100","Fakultní nemocnice",1205,229,0,19,0,0,0,0,263179,55075,1681
2016,"Všeobecná fakultní nemocnice v Praze","00064165","02276000","CZ0100","Odborné léčebné ústavy",0,0,0,0,66,0,0,0,0,0,14936
2016,"Všeobecná fakultní nemocnice v Praze","00064165","02405000","CZ0100","Odborné léčebné ústavy",0,0,0,0,20,0,0,0,0,0,1185
2016,"Zařízení následné reh. a hosp. péče,p.o.","69979821","42441000","CZ0412","Léčebna pro dlouhodobě nemocné (LDN)",0,0,80,0,0,0,0,0,0,0,25229
2016,"ÚVN - Vojenská fakultní nemocnice Praha","61383082","06648000","CZ0100","Samostatné lůžkové zařízení s péčí DIP, NIOP, NIP",0,0,0,0,0,0,6,0,0,0,1171
2016,"ÚVN-Vojenská fakultní nemocnice Praha","61383082","06051000","CZ0100","Fakultní nemocnice",467,68,0,28,0,0,0,0,107000,18132,5722
2016,"ÚVN-Vojenská fakultní nemocnice Praha","61383082","06419000","CZ0100","Odborné léčebné ústavy",0,0,0,0,14,0,0,0,9,0,3959
2016,"ÚVN-Vojenská fakultní nemocnice Praha","61383082","06530000","CZ0100","Léčebna pro dlouhodobě nemocné (LDN)",0,0,26,0,0,0,0,0,0,0,10368
2016,"ÚVN-Vojenská fakultní nemocnice Praha","61383082","06566000","CZ0100","Samostatné lůžkové zařízení s péčí DIP, NIOP, NIP",0,0,0,0,0,0,0,14,0,0,3841
2016,"Úrazová nemocnice v Brně","00209813","72933000","CZ0642","Nemocnice",121,23,0,0,0,0,0,0,37511,6579,0
2016,"Úrazová nemocnice v Brně","00209813","72933950","CZ0642","Odborné léčebné ústavy",0,0,0,0,30,0,0,0,0,0,9430
2016,"Ústav chirurgie ruky a plast. chirurgie","00193011","67711000","CZ0514","Nemocnice",52,0,0,0,0,0,0,0,10268,0,0
2016,"Ústav hematologie a krevní transfuze","00023736","02002000","CZ0100","Fakultní nemocnice",16,21,0,0,0,0,0,0,5538,5447,0
2016,"Ústav pro péči o matku a dítě","00023698","04004000","CZ0100","Fakultní nemocnice",222,35,0,0,0,0,0,0,54425,14477,0
2016,"ČR, VS ČR, VV a ÚpVZD Praha Pankrác","00212423","04150000","CZ0100","Nemocnice",54,0,0,49,0,0,0,0,15823,0,889
2016,"Českomoravská provincie Hospitálského ř.","44995776","82051000","CZ0724","Léčebna pro dlouhodobě nemocné (LDN)",0,0,65,0,0,0,0,0,0,0,20776
2018,"HVĚZDA z.ú.","70829560","82072000","CZ0724","LZ hospicového typu poskytující paliativní péči",0,0,0,0,0,14,0,0,0,0,5141
2018,"soft palm"" o. s.","01327216","14274000","CZ0100","LZ hospicového typu poskytující paliativní péči",0,0,0,0,0,30,0,0,0,0,4805
2018,"ADP - SANCO s.r.o.","27685934","78004000","CZ0713","Nemocnice následné (ošetřovatelské) péče",0,0,0,50,0,0,0,0,0,0,14392
2018,"AESKULAP spol. s r.o.","60913266","70006000","CZ0534","Léčebna pro dlouhodobě nemocné (LDN)",0,0,81,0,0,0,0,0,0,0,37861
2018,"AGEL Středomoravská nemocniční a.s.","27797660","78006000","CZ0713","Nemocnice",816,86,0,0,0,0,13,0,176188,20188,2154
2018,"AGEL Středomoravská nemocniční a.s.","27797660","78007000","CZ0713","Léčebna pro dlouhodobě nemocné (LDN)",0,0,197,0,0,0,0,0,0,0,66430
2018,"AHC Centrum následné péče Sedlec-Prčice","25579282","20110000","CZ020B","Léčebna pro dlouhodobě nemocné (LDN)",0,0,110,0,0,0,0,0,0,0,28416
2018,"AHC Centrum následné péče Trutnov s.r.o.","10913416","69006000","CZ0525","Nemocnice následné (ošetřovatelské) péče",0,0,0,30,0,0,0,0,0,0,11624
2018,"AHC Nemocnice Duchcov s.r.o.","61537713","58102000","CZ0426","Nemocnice",40,3,0,0,0,0,0,0,9094,340,0
2018,"AHC Nemocnice Duchcov s.r.o.","61537713","58535000","CZ0426","Nemocnice následné (ošetřovatelské) péče",0,0,0,68,0,0,0,0,0,0,24314
2018,"AHC Rehabilitační centrum Meziboří s.r.o","47283661","57541000","CZ0425","Nemocnice následné (ošetřovatelské) péče",0,0,0,0,46,0,0,0,0,0,13691
2018,"ALBERTINUM,odborný léčebný ústav,Žamberk","00196096","70008000","CZ0534","Odborné léčebné ústavy",0,0,0,0,122,0,0,0,0,0,42074
2018,"ALBERTINUM,odborný léčebný ústav,Žamberk","00196096","70058000","CZ0534","Léčebna pro dlouhodobě nemocné (LDN)",0,0,70,0,0,0,0,0,0,0,20289
2018,"ALMEDA, a.s.","25079174","25310000","CZ0206","Nemocnice",56,6,0,0,0,0,0,0,13645,1045,0
2018,"ALMEDA, a.s.","25079174","25312000","CZ0206","Samostatné lůžkové zařízení s péčí DIP, NIOP, NIP",0,0,0,0,0,0,15,12,0,0,10451
2018,"AMICA CENTRUM s.r.o.","18233392","41281000","CZ0411","Léčebna pro dlouhodobě nemocné (LDN)",0,0,0,120,0,0,0,0,0,0,49002
2018,"ANESAN, s.r.o.","61677540","23111000","CZ0204","Samostatné lůžkové zařízení s péčí DIP, NIOP, NIP",0,0,0,0,0,0,15,0,0,0,5240
2018,"AquaKlim, s. r. o.","27849562","91791100","CZ0806","Odborné léčebné ústavy",0,0,0,0,30,0,0,0,0,0,3854
2018,"BH - Nemocnice Vimperk a.s.","29015839","37105000","CZ0315","Léčebna pro dlouhodobě nemocné (LDN)",0,0,60,0,0,0,0,0,0,0,13886
2018,"Bohumínská městská nemocnice, a.s.","26834022","87003000","CZ0803","Nemocnice",57,9,60,37,0,0,0,0,13350,1402,10346
2018,"Bílovecká nemocnice, a.s.","26865858","88015000","CZ0804","Nemocnice",46,4,0,0,0,0,0,0,10757,1185,0
2018,"Bílovecká nemocnice, a.s.","26865858","88016000","CZ0804","Léčebna pro dlouhodobě nemocné (LDN)",0,0,71,0,0,0,0,0,0,0,28985
2018,"CARVAC s.r.o.","63504260","41182000","CZ0411","Léčebna pro dlouhodobě nemocné (LDN)",0,0,0,90,0,0,0,0,0,0,21605
2018,"CNS-CENTRUM TŘINEC s.r.o.","26816407","86112000","CZ0802","Nemocnice",42,0,0,0,0,0,0,0,13951,0,0
2018,"Centrum kardiovaskulární a TCH Brno","00209775","72932000","CZ0642","Nemocnice",55,35,0,0,0,0,0,0,14254,10866,0
2018,"Centrum léčby pohybového aparátu, s.r.o.","26432471","09438000","CZ0100","Nemocnice",33,0,0,0,0,0,0,0,7783,0,0
2018,"Charita Ostrava - Hospic sv. Lukáše","44940998","91997300","CZ0806","LZ hospicového typu poskytující paliativní péči",0,0,0,0,0,30,0,0,0,0,8558
2018,"Chronicare s.r.o.","02989204","27019000","CZ0208","Samostatné lůžkové zařízení s péčí DIP, NIOP, NIP",0,0,0,0,0,0,16,0,0,0,5561
2018,"DOP - HC s.r.o.","26356589","48004000","CZ0413","Léčebna pro dlouhodobě nemocné (LDN)",0,0,82,0,0,0,0,0,0,0,27330
2018,"Diakonie Valašské Meziříčí","73632783","94203000","CZ0723","Nemocnice následné (ošetřovatelské) péče",0,0,0,8,0,15,0,0,0,0,7046
2018,"Diecézní charita Brno,OCH Rajhrad","44990260","73006000","CZ0643","LZ hospicového typu poskytující paliativní péči",0,0,0,0,0,50,0,0,0,0,12621
2018,"Dlouhodobá intenzivní oš. péče","05212146","31500000","CZ020C","Samostatné lůžkové zařízení s péčí DIP, NIOP, NIP",0,0,0,0,0,0,3,8,0,0,5123
2018,"Domažlická nemocnice, a.s.","26361078","40001000","CZ0321","Nemocnice",107,10,0,0,0,0,0,0,24532,2796,0
2018,"Domažlická nemocnice, a.s. - LDN","26361078","40501000","CZ0321","Léčebna pro dlouhodobě nemocné (LDN)",0,0,45,0,0,0,0,0,0,0,14904
2018,"Domov sv.Karla Boromejského","65400143","06353000","CZ0100","Léčebna pro dlouhodobě nemocné (LDN)",0,0,79,0,0,0,0,0,0,0,23347
2018,"Dopravní zdravotnictví a.s.","25903659","02368000","CZ0100","Léčebna pro dlouhodobě nemocné (LDN)",0,0,42,0,0,0,0,0,0,0,12213
2018,"Dětská odb.léčebna Ch.G.Masaryk,p.s.ČČK","42726646","30148000","CZ020B","Odborné léčebné ústavy",0,0,0,0,80,0,0,0,0,0,8017
2018,"Dětská psychiatrická nemocnice","00842052","84420000","CZ0635","Odborné léčebné ústavy",0,0,0,0,50,0,0,0,0,0,15510
2018,"Dětská psychiatrická nemocnice Louny","00831034","56004000","CZ0424","Odborné léčebné ústavy",0,0,0,0,50,0,0,0,0,0,15413
2018,"Dětská psychiatrická nemocnice Opařany","00667421","39801000","CZ0317","Odborné léčebné ústavy",0,0,0,0,110,0,0,0,0,0,27766
2018,"Dům klidného stáří, spol. s r.o.","26369427","48006000","CZ0413","Léčebna pro dlouhodobě nemocné (LDN)",0,0,30,0,0,0,0,0,0,0,9530
2018,"ETOILE CZ a.s.","28973976","10663000","CZ0100","Samostatné lůžkové zařízení s péčí DIP, NIOP, NIP",0,0,0,0,0,0,30,0,0,0,10037
2018,"EUC Klinika Zlín a.s.","60726636","82002000","CZ0724","Nemocnice",45,7,0,0,0,0,0,0,9968,924,0
2018,"Fakultní Thomayerova nemocnice","00064190","04005000","CZ0100","Nemocnice",712,76,0,0,0,0,0,0,160608,17067,0
2018,"Fakultní Thomayerova nemocnice","00064190","04679000","CZ0100","Léčebna pro dlouhodobě nemocné (LDN)",0,0,240,0,0,0,0,0,0,0,66241
2018,"Fakultní Thomayerova nemocnice","00064190","04775000","CZ0100","Odborné léčebné ústavy",0,0,0,0,35,0,0,0,0,0,7738
2018,"Fakultní nemocnice Brno","65269705","72100000","CZ0642","Fakultní nemocnice",1606,305,0,0,0,0,0,0,342839,77422,0
2018,"Fakultní nemocnice Bulovka","00064211","08006000","CZ0100","Nemocnice",788,99,0,0,0,0,0,0,172871,26289,0
2018,"Fakultní nemocnice Bulovka","00064211","08368000","CZ0100","Nemocnice následné (ošetřovatelské) péče",0,0,0,54,0,0,0,0,0,0,8501
2018,"Fakultní nemocnice Hradec Králové","00179906","61004000","CZ0521","Fakultní nemocnice",1114,181,0,0,0,0,0,0,268458,53554,0
2018,"Fakultní nemocnice Hradec Králové","00179906","61778000","CZ0521","Odborné léčebné ústavy",0,0,0,18,56,0,0,0,0,0,17914
2018,"Fakultní nemocnice Královské Vinohrady","00064173","10002000","CZ0100","Fakultní nemocnice",829,194,0,0,0,0,0,0,171338,38420,0
2018,"Fakultní nemocnice Královské Vinohrady","00064173","10433000","CZ0100","Léčebna pro dlouhodobě nemocné (LDN)",0,0,70,0,0,0,0,0,0,0,18328
2018,"Fakultní nemocnice Olomouc","00098892","89100600","CZ0712","Léčebna pro dlouhodobě nemocné (LDN)",0,0,0,25,0,0,0,0,0,0,6489
2018,"Fakultní nemocnice Olomouc","00098892","89301000","CZ0712","Fakultní nemocnice",976,152,0,0,0,0,0,0,244901,40729,0
2018,"Fakultní nemocnice Ostrava","00843989","91009000","CZ0806","Fakultní nemocnice",905,204,0,0,0,0,0,0,225732,56335,0
2018,"Fakultní nemocnice Ostrava","00843989","91009888","CZ0805","Léčebna pro dlouhodobě nemocné (LDN)",0,0,140,0,0,0,0,0,0,0,42323
2018,"Fakultní nemocnice Plzeň","00669806","44101000","CZ0323","Fakultní nemocnice",1420,178,0,0,0,0,10,10,356903,46184,3750
2018,"Fakultní nemocnice Plzeň","00669806","44117000","CZ0323","Léčebna pro dlouhodobě nemocné (LDN)",0,0,75,0,0,0,0,0,0,0,25198
2018,"Fakultní nemocnice u sv. Anny v Brně","00159816","72001000","CZ0642","Fakultní nemocnice",639,128,0,0,0,0,4,0,146790,28386,581
2018,"Fakultní nemocnice u sv. Anny v Brně","00159816","72056000","CZ0642","Odborné léčebné ústavy",0,0,0,0,115,0,0,0,0,0,36774
2018,"Fakultní nemocnice v Motole","00064203","05002000","CZ0100","Fakultní nemocnice",1436,364,0,0,0,0,0,0,289644,97113,0
2018,"Fakultní nemocnice v Motole","00064203","05434000","CZ0100","Léčebna pro dlouhodobě nemocné (LDN)",0,0,361,0,0,0,0,0,0,0,104979
2018,"Fakultní nemocnice v Motole NIP,DIOP","00064203","05768000","CZ0100","Samostatné lůžkové zařízení s péčí DIP, NIOP, NIP",0,0,0,0,0,0,14,20,0,0,9342
2018,"Filimed s.r.o.","07628196","29039000","CZ020A","Odborné léčebné ústavy",0,0,87,0,0,0,0,0,0,0,6570
2018,"GARC Kladno, s.r.o.,","27371794","22128000","CZ0203","Léčebna pro dlouhodobě nemocné (LDN)",0,0,112,0,40,0,0,0,0,0,43744
2018,"Gaudium Frýdek-Místek s.r.o.","26788799","86111000","CZ0802","Léčebna pro dlouhodobě nemocné (LDN)",0,0,0,60,0,0,0,0,0,0,20857
2018,"Gerontologické centrum","45250022","08299000","CZ0100","Léčebna pro dlouhodobě nemocné (LDN)",0,0,46,0,0,0,0,0,0,0,12721
2018,"GynCentrum, spol. s r.o.","45316783","09262000","CZ0100","Nemocnice",27,4,0,0,0,0,0,0,2822,152,0
2018,"HOSPIC Frýdek-Místek, p.o.","72046546","86114000","CZ0802","LZ hospicového typu poskytující paliativní péči",0,0,0,0,0,27,0,0,0,0,7337
2018,"HOSPIC v MOSTĚ, o.p.s.","25419561","57623000","CZ0425","LZ hospicového typu poskytující paliativní péči",0,0,0,15,0,0,0,0,0,0,2789
2018,"HOSPIC ŠTRASBURK o.p.s.","61383457","08277000","CZ0100","LZ hospicového typu poskytující paliativní péči",0,0,0,0,0,25,0,0,0,0,7321
2018,"Hamzova odborná léčebna pro děti a dosp.","00183024","62901000","CZ0531","Odborné léčebné ústavy",0,0,0,85,398,0,0,0,0,0,168529
2018,"Hornická NsP - LDN","61325422","58105000","CZ0426","Léčebna pro dlouhodobě nemocné (LDN)",0,0,75,0,0,0,0,0,0,0,27715
2018,"Hospic Chrudim z.ú.","26625385","62421000","CZ0531","LZ hospicového typu poskytující paliativní péči",0,0,0,0,0,27,0,0,0,0,9578
2018,"Hospic na Svatém Kopečku","73634671","89163000","CZ0712","LZ hospicového typu poskytující paliativní péči",0,0,0,0,0,30,0,0,0,0,8144
2018,"Hospic sv. Alžběty o.p.s.","26604582","72058000","CZ0642","LZ hospicového typu poskytující paliativní péči",0,0,0,0,0,20,0,0,0,0,8259
2018,"Hospic sv. Jana N. Neumanna, o.p.s.","70853517","37106000","CZ0315","LZ hospicového typu poskytující paliativní péči",0,0,0,0,0,30,0,0,0,0,6939
2018,"Hospic sv. Zdislavy, o.p.s.","28700210","54191000","CZ0513","LZ hospicového typu poskytující paliativní péči",0,0,0,0,0,28,0,0,0,0,6042
2018,"Hospic sv. Štěpána, z.s.","65081374","55038000","CZ0423","LZ hospicového typu poskytující paliativní péči",0,0,0,0,0,26,0,0,0,0,5657
2018,"Hospic svatého Lazara","66361508","44107000","CZ0323","LZ hospicového typu poskytující paliativní péči",0,0,0,0,0,28,0,0,0,0,8783
2018,"Institut klin.a exper.medicíny v Praze","00023001","04002000","CZ0100","Fakultní nemocnice",200,115,0,0,0,0,0,0,49768,26216,0
2018,"Interna Zábřeh, s. r. o.","60774916","93203000","CZ0715","Nemocnice následné (ošetřovatelské) péče",0,0,0,20,0,0,0,0,0,0,4847
2018,"JESSENIA a.s.","26752051","21005000","CZ0202","Nemocnice",0,0,0,0,22,0,0,0,0,0,338
2018,"JESSENIA a.s. - Rehabilitační Nem.Beroun","26752051","21001000","CZ0202","Nemocnice",119,7,0,0,0,0,0,0,57234,1750,0
2018,"Jihomoravské dětské léčebny, p.o.","00386766","71103000","CZ0641","Odborné léčebné ústavy",0,0,0,0,40,0,0,0,0,0,14071
2018,"Jihomoravské dětské léčebny, p.o.","00386766","71105000","CZ0641","Odborné léčebné ústavy",0,0,0,0,42,0,0,0,0,0,12269
2018,"Jihomoravské dětské léčebny, p.o.","00386766","71108000","CZ0641","Odborné léčebné ústavy",0,0,0,0,30,0,0,0,0,0,8984
2018,"KARDIOLOGIE NA BULOVCE, s.r.o.","49679236","08075000","CZ0100","Nemocnice",12,0,0,0,0,0,0,0,6104,0,0
2018,"KZ, a.s. - Nemocnice Chomutov, o.z.","25488627","52111000","CZ0422","Léčebna pro dlouhodobě nemocné (LDN)",0,0,81,0,0,0,0,0,0,0,25467
2018,"KZ,a.s.-oddělení následné péče Most","25488627","57015000","CZ0425","Léčebna pro dlouhodobě nemocné (LDN)",0,0,106,7,0,0,0,0,0,0,31483
2018,"Karlovarská krajská nemocnice a.s.","26365804","42008000","CZ0412","Nemocnice",385,47,0,0,0,0,0,0,75577,10052,0
2018,"Karlovarská krajská nemocnice a.s.","26365804","42616000","CZ0412","Nemocnice následné (ošetřovatelské) péče",0,0,0,10,0,0,0,0,0,0,2110
2018,"Karlovarská krajská nemocnice a.s.-Cheb","26365804","42041000","CZ0411","Nemocnice",214,17,0,0,0,0,0,0,38222,4861,0
2018,"Karvinská hornická nemocnice a.s.","60793490","87013000","CZ0803","Nemocnice",127,21,0,0,0,0,0,0,31021,5066,0
2018,"Klatovská nemocnice, a.s.","26360527","43001000","CZ0322","Nemocnice",254,16,0,0,0,0,5,5,56395,3341,1339
2018,"Klatovská nemocnice, a.s.","26360527","43006000","CZ0322","Léčebna pro dlouhodobě nemocné (LDN)",0,0,20,0,0,0,0,0,0,0,8905
2018,"Klinika Dr. Pírka s. r. o.","47540265","26007000","CZ0207","Nemocnice",47,6,0,0,0,0,0,0,13091,924,0
2018,"Krajská nemocnice Liberec, a.s.","27283933","54100000","CZ0513","Nemocnice",685,123,0,0,0,0,0,0,139419,30985,0
2018,"Krajská nemocnice Liberec, a.s. - Turnov","27283933","67104000","CZ0514","Nemocnice",115,11,0,0,0,0,0,0,28856,1789,0
2018,"Krajská nemocnice Liberec, a.s. - Turnov","27283933","67174000","CZ0514","Léčebna pro dlouhodobě nemocné (LDN)",0,0,36,0,0,0,0,0,0,0,11607
2018,"Krajská nemocnice Liberec, a.s. Frýdlant","27283933","54209000","CZ0513","Léčebna pro dlouhodobě nemocné (LDN)",0,0,0,50,0,0,0,0,0,0,17566
2018,"Krajská nemocnice Liberec, a.s.- LDN","27283933","54103000","CZ0513","Léčebna pro dlouhodobě nemocné (LDN)",0,0,142,0,0,0,0,0,0,0,48876
2018,"Krajská nemocnice T. Bati, a. s.","27661989","82001000","CZ0724","Nemocnice",665,91,0,0,0,0,10,12,170631,21762,5995
2018,"Krajská nemocnice T. Bati, a. s.","27661989","82050000","CZ0724","Léčebna pro dlouhodobě nemocné (LDN)",0,0,115,21,0,0,0,0,0,0,40937
2018,"Krajská zdravotní, a.s.","25488627","59001000","CZ0427","Fakultní nemocnice",984,122,0,0,0,0,0,10,184503,26084,1198
2018,"Krajská zdravotní, a.s.","25488627","59287000","CZ0427","Léčebna pro dlouhodobě nemocné (LDN)",0,0,115,0,0,0,0,0,0,0,32844
2018,"Krajská zdravotní, a.s.","25488627","59326000","CZ0427","Fakultní nemocnice",0,0,0,30,0,0,0,0,,,
2018,"Krajská zdravotní, a.s.","25488627","59454000","CZ0427","Nemocnice následné (ošetřovatelské) péče",0,0,0,0,20,0,0,0,0,0,2362
2018,"Krajská zdravotní, a.s.-Nemoc.Děčín,o.z.","25488627","51100000","CZ0421","Nemocnice",259,27,0,22,0,0,0,0,49176,7261,3666
2018,"Krajská zdravotní, a.s.-Nemoc.Most,o.z.","25488627","57001000","CZ0425","Nemocnice",528,65,0,0,0,0,12,15,113313,13321,2506
2018,"Krajská zdravotní,a.s.-N.Litoměřice,o.z.","25488627","55021000","CZ0423","Nemocnice",348,37,0,0,0,0,0,0,70051,7150,0
2018,"Krajská zdravotní,a.s.-N.Litoměřice,o.z.","25488627","55037000","CZ0423","Léčebna pro dlouhodobě nemocné (LDN)",0,0,130,0,0,0,0,0,0,0,51159
2018,"Krajská zdravotní,a.s.-Nem.Chomutov,o.z.","25488627","52110000","CZ0422","Nemocnice",331,46,0,0,0,0,0,0,65581,7595,0
2018,"Krajská zdravotní,a.s.-Nemocnice Teplice","25488627","58101000","CZ0426","Nemocnice",376,51,0,0,0,0,0,0,75857,10947,0
2018,"Krajská zdravotní,a.s.-Nemocnice Teplice","25488627","58106000","CZ0426","Léčebna pro dlouhodobě nemocné (LDN)",0,0,51,0,0,0,0,0,0,0,14736
2018,"Kroměřížská nemocnice a.s.","27660532","77001000","CZ0721","Nemocnice",331,35,0,20,0,0,0,0,67953,6309,3726
2018,"Krušnohorská poliklinika s.r.o.","25030302","57622000","CZ0425","Nemocnice následné (ošetřovatelské) péče",0,0,0,30,0,0,0,0,0,0,15222
2018,"LIFE STAR hc, a.s.","24123374","72053100","CZ0642","Samostatné lůžkové zařízení s péčí DIP, NIOP, NIP",0,0,0,0,0,0,16,0,0,0,2916
2018,"LRS Chvaly, o.p.s.","24805807","09514000","CZ0100","Odborné léčebné ústavy",0,0,0,0,50,0,0,0,0,0,16555
2018,"Levitovo centrum následné péče p.o.- LDN","00190217","63113000","CZ0522","Léčebna pro dlouhodobě nemocné (LDN)",0,0,110,0,0,0,0,0,0,0,37218
2018,"Lužická nemocnice a poliklinika, a.s.","61538990","51300000","CZ0421","Nemocnice",75,10,0,30,0,0,0,0,17527,2155,8032
2018,"Lázně Darkov, a.s.","61974935","87063000","CZ0803","Odborné léčebné ústavy",0,0,0,0,111,0,0,0,0,0,32460
2018,"Lázně Slatinice a.s.","25367757","89875000","CZ0712","Odborné léčebné ústavy",0,0,0,0,50,0,0,0,0,0,15630
2018,"Lázně Teplice nad Bečvou a.s.","45192570","92374000","CZ0714","Odborné léčebné ústavy",0,0,0,0,100,0,0,0,0,0,34357
2018,"Léčebna dlouhodobě nemocných","05212146","31093000","CZ020C","Léčebna pro dlouhodobě nemocné (LDN)",0,0,52,0,0,0,0,0,0,0,14064
2018,"Léčebna dlouhodobě nemocných Opočno","00191744","66232000","CZ0524","Léčebna pro dlouhodobě nemocné (LDN)",0,0,52,0,0,0,0,0,0,0,16278
2018,"Léčebna dlouhodobě nemocných Rybitví","00190560","65360000","CZ0532","Léčebna pro dlouhodobě nemocné (LDN)",0,0,105,0,0,0,0,0,0,0,33530
2018,"Léčebna dlouhodobě nemocných Vršovice","00879649","10499000","CZ0100","Léčebna pro dlouhodobě nemocné (LDN)",0,0,72,0,0,0,0,0,0,0,35930
2018,"Léčebna dlouhodobě nemocných na Vojkově","27256391","28015000","CZ0209","Léčebna pro dlouhodobě nemocné (LDN)",0,0,100,0,0,0,0,0,0,0,36243
2018,"Léčebna dlouhodobě nemocných v Praze 6","45243956","06372000","CZ0100","Léčebna pro dlouhodobě nemocné (LDN)",0,0,98,0,0,0,0,0,0,0,32660
2018,"Léčebna pro dlouhodobě nemocné HK","00180092","61358000","CZ0521","Léčebna pro dlouhodobě nemocné (LDN)",0,0,94,0,0,0,0,0,0,0,32768
2018,"Léčebna respiračních nemocí Cvikov,p.o.,","00673951","50213000","CZ0511","Odborné léčebné ústavy",0,0,0,0,72,0,0,0,0,0,26806
2018,"Léčebna respiračních nemocí Cvikov,p.o.,","00673951","50280000","CZ0511","Odborné léčebné ústavy",0,0,0,0,70,0,0,0,0,0,22119
2018,"MEDI HELP s.r.o., Masarykovo sanatorium","46359443","30515000","CZ020B","Nemocnice následné (ošetřovatelské) péče",0,0,0,180,0,0,0,0,0,0,65540
2018,"MEDICINA, spol. s r.o. - LDN","49904035","56009000","CZ0424","Léčebna pro dlouhodobě nemocné (LDN)",0,0,82,0,0,0,0,0,0,0,29109
2018,"MEDICON Hospitals s.r.o.","25634691","04757000","CZ0100","Léčebna pro dlouhodobě nemocné (LDN)",0,0,30,73,0,0,0,0,0,0,36313
2018,"MEDITERRA - Sedlčany, s.r.o.","26429683","30529000","CZ020B","Nemocnice následné (ošetřovatelské) péče",0,0,0,50,0,0,0,0,0,0,18332
2018,"MEDITERRA Sedlčany, s.r.o.  - NIP, DIOP","26429683","30530000","CZ020B","Samostatné lůžkové zařízení s péčí DIP, NIOP, NIP",0,0,0,0,0,0,14,8,0,0,13154
2018,"MEDITERRA s.r.o.","49686356","05522000","CZ0100","Samostatné lůžkové zařízení s péčí DIP, NIOP, NIP",0,0,0,0,0,0,21,8,0,0,11761
2018,"MEDITERRA s.r.o.","49686356","05523000","CZ0100","Odborné léčebné ústavy",0,0,0,0,142,0,0,0,0,0,37579
2018,"MEDITERRA s.r.o.","49686356","05656000","CZ0100","Nemocnice",20,3,0,0,0,0,0,0,1716,514,0
2018,"MMN, a.s.","05421888","67101000","CZ0514","Nemocnice",20,4,0,0,0,0,0,0,4825,554,0
2018,"MMN, a.s.","05421888","67102000","CZ0514","Nemocnice",166,14,0,0,0,0,0,0,32575,3348,0
2018,"MMN, a.s.","05421888","67171000","CZ0514","Léčebna pro dlouhodobě nemocné (LDN)",0,0,75,0,0,0,0,0,0,0,22465
2018,"MSCARE s.r.o.","28509480","10637000","CZ0100","Léčebna pro dlouhodobě nemocné (LDN)",0,0,42,0,0,0,0,0,0,0,15893
2018,"Masarykova nemocnice Rakovník s.r.o.","05212146","31001000","CZ020C","Nemocnice",158,11,0,0,0,0,0,0,30752,2555,0
2018,"Masarykův onkologický ústav","00209805","72931000","CZ0642","Nemocnice",228,16,0,0,0,0,0,0,56609,4897,0
2018,"MediCentrum Praha a.s.","64949486","04727000","CZ0100","Odborné léčebné ústavy",0,0,0,0,50,0,0,0,0,0,16076
2018,"Mulačova nemocnice s. r. o.","25202189","44105000","CZ0323","Nemocnice",156,12,0,0,0,0,10,0,31190,1828,1995
2018,"Mělnická zdravotní, a.s.","27958639","25110000","CZ0206","Nemocnice",223,27,0,0,0,0,0,0,51157,5875,0
2018,"Mělnická zdravotní, a.s.","27958639","25119000","CZ0206","Nemocnice následné (ošetřovatelské) péče",0,0,0,93,0,0,0,0,0,0,30763
2018,"Městská nemocnice Městec Králové a.s.","26495015","27002000","CZ0208","Nemocnice",20,4,0,0,0,0,0,0,4730,971,0
2018,"Městská nemocnice Městec Králové a.s.","26495015","27011000","CZ0208","Léčebna pro dlouhodobě nemocné (LDN)",0,0,140,0,0,0,0,0,0,0,41218
2018,"Městská nemocnice Městec Králové, a.s.","26495015","27015000","CZ0208","Samostatné lůžkové zařízení s péčí DIP, NIOP, NIP",0,0,0,0,0,0,16,15,0,0,12066
2018,"Městská nemocnice Ostrava","00635162","91001000","CZ0806","Nemocnice",606,73,0,0,0,0,0,0,150679,18747,0
2018,"Městská nemocnice Ostrava","00635162","91001680","CZ0806","Léčebna pro dlouhodobě nemocné (LDN)",0,0,94,56,0,0,0,0,0,0,44618
2018,"Městská nemocnice Slavičín","62181378","82052000","CZ0724","Léčebna pro dlouhodobě nemocné (LDN)",0,0,50,0,0,0,0,0,0,0,15159
2018,"Městská nemocnice následné péče","45245843","09004000","CZ0100","Nemocnice následné (ošetřovatelské) péče",0,0,0,128,0,0,0,0,0,0,35435
2018,"Městská nemocnice s pol. Uh. Brod, s.r.o","25583905","80020000","CZ0722","Léčebna pro dlouhodobě nemocné (LDN)",0,0,90,0,0,0,0,0,0,0,28932
2018,"Městská nemocnice v Odrách, p.o.","66183596","88005000","CZ0804","Nemocnice",20,4,75,0,0,0,0,0,7976,1134,18364
2018,"Městská nemocnice Čáslav","00873764","24200000","CZ0205","Nemocnice",138,10,0,0,0,0,0,0,28115,1138,0
2018,"Městská nemocnice Čáslav","00873764","24451000","CZ0205","Léčebna pro dlouhodobě nemocné (LDN)",0,0,30,0,0,0,0,0,0,0,10926
2018,"Městská nemocnice, a.s.","25262238","69002000","CZ0525","Nemocnice",109,7,0,0,0,0,0,0,25824,974,0
2018,"Městská nemocnice, a.s.","25262238","69005000","CZ0525","Nemocnice následné (ošetřovatelské) péče",0,0,0,50,0,0,0,0,0,0,14174
2018,"NH Hospital a.s.","27872963","21017000","CZ0202","Nemocnice",0,0,0,0,0,0,8,0,0,0,1848
2018,"NH Hospital a.s. - Nemocnice Hořovice","27872963","21002000","CZ0202","Nemocnice",223,33,0,0,0,0,0,0,65447,7487,0
2018,"Nem. Milos. sester sv. Vincence de Paul","17809193","77910000","CZ0721","Léčebna pro dlouhodobě nemocné (LDN)",0,0,105,0,0,0,0,0,0,0,38438
2018,"Nem. násl. péče LDN Horažďovice, s.r.o.","26360870","43030000","CZ0322","Léčebna pro dlouhodobě nemocné (LDN)",0,0,130,0,20,0,0,0,0,0,48507
2018,"Nem.Mil.sester sv.K.Boromej.v Praze","73634085","01002000","CZ0100","Nemocnice",135,10,0,30,0,0,0,0,30065,2576,6057
2018,"Nem.Mil.sester sv.K.Boromej.v Praze","73634085","01475000","CZ0100","LZ hospicového typu poskytující paliativní péči",0,0,0,0,0,13,0,0,0,0,4113
2018,"Nemocnice  Prachatice, a.s. - LDN","26095165","37104000","CZ0315","Léčebna pro dlouhodobě nemocné (LDN)",0,0,25,0,0,0,0,0,0,0,6531
2018,"Nemocnice  Slaný","00875295","22102000","CZ0203","Nemocnice",254,20,0,40,0,0,0,0,48929,4933,8004
2018,"Nemocnice AGEL Jeseník a.s.","47973927","95202000","CZ0711","Nemocnice",98,5,0,0,0,0,0,0,22319,1199,0
2018,"Nemocnice AGEL Jeseník a.s.","47973927","95206000","CZ0711","Léčebna pro dlouhodobě nemocné (LDN)",0,0,30,0,0,0,0,0,0,0,10130
2018,"Nemocnice AGEL Louny a.s. - LDN","27332730","56012000","CZ0424","Léčebna pro dlouhodobě nemocné (LDN)",0,0,90,0,0,0,0,0,0,0,29361
2018,"Nemocnice AGEL Nový Jičín a.s.","25886207","88001000","CZ0804","Nemocnice",362,34,0,0,0,0,0,0,86781,11043,0
2018,"Nemocnice AGEL Nový Jičín a.s.","25886207","88014000","CZ0804","Léčebna pro dlouhodobě nemocné (LDN)",0,0,40,0,0,0,0,0,0,0,15078
2018,"Nemocnice AGEL Ostrava-Vítkovice a.s.","60793201","91950000","CZ0806","Nemocnice",316,39,0,0,0,0,0,0,62971,8555,0
2018,"Nemocnice AGEL Ostrava-Vítkovice a.s.","60793201","91950888","CZ0806","Léčebna pro dlouhodobě nemocné (LDN)",0,0,30,0,0,0,0,0,0,0,8165
2018,"Nemocnice AGEL Podhorská a.s.","47668989","85200000","CZ0801","Nemocnice",95,8,0,0,0,0,0,0,18168,1918,0
2018,"Nemocnice AGEL Podhorská a.s.","47668989","85291000","CZ0801","Nemocnice následné (ošetřovatelské) péče",0,0,0,40,0,0,0,0,0,0,8892
2018,"Nemocnice AGEL Třinec-Podlesí a.s.","48401129","86106000","CZ0802","Nemocnice",113,38,0,0,0,0,0,0,25337,8063,0
2018,"Nemocnice AGEL Valašské Meziříčí a.s.","26822105","94102000","CZ0723","Nemocnice",185,23,0,0,0,0,0,0,53291,4197,0
2018,"Nemocnice AGEL Valašské Meziříčí a.s.","26822105","94220000","CZ0723","Léčebna pro dlouhodobě nemocné (LDN)",0,0,78,0,0,0,0,0,0,0,26654
2018,"Nemocnice AGEL Český Těšín a.s.","25897551","87029000","CZ0803","Nemocnice",31,0,59,34,0,0,0,0,10838,0,14243
2018,"Nemocnice AGEL Říčany a.s.","27365867","28003000","CZ0209","Nemocnice",61,4,0,0,0,0,0,0,12795,1027,0
2018,"Nemocnice AGEL Říčany a.s.","27365867","28658000","CZ0209","Léčebna pro dlouhodobě nemocné (LDN)",0,0,30,0,0,0,0,0,0,0,28764
2018,"Nemocnice Beroun - LDN","26752051","21003000","CZ0202","Léčebna pro dlouhodobě nemocné (LDN)",0,0,42,0,0,0,0,0,0,0,18748
2018,"Nemocnice Blansko","00386634","71101000","CZ0641","Nemocnice",138,15,0,0,0,0,0,0,41980,4245,0
2018,"Nemocnice Blansko","00386634","71110000","CZ0641","Léčebna pro dlouhodobě nemocné (LDN)",0,0,30,0,0,0,0,0,0,0,10221
2018,"Nemocnice Boskovice s.r.o.","26925974","71113000","CZ0641","Nemocnice",205,24,0,0,0,0,0,0,47416,4666,0
2018,"Nemocnice Boskovice s.r.o.","26925974","71119000","CZ0641","Léčebna pro dlouhodobě nemocné (LDN)",0,0,12,0,0,0,0,5,0,0,6182
2018,"Nemocnice Břeclav, p. o.","00390780","74001000","CZ0644","Nemocnice",378,41,0,0,0,0,0,0,93441,8873,0
2018,"Nemocnice Dačice, a.s.","28113195","34013000","CZ0313","Léčebna pro dlouhodobě nemocné (LDN)",0,0,56,0,0,0,0,0,0,0,16426
2018,"Nemocnice Frýdlant s.r.o.","47311576","54200000","CZ0513","Nemocnice",27,5,0,0,0,0,0,0,5010,535,0
2018,"Nemocnice Havlíčkův Brod, přísp. org.","00179540","60001000","CZ0631","Nemocnice",415,47,0,0,0,0,0,0,96563,8478,0
2018,"Nemocnice Havlíčkův Brod, přísp. org.","00179540","60223000","CZ0631","Léčebna pro dlouhodobě nemocné (LDN)",0,0,44,0,0,0,0,0,0,0,16171
2018,"Nemocnice Havířov, příspěv. organizace","00844896","87004000","CZ0803","Nemocnice",306,27,0,0,0,0,0,0,83346,7176,0
2018,"Nemocnice Havířov, příspěv. organizace","00844896","87054000","CZ0803","Léčebna pro dlouhodobě nemocné (LDN)",0,0,30,0,0,0,0,0,0,0,9682
2018,"Nemocnice Hranice a.s.","47677406","92002000","CZ0714","Nemocnice",111,10,0,0,0,0,0,0,18210,1701,0
2018,"Nemocnice Hranice a.s.","47677406","92283000","CZ0714","Léčebna pro dlouhodobě nemocné (LDN)",0,0,80,0,0,0,0,0,0,0,29959
2018,"Nemocnice Hustopeče p.o.","04212029","74022000","CZ0644","Nemocnice",25,0,0,0,0,0,0,0,4527,0,0
2018,"Nemocnice Hustopeče, p.o.","04212029","74007000","CZ0644","Nemocnice následné (ošetřovatelské) péče",0,0,0,94,0,0,0,0,0,0,28771
2018,"Nemocnice Ivančice, příspěvková organiz.","00225827","73303000","CZ0643","Léčebna pro dlouhodobě nemocné (LDN)",0,0,60,0,0,0,0,0,0,0,20512
2018,"Nemocnice Ivančice,příspěvková organiz.","00225827","73003000","CZ0643","Nemocnice",144,10,0,0,0,0,0,0,34358,3598,0
2018,"Nemocnice Jablonec n. N., p.o.","00829838","53201000","CZ0512","Nemocnice",273,32,0,0,0,0,0,0,69294,7240,0
2018,"Nemocnice Jablonec n. N.. p. o.","00829838","53212000","CZ0512","Léčebna pro dlouhodobě nemocné (LDN)",0,0,67,0,0,0,0,0,0,0,20987
2018,"Nemocnice Jihlava, p. o.","00090638","76001000","CZ0632","Nemocnice",559,63,0,0,0,0,0,0,101731,13922,0
2018,"Nemocnice Jihlava,příspěvková organizace","00090638","76002000","CZ0632","Léčebna pro dlouhodobě nemocné (LDN)",0,0,0,75,0,10,0,0,0,0,18477
2018,"Nemocnice Jindřichův Hradec, a.s.","26095157","34001000","CZ0313","Nemocnice",242,30,0,0,0,0,8,0,57586,6239,3768
2018,"Nemocnice Jindřichův Hradec, a.s.","26095157","34011000","CZ0313","Léčebna pro dlouhodobě nemocné (LDN)",0,0,52,0,0,2,0,2,0,0,18670
2018,"Nemocnice Kadaň, s.r.o.","25479300","52120000","CZ0422","Nemocnice",160,12,0,0,0,0,0,0,35893,2419,0
2018,"Nemocnice Kadaň, s.r.o.","25479300","52121000","CZ0422","Léčebna pro dlouhodobě nemocné (LDN)",0,0,24,0,0,0,0,0,0,0,8936
2018,"Nemocnice Karviná - Ráj, příspěvková org","00844853","87001000","CZ0803","Nemocnice",260,37,100,0,0,0,10,5,69348,9034,20479
2018,"Nemocnice Kyjov, příspěvková organizace","00226912","75002000","CZ0645","Nemocnice",395,35,0,0,0,0,0,0,99563,9602,1780
2018,"Nemocnice Kyjov, příspěvková organizace","00226912","75007000","CZ0645","Nemocnice následné (ošetřovatelské) péče",0,0,0,48,0,0,0,0,0,0,12930
2018,"Nemocnice Letovice p.o.","00387134","71107000","CZ0641","Léčebna pro dlouhodobě nemocné (LDN)",0,0,120,0,0,0,0,0,0,0,44691
2018,"Nemocnice Mariánské Lázně s.r.o.","26376709","41191000","CZ0411","Nemocnice následné (ošetřovatelské) péče",0,0,57,37,0,0,0,0,0,0,20180
2018,"Nemocnice Milosrdných bratří, p.o.","48512478","72048000","CZ0642","Nemocnice",205,18,0,0,0,0,0,0,46249,4914,0
2018,"Nemocnice Milosrdných bratří, p.o.","48512478","72052000","CZ0642","Léčebna pro dlouhodobě nemocné (LDN)",0,0,243,0,0,0,0,0,0,0,78019
2018,"Nemocnice Měšice - CIOP, z.s.","65401921","28004000","CZ0209","Nemocnice následné (ošetřovatelské) péče",0,0,0,80,0,0,0,0,0,0,40065
2018,"Nemocnice Na Bulovce","00064211","08454000","CZ0100","Samostatné lůžkové zařízení s péčí DIP, NIOP, NIP",0,0,0,0,0,0,0,7,0,0,2259
2018,"Nemocnice Na Františku","00879444","01003000","CZ0100","Nemocnice",100,13,0,0,0,0,0,0,18765,3077,0
2018,"Nemocnice Na Františku","00879444","01311000","CZ0100","Léčebna pro dlouhodobě nemocné (LDN)",0,0,26,0,0,0,0,0,0,0,11142
2018,"Nemocnice Na Homolce","00023884","05004000","CZ0100","Fakultní nemocnice",228,129,0,0,0,0,0,0,57733,35695,0
2018,"Nemocnice Na Pleši s.r.o.","27207064","30006000","CZ020B","Nemocnice",40,0,0,0,0,0,0,0,8919,0,0
2018,"Nemocnice Na Pleši s.r.o.","27207064","30522000","CZ020B","Odborné léčebné ústavy",0,0,0,0,105,0,0,0,0,0,31989
2018,"Nemocnice Na Pleši s.r.o.","27207064","30605000","CZ020B","Nemocnice následné (ošetřovatelské) péče",0,0,0,70,0,0,0,0,0,0,19378
2018,"Nemocnice Nové Město na Moravě, p. o.","00842001","84231000","CZ0635","Nemocnice",348,31,0,0,0,0,8,0,83043,8049,2281
2018,"Nemocnice Nové Město na Moravě, p. o.","00842001","84425000","CZ0635","Léčebna pro dlouhodobě nemocné (LDN)",0,0,70,0,0,0,0,0,0,0,20840
2018,"Nemocnice Nymburk s.r.o.","28762886","27001000","CZ0208","Nemocnice",139,11,0,0,0,0,0,0,34967,3138,0
2018,"Nemocnice Nymburk s.r.o.","28762886","27017000","CZ0208","Nemocnice následné (ošetřovatelské) péče",0,0,0,20,0,0,0,0,0,0,4839
2018,"Nemocnice Ostrov s.r.o.","47714913","42010000","CZ0412","Nemocnice",97,7,0,0,0,0,30,20,29856,1237,18097
2018,"Nemocnice Ostrov s.r.o.","47714913","42452000","CZ0412","Léčebna pro dlouhodobě nemocné (LDN)",0,0,57,0,0,0,0,0,0,0,15235
2018,"Nemocnice Pardubického kraje, a.s.","27520536","62001000","CZ0531","Nemocnice",249,29,0,0,0,0,10,0,57492,6870,1588
2018,"Nemocnice Pardubického kraje, a.s.","27520536","62002000","CZ0531","Léčebna pro dlouhodobě nemocné (LDN)",0,0,89,0,0,0,0,10,0,0,23573
2018,"Nemocnice Pardubického kraje, a.s.","27520536","65001000","CZ0532","Nemocnice",788,78,0,0,0,0,0,0,149689,15280,0
2018,"Nemocnice Pardubického kraje, a.s.","27520536","65361000","CZ0532","Léčebna pro dlouhodobě nemocné (LDN)",0,0,66,0,0,0,0,0,0,0,16057
2018,"Nemocnice Pardubického kraje, a.s.","27520536","68001000","CZ0533","Nemocnice",269,14,0,0,0,0,0,0,55895,3603,0
2018,"Nemocnice Pardubického kraje, a.s.","27520536","68002000","CZ0533","Nemocnice",187,20,0,0,0,0,0,0,36585,4644,0
2018,"Nemocnice Pardubického kraje, a.s.","27520536","68011000","CZ0533","Léčebna pro dlouhodobě nemocné (LDN)",0,0,23,0,0,0,0,0,0,0,7748
2018,"Nemocnice Pardubického kraje, a.s.","27520536","68012000","CZ0533","Léčebna pro dlouhodobě nemocné (LDN)",0,0,40,0,0,0,0,0,0,0,11416
2018,"Nemocnice Pardubického kraje, a.s.","27520536","70001000","CZ0534","Nemocnice",306,26,0,0,0,0,0,0,61636,6041,0
2018,"Nemocnice Pelhřimov, příspěvková org.","00511951","35001000","CZ0633","Nemocnice",271,23,0,0,0,0,0,0,62207,5786,0
2018,"Nemocnice Pelhřimov, příspěvková org.","00511951","35040000","CZ0633","Léčebna pro dlouhodobě nemocné (LDN)",0,0,46,0,0,0,0,4,0,0,15110
2018,"Nemocnice Počátky, s.r.o.","26216701","35043000","CZ0633","Léčebna pro dlouhodobě nemocné (LDN)",0,0,120,0,0,0,0,0,0,0,37157
2018,"Nemocnice Prachatice, a.s.","26095165","37101000","CZ0315","Nemocnice",137,9,0,0,0,0,0,0,28309,2876,0
2018,"Nemocnice Písek, a.s.","26095190","36101000","CZ0314","Nemocnice",314,48,0,0,0,0,0,5,61730,9487,2069
2018,"Nemocnice Písek, a.s.","26095190","36102000","CZ0314","Léčebna pro dlouhodobě nemocné (LDN)",0,0,36,0,0,0,0,0,0,0,11573
2018,"Nemocnice Roudnice nad Labem s.r.o.","25443801","55039000","CZ0423","Nemocnice",135,8,0,0,0,0,0,0,23893,1567,0
2018,"Nemocnice Roudnice nad Labem s.r.o.","25443801","55040000","CZ0423","Léčebna pro dlouhodobě nemocné (LDN)",0,0,43,0,0,0,0,0,0,0,10788
2018,"Nemocnice Roudnice nad Labem s.r.o.","25443801","55044000","CZ0423","Nemocnice následné (ošetřovatelské) péče",0,0,0,28,0,0,0,0,0,0,3227
2018,"Nemocnice Rudolfa a Stefanie Benešov,a.s","27253236","20003000","CZ0201","Odborné léčebné ústavy",0,0,0,0,40,0,0,0,0,0,5875
2018,"Nemocnice Rudolfa a Stefanie Benešov,a.s","27253236","20101000","CZ0201","Nemocnice",298,31,0,78,0,0,0,0,54009,6315,25866
2018,"Nemocnice Sokolov s.r.o.","24747246","48008000","CZ0413","Nemocnice",259,31,0,0,0,0,0,0,57698,7892,0
2018,"Nemocnice Sokolov s.r.o.","24747246","48009000","CZ0413","Léčebna pro dlouhodobě nemocné (LDN)",0,0,130,0,0,0,0,0,0,0,44549
2018,"Nemocnice Strakonice, a.s.","26095181","38001000","CZ0316","Nemocnice",245,20,0,0,0,0,0,0,51161,4586,0
2018,"Nemocnice Strakonice, a.s.","26095181","38005001","CZ0316","Léčebna pro dlouhodobě nemocné (LDN)",0,0,36,0,0,0,0,5,0,0,12675
2018,"Nemocnice Sv. Kříže Žižkov, s.r.o.","47124733","03324000","CZ0100","Nemocnice následné (ošetřovatelské) péče",0,0,0,67,0,0,0,0,0,0,16506
2018,"Nemocnice Sv. Kříže Žižkov, s.r.o.","47124733","03325000","CZ0100","Samostatné lůžkové zařízení s péčí DIP, NIOP, NIP",0,0,0,0,0,0,0,10,0,0,6287
2018,"Nemocnice TGM Hodonín, příspěvková org.","00226637","75001000","CZ0645","Nemocnice",133,24,0,0,0,0,0,0,34856,7725,0
2018,"Nemocnice TGM Hodonín, příspěvková org.","00226637","75008000","CZ0645","Nemocnice následné (ošetřovatelské) péče",0,0,0,43,0,0,0,0,0,0,14916
2018,"Nemocnice Tanvald, s. r. o.","63145766","53208000","CZ0512","Nemocnice následné (ošetřovatelské) péče",0,0,0,35,0,0,20,20,0,0,24939
2018,"Nemocnice Tanvald, s.r.o","63145766","53286000","CZ0512","Nemocnice",18,3,0,0,0,0,0,0,5931,1020,0
2018,"Nemocnice Tišnov,příspěvková organizace","44947909","73007000","CZ0643","Léčebna pro dlouhodobě nemocné (LDN)",0,0,60,0,30,0,0,0,0,0,24258
2018,"Nemocnice Tábor, a.s.","26095203","39001000","CZ0317","Nemocnice",366,31,0,0,0,0,0,0,99117,7841,0
2018,"Nemocnice Tábor, a.s.","26095203","39007000","CZ0317","Léčebna pro dlouhodobě nemocné (LDN)",0,0,69,0,0,0,0,0,0,0,24096
2018,"Nemocnice Třebíč, příspěvková organizace","00839396","79001000","CZ0634","Nemocnice",386,36,0,0,0,0,0,0,89522,8439,0
2018,"Nemocnice Třebíč, příspěvková organizace","00839396","79003000","CZ0634","Nemocnice následné (ošetřovatelské) péče",0,0,104,0,0,0,0,10,0,0,36667
2018,"Nemocnice Třinec, příspěvková organizace","00534242","86102000","CZ0802","Nemocnice",300,31,0,20,0,0,0,0,77879,8309,2200
2018,"Nemocnice Valtice s.r.o.","63488329","74021000","CZ0644","Léčebna pro dlouhodobě nemocné (LDN)",0,0,184,0,0,0,0,0,0,0,62598
2018,"Nemocnice Varnsdorf- LDN","49888498","51303000","CZ0421","Léčebna pro dlouhodobě nemocné (LDN)",0,0,100,0,0,0,0,0,0,0,30894
2018,"Nemocnice Volyně s.r.o.","25155946","38033001","CZ0316","Léčebna pro dlouhodobě nemocné (LDN)",0,0,66,0,0,0,0,0,0,0,11678
2018,"Nemocnice Vrchlabí, s.r.o.","64827232","69003000","CZ0525","Nemocnice",54,5,0,0,0,0,12,0,10486,1585,3236
2018,"Nemocnice Vrchlabí, s.r.o.","64827232","69008000","CZ0525","Nemocnice následné (ošetřovatelské) péče",0,0,0,35,0,0,0,0,0,0,10218
2018,"Nemocnice Vršovice a.s.","28971906","10693000","CZ0100","Odborné léčebné ústavy",0,0,0,0,35,0,0,0,0,0,6836
2018,"Nemocnice Vršovice a.s.","28971906","10706000","CZ0100","Samostatné lůžkové zařízení s péčí DIP, NIOP, NIP",0,0,0,0,0,0,17,0,0,0,5763
2018,"Nemocnice Vršovice a.s.","28971906","10714000","CZ0100","Nemocnice",16,4,0,0,0,0,0,0,4123,1376,0
2018,"Nemocnice Vyškov, příspěvková organizace","00839205","81001000","CZ0646","Nemocnice",285,25,0,0,0,0,0,0,87674,7874,0
2018,"Nemocnice Vyškov, příspěvková organizace","00839205","81065000","CZ0646","Léčebna pro dlouhodobě nemocné (LDN)",0,0,90,0,0,0,0,0,0,0,27095
2018,"Nemocnice Znojmo,příspěvková organizace","00092584","83001000","CZ0647","Nemocnice",432,43,0,0,0,0,0,0,98128,9624,0
2018,"Nemocnice Znojmo,příspěvková organizace","00092584","83002000","CZ0647","Léčebna pro dlouhodobě nemocné (LDN)",0,0,115,0,0,0,0,0,0,0,38956
2018,"Nemocnice následné péče Moravská Třebová","00193895","68013000","CZ0533","Léčebna pro dlouhodobě nemocné (LDN)",0,0,80,0,0,0,0,0,0,0,24177
2018,"Nemocnice následné péče Praha s.r.o.","45789924","06408000","CZ0100","Léčebna pro dlouhodobě nemocné (LDN)",0,0,40,20,0,0,0,0,0,0,20626
2018,"Nemocnice následné péče Praha s.r.o.","45789924","06610000","CZ0100","Odborné léčebné ústavy",0,0,0,0,20,0,0,0,0,0,7231
2018,"Nemocnice následné péče Svatá Anna,s.r.o","26360896","49008000","CZ0327","Léčebna pro dlouhodobě nemocné (LDN)",0,0,90,0,0,0,0,0,0,0,26499
2018,"Nemocnice následné péče VIA, s.r.o.","02390221","51262000","CZ0421","Léčebna pro dlouhodobě nemocné (LDN)",0,0,100,0,0,0,0,0,0,0,46244
2018,"Nemocnice následné péče s pol. Lom. n/P","00854875","67130000","CZ0514","Léčebna pro dlouhodobě nemocné (LDN)",0,0,0,59,0,0,0,0,0,0,19985
2018,"Nemocnice s poliklinikou Česká Lípa a.s.","27283518","50292000","CZ0511","Léčebna pro dlouhodobě nemocné (LDN)",0,0,117,0,0,0,0,0,0,0,40353
2018,"Nemocnice s poliklinikou Česká Lípa,a.s.","27283518","50100000","CZ0511","Nemocnice",315,32,0,0,0,0,0,6,69697,7894,2402
2018,"Nemocnice sv. Alžběty Na Slupi, s.r.o.","07579969","02259000","CZ0100","Léčebna pro dlouhodobě nemocné (LDN)",0,0,89,0,0,0,0,0,0,0,35323
2018,"Nemocnice sv.Zdislavy,a.s.","25542681","84427000","CZ0635","Nemocnice",38,6,0,0,0,0,15,0,11250,1381,4120
2018,"Nemocnice sv.Zdislavy,a.s.","25542681","84428000","CZ0635","Léčebna pro dlouhodobě nemocné (LDN)",0,0,80,0,0,0,0,0,0,0,23255
2018,"Nemocnice u Sv. Jiří s. r. o.","49786954","44613000","CZ0323","Nemocnice",15,5,0,0,0,0,0,0,1862,388,0
2018,"Nemocnice ve Frýdku-Místku, přís. organ.","00534188","86101000","CZ0802","Nemocnice",331,31,0,32,0,0,8,10,85630,9951,7785
2018,"Nemocnice ve Frýdku-Místku, přís. organ.","00534188","86101200","CZ0802","Léčebna pro dlouhodobě nemocné (LDN)",0,0,65,0,0,0,0,0,0,0,22548
2018,"Nemocnice České Budějovice, a.s.","26068877","32006000","CZ0311","Nemocnice",994,171,0,0,0,0,0,0,235889,34865,0
2018,"Nemocnice České Budějovice, a.s.","26068877","32067000","CZ0311","Léčebna pro dlouhodobě nemocné (LDN)",0,0,229,0,0,0,0,0,0,0,62097
2018,"Nemocnice České Budějovice, a.s.","26068877","32070000","CZ0311","Odborné léčebné ústavy",0,0,0,0,50,0,0,0,0,0,8397
2018,"Nemocnice Český Brod s.r.o.","27161838","23333000","CZ0204","Léčebna pro dlouhodobě nemocné (LDN)",0,0,60,61,0,0,0,10,0,0,33738
2018,"Nemocnice Český Krumlov, a.s.","26095149","33100000","CZ0312","Nemocnice",144,14,0,0,0,0,0,0,39987,3458,0
2018,"Nemocnice Český Krumlov, a.s.","26095149","33103000","CZ0312","Léčebna pro dlouhodobě nemocné (LDN)",0,0,88,0,0,0,0,0,0,0,28357
2018,"Nemocnice Šumperk a.s.","47682795","93008000","CZ0715","Nemocnice následné (ošetřovatelské) péče",0,0,0,87,0,0,0,0,0,0,27777
2018,"Nemocnice Šumperk a.s.","47682795","93201000","CZ0715","Nemocnice",342,31,0,0,0,0,0,0,68032,5848,0
2018,"Nemocnice Žatec, o.p.s.","25026259","56007000","CZ0424","Nemocnice",127,11,0,0,0,0,0,0,22029,1387,0
2018,"Nemocnice Žatec, o.p.s. - LDN","25026259","56010000","CZ0424","Léčebna pro dlouhodobě nemocné (LDN)",0,0,50,0,0,0,0,0,0,0,14621
2018,"Neurologie, s.r.o. - léč. dlouh. nem.","49900391","51276000","CZ0421","Odborné léčebné ústavy",0,0,20,0,0,0,0,0,0,0,6725
2018,"Neuron Medical s.r.o.","29288223","72949000","CZ0642","Nemocnice",8,0,0,0,0,0,0,0,499,0,0
2018,"Národní ústav duševního zdraví","00023752","08002000","CZ0209","Nemocnice",55,0,0,0,0,0,0,0,13231,0,0
2018,"OB klinika a.s.","28892950","03336000","CZ0100","Nemocnice",28,0,0,0,0,0,0,0,3177,0,0
2018,"OLÚ Metylovice-Moravskosl. sanator.,p.o.","00534200","86404000","CZ0802","Odborné léčebné ústavy",0,0,0,0,62,0,0,0,0,0,9956
2018,"ORTHES, spol. s r.o.","60718048","94125000","CZ0723","Nemocnice",10,3,0,0,0,0,0,0,3058,603,0
2018,"ORTO - REHA, s.r.o.","29032806","08439000","CZ0100","Nemocnice",20,0,0,0,0,0,0,0,6011,0,0
2018,"OSMED Group s.r.o.","27828930","91100870","CZ0806","Nemocnice následné (ošetřovatelské) péče",0,0,0,120,0,0,0,0,0,0,48422
2018,"Oblastní charita ČK - HOSPIC A. České","48623814","64306000","CZ0523","LZ hospicového typu poskytující paliativní péči",0,0,0,0,0,30,0,0,0,0,9259
2018,"Oblastní charita Červený Kostelec","48623814","69007000","CZ0525","Nemocnice následné (ošetřovatelské) péče",0,0,0,28,0,0,0,0,0,0,9130
2018,"Oblastní nemocnice Jičín a.s.","26001551","63101000","CZ0522","Nemocnice",328,19,0,0,0,0,0,0,74867,5220,0
2018,"Oblastní nemocnice Jičín a.s.","26001551","63112000","CZ0521","Léčebna pro dlouhodobě nemocné (LDN)",0,0,107,51,0,0,0,0,0,0,49388
2018,"Oblastní nemocnice Kladno, a.s.,","27256537","22101000","CZ0203","Nemocnice",474,57,0,0,0,0,0,0,116765,13594,0
2018,"Oblastní nemocnice Kolín, a.s.","27256391","23100000","CZ0204","Odborné léčebné ústavy",0,0,0,0,20,0,0,0,0,0,5156
2018,"Oblastní nemocnice Kolín, a.s.","27256391","23101000","CZ0204","Nemocnice",555,55,0,0,0,0,0,0,120586,14900,0
2018,"Oblastní nemocnice Kolín, a.s.","27256391","23200000","CZ0205","Léčebna pro dlouhodobě nemocné (LDN)",0,0,82,0,0,0,0,0,0,0,22148
2018,"Oblastní nemocnice Mladá Boleslav, a. s.","27256456","26001000","CZ0207","Nemocnice",405,56,0,0,0,0,0,0,90194,13404,0
2018,"Oblastní nemocnice Mladá Boleslav, a.s.","27256456","26012000","CZ0207","Léčebna pro dlouhodobě nemocné (LDN)",0,0,116,0,0,0,0,0,0,0,33955
2018,"Oblastní nemocnice Náchod a.s.","26000202","64001000","CZ0523","Nemocnice",580,40,0,0,0,0,5,0,112469,9656,742
2018,"Oblastní nemocnice Náchod a.s.","26000202","64007000","CZ0523","Léčebna pro dlouhodobě nemocné (LDN)",0,0,83,124,0,0,0,5,0,0,59979
2018,"Oblastní nemocnice Příbram, a. s.","27085031","30601000","CZ020B","Nemocnice následné (ošetřovatelské) péče",0,0,0,30,0,0,0,0,0,0,10250
2018,"Oblastní nemocnice Příbram, a. s.","27085031","30602000","CZ020B","Léčebna pro dlouhodobě nemocné (LDN)",0,0,30,0,0,0,0,0,0,0,8208
2018,"Oblastní nemocnice Příbram, a.s.","27085031","30217000","CZ020B","Odborné léčebné ústavy",0,0,0,0,23,0,0,0,0,0,5748
2018,"Oblastní nemocnice Příbram, a.s.","27085031","30531000","CZ020B","Nemocnice",370,36,0,0,0,0,0,0,85282,9367,0
2018,"Oblastní nemocnice Trutnov a.s.","26000237","69001000","CZ0525","Nemocnice",281,19,0,0,0,0,0,0,59134,3226,0
2018,"Oblastní spolek ČČK Mladá Boleslav","00425788","26014000","CZ0207","Nemocnice následné (ošetřovatelské) péče",0,0,0,15,0,0,0,0,0,0,4216
2018,"Odborný léčebný ústav Jevíčko","00193976","68005000","CZ0533","Odborné léčebné ústavy",0,0,0,0,176,0,0,0,0,0,57650
2018,"Odborný léčebný ústav Paseka, p.o.","00849081","89723000","CZ0712","Odborné léčebné ústavy",0,0,229,60,126,0,0,0,0,0,135129
2018,"Olivova dětská léčebna, o.p.s.","25689371","28005000","CZ0209","Odborné léčebné ústavy",0,0,0,0,64,0,0,0,0,0,20066
2018,"Ošetřovatelská lůžka","05212146","31110000","CZ020C","Nemocnice následné (ošetřovatelské) péče",0,0,0,26,0,0,0,0,0,0,8910
2018,"PATEB s.r.o.","26940281","79591000","CZ0634","Odborné léčebné ústavy",0,0,0,0,45,0,0,0,0,0,20298
2018,"PP Hospitals, s.r.o.","26085011","28002000","CZ0209","Nemocnice",40,6,0,0,0,0,0,0,7495,1536,0
2018,"PP Hospitals, s.r.o.","26085011","28660000","CZ0209","Léčebna pro dlouhodobě nemocné (LDN)",0,0,80,0,0,0,0,0,0,0,24269
2018,"PRIVAMED a.s.","46885251","44103000","CZ0323","Nemocnice",155,12,0,0,0,0,0,0,34139,2091,0
2018,"PRIVAMED a.s.","46885251","44106000","CZ0323","Léčebna pro dlouhodobě nemocné (LDN)",0,0,180,0,0,0,0,20,0,0,86268
2018,"PRVNÍ PRIVÁTNÍ CHIRURGICKÉ CENTRUM spol.","49813692","61303000","CZ0521","Nemocnice",47,8,0,0,0,0,0,0,7305,503,0
2018,"Poliklinika Prosek a.s.","28495306","09362000","CZ0100","Nemocnice následné (ošetřovatelské) péče",0,0,0,20,0,0,0,0,0,0,8652
2018,"Poličská nemocnice, s.r.o.","25296094","68019000","CZ0533","Léčebna pro dlouhodobě nemocné (LDN)",0,0,120,0,0,0,0,0,0,0,40179
2018,"Psychiatric. nemocnice Marianny Oranžské","00851388","95020000","CZ0711","Odborné léčebné ústavy",0,0,0,0,150,0,0,0,0,0,45880
2018,"Psychiatrická léčebna Lnáře","00668168","38002000","CZ0316","Odborné léčebné ústavy",0,0,0,0,70,0,0,0,0,0,23295
2018,"Psychiatrická léčebna Petrohrad, p.o.","00829137","56005000","CZ0424","Odborné léčebné ústavy",0,0,0,0,130,0,0,0,0,0,41975
2018,"Psychiatrická léčebna Červený Dvůr","00583600","33200000","CZ0312","Odborné léčebné ústavy",0,0,0,0,109,0,0,0,0,0,38072
2018,"Psychiatrická léčebna Šternberk","00843954","89303000","CZ0712","Odborné léčebné ústavy",0,0,0,0,502,0,0,0,0,0,166053
2018,"Psychiatrická nemocnice Bohnice","00064220","08005000","CZ0100","Odborné léčebné ústavy",183,0,0,0,997,0,0,0,36011,0,391649
2018,"Psychiatrická nemocnice Bohnice","00064220","08279000","CZ0100","Léčebna pro dlouhodobě nemocné (LDN)",0,0,63,0,0,0,0,0,0,0,20870
2018,"Psychiatrická nemocnice Brno","00160105","72935000","CZ0642","Odborné léčebné ústavy",0,0,0,0,761,0,0,0,0,0,234155
2018,"Psychiatrická nemocnice Havlíčkův Brod","00179230","60006000","CZ0631","Odborné léčebné ústavy",0,0,0,0,710,0,0,0,0,0,194993
2018,"Psychiatrická nemocnice Horní Beřkovice","00673552","55024000","CZ0423","Odborné léčebné ústavy",0,0,0,0,507,0,0,0,0,0,167780
2018,"Psychiatrická nemocnice Jihlava","00600601","76021000","CZ0632","Odborné léčebné ústavy",0,0,0,0,520,0,0,0,0,0,138592
2018,"Psychiatrická nemocnice Kosmonosy","00068691","26003000","CZ0207","Odborné léčebné ústavy",0,0,0,0,590,0,0,0,0,0,190906
2018,"Psychiatrická nemocnice Písek a.s.","28092732","36896000","CZ0314","Odborné léčebné ústavy",0,0,0,0,96,0,0,0,0,0,21519
2018,"Psychiatrická nemocnice v Dobřanech","00669792","45901000","CZ0324","Odborné léčebné ústavy",0,0,0,0,1210,0,0,0,0,0,362891
2018,"Psychiatrická nemocnice v Kroměříži","00567914","77951000","CZ0721","Odborné léčebné ústavy",0,0,0,0,909,0,0,0,0,0,329586
2018,"Psychiatrická nemocnice v Opavě","00844004","90224000","CZ0805","Odborné léčebné ústavy",0,0,0,0,813,0,0,0,0,0,281762
2018,"REHAMEDICA Žacléř, a.s.","08208778","69009000","CZ0525","Nemocnice následné (ošetřovatelské) péče",0,0,0,65,0,0,0,0,0,0,22472
2018,"RHG spol. s r. o.","61852287","29004000","CZ020A","Léčebna pro dlouhodobě nemocné (LDN)",0,0,0,77,0,0,0,0,0,0,30612
2018,"RHG spol. s.r.o.","61852287","25211000","CZ0206","Nemocnice následné (ošetřovatelské) péče",0,0,0,132,0,0,0,0,0,0,42234
2018,"Rehabilit.ústav pro cévní choroby mozk.","49813447","60190000","CZ0631","Odborné léčebné ústavy",0,0,0,0,39,0,0,0,0,0,14200
2018,"Rehabilitační centrum Čeladná s.r.o.","25868951","86110000","CZ0802","Odborné léčebné ústavy",0,0,0,0,246,0,0,0,0,0,74831
2018,"Rehabilitační ústav Brandýs nad Orlicí","00853879","70012000","CZ0534","Odborné léčebné ústavy",0,0,0,0,150,0,0,0,0,0,54560
2018,"Rehabilitační ústav Hrabyně","00601233","90158000","CZ0805","Odborné léčebné ústavy",0,0,0,0,388,0,0,0,0,0,129991
2018,"Rehabilitační ústav Kladruby","00068705","20105000","CZ0201","Odborné léčebné ústavy",0,0,0,0,250,0,0,0,0,0,86638
2018,"Revmatologický ústav","00023728","02001000","CZ0100","Fakultní nemocnice",50,0,0,0,0,0,0,0,11843,0,0
2018,"Rokycanská nemocnice,  a.s.","26360900","47113000","CZ0326","Nemocnice následné (ošetřovatelské) péče",0,0,0,30,0,0,0,0,0,0,534
2018,"Rokycanská nemocnice, a.s.","26360900","47101000","CZ0326","Nemocnice",74,9,0,0,0,0,0,0,22696,1487,0
2018,"SANATORIUM EDEL s.r.o.","49609599","95683000","CZ0711","Odborné léčebné ústavy",0,0,0,0,93,0,0,0,0,0,27244
2018,"SENIOR CZ, s.r.o.","25413244","59314000","CZ0427","Odborné léčebné ústavy",0,0,0,0,30,0,0,0,0,0,8914
2018,"SOaL okresu Trutnov","00195201","69034000","CZ0525","Odborné léčebné ústavy",0,0,0,0,159,0,0,0,0,0,54132
2018,"SOaL okresu Trutnov","00195201","69034002","CZ0525","Odborné léčebné ústavy",0,0,0,0,30,0,0,0,0,0,6171
2018,"Sanatorium Jablunkov, a.s.","27835545","86113000","CZ0802","Léčebna pro dlouhodobě nemocné (LDN)",0,0,28,30,105,0,0,0,0,0,44204
2018,"Sanatorium Kochova s.r.o.","02402106","87070000","CZ0803","Nemocnice následné (ošetřovatelské) péče",0,0,0,110,0,0,0,0,0,0,33911
2018,"Sdružené zdravotnické zařízení Krnov,p.o","00844641","85600000","CZ0801","Nemocnice",270,29,0,0,0,0,0,8,63889,7324,1115
2018,"Sdružené zdravotnické zařízení Krnov,p.o","00844641","85780000","CZ0801","Léčebna pro dlouhodobě nemocné (LDN)",0,0,45,150,25,0,0,0,0,0,63457
2018,"Slezská nemocnice v Opavě, příspěv. org.","47813750","90001000","CZ0805","Nemocnice",443,44,0,0,0,0,0,0,105390,10934,0
2018,"Slezská nemocnice v Opavě, příspěv. org.","47813750","90604000","CZ0805","Léčebna pro dlouhodobě nemocné (LDN)",0,0,48,0,0,0,0,0,0,0,17915
2018,"Soc. a zdravotní centrum Letiny s.r.o.","63504502","44109000","CZ0324","Nemocnice následné (ošetřovatelské) péče",0,0,0,30,0,0,0,0,0,0,9975
2018,"Stodská nemocnice, a.s.","26361086","45001000","CZ0324","Nemocnice",120,8,0,0,0,0,0,0,29767,1845,0
2018,"Stodská nemocnice, a.s. - LDN","26361086","45002000","CZ0324","Léčebna pro dlouhodobě nemocné (LDN)",0,0,57,0,0,0,0,0,0,0,16280
2018,"Státní léčebné lázně Janské Lázně, s.p.","00024007","69022000","CZ0525","Odborné léčebné ústavy",0,0,0,0,140,0,0,0,0,0,50284
2018,"SurGal Clinic s.r.o.","46965033","72186000","CZ0642","Nemocnice",60,6,0,0,0,0,22,20,11622,1613,12284
2018,"SurGal Clinic s.r.o.","46965033","72186100","CZ0642","Nemocnice následné (ošetřovatelské) péče",0,0,40,60,20,0,0,0,0,0,19695
2018,"THERÁPON 98, a. s.","25399195","88012000","CZ0804","Léčebna pro dlouhodobě nemocné (LDN)",0,0,41,0,0,0,0,0,0,0,16716
2018,"TRN - Léčebna v Mirošově - Janově","00669784","47102000","CZ0326","Odborné léčebné ústavy",0,0,0,0,130,0,0,0,0,0,33761
2018,"TŘI, z.ú.","18623433","20121000","CZ0201","LZ hospicového typu poskytující paliativní péči",0,0,0,0,0,25,0,0,0,0,6699
2018,"Uherskohradišťská nemocnice a.s.","27660915","80001000","CZ0722","Nemocnice",442,44,0,0,0,0,10,0,122239,10508,3191
2018,"Uherskohradišťská nemocnice a.s.","27660915","80003000","CZ0722","Léčebna pro dlouhodobě nemocné (LDN)",0,0,83,30,0,0,0,0,0,0,40824
2018,"Vazební věznice a ÚpVZD Brno","00212423","72046000","CZ0642","Nemocnice",59,0,0,0,0,0,0,0,13519,0,0
2018,"Vazební věznice a ÚpVZD Brno","00212423","72059000","CZ0642","Nemocnice následné (ošetřovatelské) péče",0,0,26,0,25,0,0,0,0,0,3984
2018,"Vojenská nemocnice Brno","60555530","72037000","CZ0642","Nemocnice",192,20,0,0,0,0,0,0,49611,4575,0
2018,"Vojenská nemocnice Olomouc","60800691","89382000","CZ0712","Léčebna pro dlouhodobě nemocné (LDN)",0,0,23,0,0,0,0,0,0,0,4845
2018,"Vojenská nemocnice Olomouc","60800691","89903000","CZ0712","Nemocnice",196,15,0,0,0,0,20,8,44532,3546,4583
2018,"Vojenský rehabilitační ústav","00000582","29005000","CZ020A","Odborné léčebné ústavy",0,0,0,0,150,0,0,0,0,0,52376
2018,"Vsetínská nemocnice a.s.","26871068","94101000","CZ0723","Nemocnice",239,19,0,0,0,0,0,0,49179,4715,0
2018,"Vsetínská nemocnice a.s.","26871068","94210000","CZ0723","Léčebna pro dlouhodobě nemocné (LDN)",0,0,85,0,0,0,0,0,0,0,26340
2018,"Vysokomýtská nemocnice","71207856","70052000","CZ0534","Léčebna pro dlouhodobě nemocné (LDN)",0,0,120,0,0,0,0,0,0,0,39537
2018,"Vysočinské nemocnice s.r.o.","25257005","60224000","CZ0633","Léčebna pro dlouhodobě nemocné (LDN)",0,0,159,55,40,0,0,0,0,0,69125
2018,"Všeobecná fakultní nemocnice v Praze","00064165","02004000","CZ0100","Fakultní nemocnice",1205,227,0,19,0,0,0,0,248854,53383,559
2018,"Všeobecná fakultní nemocnice v Praze","00064165","02276000","CZ0100","Odborné léčebné ústavy",0,0,0,0,66,0,0,0,0,0,15015
2018,"Všeobecná fakultní nemocnice v Praze","00064165","02405000","CZ0100","Odborné léčebné ústavy",0,0,0,0,20,0,0,0,0,0,573
2018,"Zařízení následné reh. a hosp. péče,p.o.","69979821","42441000","CZ0412","Léčebna pro dlouhodobě nemocné (LDN)",0,0,70,0,0,0,0,0,0,0,23658
2018,"Zařízení následné reh. a hosp. péče,p.o.","69979821","42442000","CZ0412","LZ hospicového typu poskytující paliativní péči",0,0,0,0,0,20,0,0,0,0,550
2018,"ÚVN - Vojenská fakultní nemocnice Praha","61383082","06648000","CZ0100","Samostatné lůžkové zařízení s péčí DIP, NIOP, NIP",0,0,0,0,0,0,6,0,0,0,1100
2018,"ÚVN-Vojenská fakultní nemocnice Praha","61383082","06051000","CZ0100","Fakultní nemocnice",467,68,0,28,0,0,0,0,105941,18093,2507
2018,"ÚVN-Vojenská fakultní nemocnice Praha","61383082","06419000","CZ0100","Odborné léčebné ústavy",0,0,0,0,14,0,0,0,0,0,4067
2018,"ÚVN-Vojenská fakultní nemocnice Praha","61383082","06530000","CZ0100","Léčebna pro dlouhodobě nemocné (LDN)",0,0,26,0,0,0,0,0,0,0,7481
2018,"ÚVN-Vojenská fakultní nemocnice Praha","61383082","06566000","CZ0100","Samostatné lůžkové zařízení s péčí DIP, NIOP, NIP",0,0,0,0,0,0,0,14,0,0,5215
2018,"Úrazová nemocnice v Brně","00209813","72933000","CZ0642","Nemocnice",146,23,0,0,0,0,0,0,37166,6698,0
2018,"Úrazová nemocnice v Brně","00209813","72933950","CZ0642","Odborné léčebné ústavy",0,0,0,0,30,0,0,0,0,0,9611
2018,"Ústav chirurgie ruky a plast. chirurgie","00193011","67711000","CZ0514","Nemocnice",52,0,0,0,0,0,0,0,9392,0,0
2018,"Ústav hematologie a krevní transfuze","00023736","02002000","CZ0100","Fakultní nemocnice",16,21,0,0,0,0,0,0,5958,5305,0
2018,"Ústav pro péči o matku a dítě","00023698","04004000","CZ0100","Fakultní nemocnice",222,35,0,0,0,0,0,0,52030,13923,0
2018,"ČR, VS ČR, VV a ÚpVZD Praha Pankrác","00212423","04150000","CZ0100","Nemocnice",54,0,0,49,0,0,0,0,11443,0,747
2018,"Českomoravská provincie Hospitálského ř.","44995776","82051000","CZ0724","Léčebna pro dlouhodobě nemocné (LDN)",0,0,65,0,0,0,0,0,0,0,20734
2019,"HVĚZDA z.ú.","70829560","82072000","CZ0724","LZ hospicového typu poskytující paliativní péči",0,0,0,0,0,14,0,0,0,0,4949
2019,"soft palm"" o. s.","01327216","14274000","CZ0100","LZ hospicového typu poskytující paliativní péči",0,0,0,0,0,30,0,0,0,0,5991
2019,"ADP - SANCO s.r.o.","27685934","78004000","CZ0713","Nemocnice následné (ošetřovatelské) péče",0,0,0,50,0,0,0,0,0,0,15817
2019,"AESKULAP spol. s r.o.","60913266","70006000","CZ0534","Léčebna pro dlouhodobě nemocné (LDN)",0,0,81,0,0,0,0,0,0,0,41946
2019,"AGEL Středomoravská nemocniční a.s.","27797660","78006000","CZ0713","Nemocnice",800,86,0,0,0,0,13,0,174918,20225,3745
2019,"AGEL Středomoravská nemocniční a.s.","27797660","78007000","CZ0713","Léčebna pro dlouhodobě nemocné (LDN)",0,0,221,0,0,0,0,0,0,0,68312
2019,"AHC Centrum následné péče Sedlec-Prčice","25579282","20110000","CZ020B","Léčebna pro dlouhodobě nemocné (LDN)",0,0,110,0,0,0,0,0,0,0,31553
2019,"AHC Centrum následné péče Trutnov s.r.o.","10913416","69006000","CZ0525","Nemocnice následné (ošetřovatelské) péče",0,0,0,30,0,0,0,0,0,0,10460
2019,"AHC Nemocnice Duchcov s.r.o.","61537713","58102000","CZ0426","Nemocnice",40,3,0,0,0,0,0,0,7812,318,0
2019,"AHC Nemocnice Duchcov s.r.o.","61537713","58535000","CZ0426","Nemocnice následné (ošetřovatelské) péče",0,0,0,68,0,0,0,0,0,0,21529
2019,"AHC Rehabilitační centrum Meziboří s.r.o","47283661","57541000","CZ0425","Nemocnice následné (ošetřovatelské) péče",0,0,0,0,46,0,0,0,0,0,15371
2019,"ALBERTINUM,odborný léčebný ústav,Žamberk","00196096","70008000","CZ0534","Odborné léčebné ústavy",0,0,0,0,122,0,0,0,0,0,38477
2019,"ALBERTINUM,odborný léčebný ústav,Žamberk","00196096","70058000","CZ0534","Léčebna pro dlouhodobě nemocné (LDN)",0,0,70,0,0,0,0,0,0,0,20825
2019,"ALMEDA, a.s.","25079174","25310000","CZ0206","Nemocnice",56,6,0,0,0,0,0,0,13876,1009,0
2019,"ALMEDA, a.s.","25079174","25312000","CZ0206","Samostatné lůžkové zařízení s péčí DIP, NIOP, NIP",0,0,0,0,0,0,15,12,0,0,9920
2019,"AMICA CENTRUM s.r.o.","18233392","41281000","CZ0411","Léčebna pro dlouhodobě nemocné (LDN)",0,0,0,120,0,0,0,0,0,0,36229
2019,"ANESAN, s.r.o.","61677540","23111000","CZ0204","Samostatné lůžkové zařízení s péčí DIP, NIOP, NIP",0,0,0,0,0,0,15,0,0,0,5410
2019,"AquaKlim, s. r. o.","27849562","91791100","CZ0806","Odborné léčebné ústavy",0,0,0,0,30,0,0,0,0,0,4290
2019,"BH - Nemocnice Vimperk a.s.","29015839","37105000","CZ0315","Léčebna pro dlouhodobě nemocné (LDN)",0,0,60,0,0,0,0,0,0,0,13198
2019,"Bohumínská městská nemocnice, a.s.","26834022","87003000","CZ0803","Nemocnice",57,9,60,37,0,0,0,0,13107,1305,15334
2019,"Bílovecká nemocnice, a.s.","26865858","88015000","CZ0804","Nemocnice",46,4,0,0,0,0,0,0,10439,927,0
2019,"Bílovecká nemocnice, a.s.","26865858","88016000","CZ0804","Léčebna pro dlouhodobě nemocné (LDN)",0,0,71,0,0,0,0,0,0,0,25719
2019,"CARVAC s.r.o.","63504260","41182000","CZ0411","Léčebna pro dlouhodobě nemocné (LDN)",0,0,0,90,0,0,0,0,0,0,30712
2019,"CNS-CENTRUM TŘINEC s.r.o.","26816407","86112000","CZ0802","Nemocnice",42,0,0,0,0,0,0,0,13722,0,0
2019,"Centrum kardiovaskulární a TCH Brno","00209775","72932000","CZ0642","Nemocnice",55,35,0,0,0,0,0,0,14900,10934,0
2019,"Centrum léčby pohybového aparátu, s.r.o.","26432471","09438000","CZ0100","Nemocnice",33,0,0,0,0,0,0,0,7926,0,0
2019,"Charita Ostrava - Hospic sv. Lukáše","44940998","91997300","CZ0806","LZ hospicového typu poskytující paliativní péči",0,0,0,0,0,30,0,0,0,0,8869
2019,"Chronicare Mund s.r.o","05327296","72053300","CZ0642","Samostatné lůžkové zařízení s péčí DIP, NIOP, NIP",0,0,0,0,0,0,0,10,0,0,1161
2019,"Chronicare Nord s.r.o.","04679954","91111600","CZ0806","Samostatné lůžkové zařízení s péčí DIP, NIOP, NIP",0,0,0,0,0,0,17,13,0,0,326
2019,"Chronicare s.r.o.","02989204","27019000","CZ0208","Samostatné lůžkové zařízení s péčí DIP, NIOP, NIP",0,0,0,0,0,0,16,0,0,0,5882
2019,"DOP - HC s.r.o.","26356589","48004000","CZ0413","Léčebna pro dlouhodobě nemocné (LDN)",0,0,82,0,0,0,0,0,0,0,28631
2019,"Diakonie Valašské Meziříčí","73632783","94203000","CZ0723","Nemocnice následné (ošetřovatelské) péče",0,0,0,8,0,15,0,0,0,0,7532
2019,"Diecézní charita Brno,OCH Rajhrad","44990260","73006000","CZ0643","LZ hospicového typu poskytující paliativní péči",0,0,0,0,0,50,0,0,0,0,13904
2019,"Dlouhodobá intenzivní oš. péče","05212146","31500000","CZ020C","Samostatné lůžkové zařízení s péčí DIP, NIOP, NIP",0,0,0,0,0,0,5,11,0,0,1986
2019,"Domažlická nemocnice, a.s.","26361078","40001000","CZ0321","Nemocnice",111,10,0,0,0,0,0,0,22932,2022,0
2019,"Domažlická nemocnice, a.s. - LDN","26361078","40501000","CZ0321","Léčebna pro dlouhodobě nemocné (LDN)",0,0,45,0,0,0,0,0,0,0,14678
2019,"Domov sv.Karla Boromejského","65400143","06353000","CZ0100","Léčebna pro dlouhodobě nemocné (LDN)",0,0,79,0,0,0,0,0,0,0,21322
2019,"Dopravní zdravotnictví a.s.","25903659","02368000","CZ0100","Léčebna pro dlouhodobě nemocné (LDN)",0,0,42,0,0,0,0,0,0,0,12957
2019,"Dětská odb.léčebna Ch.G.Masaryk,p.s.ČČK","42726646","30148000","CZ020B","Odborné léčebné ústavy",0,0,0,0,60,0,0,0,0,0,7288
2019,"Dětská psychiatrická nemocnice","00842052","84420000","CZ0635","Odborné léčebné ústavy",0,0,0,0,50,0,0,0,0,0,15061
2019,"Dětská psychiatrická nemocnice Louny","00831034","56004000","CZ0424","Odborné léčebné ústavy",0,0,0,0,50,0,0,0,0,0,16227
2019,"Dětská psychiatrická nemocnice Opařany","00667421","39801000","CZ0317","Odborné léčebné ústavy",0,0,0,0,110,0,0,0,0,0,17836
2019,"Dům klidného stáří, spol. s r.o.","26369427","48006000","CZ0413","Léčebna pro dlouhodobě nemocné (LDN)",0,0,30,0,0,0,0,0,0,0,9643
2019,"ETOILE CZ a.s.","28973976","10663000","CZ0100","Samostatné lůžkové zařízení s péčí DIP, NIOP, NIP",0,0,0,0,0,0,30,0,0,0,10036
2019,"EUC Klinika Zlín a.s.","60726636","82002000","CZ0724","Nemocnice",45,7,0,0,0,0,0,0,10245,867,0
2019,"Fakultní Thomayerova nemocnice","00064190","04005000","CZ0100","Nemocnice",712,81,0,0,0,0,0,0,159419,17884,0
2019,"Fakultní Thomayerova nemocnice","00064190","04679000","CZ0100","Léčebna pro dlouhodobě nemocné (LDN)",0,0,215,0,25,0,0,0,0,0,61386
2019,"Fakultní Thomayerova nemocnice","00064190","04775000","CZ0100","Odborné léčebné ústavy",0,0,0,0,35,0,0,0,0,0,7574
2019,"Fakultní nemocnice Brno","65269705","72100000","CZ0642","Fakultní nemocnice",1594,317,0,0,0,0,0,0,328233,75095,0
2019,"Fakultní nemocnice Bulovka","00064211","08006000","CZ0100","Nemocnice",788,99,0,0,0,0,0,0,172062,26535,0
2019,"Fakultní nemocnice Bulovka","00064211","08368000","CZ0100","Nemocnice následné (ošetřovatelské) péče",0,0,0,54,0,0,0,0,0,0,8556
2019,"Fakultní nemocnice Hradec Králové","00179906","61004000","CZ0521","Fakultní nemocnice",1105,180,0,0,0,0,0,0,267978,51357,0
2019,"Fakultní nemocnice Hradec Králové","00179906","61778000","CZ0521","Odborné léčebné ústavy",0,0,0,18,56,0,0,0,0,0,19612
2019,"Fakultní nemocnice Královské Vinohrady","00064173","10002000","CZ0100","Fakultní nemocnice",829,194,0,0,0,0,0,0,170385,37676,0
2019,"Fakultní nemocnice Královské Vinohrady","00064173","10433000","CZ0100","Léčebna pro dlouhodobě nemocné (LDN)",0,0,70,0,0,0,0,0,0,0,21303
2019,"Fakultní nemocnice Olomouc","00098892","89100600","CZ0712","Léčebna pro dlouhodobě nemocné (LDN)",0,0,0,25,0,0,0,0,0,0,8558
2019,"Fakultní nemocnice Olomouc","00098892","89301000","CZ0712","Fakultní nemocnice",972,152,0,0,0,0,10,4,245569,39978,1299
2019,"Fakultní nemocnice Ostrava","00843989","91009000","CZ0806","Fakultní nemocnice",905,204,0,0,0,0,0,0,225975,58394,0
2019,"Fakultní nemocnice Ostrava","00843989","91009888","CZ0805","Léčebna pro dlouhodobě nemocné (LDN)",0,0,140,0,0,0,0,0,0,0,40509
2019,"Fakultní nemocnice Plzeň","00669806","44101000","CZ0323","Fakultní nemocnice",1420,178,0,0,0,0,10,10,346390,49373,4629
2019,"Fakultní nemocnice Plzeň","00669806","44117000","CZ0323","Léčebna pro dlouhodobě nemocné (LDN)",0,0,75,0,0,0,0,0,0,0,25908
2019,"Fakultní nemocnice u sv. Anny v Brně","00159816","72001000","CZ0642","Fakultní nemocnice",639,128,0,0,0,0,4,0,148156,28806,685
2019,"Fakultní nemocnice u sv. Anny v Brně","00159816","72056000","CZ0642","Odborné léčebné ústavy",0,0,0,0,115,0,0,0,0,0,35422
2019,"Fakultní nemocnice v Motole","00064203","05002000","CZ0100","Fakultní nemocnice",1472,364,0,0,0,0,0,0,300201,95084,0
2019,"Fakultní nemocnice v Motole","00064203","05434000","CZ0100","Léčebna pro dlouhodobě nemocné (LDN)",0,0,361,0,0,0,0,0,0,0,110572
2019,"Fakultní nemocnice v Motole NIP,DIOP","00064203","05768000","CZ0100","Samostatné lůžkové zařízení s péčí DIP, NIOP, NIP",0,0,0,0,0,0,14,20,0,0,7182
2019,"Filimed s.r.o.","07628196","29039000","CZ020A","Odborné léčebné ústavy",0,0,87,0,0,0,0,0,0,0,24561
2019,"GARC Kladno, s.r.o.,","27371794","22128000","CZ0203","Léčebna pro dlouhodobě nemocné (LDN)",0,0,112,0,40,0,0,0,0,0,43310
2019,"Gaudium Frýdek-Místek s.r.o.","26788799","86111000","CZ0802","Léčebna pro dlouhodobě nemocné (LDN)",0,0,0,60,0,0,0,0,0,0,21672
2019,"Gerontologické centrum","45250022","08299000","CZ0100","Léčebna pro dlouhodobě nemocné (LDN)",0,0,46,0,0,0,0,0,0,0,11830
2019,"GynCentrum, spol. s r.o.","45316783","09262000","CZ0100","Nemocnice",27,4,0,0,0,0,0,0,3070,174,0
2019,"HOSPIC Frýdek-Místek, p.o.","72046546","86114000","CZ0802","LZ hospicového typu poskytující paliativní péči",0,0,0,0,0,27,0,0,0,0,7522
2019,"HOSPIC v MOSTĚ, o.p.s.","25419561","57623000","CZ0425","LZ hospicového typu poskytující paliativní péči",0,0,0,0,0,15,0,0,0,0,3383
2019,"HOSPIC ŠTRASBURK o.p.s.","61383457","08277000","CZ0100","LZ hospicového typu poskytující paliativní péči",0,0,0,0,0,25,0,0,0,0,6005
2019,"Hamzova odborná léčebna pro děti a dosp.","00183024","62901000","CZ0531","Odborné léčebné ústavy",0,0,0,85,398,0,0,0,0,0,170143
2019,"Hornická NsP - LDN","61325422","58105000","CZ0426","Léčebna pro dlouhodobě nemocné (LDN)",0,0,75,0,0,0,0,0,0,0,27508
2019,"Hospic Chrudim z.ú.","26625385","62421000","CZ0531","LZ hospicového typu poskytující paliativní péči",0,0,0,0,0,27,0,0,0,0,10851
2019,"Hospic na Svatém Kopečku","73634671","89163000","CZ0712","LZ hospicového typu poskytující paliativní péči",0,0,0,0,0,30,0,0,0,0,6528
2019,"Hospic sv. Alžběty o.p.s.","26604582","72058000","CZ0642","LZ hospicového typu poskytující paliativní péči",0,0,0,0,0,20,0,0,0,0,5197
2019,"Hospic sv. Jana N. Neumanna, o.p.s.","70853517","37106000","CZ0315","LZ hospicového typu poskytující paliativní péči",0,0,0,0,0,30,0,0,0,0,7872
2019,"Hospic sv. Zdislavy, o.p.s.","28700210","54191000","CZ0513","LZ hospicového typu poskytující paliativní péči",0,0,0,0,0,28,0,0,0,0,6751
2019,"Hospic sv. Štěpána, z.s.","65081374","55038000","CZ0423","LZ hospicového typu poskytující paliativní péči",0,0,0,0,0,26,0,0,0,0,7290
2019,"Hospic svatého Lazara","66361508","44107000","CZ0323","LZ hospicového typu poskytující paliativní péči",0,0,0,0,0,28,0,0,0,0,7806
2019,"Institut klin.a exper.medicíny v Praze","00023001","04002000","CZ0100","Fakultní nemocnice",200,115,0,0,0,0,0,0,51568,25720,0
2019,"Interna Zábřeh, s. r. o.","60774916","93203000","CZ0715","Nemocnice následné (ošetřovatelské) péče",0,0,0,20,0,0,0,0,0,0,6841
2019,"JESSENIA a.s.","26752051","21005000","CZ0202","Nemocnice",0,0,0,0,22,0,0,0,0,0,819
2019,"JESSENIA a.s. - Rehabilitační Nem.Beroun","26752051","21001000","CZ0202","Nemocnice",119,7,0,0,0,0,0,0,55956,1677,0
2019,"Jihomoravské dětské léčebny, p.o.","00386766","71103000","CZ0641","Odborné léčebné ústavy",0,0,0,0,40,0,0,0,0,0,14918
2019,"Jihomoravské dětské léčebny, p.o.","00386766","71105000","CZ0641","Odborné léčebné ústavy",0,0,0,0,42,0,0,0,0,0,12450
2019,"Jihomoravské dětské léčebny, p.o.","00386766","71108000","CZ0641","Odborné léčebné ústavy",0,0,0,0,30,0,0,0,0,0,8738
2019,"KARDIOLOGIE NA BULOVCE, s.r.o.","49679236","08075000","CZ0100","Nemocnice",12,0,0,0,0,0,0,0,5837,0,0
2019,"KZ, a.s. - Nemocnice Chomutov, o.z.","25488627","52111000","CZ0422","Léčebna pro dlouhodobě nemocné (LDN)",0,0,81,0,0,0,0,0,0,0,26803
2019,"KZ,a.s.-oddělení následné péče Most","25488627","57015000","CZ0425","Léčebna pro dlouhodobě nemocné (LDN)",0,0,106,7,0,0,0,0,0,0,20594
2019,"Karlovarská krajská nemocnice a.s.","26365804","42008000","CZ0412","Nemocnice",385,47,0,0,0,0,0,0,76965,10275,0
2019,"Karlovarská krajská nemocnice a.s.","26365804","42616000","CZ0412","Nemocnice následné (ošetřovatelské) péče",0,0,0,10,0,0,0,0,0,0,1164
2019,"Karlovarská krajská nemocnice a.s.-Cheb","26365804","42041000","CZ0411","Nemocnice",214,17,0,0,0,0,0,0,37432,4517,0
2019,"Karvinská hornická nemocnice a.s.","60793490","87013000","CZ0803","Nemocnice",127,21,0,0,0,0,0,0,33533,4919,0
2019,"Klatovská nemocnice, a.s.","26360527","43001000","CZ0322","Nemocnice",254,16,0,0,0,0,5,5,55513,3270,4462
2019,"Klatovská nemocnice, a.s.","26360527","43006000","CZ0322","Léčebna pro dlouhodobě nemocné (LDN)",0,0,20,0,0,0,0,0,0,0,9042
2019,"Klinika Dr. Pírka s. r. o.","47540265","26007000","CZ0207","Nemocnice",47,6,0,0,0,0,0,0,13282,995,0
2019,"Krajská nemocnice Liberec, a.s.","27283933","54100000","CZ0513","Nemocnice",685,123,0,0,0,0,0,0,138933,32412,0
2019,"Krajská nemocnice Liberec, a.s. - Turnov","27283933","67104000","CZ0514","Nemocnice",115,11,0,0,0,0,0,0,27353,1617,0
2019,"Krajská nemocnice Liberec, a.s. - Turnov","27283933","67174000","CZ0514","Léčebna pro dlouhodobě nemocné (LDN)",0,0,36,0,0,0,0,0,0,0,12850
2019,"Krajská nemocnice Liberec, a.s. Frýdlant","27283933","54209000","CZ0513","Léčebna pro dlouhodobě nemocné (LDN)",0,0,0,50,0,0,0,0,0,0,10710
2019,"Krajská nemocnice Liberec, a.s.- LDN","27283933","54103000","CZ0513","Léčebna pro dlouhodobě nemocné (LDN)",0,0,141,0,0,0,0,0,0,0,44400
2019,"Krajská nemocnice T. Bati, a. s.","27661989","82001000","CZ0724","Nemocnice",670,91,0,0,0,0,10,12,167254,21741,5671
2019,"Krajská nemocnice T. Bati, a. s.","27661989","82050000","CZ0724","Léčebna pro dlouhodobě nemocné (LDN)",0,0,115,21,0,0,0,0,0,0,37940
2019,"Krajská zdravotní, a.s.","25488627","59001000","CZ0427","Fakultní nemocnice",1002,129,0,0,0,0,0,10,172063,26276,2518
2019,"Krajská zdravotní, a.s.","25488627","59287000","CZ0427","Léčebna pro dlouhodobě nemocné (LDN)",0,0,115,0,0,0,0,0,0,0,30595
2019,"Krajská zdravotní, a.s.","25488627","59326000","CZ0427","Fakultní nemocnice",0,0,0,30,0,0,0,0,,,
2019,"Krajská zdravotní, a.s.","25488627","59454000","CZ0427","Nemocnice následné (ošetřovatelské) péče",0,0,0,0,20,0,0,0,0,0,2944
2019,"Krajská zdravotní, a.s.-Nemoc.Děčín,o.z.","25488627","51100000","CZ0421","Nemocnice",259,27,0,22,0,0,0,0,47314,7742,3531
2019,"Krajská zdravotní, a.s.-Nemoc.Most,o.z.","25488627","57001000","CZ0425","Nemocnice",557,65,0,0,0,0,12,15,106023,12073,3709
2019,"Krajská zdravotní,a.s.-N.Litoměřice,o.z.","25488627","55021000","CZ0423","Nemocnice",348,37,0,0,0,0,0,0,69203,6911,0
2019,"Krajská zdravotní,a.s.-N.Litoměřice,o.z.","25488627","55037000","CZ0423","Léčebna pro dlouhodobě nemocné (LDN)",0,0,130,0,0,0,0,0,0,0,46786
2019,"Krajská zdravotní,a.s.-Nem.Chomutov,o.z.","25488627","52110000","CZ0422","Nemocnice",331,46,0,0,0,0,0,0,63983,7936,0
2019,"Krajská zdravotní,a.s.-Nemocnice Teplice","25488627","58101000","CZ0426","Nemocnice",376,51,0,0,0,0,0,0,74562,10486,0
2019,"Krajská zdravotní,a.s.-Nemocnice Teplice","25488627","58106000","CZ0426","Léčebna pro dlouhodobě nemocné (LDN)",0,0,51,0,0,0,0,0,0,0,14779
2019,"Kroměřížská nemocnice a.s.","27660532","77001000","CZ0721","Nemocnice",326,35,0,20,0,0,0,0,64968,5620,5022
2019,"Krušnohorská poliklinika s.r.o.","25030302","57622000","CZ0425","Nemocnice následné (ošetřovatelské) péče",0,0,0,30,0,0,0,0,0,0,16790
2019,"LIFE STAR hc, a.s.","24123374","72053100","CZ0642","Samostatné lůžkové zařízení s péčí DIP, NIOP, NIP",0,0,0,0,0,0,20,0,0,0,4484
2019,"LRS Chvaly, o.p.s.","24805807","09514000","CZ0100","Odborné léčebné ústavy",0,0,0,0,50,0,0,0,0,0,16863
2019,"Levitovo centrum následné péče p.o.- LDN","00190217","63113000","CZ0522","Léčebna pro dlouhodobě nemocné (LDN)",0,0,110,0,0,0,0,0,0,0,37523
2019,"Lužická nemocnice a poliklinika, a.s.","61538990","51300000","CZ0421","Nemocnice",62,8,0,30,0,0,0,0,13696,1443,5075
2019,"Lázně Darkov, a.s.","61974935","87063000","CZ0803","Odborné léčebné ústavy",0,0,0,0,111,0,0,0,0,0,32459
2019,"Lázně Slatinice a.s.","25367757","89875000","CZ0712","Odborné léčebné ústavy",0,0,0,0,50,0,0,0,0,0,16968
2019,"Lázně Teplice nad Bečvou a.s.","45192570","92374000","CZ0714","Odborné léčebné ústavy",0,0,0,0,100,0,0,0,0,0,33648
2019,"Léčebna dlouhodobě nemocných","05212146","31093000","CZ020C","Léčebna pro dlouhodobě nemocné (LDN)",0,0,62,0,0,0,0,0,0,0,17690
2019,"Léčebna dlouhodobě nemocných Opočno","00191744","66232000","CZ0524","Léčebna pro dlouhodobě nemocné (LDN)",0,0,52,0,0,0,0,0,0,0,16484
2019,"Léčebna dlouhodobě nemocných Rybitví","00190560","65360000","CZ0532","Léčebna pro dlouhodobě nemocné (LDN)",0,0,105,0,0,0,0,0,0,0,34606
2019,"Léčebna dlouhodobě nemocných Vršovice","00879649","10499000","CZ0100","Léčebna pro dlouhodobě nemocné (LDN)",0,0,72,0,0,0,0,0,0,0,33918
2019,"Léčebna dlouhodobě nemocných na Vojkově","27256391","28015000","CZ0209","Léčebna pro dlouhodobě nemocné (LDN)",0,0,100,0,0,0,0,0,0,0,36421
2019,"Léčebna dlouhodobě nemocných v Praze 6","45243956","06372000","CZ0100","Léčebna pro dlouhodobě nemocné (LDN)",0,0,94,0,0,0,0,0,0,0,28151
2019,"Léčebna pro dlouhodobě nemocné HK","00180092","61358000","CZ0521","Léčebna pro dlouhodobě nemocné (LDN)",0,0,94,0,0,0,0,0,0,0,30583
2019,"Léčebna respiračních nemocí Cvikov,p.o.,","00673951","50213000","CZ0511","Odborné léčebné ústavy",0,0,0,0,72,0,0,0,0,0,24977
2019,"Léčebna respiračních nemocí Cvikov,p.o.,","00673951","50280000","CZ0511","Odborné léčebné ústavy",0,0,0,0,70,0,0,0,0,0,23370
2019,"MEDI HELP s.r.o., Masarykovo sanatorium","46359443","30515000","CZ020B","Nemocnice následné (ošetřovatelské) péče",0,0,0,180,0,0,0,0,0,0,63225
2019,"MEDICINA, spol. s r.o. - LDN","49904035","56009000","CZ0424","Léčebna pro dlouhodobě nemocné (LDN)",0,0,82,0,0,0,0,0,0,0,29319
2019,"MEDICON Hospitals s.r.o.","25634691","04757000","CZ0100","Léčebna pro dlouhodobě nemocné (LDN)",0,0,30,73,0,0,0,0,0,0,32273
2019,"MEDITERRA - Sedlčany, s.r.o.","26429683","30529000","CZ020B","Nemocnice následné (ošetřovatelské) péče",0,0,0,60,0,0,0,0,0,0,20480
2019,"MEDITERRA Sedlčany, s.r.o.  - NIP, DIOP","26429683","30530000","CZ020B","Samostatné lůžkové zařízení s péčí DIP, NIOP, NIP",0,0,0,0,0,0,14,8,0,0,12681
2019,"MEDITERRA s.r.o.","49686356","05522000","CZ0100","Samostatné lůžkové zařízení s péčí DIP, NIOP, NIP",0,0,0,0,0,0,21,8,0,0,11437
2019,"MEDITERRA s.r.o.","49686356","05523000","CZ0100","Odborné léčebné ústavy",0,0,0,0,142,0,0,0,0,0,38647
2019,"MEDITERRA s.r.o.","49686356","05656000","CZ0100","Nemocnice",20,3,0,0,0,0,0,0,1903,566,0
2019,"MMN, a.s.","05421888","67101000","CZ0514","Nemocnice",20,4,0,0,0,0,0,0,4831,496,0
2019,"MMN, a.s.","05421888","67102000","CZ0514","Nemocnice",166,14,0,0,0,0,0,0,34371,3511,0
2019,"MMN, a.s.","05421888","67171000","CZ0514","Léčebna pro dlouhodobě nemocné (LDN)",0,0,75,0,0,0,0,0,0,0,23078
2019,"MSCARE s.r.o.","28509480","10637000","CZ0100","Léčebna pro dlouhodobě nemocné (LDN)",0,0,42,0,0,0,0,0,0,0,18391
2019,"Masarykova nemocnice Rakovník s.r.o.","05212146","31001000","CZ020C","Nemocnice",124,18,0,0,0,0,0,0,30326,2300,0
2019,"Masarykův onkologický ústav","00209805","72931000","CZ0642","Nemocnice",228,16,0,0,0,0,0,0,54957,5234,0
2019,"MediCentrum Praha a.s.","64949486","04727000","CZ0100","Odborné léčebné ústavy",0,0,0,0,50,0,0,0,0,0,15853
2019,"Mulačova nemocnice s. r. o.","25202189","44105000","CZ0323","Nemocnice",156,7,0,0,0,0,10,0,31439,1600,1560
2019,"Mělnická zdravotní, a.s.","27958639","25110000","CZ0206","Nemocnice",223,27,0,0,0,0,0,0,47528,5413,0
2019,"Mělnická zdravotní, a.s.","27958639","25119000","CZ0206","Nemocnice následné (ošetřovatelské) péče",0,0,0,93,0,0,0,0,0,0,32456
2019,"Městská nemocnice Městec Králové a.s.","26495015","27002000","CZ0208","Nemocnice",20,4,0,0,0,0,0,0,4329,973,0
2019,"Městská nemocnice Městec Králové a.s.","26495015","27011000","CZ0208","Léčebna pro dlouhodobě nemocné (LDN)",0,0,140,0,0,0,0,0,0,0,39175
2019,"Městská nemocnice Městec Králové, a.s.","26495015","27015000","CZ0208","Samostatné lůžkové zařízení s péčí DIP, NIOP, NIP",0,0,0,0,0,0,16,15,0,0,8750
2019,"Městská nemocnice Ostrava","00635162","91001000","CZ0806","Nemocnice",606,73,0,0,0,0,5,0,150905,18341,231
2019,"Městská nemocnice Ostrava","00635162","91001680","CZ0806","Léčebna pro dlouhodobě nemocné (LDN)",0,0,94,56,0,0,0,0,0,0,43009
2019,"Městská nemocnice Slavičín","62181378","82052000","CZ0724","Léčebna pro dlouhodobě nemocné (LDN)",0,0,50,0,0,0,0,0,0,0,15442
2019,"Městská nemocnice následné péče","45245843","09004000","CZ0100","Nemocnice následné (ošetřovatelské) péče",0,0,0,128,0,0,0,0,0,0,33946
2019,"Městská nemocnice s pol. Uh. Brod, s.r.o","25583905","80020000","CZ0722","Léčebna pro dlouhodobě nemocné (LDN)",0,0,90,0,0,0,0,0,0,0,28605
2019,"Městská nemocnice v Odrách, p.o.","66183596","88005000","CZ0804","Nemocnice",20,4,75,0,0,0,0,0,7794,1104,17347
2019,"Městská nemocnice Čáslav","00873764","24200000","CZ0205","Nemocnice",138,10,0,0,0,0,0,0,27841,1155,0
2019,"Městská nemocnice Čáslav","00873764","24451000","CZ0205","Léčebna pro dlouhodobě nemocné (LDN)",0,0,30,0,0,0,0,0,0,0,11148
2019,"Městská nemocnice, a.s.","25262238","69002000","CZ0525","Nemocnice",109,7,0,0,0,0,0,0,25217,876,0
2019,"Městská nemocnice, a.s.","25262238","69005000","CZ0525","Nemocnice následné (ošetřovatelské) péče",0,0,0,50,0,0,0,0,0,0,12657
2019,"NH Hospital a.s.","27872963","21017000","CZ0202","Nemocnice",0,0,0,0,0,0,8,5,0,0,878
2019,"NH Hospital a.s. - Nemocnice Hořovice","27872963","21002000","CZ0202","Nemocnice",223,33,0,0,0,0,0,0,65044,9573,0
2019,"Nem. Milos. sester sv. Vincence de Paul","17809193","77910000","CZ0721","Léčebna pro dlouhodobě nemocné (LDN)",0,0,105,0,0,0,0,0,0,0,38276
2019,"Nem. násl. péče LDN Horažďovice, s.r.o.","26360870","43030000","CZ0322","Léčebna pro dlouhodobě nemocné (LDN)",0,0,130,0,20,0,0,0,0,0,48483
2019,"Nem.Mil.sester sv.K.Boromej.v Praze","73634085","01002000","CZ0100","Nemocnice",122,10,0,30,0,0,0,0,27968,2710,5592
2019,"Nem.Mil.sester sv.K.Boromej.v Praze","73634085","01475000","CZ0100","LZ hospicového typu poskytující paliativní péči",0,0,0,0,0,13,0,0,0,0,5083
2019,"Nemocnice  Prachatice, a.s. - LDN","26095165","37104000","CZ0315","Léčebna pro dlouhodobě nemocné (LDN)",0,0,25,0,0,0,0,0,0,0,7372
2019,"Nemocnice  Slaný","00875295","22102000","CZ0203","Nemocnice",229,20,0,60,0,0,0,0,45728,5159,11268
2019,"Nemocnice AGEL Jeseník a.s.","47973927","95202000","CZ0711","Nemocnice",98,5,0,0,0,0,0,0,22284,1198,0
2019,"Nemocnice AGEL Jeseník a.s.","47973927","95206000","CZ0711","Léčebna pro dlouhodobě nemocné (LDN)",0,0,30,0,0,0,0,0,0,0,10740
2019,"Nemocnice AGEL Louny a.s. - LDN","27332730","56012000","CZ0424","Léčebna pro dlouhodobě nemocné (LDN)",0,0,90,0,0,0,0,0,0,0,27488
2019,"Nemocnice AGEL Nový Jičín a.s.","25886207","88001000","CZ0804","Nemocnice",362,34,0,0,0,0,0,0,82809,10211,0
2019,"Nemocnice AGEL Nový Jičín a.s.","25886207","88014000","CZ0804","Léčebna pro dlouhodobě nemocné (LDN)",0,0,40,0,0,0,0,0,0,0,12060
2019,"Nemocnice AGEL Ostrava-Vítkovice a.s.","60793201","91950000","CZ0806","Nemocnice",316,39,0,0,0,0,0,0,61201,8174,0
2019,"Nemocnice AGEL Ostrava-Vítkovice a.s.","60793201","91950888","CZ0806","Léčebna pro dlouhodobě nemocné (LDN)",0,0,30,0,0,0,0,0,0,0,7096
2019,"Nemocnice AGEL Podhorská a.s.","47668989","85200000","CZ0801","Nemocnice",95,8,0,0,0,0,0,0,18752,1807,0
2019,"Nemocnice AGEL Podhorská a.s.","47668989","85291000","CZ0801","Nemocnice následné (ošetřovatelské) péče",0,0,0,40,0,0,0,0,0,0,9083
2019,"Nemocnice AGEL Třinec-Podlesí a.s.","48401129","86106000","CZ0802","Nemocnice",113,38,0,0,0,0,0,0,26221,7990,0
2019,"Nemocnice AGEL Valašské Meziříčí a.s.","26822105","94102000","CZ0723","Nemocnice",185,23,0,0,0,0,0,0,53120,4495,0
2019,"Nemocnice AGEL Valašské Meziříčí a.s.","26822105","94220000","CZ0723","Léčebna pro dlouhodobě nemocné (LDN)",0,0,78,0,0,0,0,0,0,0,25988
2019,"Nemocnice AGEL Český Těšín a.s.","25897551","87029000","CZ0803","Nemocnice",31,0,59,34,0,0,0,0,10753,0,15790
2019,"Nemocnice AGEL Říčany a.s.","27365867","28003000","CZ0209","Nemocnice",61,4,0,0,0,0,0,0,12444,1087,0
2019,"Nemocnice AGEL Říčany a.s.","27365867","28658000","CZ0209","Léčebna pro dlouhodobě nemocné (LDN)",0,0,30,0,0,0,0,0,0,0,10398
2019,"Nemocnice Beroun - LDN","26752051","21003000","CZ0202","Léčebna pro dlouhodobě nemocné (LDN)",0,0,42,0,0,0,0,0,0,0,20137
2019,"Nemocnice Blansko","00386634","71101000","CZ0641","Nemocnice",138,15,0,0,0,0,0,0,40515,4286,0
2019,"Nemocnice Blansko","00386634","71110000","CZ0641","Léčebna pro dlouhodobě nemocné (LDN)",0,0,30,0,0,0,0,0,0,0,11388
2019,"Nemocnice Boskovice s.r.o.","26925974","71113000","CZ0641","Nemocnice",205,24,0,0,0,0,0,0,47022,4421,0
2019,"Nemocnice Boskovice s.r.o.","26925974","71119000","CZ0641","Léčebna pro dlouhodobě nemocné (LDN)",0,0,12,0,0,0,0,5,0,0,5720
2019,"Nemocnice Břeclav, p. o.","00390780","74001000","CZ0644","Nemocnice",378,41,0,0,0,0,0,0,89581,8809,0
2019,"Nemocnice Dačice, a.s.","28113195","34013000","CZ0313","Léčebna pro dlouhodobě nemocné (LDN)",0,0,45,0,0,0,0,0,0,0,12442
2019,"Nemocnice Havlíčkův Brod, přísp. org.","00179540","60001000","CZ0631","Nemocnice",410,47,0,0,0,0,0,0,97493,7890,0
2019,"Nemocnice Havlíčkův Brod, přísp. org.","00179540","60223000","CZ0631","Léčebna pro dlouhodobě nemocné (LDN)",0,0,44,0,0,0,0,0,0,0,15833
2019,"Nemocnice Havířov, příspěv. organizace","00844896","87004000","CZ0803","Nemocnice",339,31,0,0,0,0,0,0,82767,7575,0
2019,"Nemocnice Havířov, příspěv. organizace","00844896","87054000","CZ0803","Léčebna pro dlouhodobě nemocné (LDN)",0,0,30,0,0,0,0,0,0,0,8447
2019,"Nemocnice Hranice a.s.","47677406","92002000","CZ0714","Nemocnice",98,10,0,0,0,0,0,0,18379,1710,0
2019,"Nemocnice Hranice a.s.","47677406","92283000","CZ0714","Léčebna pro dlouhodobě nemocné (LDN)",0,0,80,0,0,0,0,0,0,0,31346
2019,"Nemocnice Hustopeče p.o.","04212029","74022000","CZ0644","Nemocnice",25,0,0,0,0,0,0,0,4558,0,0
2019,"Nemocnice Hustopeče, p.o.","04212029","74007000","CZ0644","Nemocnice následné (ošetřovatelské) péče",0,0,0,94,0,0,0,0,0,0,25608
2019,"Nemocnice Ivančice, příspěvková organiz.","00225827","73303000","CZ0643","Léčebna pro dlouhodobě nemocné (LDN)",0,0,60,0,0,0,0,0,0,0,20202
2019,"Nemocnice Ivančice,příspěvková organiz.","00225827","73003000","CZ0643","Nemocnice",144,10,0,0,0,0,0,0,34288,3428,0
2019,"Nemocnice Jablonec n. N., p.o.","00829838","53201000","CZ0512","Nemocnice",273,32,0,0,0,0,0,0,68207,7046,0
2019,"Nemocnice Jablonec n. N.. p. o.","00829838","53212000","CZ0512","Léčebna pro dlouhodobě nemocné (LDN)",0,0,67,0,0,0,0,0,0,0,21736
2019,"Nemocnice Jihlava, p. o.","00090638","76001000","CZ0632","Nemocnice",559,63,0,0,0,0,0,0,108905,13676,0
2019,"Nemocnice Jihlava,příspěvková organizace","00090638","76002000","CZ0632","Léčebna pro dlouhodobě nemocné (LDN)",0,0,75,0,0,15,0,0,0,0,20894
2019,"Nemocnice Jindřichův Hradec, a.s.","26095157","34001000","CZ0313","Nemocnice",242,30,0,0,0,0,8,0,55837,5763,1902
2019,"Nemocnice Jindřichův Hradec, a.s.","26095157","34011000","CZ0313","Léčebna pro dlouhodobě nemocné (LDN)",0,0,52,0,0,2,0,3,0,0,18963
2019,"Nemocnice Kadaň, s.r.o.","25479300","52120000","CZ0422","Nemocnice",157,15,0,0,0,0,0,0,35100,2979,0
2019,"Nemocnice Kadaň, s.r.o.","25479300","52121000","CZ0422","Léčebna pro dlouhodobě nemocné (LDN)",0,0,24,0,0,0,0,0,0,0,7432
2019,"Nemocnice Karviná - Ráj, příspěvková org","00844853","87001000","CZ0803","Nemocnice",215,27,108,0,0,0,15,5,58653,7662,18276
2019,"Nemocnice Kyjov, příspěvková organizace","00226912","75002000","CZ0645","Nemocnice",395,35,0,0,0,0,0,0,99517,9340,1680
2019,"Nemocnice Kyjov, příspěvková organizace","00226912","75007000","CZ0645","Nemocnice následné (ošetřovatelské) péče",0,0,0,48,0,0,0,0,0,0,14745
2019,"Nemocnice Letovice p.o.","00387134","71107000","CZ0641","Léčebna pro dlouhodobě nemocné (LDN)",0,0,120,0,0,0,0,0,0,0,42388
2019,"Nemocnice Mariánské Lázně s.r.o.","26376709","41191000","CZ0411","Nemocnice následné (ošetřovatelské) péče",0,0,57,37,0,0,0,0,0,0,23810
2019,"Nemocnice Milosrdných bratří, p.o.","48512478","72048000","CZ0642","Nemocnice",205,18,0,0,0,0,0,0,38795,4879,0
2019,"Nemocnice Milosrdných bratří, p.o.","48512478","72052000","CZ0642","Léčebna pro dlouhodobě nemocné (LDN)",0,0,243,0,0,0,0,0,0,0,69925
2019,"Nemocnice Měšice - CIOP, z.s.","65401921","28004000","CZ0209","Nemocnice následné (ošetřovatelské) péče",0,0,0,80,0,0,0,0,0,0,38415
2019,"Nemocnice Na Bulovce","00064211","08454000","CZ0100","Samostatné lůžkové zařízení s péčí DIP, NIOP, NIP",0,0,0,0,0,0,0,7,0,0,1936
2019,"Nemocnice Na Františku","00879444","01003000","CZ0100","Nemocnice",100,13,0,0,0,0,0,0,19904,3307,0
2019,"Nemocnice Na Františku","00879444","01311000","CZ0100","Léčebna pro dlouhodobě nemocné (LDN)",0,0,46,0,0,0,0,0,0,0,12555
2019,"Nemocnice Na Homolce","00023884","05004000","CZ0100","Fakultní nemocnice",228,129,0,0,0,0,0,0,60395,35546,0
2019,"Nemocnice Na Pleši s.r.o.","27207064","30006000","CZ020B","Nemocnice",40,0,0,0,0,0,0,0,8247,0,0
2019,"Nemocnice Na Pleši s.r.o.","27207064","30522000","CZ020B","Odborné léčebné ústavy",0,0,0,0,90,0,0,0,0,0,32332
2019,"Nemocnice Na Pleši s.r.o.","27207064","30605000","CZ020B","Nemocnice následné (ošetřovatelské) péče",0,0,0,70,0,0,0,0,0,0,10508
2019,"Nemocnice Nové Město na Moravě, p. o.","00842001","84231000","CZ0635","Nemocnice",348,31,0,0,0,0,8,0,80833,8064,2959
2019,"Nemocnice Nové Město na Moravě, p. o.","00842001","84425000","CZ0635","Léčebna pro dlouhodobě nemocné (LDN)",0,0,70,0,0,0,0,8,0,0,21575
2019,"Nemocnice Nymburk s.r.o.","28762886","27001000","CZ0208","Nemocnice",139,11,0,0,0,0,0,0,33690,3171,0
2019,"Nemocnice Nymburk s.r.o.","28762886","27017000","CZ0208","Nemocnice následné (ošetřovatelské) péče",0,0,0,20,0,0,0,0,0,0,5301
2019,"Nemocnice Ostrov s.r.o.","47714913","42010000","CZ0412","Nemocnice",97,7,0,0,0,0,30,20,29526,1229,17818
2019,"Nemocnice Ostrov s.r.o.","47714913","42452000","CZ0412","Léčebna pro dlouhodobě nemocné (LDN)",0,0,57,0,0,0,0,0,0,0,12244
2019,"Nemocnice Pardubického kraje, a.s.","27520536","62001000","CZ0531","Nemocnice",245,29,0,0,0,0,10,0,58537,6860,1592
2019,"Nemocnice Pardubického kraje, a.s.","27520536","62002000","CZ0531","Léčebna pro dlouhodobě nemocné (LDN)",0,0,89,0,0,0,0,10,0,0,20470
2019,"Nemocnice Pardubického kraje, a.s.","27520536","65001000","CZ0532","Nemocnice",788,78,0,0,0,0,0,0,144625,15134,0
2019,"Nemocnice Pardubického kraje, a.s.","27520536","65361000","CZ0532","Léčebna pro dlouhodobě nemocné (LDN)",0,0,66,0,0,0,0,0,0,0,16298
2019,"Nemocnice Pardubického kraje, a.s.","27520536","68001000","CZ0533","Nemocnice",269,15,0,0,0,0,0,0,51732,4092,0
2019,"Nemocnice Pardubického kraje, a.s.","27520536","68002000","CZ0533","Nemocnice",187,20,0,0,0,0,0,0,38066,5022,0
2019,"Nemocnice Pardubického kraje, a.s.","27520536","68011000","CZ0533","Léčebna pro dlouhodobě nemocné (LDN)",0,0,23,0,0,0,0,0,0,0,7482
2019,"Nemocnice Pardubického kraje, a.s.","27520536","68012000","CZ0533","Léčebna pro dlouhodobě nemocné (LDN)",0,0,40,0,0,0,0,0,0,0,11664
2019,"Nemocnice Pardubického kraje, a.s.","27520536","70001000","CZ0534","Nemocnice",306,26,0,0,0,0,0,0,63424,6510,0
2019,"Nemocnice Pelhřimov, příspěvková org.","00511951","35001000","CZ0633","Nemocnice",271,23,0,0,0,0,0,0,60881,5777,0
2019,"Nemocnice Pelhřimov, příspěvková org.","00511951","35040000","CZ0633","Léčebna pro dlouhodobě nemocné (LDN)",0,0,46,0,0,0,0,0,0,0,13737
2019,"Nemocnice Počátky, s.r.o.","26216701","35043000","CZ0633","Léčebna pro dlouhodobě nemocné (LDN)",0,0,120,0,0,0,0,0,0,0,37176
2019,"Nemocnice Prachatice, a.s.","26095165","37101000","CZ0315","Nemocnice",137,9,0,0,0,0,0,0,27608,2848,0
2019,"Nemocnice Písek, a.s.","26095190","36101000","CZ0314","Nemocnice",314,48,0,0,0,0,0,5,59431,8803,973
2019,"Nemocnice Písek, a.s.","26095190","36102000","CZ0314","Léčebna pro dlouhodobě nemocné (LDN)",0,0,36,0,0,0,0,0,0,0,12033
2019,"Nemocnice Roudnice nad Labem s.r.o.","25443801","55039000","CZ0423","Nemocnice",135,8,0,0,0,0,0,0,21707,1568,0
2019,"Nemocnice Roudnice nad Labem s.r.o.","25443801","55040000","CZ0423","Léčebna pro dlouhodobě nemocné (LDN)",0,0,43,0,0,0,0,0,0,0,8910
2019,"Nemocnice Roudnice nad Labem s.r.o.","25443801","55044000","CZ0423","Nemocnice následné (ošetřovatelské) péče",0,0,0,28,0,0,0,0,0,0,4016
2019,"Nemocnice Rudolfa a Stefanie Benešov,a.s","27253236","20003000","CZ0201","Odborné léčebné ústavy",0,0,0,0,40,0,0,0,0,0,7038
2019,"Nemocnice Rudolfa a Stefanie Benešov,a.s","27253236","20101000","CZ0201","Nemocnice",283,30,0,78,0,0,0,0,51923,6891,27060
2019,"Nemocnice Sokolov s.r.o.","24747246","48008000","CZ0413","Nemocnice",223,27,0,0,0,0,0,0,51685,6578,0
2019,"Nemocnice Sokolov s.r.o.","24747246","48009000","CZ0413","Léčebna pro dlouhodobě nemocné (LDN)",0,0,50,0,0,0,0,0,0,0,35315
2019,"Nemocnice Strakonice, a.s.","26095181","38001000","CZ0316","Nemocnice",245,20,0,0,0,0,0,0,51272,4542,0
2019,"Nemocnice Strakonice, a.s.","26095181","38005001","CZ0316","Léčebna pro dlouhodobě nemocné (LDN)",0,0,36,0,0,0,0,5,0,0,14443
2019,"Nemocnice Sv. Kříže Žižkov, s.r.o.","47124733","03324000","CZ0100","Nemocnice následné (ošetřovatelské) péče",0,0,0,67,0,0,0,0,0,0,23643
2019,"Nemocnice Sv. Kříže Žižkov, s.r.o.","47124733","03325000","CZ0100","Samostatné lůžkové zařízení s péčí DIP, NIOP, NIP",0,0,0,0,0,0,0,10,0,0,4579
2019,"Nemocnice TGM Hodonín, příspěvková org.","00226637","75001000","CZ0645","Nemocnice",133,24,0,0,0,0,0,0,33559,7920,0
2019,"Nemocnice TGM Hodonín, příspěvková org.","00226637","75008000","CZ0645","Nemocnice následné (ošetřovatelské) péče",0,0,0,43,0,0,0,0,0,0,12262
2019,"Nemocnice Tanvald, s. r. o.","63145766","53208000","CZ0512","Nemocnice následné (ošetřovatelské) péče",0,0,0,35,0,0,24,20,0,0,27168
2019,"Nemocnice Tanvald, s.r.o","63145766","53286000","CZ0512","Nemocnice",18,3,0,0,0,0,0,0,6237,740,0
2019,"Nemocnice Tišnov,příspěvková organizace","44947909","73007000","CZ0643","Léčebna pro dlouhodobě nemocné (LDN)",0,0,60,0,30,0,0,0,0,0,28677
2019,"Nemocnice Tábor, a.s.","26095203","39001000","CZ0317","Nemocnice",366,34,0,0,0,0,0,0,97459,7930,0
2019,"Nemocnice Tábor, a.s.","26095203","39007000","CZ0317","Léčebna pro dlouhodobě nemocné (LDN)",0,0,69,0,0,0,0,0,0,0,24452
2019,"Nemocnice Třebíč, příspěvková organizace","00839396","79001000","CZ0634","Nemocnice",386,36,0,0,0,0,0,0,88270,8717,0
2019,"Nemocnice Třebíč, příspěvková organizace","00839396","79003000","CZ0634","Nemocnice následné (ošetřovatelské) péče",0,0,104,0,0,0,0,10,0,0,37146
2019,"Nemocnice Třinec, příspěvková organizace","00534242","86102000","CZ0802","Nemocnice",300,31,0,20,0,0,0,0,77194,8131,3023
2019,"Nemocnice Valtice s.r.o.","63488329","74021000","CZ0644","Léčebna pro dlouhodobě nemocné (LDN)",0,0,184,0,0,0,0,0,0,0,58633
2019,"Nemocnice Varnsdorf- LDN","49888498","51303000","CZ0421","Léčebna pro dlouhodobě nemocné (LDN)",0,0,100,0,0,0,0,0,0,0,26792
2019,"Nemocnice Volyně s.r.o.","25155946","38033001","CZ0316","Léčebna pro dlouhodobě nemocné (LDN)",0,0,66,0,0,0,0,0,0,0,11020
2019,"Nemocnice Vrchlabí, s.r.o.","64827232","69003000","CZ0525","Nemocnice",54,5,0,0,0,0,12,0,9165,1391,3178
2019,"Nemocnice Vrchlabí, s.r.o.","64827232","69008000","CZ0525","Nemocnice následné (ošetřovatelské) péče",0,0,0,35,0,0,0,0,0,0,11576
2019,"Nemocnice Vršovice a.s.","28971906","10693000","CZ0100","Odborné léčebné ústavy",0,0,0,0,35,0,0,0,0,0,11147
2019,"Nemocnice Vršovice a.s.","28971906","10706000","CZ0100","Samostatné lůžkové zařízení s péčí DIP, NIOP, NIP",0,0,0,0,0,0,17,0,0,0,5543
2019,"Nemocnice Vršovice a.s.","28971906","10714000","CZ0100","Nemocnice",16,4,0,0,0,0,0,0,4368,1393,0
2019,"Nemocnice Vyškov, příspěvková organizace","00839205","81001000","CZ0646","Nemocnice",285,25,0,0,0,0,0,0,82506,7606,0
2019,"Nemocnice Vyškov, příspěvková organizace","00839205","81065000","CZ0646","Léčebna pro dlouhodobě nemocné (LDN)",0,0,90,0,0,0,0,0,0,0,25430
2019,"Nemocnice Znojmo,příspěvková organizace","00092584","83001000","CZ0647","Nemocnice",432,41,0,0,0,0,0,0,100312,9234,0
2019,"Nemocnice Znojmo,příspěvková organizace","00092584","83002000","CZ0647","Léčebna pro dlouhodobě nemocné (LDN)",0,0,115,0,0,0,0,0,0,0,33973
2019,"Nemocnice následné péče Moravská Třebová","00193895","68013000","CZ0533","Léčebna pro dlouhodobě nemocné (LDN)",0,0,80,0,0,0,0,0,0,0,25096
2019,"Nemocnice následné péče Praha s.r.o.","45789924","06408000","CZ0100","Léčebna pro dlouhodobě nemocné (LDN)",0,0,40,20,0,0,0,0,0,0,18211
2019,"Nemocnice následné péče Praha s.r.o.","45789924","06610000","CZ0100","Odborné léčebné ústavy",0,0,0,0,20,0,0,0,0,0,5668
2019,"Nemocnice následné péče Svatá Anna,s.r.o","26360896","49008000","CZ0327","Léčebna pro dlouhodobě nemocné (LDN)",0,0,90,0,0,0,0,0,0,0,27935
2019,"Nemocnice následné péče VIA, s.r.o.","02390221","51262000","CZ0421","Léčebna pro dlouhodobě nemocné (LDN)",0,0,100,0,0,0,0,0,0,0,46241
2019,"Nemocnice následné péče s pol. Lom. n/P","00854875","67130000","CZ0514","Léčebna pro dlouhodobě nemocné (LDN)",0,0,59,0,0,0,0,0,0,0,20174
2019,"Nemocnice s poliklinikou Česká Lípa a.s.","27283518","50292000","CZ0511","Léčebna pro dlouhodobě nemocné (LDN)",0,0,117,0,0,0,0,0,0,0,42901
2019,"Nemocnice s poliklinikou Česká Lípa,a.s.","27283518","50100000","CZ0511","Nemocnice",315,32,0,0,0,0,0,6,69410,7911,741
2019,"Nemocnice sv. Alžběty Na Slupi, s.r.o.","07579969","02259000","CZ0100","Léčebna pro dlouhodobě nemocné (LDN)",0,0,89,0,0,0,0,0,0,0,40790
2019,"Nemocnice sv.Zdislavy,a.s.","25542681","84427000","CZ0635","Nemocnice",38,6,0,0,0,0,15,0,10843,1384,5711
2019,"Nemocnice sv.Zdislavy,a.s.","25542681","84428000","CZ0635","Léčebna pro dlouhodobě nemocné (LDN)",0,0,80,0,0,0,0,0,0,0,24646
2019,"Nemocnice u Sv. Jiří s. r. o.","49786954","44613000","CZ0323","Nemocnice",15,5,0,0,0,0,0,0,1747,542,0
2019,"Nemocnice ve Frýdku-Místku, přís. organ.","00534188","86101000","CZ0802","Nemocnice",331,31,0,0,0,0,8,10,84682,9411,1628
2019,"Nemocnice ve Frýdku-Místku, přís. organ.","00534188","86101200","CZ0802","Léčebna pro dlouhodobě nemocné (LDN)",0,0,65,32,0,0,0,0,0,0,30075
2019,"Nemocnice České Budějovice, a.s.","26068877","32006000","CZ0311","Nemocnice",1020,171,0,0,0,0,0,0,235403,34346,0
2019,"Nemocnice České Budějovice, a.s.","26068877","32067000","CZ0311","Léčebna pro dlouhodobě nemocné (LDN)",0,0,229,0,0,0,0,0,0,0,55856
2019,"Nemocnice České Budějovice, a.s.","26068877","32070000","CZ0311","Odborné léčebné ústavy",0,0,0,0,50,0,0,0,0,0,7988
2019,"Nemocnice Český Brod s.r.o.","27161838","23333000","CZ0204","Léčebna pro dlouhodobě nemocné (LDN)",0,0,60,61,0,0,0,10,0,0,34689
2019,"Nemocnice Český Krumlov, a.s.","26095149","33100000","CZ0312","Nemocnice",144,14,0,0,0,0,0,0,39474,3001,0
2019,"Nemocnice Český Krumlov, a.s.","26095149","33103000","CZ0312","Léčebna pro dlouhodobě nemocné (LDN)",0,0,88,0,0,0,0,0,0,0,27450
2019,"Nemocnice Šumperk a.s.","47682795","93008000","CZ0715","Nemocnice následné (ošetřovatelské) péče",0,0,0,87,0,0,0,0,0,0,28675
2019,"Nemocnice Šumperk a.s.","47682795","93201000","CZ0715","Nemocnice",339,24,0,0,0,0,0,0,71186,6146,0
2019,"Nemocnice Žatec, o.p.s.","25026259","56007000","CZ0424","Nemocnice",119,11,0,0,0,0,0,0,22844,1766,0
2019,"Nemocnice Žatec, o.p.s. - LDN","25026259","56010000","CZ0424","Léčebna pro dlouhodobě nemocné (LDN)",0,0,50,0,0,0,0,0,0,0,14259
2019,"Neurologie, s.r.o. - léč. dlouh. nem.","49900391","51276000","CZ0421","Odborné léčebné ústavy",0,0,20,0,0,0,0,0,0,0,6887
2019,"Neuron Medical s.r.o.","29288223","72949000","CZ0642","Nemocnice",8,0,0,0,0,0,0,0,496,0,0
2019,"Národní ústav duševního zdraví","00023752","08002000","CZ0209","Nemocnice",47,0,0,0,0,0,0,0,13207,0,0
2019,"Národní ústav duševního zdraví","00023752","28196000","CZ0209","Odborné léčebné ústavy",0,0,0,0,8,0,0,0,0,0,71
2019,"OB klinika a.s.","28892950","03336000","CZ0100","Nemocnice",28,0,0,0,0,0,0,0,3951,0,0
2019,"OLÚ Metylovice-Moravskosl. sanator.,p.o.","00534200","86404000","CZ0802","Odborné léčebné ústavy",0,0,0,0,62,0,0,0,0,0,10381
2019,"ORTHES, spol. s r.o.","60718048","94125000","CZ0723","Nemocnice",10,3,0,0,0,0,0,0,2991,650,0
2019,"ORTO - REHA, s.r.o.","29032806","08439000","CZ0100","Nemocnice",20,0,0,0,0,0,0,0,6016,0,0
2019,"OSMED Group s.r.o.","27828930","91100870","CZ0806","Nemocnice následné (ošetřovatelské) péče",0,0,0,120,0,0,0,0,0,0,50269
2019,"Oblastní charita ČK - HOSPIC A. České","48623814","64306000","CZ0523","LZ hospicového typu poskytující paliativní péči",0,0,0,0,0,30,0,0,0,0,8967
2019,"Oblastní charita Červený Kostelec","48623814","69007000","CZ0525","Nemocnice následné (ošetřovatelské) péče",0,0,0,28,0,0,0,0,0,0,8648
2019,"Oblastní nemocnice Jičín a.s.","26001551","63101000","CZ0522","Nemocnice",328,19,0,0,0,0,0,0,72585,5268,0
2019,"Oblastní nemocnice Jičín a.s.","26001551","63112000","CZ0521","Léčebna pro dlouhodobě nemocné (LDN)",0,0,107,51,0,0,0,0,0,0,53211
2019,"Oblastní nemocnice Kladno, a.s.,","27256537","22101000","CZ0203","Nemocnice",465,57,0,0,0,0,0,0,114019,13071,0
2019,"Oblastní nemocnice Kolín, a.s.","27256391","23100000","CZ0204","Odborné léčebné ústavy",0,0,0,0,20,0,0,0,0,0,5010
2019,"Oblastní nemocnice Kolín, a.s.","27256391","23101000","CZ0204","Nemocnice",555,55,0,0,0,0,0,0,119168,14575,0
2019,"Oblastní nemocnice Kolín, a.s.","27256391","23200000","CZ0205","Léčebna pro dlouhodobě nemocné (LDN)",0,0,82,0,0,0,0,0,0,0,26928
2019,"Oblastní nemocnice Kolín,a.s.","27256391","23351000","CZ0205","Samostatné lůžkové zařízení s péčí DIP, NIOP, NIP",0,0,0,0,0,0,5,0,0,0,73
2019,"Oblastní nemocnice Mladá Boleslav, a. s.","27256456","26001000","CZ0207","Nemocnice",394,56,0,0,0,0,0,0,88467,13076,0
2019,"Oblastní nemocnice Mladá Boleslav, a.s.","27256456","26012000","CZ0207","Léčebna pro dlouhodobě nemocné (LDN)",0,0,116,0,0,0,0,0,0,0,33954
2019,"Oblastní nemocnice Náchod a.s.","26000202","64001000","CZ0523","Nemocnice",580,40,0,0,0,0,5,0,111793,9942,325
2019,"Oblastní nemocnice Náchod a.s.","26000202","64007000","CZ0523","Léčebna pro dlouhodobě nemocné (LDN)",0,0,83,124,0,0,0,5,0,0,57584
2019,"Oblastní nemocnice Příbram, a. s.","27085031","30601000","CZ020B","Nemocnice následné (ošetřovatelské) péče",0,0,0,30,0,0,0,0,0,0,9733
2019,"Oblastní nemocnice Příbram, a. s.","27085031","30602000","CZ020B","Léčebna pro dlouhodobě nemocné (LDN)",0,0,30,0,0,0,0,0,0,0,11429
2019,"Oblastní nemocnice Příbram, a.s.","27085031","30217000","CZ020B","Odborné léčebné ústavy",0,0,0,0,23,0,0,0,0,0,5795
2019,"Oblastní nemocnice Příbram, a.s.","27085031","30231000","CZ020B","LZ hospicového typu poskytující paliativní péči",0,0,0,0,0,16,0,0,0,0,2575
2019,"Oblastní nemocnice Příbram, a.s.","27085031","30531000","CZ020B","Nemocnice",338,34,0,0,0,0,0,0,80441,7875,0
2019,"Oblastní nemocnice Trutnov a.s.","26000237","69001000","CZ0525","Nemocnice",281,19,0,0,0,0,0,0,55988,3731,0
2019,"Oblastní spolek ČČK Mladá Boleslav","00425788","26014000","CZ0207","Nemocnice následné (ošetřovatelské) péče",0,0,0,20,0,0,0,0,0,0,6146
2019,"Odborný léčebný ústav Jevíčko","00193976","68005000","CZ0533","Odborné léčebné ústavy",0,0,0,0,176,0,0,0,0,0,56757
2019,"Odborný léčebný ústav Paseka, p.o.","00849081","89723000","CZ0712","Odborné léčebné ústavy",0,0,229,60,126,0,0,0,0,0,141561
2019,"Olivova dětská léčebna, o.p.s.","25689371","28005000","CZ0209","Odborné léčebné ústavy",0,0,0,0,80,0,0,0,0,0,25925
2019,"Ošetřovatelská lůžka","05212146","31110000","CZ020C","Nemocnice následné (ošetřovatelské) péče",0,0,0,26,0,0,0,0,0,0,8398
2019,"PATEB s.r.o.","26940281","79591000","CZ0634","Odborné léčebné ústavy",0,0,0,0,45,0,0,0,0,0,19791
2019,"PP Hospitals, s.r.o.","26085011","28002000","CZ0209","Nemocnice",40,6,0,0,0,0,0,0,6270,1620,0
2019,"PP Hospitals, s.r.o.","26085011","28660000","CZ0209","Léčebna pro dlouhodobě nemocné (LDN)",0,0,80,0,0,0,0,0,0,0,26338
2019,"PRIVAMED a.s.","46885251","44103000","CZ0323","Nemocnice",155,12,0,0,0,0,0,0,35441,2373,0
2019,"PRIVAMED a.s.","46885251","44106000","CZ0323","Léčebna pro dlouhodobě nemocné (LDN)",0,0,180,0,0,0,0,20,0,0,89125
2019,"PRVNÍ PRIVÁTNÍ CHIRURGICKÉ CENTRUM spol.","49813692","61303000","CZ0521","Nemocnice",47,8,0,0,0,0,0,0,7661,601,0
2019,"Poliklinika Prosek a.s.","28495306","09362000","CZ0100","Nemocnice následné (ošetřovatelské) péče",0,0,0,25,0,0,0,0,0,0,9458
2019,"Poličská nemocnice, s.r.o.","25296094","68019000","CZ0533","Léčebna pro dlouhodobě nemocné (LDN)",0,0,120,0,0,0,0,0,0,0,41169
2019,"Psychiatric. nemocnice Marianny Oranžské","00851388","95020000","CZ0711","Odborné léčebné ústavy",0,0,0,0,150,0,0,0,0,0,51728
2019,"Psychiatrická léčebna Lnáře","00668168","38002000","CZ0316","Odborné léčebné ústavy",0,0,0,0,70,0,0,0,0,0,24453
2019,"Psychiatrická léčebna Petrohrad, p.o.","00829137","56005000","CZ0424","Odborné léčebné ústavy",0,0,0,0,130,0,0,0,0,0,47062
2019,"Psychiatrická léčebna Červený Dvůr","00583600","33200000","CZ0312","Odborné léčebné ústavy",0,0,0,0,109,0,0,0,0,0,36953
2019,"Psychiatrická léčebna Šternberk","00843954","89303000","CZ0712","Odborné léčebné ústavy",0,0,0,0,502,0,0,0,0,0,161967
2019,"Psychiatrická nemocnice Bohnice","00064220","08005000","CZ0100","Odborné léčebné ústavy",177,0,0,0,1002,0,0,0,31661,0,361717
2019,"Psychiatrická nemocnice Bohnice","00064220","08279000","CZ0100","Léčebna pro dlouhodobě nemocné (LDN)",0,0,63,0,0,0,0,0,0,0,20796
2019,"Psychiatrická nemocnice Brno","00160105","72935000","CZ0642","Odborné léčebné ústavy",0,0,0,0,761,0,0,0,0,0,247908
2019,"Psychiatrická nemocnice Havlíčkův Brod","00179230","60006000","CZ0631","Odborné léčebné ústavy",0,0,0,0,688,0,0,0,0,0,226880
2019,"Psychiatrická nemocnice Horní Beřkovice","00673552","55024000","CZ0423","Odborné léčebné ústavy",0,0,0,0,497,0,0,0,0,0,157983
2019,"Psychiatrická nemocnice Jihlava","00600601","76021000","CZ0632","Odborné léčebné ústavy",0,0,0,0,520,0,0,0,0,0,150004
2019,"Psychiatrická nemocnice Kosmonosy","00068691","26003000","CZ0207","Odborné léčebné ústavy",30,0,0,0,551,0,0,0,390,0,207954
2019,"Psychiatrická nemocnice Písek a.s.","28092732","36896000","CZ0314","Odborné léčebné ústavy",0,0,0,0,96,0,0,0,0,0,27201
2019,"Psychiatrická nemocnice v Dobřanech","00669792","45901000","CZ0324","Odborné léčebné ústavy",0,0,0,0,1210,0,0,0,0,0,358599
2019,"Psychiatrická nemocnice v Kroměříži","00567914","77951000","CZ0721","Odborné léčebné ústavy",0,0,0,0,935,0,0,0,0,0,288967
2019,"Psychiatrická nemocnice v Opavě","00844004","90224000","CZ0805","Odborné léčebné ústavy",0,0,0,0,813,0,0,0,0,0,265989
2019,"REHAMEDICA Žacléř, a.s.","08208778","69009000","CZ0525","Nemocnice následné (ošetřovatelské) péče",0,0,0,65,0,0,0,0,0,0,23812
2019,"RHG spol. s r. o.","61852287","29004000","CZ020A","Léčebna pro dlouhodobě nemocné (LDN)",0,0,0,77,0,0,0,0,0,0,28138
2019,"RHG spol. s.r.o.","61852287","25211000","CZ0206","Nemocnice následné (ošetřovatelské) péče",0,0,0,132,0,0,0,0,0,0,54205
2019,"Rehabilit.ústav pro cévní choroby mozk.","49813447","60190000","CZ0631","Odborné léčebné ústavy",0,0,0,0,39,0,0,0,0,0,14128
2019,"Rehabilitační centrum Čeladná s.r.o.","25868951","86110000","CZ0802","Odborné léčebné ústavy",0,0,0,0,246,0,0,0,0,0,75504
2019,"Rehabilitační ústav Brandýs nad Orlicí","00853879","70012000","CZ0534","Odborné léčebné ústavy",0,0,0,0,150,0,0,0,0,0,47474
2019,"Rehabilitační ústav Hrabyně","00601233","90158000","CZ0805","Odborné léčebné ústavy",0,0,0,0,388,0,0,0,0,0,131139
2019,"Rehabilitační ústav Kladruby","00068705","20105000","CZ0201","Odborné léčebné ústavy",0,0,0,0,250,0,0,0,0,0,89598
2019,"Revmatologický ústav","00023728","02001000","CZ0100","Fakultní nemocnice",50,0,0,0,0,0,0,0,12157,0,0
2019,"Rokycanská nemocnice,  a.s.","26360900","47113000","CZ0326","Nemocnice následné (ošetřovatelské) péče",0,0,0,30,0,0,0,0,0,0,382
2019,"Rokycanská nemocnice, a.s.","26360900","47101000","CZ0326","Nemocnice",74,9,0,0,0,0,0,0,21676,1368,0
2019,"SANATORIUM EDEL s.r.o.","49609599","95683000","CZ0711","Odborné léčebné ústavy",0,0,0,0,93,0,0,0,0,0,25334
2019,"SENIOR CZ, s.r.o.","25413244","59314000","CZ0427","Odborné léčebné ústavy",0,0,0,0,30,0,0,0,0,0,11624
2019,"SOaL okresu Trutnov","00195201","69034000","CZ0525","Odborné léčebné ústavy",0,0,0,0,159,0,0,0,0,0,54628
2019,"SOaL okresu Trutnov","00195201","69034002","CZ0525","Odborné léčebné ústavy",0,0,0,0,30,0,0,0,0,0,7615
2019,"Sanatorium Jablunkov, a.s.","27835545","86113000","CZ0802","Léčebna pro dlouhodobě nemocné (LDN)",0,0,28,30,105,0,0,0,0,0,48553
2019,"Sanatorium Kochova s.r.o.","02402106","87070000","CZ0803","Nemocnice následné (ošetřovatelské) péče",0,0,0,110,0,0,0,0,0,0,36012
2019,"Sdružené zdravotnické zařízení Krnov,p.o","00844641","85600000","CZ0801","Nemocnice",270,29,0,0,0,0,0,8,64646,7214,1152
2019,"Sdružené zdravotnické zařízení Krnov,p.o","00844641","85780000","CZ0801","Léčebna pro dlouhodobě nemocné (LDN)",0,0,45,150,25,0,0,0,0,0,61947
2019,"Slezská nemocnice v Opavě, příspěv. org.","47813750","90001000","CZ0805","Nemocnice",443,44,0,0,0,0,0,0,108205,11577,0
2019,"Slezská nemocnice v Opavě, příspěv. org.","47813750","90604000","CZ0805","Léčebna pro dlouhodobě nemocné (LDN)",0,0,48,0,0,0,0,0,0,0,17695
2019,"Soc. a zdravotní centrum Letiny s.r.o.","63504502","44109000","CZ0324","Nemocnice následné (ošetřovatelské) péče",0,0,0,30,0,0,0,0,0,0,12916
2019,"Stodská nemocnice, a.s.","26361086","45001000","CZ0324","Nemocnice",120,8,0,0,0,0,0,0,25678,1796,0
2019,"Stodská nemocnice, a.s. - LDN","26361086","45002000","CZ0324","Léčebna pro dlouhodobě nemocné (LDN)",0,0,57,0,0,0,0,0,0,0,17507
2019,"Státní léčebné lázně Janské Lázně, s.p.","00024007","69022000","CZ0525","Odborné léčebné ústavy",0,0,0,0,140,0,0,0,0,0,47101
2019,"SurGal Clinic s.r.o.","46965033","72186000","CZ0642","Nemocnice",60,6,0,0,0,0,22,20,11864,1707,10769
2019,"SurGal Clinic s.r.o.","46965033","72186100","CZ0642","Nemocnice následné (ošetřovatelské) péče",0,0,50,60,20,0,0,0,0,0,40910
2019,"Sušická nemocnice s.r.o.","08176302","43010000","CZ0322","Nemocnice",20,0,0,0,0,0,0,0,31,0,0
2019,"Sušická nemocnice s.r.o.","08176302","43011000","CZ0322","Léčebna pro dlouhodobě nemocné (LDN)",0,0,80,0,0,0,0,0,0,0,5886
2019,"THERÁPON 98, a. s.","25399195","88012000","CZ0804","Léčebna pro dlouhodobě nemocné (LDN)",0,0,41,0,0,0,0,0,0,0,16962
2019,"TRN - Léčebna v Mirošově - Janově","00669784","47102000","CZ0326","Odborné léčebné ústavy",0,0,0,0,130,0,0,0,0,0,35223
2019,"TŘI, z.ú.","18623433","20121000","CZ0201","LZ hospicového typu poskytující paliativní péči",0,0,0,0,0,25,0,0,0,0,8576
2019,"Uherskohradišťská nemocnice a.s.","27660915","80001000","CZ0722","Nemocnice",435,44,0,0,0,0,9,0,119705,10406,2684
2019,"Uherskohradišťská nemocnice a.s.","27660915","80003000","CZ0722","Léčebna pro dlouhodobě nemocné (LDN)",0,0,83,30,0,0,0,0,0,0,41097
2019,"Vazební věznice a ÚpVZD Brno","00212423","72046000","CZ0642","Nemocnice",59,0,0,0,0,0,0,0,14800,0,0
2019,"Vazební věznice a ÚpVZD Brno","00212423","72059000","CZ0642","Nemocnice následné (ošetřovatelské) péče",0,0,26,0,25,0,0,0,0,0,2764
2019,"Vividus Medical, s.r.o.","05157005","72053200","CZ0642","Nemocnice následné (ošetřovatelské) péče",0,0,0,65,0,0,0,0,0,0,13149
2019,"Vojenská nemocnice Brno","60555530","72037000","CZ0642","Nemocnice",192,20,0,0,0,0,0,0,47605,4524,0
2019,"Vojenská nemocnice Olomouc","60800691","89382000","CZ0712","Léčebna pro dlouhodobě nemocné (LDN)",0,0,23,0,0,0,0,0,0,0,4954
2019,"Vojenská nemocnice Olomouc","60800691","89903000","CZ0712","Nemocnice",196,15,0,0,0,0,20,8,44565,3445,3100
2019,"Vojenský rehabilitační ústav","00000582","29005000","CZ020A","Odborné léčebné ústavy",0,0,0,0,150,0,0,0,0,0,53970
2019,"Vsetínská nemocnice a.s.","26871068","94101000","CZ0723","Nemocnice",231,19,0,0,0,0,0,0,51961,4750,0
2019,"Vsetínská nemocnice a.s.","26871068","94210000","CZ0723","Léčebna pro dlouhodobě nemocné (LDN)",0,0,85,0,0,0,0,0,0,0,22134
2019,"Vysokomýtská nemocnice","71207856","70052000","CZ0534","Léčebna pro dlouhodobě nemocné (LDN)",0,0,120,0,0,0,0,0,0,0,35228
2019,"Vysočinské nemocnice s.r.o.","25257005","60224000","CZ0633","Léčebna pro dlouhodobě nemocné (LDN)",0,0,149,65,40,0,0,0,0,0,66496
2019,"Všeobecná fakultní nemocnice v Praze","00064165","02004000","CZ0100","Fakultní nemocnice",1205,227,0,19,0,0,0,0,246322,52963,654
2019,"Všeobecná fakultní nemocnice v Praze","00064165","02276000","CZ0100","Odborné léčebné ústavy",0,0,0,0,66,0,0,0,0,0,15912
2019,"Všeobecná fakultní nemocnice v Praze","00064165","02405000","CZ0100","Odborné léčebné ústavy",0,0,0,0,20,0,0,0,0,0,983
2019,"Zařízení následné reh. a hosp. péče,p.o.","69979821","42441000","CZ0412","Léčebna pro dlouhodobě nemocné (LDN)",0,0,70,0,0,0,0,0,0,0,16189
2019,"Zařízení následné reh. a hosp. péče,p.o.","69979821","42442000","CZ0412","LZ hospicového typu poskytující paliativní péči",0,0,0,0,0,20,0,0,0,0,6190
2019,"ÚVN - Vojenská fakultní nemocnice Praha","61383082","06648000","CZ0100","Samostatné lůžkové zařízení s péčí DIP, NIOP, NIP",0,0,0,0,0,0,6,0,0,0,1365
2019,"ÚVN-Vojenská fakultní nemocnice Praha","61383082","06051000","CZ0100","Fakultní nemocnice",467,68,0,28,0,0,0,0,106535,18827,3728
2019,"ÚVN-Vojenská fakultní nemocnice Praha","61383082","06419000","CZ0100","Odborné léčebné ústavy",0,0,0,0,14,0,0,0,0,0,4231
2019,"ÚVN-Vojenská fakultní nemocnice Praha","61383082","06530000","CZ0100","Léčebna pro dlouhodobě nemocné (LDN)",0,0,26,0,0,0,0,0,0,0,7989
2019,"ÚVN-Vojenská fakultní nemocnice Praha","61383082","06566000","CZ0100","Samostatné lůžkové zařízení s péčí DIP, NIOP, NIP",0,0,0,0,0,0,0,14,0,0,4449
2019,"Úrazová nemocnice v Brně","00209813","72933000","CZ0642","Nemocnice",146,23,0,0,0,0,0,0,34750,6174,0
2019,"Úrazová nemocnice v Brně","00209813","72933950","CZ0642","Odborné léčebné ústavy",0,0,0,0,30,0,0,0,0,0,9794
2019,"Ústav chirurgie ruky a plast. chirurgie","00193011","67711000","CZ0514","Nemocnice",52,0,0,0,0,0,0,0,9157,0,0
2019,"Ústav hematologie a krevní transfuze","00023736","02002000","CZ0100","Fakultní nemocnice",16,21,0,0,0,0,0,0,5840,5318,0
2019,"Ústav pro péči o matku a dítě","00023698","04004000","CZ0100","Fakultní nemocnice",222,35,0,0,0,0,0,0,49167,14226,0
2019,"ČR, VS ČR, VV a ÚpVZD Praha Pankrác","00212423","04150000","CZ0100","Nemocnice",54,0,0,49,0,0,0,0,10718,0,2014
2019,"Českomoravská provincie Hospitálského ř.","44995776","82051000","CZ0724","Léčebna pro dlouhodobě nemocné (LDN)",0,0,65,0,0,0,0,0,0,0,20944
2023,"HVĚZDA z.ú.","70829560","82072000","CZ0724","LZ hospicového typu poskytující paliativní péči",0,0,0,0,0,14,0,0,0,0,5775
2023,"soft palm"" o. s.","01327216","14274000","CZ0100","LZ hospicového typu poskytující paliativní péči",0,0,0,0,0,30,0,0,0,0,4307
2023,"ADP - SANCO s.r.o.","27685934","78004000","CZ0713","Nemocnice následné (ošetřovatelské) péče",0,0,0,50,0,0,0,0,0,0,16738
2023,"AESKULAP spol. s r.o.","60913266","70006000","CZ0534","Léčebna pro dlouhodobě nemocné (LDN)",0,0,81,0,0,0,0,0,0,0,39389
2023,"AGEL Středomoravská nemocniční a.s.","27797660","78006000","CZ0713","Nemocnice",795,83,0,0,0,0,13,0,156121,19508,2906
2023,"AGEL Středomoravská nemocniční a.s.","27797660","78007000","CZ0713","Léčebna pro dlouhodobě nemocné (LDN)",0,0,221,0,0,0,0,0,0,0,66180
2023,"AHC Centrum následné péče Sedlec-Prčice","25579282","20110000","CZ020B","Léčebna pro dlouhodobě nemocné (LDN)",0,0,110,0,0,0,0,0,0,0,33377
2023,"AHC Centrum následné péče Trutnov s.r.o.","10913416","69006000","CZ0525","Nemocnice následné (ošetřovatelské) péče",0,0,0,60,0,0,0,0,0,0,13527
2023,"AHC Nemocnice Duchcov s.r.o.","61537713","58102000","CZ0426","Nemocnice",30,0,0,0,0,0,0,0,6568,90,0
2023,"AHC Nemocnice Duchcov s.r.o.","61537713","58535000","CZ0426","Nemocnice následné (ošetřovatelské) péče",0,0,0,68,0,0,0,0,0,0,21415
2023,"AHC Rehabilitační centrum Meziboří s.r.o","47283661","57541000","CZ0425","Nemocnice následné (ošetřovatelské) péče",0,0,0,0,46,0,0,0,0,0,16370
2023,"ALBERTINUM,odborný léčebný ústav,Žamberk","00196096","70008000","CZ0534","Odborné léčebné ústavy",0,0,0,0,91,0,0,0,0,0,32807
2023,"ALBERTINUM,odborný léčebný ústav,Žamberk","00196096","70058000","CZ0534","Léčebna pro dlouhodobě nemocné (LDN)",0,0,46,0,0,0,0,0,0,0,14783
2023,"ALBERTINUM,odborný léčebný ústav,Žamberk","00196096","70059000","CZ0534","LZ hospicového typu poskytující paliativní péči",0,0,0,0,0,20,0,0,0,0,7528
2023,"ALBERTINUM,odborný léčebný ústav,Žamberk","00196096","70068000","CZ0534","Nemocnice následné (ošetřovatelské) péče",0,0,0,10,0,0,0,0,0,0,160
2023,"ALMEDA, a.s.","25079174","25310000","CZ0206","Nemocnice",42,6,0,0,0,0,0,0,5558,836,0
2023,"ALMEDA, a.s.","25079174","25312000","CZ0206","Samostatné lůžkové zařízení s péčí DIP, NIOP, NIP",0,0,0,0,0,0,15,12,0,0,10087
2023,"AMICA CENTRUM s.r.o.","18233392","41281000","CZ0411","Léčebna pro dlouhodobě nemocné (LDN)",0,0,0,120,0,0,0,0,0,0,39786
2023,"ANESAN, s.r.o.","61677540","23111000","CZ0204","Samostatné lůžkové zařízení s péčí DIP, NIOP, NIP",0,0,0,0,0,0,15,0,0,0,5029
2023,"AquaKlim, s. r. o.","27849562","91791100","CZ0806","Odborné léčebné ústavy",0,0,0,0,60,0,0,0,0,0,13884
2023,"BH - Nemocnice Vimperk a.s.","29015839","37105000","CZ0315","Léčebna pro dlouhodobě nemocné (LDN)",0,0,45,0,0,0,0,0,0,0,11731
2023,"Bohumínská městská nemocnice, a.s.","26834022","87003000","CZ0803","Nemocnice",57,9,60,37,0,0,0,0,12198,1250,13326
2023,"Bílovecká nemocnice, a.s.","26865858","88015000","CZ0804","Nemocnice",46,4,0,0,0,0,0,0,8306,579,0
2023,"Bílovecká nemocnice, a.s.","26865858","88016000","CZ0804","Léčebna pro dlouhodobě nemocné (LDN)",0,0,71,0,0,0,0,0,0,0,17953
2023,"CARVAC s.r.o.","63504260","41182000","CZ0411","Léčebna pro dlouhodobě nemocné (LDN)",0,0,0,90,0,0,0,0,0,0,22057
2023,"CELOP s.r.o.","06774857","69010000","CZ0525","Nemocnice následné (ošetřovatelské) péče",0,0,0,161,0,0,0,0,0,0,43185
2023,"CNS-CENTRUM TŘINEC s.r.o.","26816407","86112000","CZ0802","Nemocnice",42,0,0,0,0,0,0,0,12165,0,0
2023,"Centrum kardiovaskulární a TCH Brno","00209775","72932000","CZ0642","Nemocnice",55,35,0,0,0,0,0,0,12894,9799,0
2023,"Centrum léčby pohybového aparátu, s.r.o.","26432471","09438000","CZ0100","Nemocnice",33,0,0,0,0,0,0,0,8060,0,0
2023,"Charita Ostrava - Hospic sv. Lukáše","44940998","91997300","CZ0806","LZ hospicového typu poskytující paliativní péči",0,0,0,0,0,30,0,0,0,0,10204
2023,"Chronicare Mund s.r.o","05327296","72053300","CZ0642","Samostatné lůžkové zařízení s péčí DIP, NIOP, NIP",0,0,0,0,0,0,25,10,0,0,15108
2023,"Chronicare Nord s.r.o.","04679954","91111600","CZ0806","Samostatné lůžkové zařízení s péčí DIP, NIOP, NIP",0,0,0,0,0,0,17,13,0,0,8741
2023,"Chronicare s.r.o.","02989204","27019000","CZ0208","Samostatné lůžkové zařízení s péčí DIP, NIOP, NIP",0,0,0,0,0,0,16,2,0,0,5149
2023,"DOP - HC s.r.o.","26356589","48004000","CZ0413","Léčebna pro dlouhodobě nemocné (LDN)",0,0,82,0,0,0,0,0,0,0,26067
2023,"Diakonie Valašské Meziříčí","73632783","94203000","CZ0723","Nemocnice následné (ošetřovatelské) péče",0,0,0,8,0,15,0,0,0,0,6760
2023,"Diecézní charita Brno,OCH Rajhrad","44990260","73006000","CZ0643","LZ hospicového typu poskytující paliativní péči",0,0,0,0,0,50,0,0,0,0,12139
2023,"Dlouhodobá intenzivní oš. péče","05212146","31500000","CZ020C","Samostatné lůžkové zařízení s péčí DIP, NIOP, NIP",0,0,0,0,0,0,5,11,0,0,3862
2023,"Domažlická nemocnice, a.s.","26361078","40001000","CZ0321","Nemocnice",131,7,0,0,0,0,0,0,22685,1635,0
2023,"Domažlická nemocnice, a.s. - LDN","26361078","40501000","CZ0321","Léčebna pro dlouhodobě nemocné (LDN)",0,0,50,0,0,0,0,0,0,0,20772
2023,"Domov sv.Karla Boromejského","65400143","06353000","CZ0100","Léčebna pro dlouhodobě nemocné (LDN)",0,0,79,0,0,0,0,0,0,0,22232
2023,"Domov třetího věku s.r.o.","06934226","05833000","CZ0100","Nemocnice následné (ošetřovatelské) péče",0,0,0,55,0,0,0,0,0,0,18027
2023,"Dopravní zdravotnictví a.s.","25903659","02368000","CZ0100","Léčebna pro dlouhodobě nemocné (LDN)",0,0,42,0,0,0,0,0,0,0,13853
2023,"Dětská odb.léčebna Ch.G.Masaryk,p.s.ČČK","42726646","30148000","CZ020B","Odborné léčebné ústavy",0,0,0,0,60,0,0,0,0,0,1542
2023,"Dětská psychiatrická nemocnice","00842052","84420000","CZ0635","Odborné léčebné ústavy",0,0,0,0,50,0,0,0,0,0,14260
2023,"Dětská psychiatrická nemocnice Louny","00831034","56004000","CZ0424","Odborné léčebné ústavy",0,0,0,0,50,0,0,0,0,0,13208
2023,"Dětská psychiatrická nemocnice Opařany","00667421","39801000","CZ0317","Odborné léčebné ústavy",0,0,0,0,60,0,0,0,0,0,20677
2023,"Dům klidného stáří, spol. s r.o.","26369427","48006000","CZ0413","Léčebna pro dlouhodobě nemocné (LDN)",0,0,30,0,0,0,0,0,0,0,9826
2023,"ESTRELLA Health a.s.","04808886","61853000","CZ0521","Nemocnice následné (ošetřovatelské) péče",0,0,0,0,0,0,15,0,0,0,4999
2023,"ETOILE CZ a.s.","28973976","10663000","CZ0100","Samostatné lůžkové zařízení s péčí DIP, NIOP, NIP",0,0,0,0,0,0,30,0,0,0,8659
2023,"EUC Klinika Zlín a.s.","60726636","82002000","CZ0724","Nemocnice",45,7,0,0,0,0,0,0,6416,475,0
2023,"FITCARE s.r.o.","07524013","09631000","CZ0100","Odborné léčebné ústavy",0,0,0,0,25,0,0,0,0,0,9548
2023,"Fakultní Thomayerova nemocnice","00064190","04005000","CZ0100","Nemocnice",733,83,0,0,0,0,0,0,143302,18528,0
2023,"Fakultní Thomayerova nemocnice","00064190","04679000","CZ0100","Léčebna pro dlouhodobě nemocné (LDN)",0,0,115,0,0,0,0,0,0,0,37731
2023,"Fakultní Thomayerova nemocnice","00064190","04775000","CZ0100","Odborné léčebné ústavy",0,0,0,0,35,0,0,0,0,0,6909
2023,"Fakultní Thomayerova nemocnice","00064190","04940000","CZ0100","Léčebna pro dlouhodobě nemocné (LDN)",0,0,0,0,25,0,0,0,0,0,8238
2023,"Fakultní nemocnice Brno","65269705","72100000","CZ0642","Fakultní nemocnice",1554,337,0,0,0,0,2,3,310906,81090,123
2023,"Fakultní nemocnice Bulovka","00064211","08006000","CZ0100","Nemocnice",788,102,0,0,0,0,0,0,174735,26808,0
2023,"Fakultní nemocnice Bulovka","00064211","08368000","CZ0100","Nemocnice následné (ošetřovatelské) péče",0,0,0,54,0,0,0,0,0,0,8352
2023,"Fakultní nemocnice Bulovka","00064211","27029000","CZ0209","Odborné léčebné ústavy",0,0,0,0,18,0,0,0,0,0,4056
2023,"Fakultní nemocnice Hradec Králové","00179906","61004000","CZ0521","Fakultní nemocnice",969,192,0,0,0,0,0,0,254451,52471,0
2023,"Fakultní nemocnice Hradec Králové","00179906","61778000","CZ0521","Odborné léčebné ústavy",0,0,0,0,56,0,0,0,0,0,15997
2023,"Fakultní nemocnice Královské Vinohrady","00064173","10002000","CZ0100","Fakultní nemocnice",838,194,0,0,0,0,0,0,164826,36644,0
2023,"Fakultní nemocnice Královské Vinohrady","00064173","10433000","CZ0100","Léčebna pro dlouhodobě nemocné (LDN)",0,0,70,0,0,0,0,0,0,0,21874
2023,"Fakultní nemocnice Olomouc","00098892","89100600","CZ0712","Léčebna pro dlouhodobě nemocné (LDN)",0,0,0,25,0,0,0,0,0,0,8067
2023,"Fakultní nemocnice Olomouc","00098892","89301000","CZ0712","Fakultní nemocnice",990,152,0,0,0,0,10,4,241114,38891,2853
2023,"Fakultní nemocnice Ostrava","00843989","91009000","CZ0806","Fakultní nemocnice",981,234,0,0,0,0,0,0,217579,55175,0
2023,"Fakultní nemocnice Ostrava","00843989","91009888","CZ0805","Léčebna pro dlouhodobě nemocné (LDN)",0,0,140,0,0,0,0,0,0,0,44705
2023,"Fakultní nemocnice Plzeň","00669806","44101000","CZ0323","Fakultní nemocnice",1459,183,0,0,0,0,10,10,327777,46755,5020
2023,"Fakultní nemocnice Plzeň","00669806","44117000","CZ0323","Léčebna pro dlouhodobě nemocné (LDN)",0,0,75,0,0,0,0,0,0,0,24201
2023,"Fakultní nemocnice u sv. Anny v Brně","00159816","72001000","CZ0642","Fakultní nemocnice",639,132,0,0,0,0,4,0,136806,29107,716
2023,"Fakultní nemocnice u sv. Anny v Brně","00159816","72056000","CZ0642","Odborné léčebné ústavy",0,0,0,0,115,0,0,0,0,0,39510
2023,"Fakultní nemocnice v Motole","00064203","05002000","CZ0100","Fakultní nemocnice",1524,368,0,0,0,0,0,0,282949,96114,0
2023,"Fakultní nemocnice v Motole","00064203","05434000","CZ0100","Léčebna pro dlouhodobě nemocné (LDN)",0,0,157,0,0,0,0,0,0,0,45844
2023,"Fakultní nemocnice v Motole NIP,DIOP","00064203","05768000","CZ0100","Samostatné lůžkové zařízení s péčí DIP, NIOP, NIP",0,0,0,0,0,0,14,20,0,0,3811
2023,"Filimed s.r.o.","07628196","29039000","CZ020A","Odborné léčebné ústavy",0,0,87,0,0,0,0,0,0,0,29897
2023,"GARC Kladno, s.r.o.,","27371794","22128000","CZ0203","Léčebna pro dlouhodobě nemocné (LDN)",0,0,112,0,40,0,0,0,0,0,40292
2023,"Gaudium Frýdek-Místek s.r.o.","26788799","86111000","CZ0802","Léčebna pro dlouhodobě nemocné (LDN)",0,0,0,60,0,0,0,0,0,0,21034
2023,"Gerontologické centrum","45250022","08299000","CZ0100","Léčebna pro dlouhodobě nemocné (LDN)",0,0,32,0,0,0,0,0,0,0,8517
2023,"HOSPIC Frýdek-Místek, p.o.","72046546","86114000","CZ0802","LZ hospicového typu poskytující paliativní péči",0,0,0,0,0,27,0,0,0,0,7773
2023,"HOSPIC v MOSTĚ, o.p.s.","25419561","57623000","CZ0425","LZ hospicového typu poskytující paliativní péči",0,0,0,0,0,15,0,0,0,0,3098
2023,"HOSPIC ŠTRASBURK o.p.s.","61383457","08277000","CZ0100","LZ hospicového typu poskytující paliativní péči",0,0,0,0,0,25,0,0,0,0,9091
2023,"Hamzova odborná léčebna pro děti a dosp.","00183024","62901000","CZ0531","Odborné léčebné ústavy",0,0,0,85,398,0,0,0,0,0,167050
2023,"Hornická NsP - LDN","61325422","58105000","CZ0426","Léčebna pro dlouhodobě nemocné (LDN)",0,0,75,0,0,0,0,0,0,0,30046
2023,"Hospic Chrudim z.ú.","26625385","62421000","CZ0531","LZ hospicového typu poskytující paliativní péči",0,0,0,0,0,27,0,0,0,0,8222
2023,"Hospic na Svatém Kopečku","73634671","89163000","CZ0712","LZ hospicového typu poskytující paliativní péči",0,0,0,0,0,30,0,0,0,0,7677
2023,"Hospic sv. Alžběty o.p.s.","26604582","72058000","CZ0642","LZ hospicového typu poskytující paliativní péči",0,0,0,0,0,20,0,0,0,0,6390
2023,"Hospic sv. Jana N. Neumanna, o.p.s.","70853517","37106000","CZ0315","LZ hospicového typu poskytující paliativní péči",0,0,0,0,0,30,0,0,0,0,8341
2023,"Hospic sv. Zdislavy, o.p.s.","28700210","54191000","CZ0513","LZ hospicového typu poskytující paliativní péči",0,0,0,0,0,28,0,0,0,0,7699
2023,"Hospic sv. Štěpána, z.s.","65081374","55038000","CZ0423","LZ hospicového typu poskytující paliativní péči",0,0,0,0,0,26,0,0,0,0,5377
2023,"Hospic svatého Lazara","66361508","44107000","CZ0323","LZ hospicového typu poskytující paliativní péči",0,0,0,0,0,28,0,0,0,0,8335
2023,"ISCARE a.s.","61858366","09628000","CZ0100","Nemocnice",44,7,0,0,0,0,0,0,6636,1017,0
2023,"ISCARE a.s.","61858366","09636000","CZ0100","Léčebna pro dlouhodobě nemocné (LDN)",0,0,20,0,0,0,0,0,,,
2023,"Institut klin.a exper.medicíny v Praze","00023001","04002000","CZ0100","Fakultní nemocnice",200,115,0,0,0,0,0,0,51972,26640,0
2023,"Interna Zábřeh, s. r. o.","60774916","93203000","CZ0715","Nemocnice následné (ošetřovatelské) péče",0,0,0,20,0,0,0,0,0,0,6281
2023,"JESSENIA a.s.","26752051","21005000","CZ0202","Nemocnice",0,0,0,0,22,0,0,0,0,0,541
2023,"JESSENIA a.s.","26752051","21071000","CZ0202","Odborné léčebné ústavy",0,0,0,0,40,0,0,0,,,
2023,"JESSENIA a.s. - Rehabilitační Nem.Beroun","26752051","21001000","CZ0202","Nemocnice",185,7,0,0,0,0,0,0,60796,1531,0
2023,"Jihomoravské dětské léčebny, p.o.","00386766","71103000","CZ0641","Odborné léčebné ústavy",0,0,0,0,40,0,0,0,0,0,12131
2023,"Jihomoravské dětské léčebny, p.o.","00386766","71105000","CZ0641","Odborné léčebné ústavy",0,0,0,0,42,0,0,0,0,0,13751
2023,"Jihomoravské dětské léčebny, p.o.","00386766","71108000","CZ0641","Odborné léčebné ústavy",0,0,0,0,30,0,0,0,0,0,8424
2023,"KARDIOLOGIE NA BULOVCE, s.r.o.","49679236","08075000","CZ0100","Nemocnice",12,0,0,0,0,0,0,0,5385,0,0
2023,"KZ, a.s. - Nemocnice Chomutov, o.z.","25488627","52111000","CZ0422","Léčebna pro dlouhodobě nemocné (LDN)",0,0,81,0,0,0,0,0,0,0,23557
2023,"KZ,a.s.-oddělení následné péče Most","25488627","57015000","CZ0425","Léčebna pro dlouhodobě nemocné (LDN)",0,0,106,7,0,0,0,0,0,0,20605
2023,"Karlovarská krajská nemocnice a.s.","26365804","42008000","CZ0412","Nemocnice",385,47,0,0,0,0,0,0,72765,9539,0
2023,"Karlovarská krajská nemocnice a.s.","26365804","42616000","CZ0412","Nemocnice následné (ošetřovatelské) péče",0,0,0,10,0,0,0,0,0,0,3122
2023,"Karlovarská krajská nemocnice a.s.-Cheb","26365804","42041000","CZ0411","Nemocnice",214,17,0,0,0,0,0,0,32959,3500,0
2023,"Karvinská hornická nemocnice a.s.","60793490","87013000","CZ0803","Nemocnice",139,25,0,0,0,0,0,0,34328,4752,519
2023,"Karvinská hornická nemocnice a.s.","60793490","87013900","CZ0803","Léčebna pro dlouhodobě nemocné (LDN)",0,0,30,0,0,0,0,0,0,0,5083
2023,"Klatovská nemocnice, a.s.","26360527","43001000","CZ0322","Nemocnice",254,16,0,0,0,0,5,5,53632,3489,1936
2023,"Klatovská nemocnice, a.s.","26360527","43006000","CZ0322","Léčebna pro dlouhodobě nemocné (LDN)",0,0,20,0,0,0,0,0,0,0,9123
2023,"Klinika Dr. Pírka s. r. o.","47540265","26007000","CZ0207","Nemocnice",47,6,0,0,0,0,0,0,13568,1400,0
2023,"Krajská nemocnice Liberec, a.s.","27283933","54100000","CZ0513","Nemocnice",685,123,0,0,0,0,0,0,146602,29143,0
2023,"Krajská nemocnice Liberec, a.s. - Nemocnice Frýdlant","27283933","54280000","CZ0513","Nemocnice",20,0,0,0,0,0,0,0,856,0,0
2023,"Krajská nemocnice Liberec, a.s. - Turnov","27283933","67104000","CZ0514","Nemocnice",115,11,0,0,0,0,0,0,26038,1687,0
2023,"Krajská nemocnice Liberec, a.s. - Turnov","27283933","67174000","CZ0514","Léčebna pro dlouhodobě nemocné (LDN)",0,0,36,0,0,0,0,0,0,0,8149
2023,"Krajská nemocnice Liberec, a.s. Frýdlant","27283933","54209000","CZ0513","Léčebna pro dlouhodobě nemocné (LDN)",0,0,55,0,0,0,0,0,0,0,15807
2023,"Krajská nemocnice Liberec, a.s.- LDN","27283933","54103000","CZ0513","Léčebna pro dlouhodobě nemocné (LDN)",0,0,98,0,0,0,0,0,0,0,32168
2023,"Krajská nemocnice T. Bati, a. s.","27661989","82001000","CZ0724","Nemocnice",670,92,0,0,0,0,10,12,145888,20890,5526
2023,"Krajská nemocnice T. Bati, a. s.","27661989","82050000","CZ0724","Léčebna pro dlouhodobě nemocné (LDN)",0,0,115,21,0,0,0,0,0,0,39391
2023,"Krajská zdravotní, a.s.","25488627","59001000","CZ0427","Fakultní nemocnice",1054,134,0,0,0,0,0,10,169353,24933,1062
2023,"Krajská zdravotní, a.s.","25488627","59287000","CZ0427","Léčebna pro dlouhodobě nemocné (LDN)",0,0,185,0,0,0,0,0,0,0,40056
2023,"Krajská zdravotní, a.s.","25488627","59326000","CZ0427","Fakultní nemocnice",0,0,0,30,0,0,0,0,,,
2023,"Krajská zdravotní, a.s.","25488627","59454000","CZ0427","Nemocnice následné (ošetřovatelské) péče",0,0,0,0,20,0,0,0,0,0,2327
2023,"Krajská zdravotní, a.s.","25488627","59514000","CZ0427","LZ hospicového typu poskytující paliativní péči",0,0,0,0,0,8,0,0,0,0,291
2023,"Krajská zdravotní, a.s.-Nemoc.Děčín,o.z.","25488627","51100000","CZ0421","Nemocnice",259,27,0,22,0,0,0,0,37749,7210,4287
2023,"Krajská zdravotní, a.s.-Nemoc.Most,o.z.","25488627","57001000","CZ0425","Nemocnice",557,69,0,0,0,0,12,15,97603,11195,3468
2023,"Krajská zdravotní,a.s.-N.Litoměřice,o.z.","25488627","55021000","CZ0423","Nemocnice",348,37,0,0,0,0,0,0,61952,7818,0
2023,"Krajská zdravotní,a.s.-N.Litoměřice,o.z.","25488627","55037000","CZ0423","Léčebna pro dlouhodobě nemocné (LDN)",0,0,130,0,0,0,0,0,0,0,34473
2023,"Krajská zdravotní,a.s.-Nem.Chomutov,o.z.","25488627","52110000","CZ0422","Nemocnice",331,46,0,0,0,0,0,0,55633,7738,0
2023,"Krajská zdravotní,a.s.-Nemocnice Teplice","25488627","58101000","CZ0426","Nemocnice",376,51,0,0,0,0,0,0,64570,10481,0
2023,"Krajská zdravotní,a.s.-Nemocnice Teplice","25488627","58106000","CZ0426","Léčebna pro dlouhodobě nemocné (LDN)",0,0,51,0,0,0,0,0,0,0,15295
2023,"Kroměřížská nemocnice a.s.","27660532","77001000","CZ0721","Nemocnice",326,35,0,20,0,0,0,0,61274,6179,4099
2023,"Krušnohorská poliklinika s.r.o.","25030302","57622000","CZ0425","Nemocnice následné (ošetřovatelské) péče",0,0,0,30,0,0,0,0,0,0,20239
2023,"LRS Chvaly, o.p.s.","24805807","09514000","CZ0100","Odborné léčebné ústavy",0,0,0,0,50,0,0,0,0,0,17291
2023,"Levitovo centrum následné péče p.o.- LDN","00190217","63113000","CZ0522","Léčebna pro dlouhodobě nemocné (LDN)",0,0,110,0,0,0,0,0,0,0,36637
2023,"Lázně Bělohrad a.s._rehabilitace","46504834","63803000","CZ0522","Odborné léčebné ústavy",0,0,0,0,56,0,0,0,0,0,19340
2023,"Lázně Darkov, a.s.","61974935","87063000","CZ0803","Odborné léčebné ústavy",0,0,0,0,145,0,0,0,0,0,35299
2023,"Lázně Slatinice a.s.","25367757","89875000","CZ0712","Odborné léčebné ústavy",0,0,0,0,50,0,0,0,0,0,16229
2023,"Lázně Teplice nad Bečvou a.s.","45192570","92374000","CZ0714","Odborné léčebné ústavy",0,0,0,0,100,0,0,0,0,0,24351
2023,"Léčebna dlouhodobě nemocných","05212146","31093000","CZ020C","Léčebna pro dlouhodobě nemocné (LDN)",0,0,68,0,0,0,0,0,0,0,11251
2023,"Léčebna dlouhodobě nemocných Opočno","00191744","66232000","CZ0524","Léčebna pro dlouhodobě nemocné (LDN)",0,0,52,0,0,0,0,0,0,0,12810
2023,"Léčebna dlouhodobě nemocných Rybitví","00190560","65360000","CZ0532","Léčebna pro dlouhodobě nemocné (LDN)",0,0,105,0,0,0,0,0,0,0,33389
2023,"Léčebna dlouhodobě nemocných Vršovice","00879649","10499000","CZ0100","Léčebna pro dlouhodobě nemocné (LDN)",0,0,74,0,0,0,0,0,0,0,36128
2023,"Léčebna dlouhodobě nemocných na Vojkově","27256391","28015000","CZ0209","Léčebna pro dlouhodobě nemocné (LDN)",0,0,100,0,0,0,0,0,0,0,28420
2023,"Léčebna dlouhodobě nemocných v Praze 6","45243956","06372000","CZ0100","Léčebna pro dlouhodobě nemocné (LDN)",0,0,94,0,0,0,0,0,0,0,31577
2023,"Léčebna pro dlouhodobě nemocné HK","00180092","61358000","CZ0521","Léčebna pro dlouhodobě nemocné (LDN)",0,0,94,0,0,0,0,0,0,0,30156
2023,"Léčebna respiračních nemocí Cvikov,p.o.,","00673951","50213000","CZ0511","Odborné léčebné ústavy",0,0,0,0,72,0,0,0,0,0,22367
2023,"Léčebna respiračních nemocí Cvikov,p.o.,","00673951","50280000","CZ0511","Odborné léčebné ústavy",0,0,0,0,70,0,0,0,0,0,22311
2023,"MEDI HELP s.r.o., Masarykovo sanatorium","46359443","30515000","CZ020B","Nemocnice následné (ošetřovatelské) péče",0,0,0,180,0,0,0,0,0,0,63576
2023,"MEDICINA, spol. s r.o. - LDN","49904035","56009000","CZ0424","Léčebna pro dlouhodobě nemocné (LDN)",0,0,82,0,0,0,0,0,0,0,28024
2023,"MEDICON Hospitals s.r.o.","25634691","04757000","CZ0100","Léčebna pro dlouhodobě nemocné (LDN)",0,0,48,60,0,0,0,0,0,0,50316
2023,"MEDITERRA - Sedlčany, s.r.o.","26429683","30529000","CZ020B","Nemocnice následné (ošetřovatelské) péče",0,0,0,60,0,0,0,0,0,0,19352
2023,"MEDITERRA Sedlčany, s.r.o.  - NIP, DIOP","26429683","30530000","CZ020B","Samostatné lůžkové zařízení s péčí DIP, NIOP, NIP",0,0,0,0,0,0,18,10,0,0,14663
2023,"MEDITERRA s.r.o.","49686356","05522000","CZ0100","Samostatné lůžkové zařízení s péčí DIP, NIOP, NIP",0,0,0,0,0,0,24,8,0,0,13020
2023,"MEDITERRA s.r.o.","49686356","05523000","CZ0100","Odborné léčebné ústavy",0,0,0,0,142,0,0,0,0,0,33995
2023,"MEDITERRA s.r.o.","49686356","05656000","CZ0100","Nemocnice",20,7,0,0,0,0,0,0,2613,1192,0
2023,"MMN, a.s.","05421888","67101000","CZ0514","Nemocnice",20,4,0,0,0,0,0,0,4485,547,0
2023,"MMN, a.s.","05421888","67102000","CZ0514","Nemocnice",166,14,0,0,0,0,0,0,26670,3110,0
2023,"MMN, a.s.","05421888","67171000","CZ0514","Léčebna pro dlouhodobě nemocné (LDN)",0,0,75,0,0,0,0,0,0,0,19543
2023,"MSCARE s.r.o.","28509480","10637000","CZ0100","Léčebna pro dlouhodobě nemocné (LDN)",0,0,42,0,0,0,0,0,0,0,28708
2023,"Masarykova nemocnice Rakovník s.r.o.","05212146","31001000","CZ020C","Nemocnice",134,18,0,0,0,0,0,0,28571,2615,0
2023,"Masarykův onkologický ústav","00209805","72931000","CZ0642","Nemocnice",202,20,0,0,0,0,0,0,41383,4938,0
2023,"MediCentrum Praha a.s.","64949486","04727000","CZ0100","Odborné léčebné ústavy",0,0,0,0,50,0,0,0,0,0,16117
2023,"Mulačova nemocnice s. r. o.","25202189","44105000","CZ0323","Nemocnice",156,7,0,0,0,0,10,0,25635,1358,1566
2023,"Mělnická zdravotní, a.s.","27958639","25110000","CZ0206","Nemocnice",223,25,0,0,0,0,0,0,40310,4644,0
2023,"Mělnická zdravotní, a.s.","27958639","25119000","CZ0206","Nemocnice následné (ošetřovatelské) péče",0,0,0,93,0,0,0,0,0,0,32878
2023,"Městská nemocnice Městec Králové a.s.","26495015","27002000","CZ0208","Nemocnice",20,4,0,0,0,0,0,0,3356,856,0
2023,"Městská nemocnice Městec Králové a.s.","26495015","27011000","CZ0208","Léčebna pro dlouhodobě nemocné (LDN)",0,0,110,20,0,0,0,0,0,0,34714
2023,"Městská nemocnice Městec Králové a.s.","26495015","27028000","CZ0208","Odborné léčebné ústavy",0,0,0,0,20,0,0,0,,,
2023,"Městská nemocnice Městec Králové, a.s.","26495015","27015000","CZ0208","Samostatné lůžkové zařízení s péčí DIP, NIOP, NIP",0,0,0,0,0,0,16,15,0,0,7627
2023,"Městská nemocnice Ostrava","00635162","91001000","CZ0806","Nemocnice",606,79,0,0,0,0,5,0,121802,17578,0
2023,"Městská nemocnice Ostrava","00635162","91001680","CZ0806","Léčebna pro dlouhodobě nemocné (LDN)",0,0,94,56,0,0,0,0,0,0,43283
2023,"Městská nemocnice Slavičín","62181378","82052000","CZ0724","Léčebna pro dlouhodobě nemocné (LDN)",0,0,50,0,0,0,0,0,0,0,14150
2023,"Městská nemocnice následné péče","45245843","09004000","CZ0100","Nemocnice následné (ošetřovatelské) péče",0,0,85,60,0,0,0,0,0,0,42010
2023,"Městská nemocnice s pol. Uh. Brod, s.r.o","25583905","80020000","CZ0722","Léčebna pro dlouhodobě nemocné (LDN)",0,0,90,0,0,0,0,0,0,0,28464
2023,"Městská nemocnice v Odrách, p.o.","66183596","88005000","CZ0804","Nemocnice",20,4,75,0,0,0,0,0,7517,895,14005
2023,"Městská nemocnice Čáslav","00873764","24200000","CZ0205","Nemocnice",102,6,0,0,0,0,0,0,18270,1292,0
2023,"Městská nemocnice Čáslav","00873764","24451000","CZ0205","Léčebna pro dlouhodobě nemocné (LDN)",0,0,30,0,0,0,0,0,0,0,10661
2023,"Městská nemocnice, a.s.","25262238","69002000","CZ0525","Nemocnice",109,7,0,0,0,0,0,0,19982,1194,0
2023,"Městská nemocnice, a.s.","25262238","69005000","CZ0525","Nemocnice následné (ošetřovatelské) péče",0,0,0,40,0,0,0,0,0,0,12349
2023,"NH Hospital a.s.","27872963","21017000","CZ0202","Nemocnice",0,0,0,0,0,0,11,5,0,0,4767
2023,"NH Hospital a.s. - Nemocnice Hořovice","27872963","21002000","CZ0202","Nemocnice",239,30,0,0,0,0,0,0,65688,6129,0
2023,"Nem. Milos. sester sv. Vincence de Paul","17809193","77910000","CZ0721","Léčebna pro dlouhodobě nemocné (LDN)",0,0,105,0,0,0,0,0,0,0,39199
2023,"Nem. násl. péče LDN Horažďovice, s.r.o.","26360870","43030000","CZ0322","Léčebna pro dlouhodobě nemocné (LDN)",0,0,130,0,20,0,0,0,0,0,48214
2023,"Nem.Mil.sester sv.K.Boromej.v Praze","73634085","01002000","CZ0100","Nemocnice",108,10,0,0,0,0,0,0,25298,2579,0
2023,"Nem.Mil.sester sv.K.Boromej.v Praze","73634085","01475000","CZ0100","LZ hospicového typu poskytující paliativní péči",0,0,0,0,0,13,0,0,0,0,3962
2023,"Nem.Mil.sester sv.K.Boromej.v Praze","73634085","01528000","CZ0100","Nemocnice následné (ošetřovatelské) péče",0,0,30,0,0,0,0,0,0,0,7938
2023,"Nemocnice  Prachatice, a.s. - LDN","26095165","37104000","CZ0315","Léčebna pro dlouhodobě nemocné (LDN)",0,0,27,0,0,0,0,0,0,0,6201
2023,"Nemocnice  Slaný","00875295","22102000","CZ0203","Nemocnice",229,20,20,40,0,0,0,0,41060,4096,10319
2023,"Nemocnice AGEL Jeseník a.s.","47973927","95202000","CZ0711","Nemocnice",98,5,0,0,0,0,0,0,19473,1223,0
2023,"Nemocnice AGEL Jeseník a.s.","47973927","95206000","CZ0711","Léčebna pro dlouhodobě nemocné (LDN)",0,0,30,0,0,0,0,0,0,0,10562
2023,"Nemocnice AGEL Louny a.s. - LDN","27332730","56012000","CZ0424","Léčebna pro dlouhodobě nemocné (LDN)",0,0,60,0,0,0,0,0,0,0,19415
2023,"Nemocnice AGEL Nový Jičín a.s.","25886207","88001000","CZ0804","Nemocnice",339,34,0,0,0,0,0,0,75936,9489,0
2023,"Nemocnice AGEL Nový Jičín a.s.","25886207","88014000","CZ0804","Léčebna pro dlouhodobě nemocné (LDN)",0,0,40,0,0,0,0,0,0,0,11408
2023,"Nemocnice AGEL Ostrava-Vítkovice a.s.","60793201","91950000","CZ0806","Nemocnice",316,39,0,0,0,0,0,0,56188,7968,0
2023,"Nemocnice AGEL Ostrava-Vítkovice a.s.","60793201","91950888","CZ0806","Léčebna pro dlouhodobě nemocné (LDN)",0,0,30,0,0,0,0,0,0,0,9006
2023,"Nemocnice AGEL Podhorská a.s.","47668989","85200000","CZ0801","Nemocnice",95,8,0,0,0,0,0,0,15763,1634,0
2023,"Nemocnice AGEL Podhorská a.s.","47668989","85291000","CZ0801","Nemocnice následné (ošetřovatelské) péče",0,0,0,40,0,0,0,0,0,0,9391
2023,"Nemocnice AGEL Třinec-Podlesí a.s.","48401129","86106000","CZ0802","Nemocnice",113,38,0,0,0,0,0,0,25654,7628,0
2023,"Nemocnice AGEL Valašské Meziříčí a.s.","26822105","94102000","CZ0723","Nemocnice",181,23,0,0,0,0,0,0,47597,3842,0
2023,"Nemocnice AGEL Valašské Meziříčí a.s.","26822105","94220000","CZ0723","Léčebna pro dlouhodobě nemocné (LDN)",0,0,78,0,0,0,0,0,0,0,22990
2023,"Nemocnice AGEL Český Těšín a.s.","25897551","87029000","CZ0803","Nemocnice",31,0,59,34,0,0,0,0,10152,0,14466
2023,"Nemocnice AGEL Říčany a.s.","27365867","28003000","CZ0209","Nemocnice",49,4,0,0,0,0,0,0,10457,1015,0
2023,"Nemocnice AGEL Říčany a.s.","27365867","28658000","CZ0209","Léčebna pro dlouhodobě nemocné (LDN)",0,0,35,0,0,0,0,0,0,0,8128
2023,"Nemocnice Beroun - LDN","26752051","21003000","CZ0202","Léčebna pro dlouhodobě nemocné (LDN)",0,0,42,0,0,0,0,0,0,0,22435
2023,"Nemocnice Blansko","00386634","71101000","CZ0641","Nemocnice",145,15,0,0,0,0,0,0,40387,4005,0
2023,"Nemocnice Blansko","00386634","71110000","CZ0641","Léčebna pro dlouhodobě nemocné (LDN)",0,0,30,0,0,0,0,0,0,0,10175
2023,"Nemocnice Boskovice s.r.o.","26925974","71113000","CZ0641","Nemocnice",205,24,0,0,0,0,0,0,42112,3810,0
2023,"Nemocnice Boskovice s.r.o.","26925974","71119000","CZ0641","Léčebna pro dlouhodobě nemocné (LDN)",0,0,12,0,0,0,0,5,0,0,3745
2023,"Nemocnice Břeclav, p. o.","00390780","74001000","CZ0644","Nemocnice",378,41,0,0,0,0,0,0,72045,8445,0
2023,"Nemocnice Dačice, a.s.","28113195","34013000","CZ0313","Léčebna pro dlouhodobě nemocné (LDN)",0,0,30,0,0,0,0,0,0,0,9452
2023,"Nemocnice Havlíčkův Brod, přísp. org.","00179540","60001000","CZ0631","Nemocnice",410,51,0,0,0,0,0,0,84747,8174,0
2023,"Nemocnice Havlíčkův Brod, přísp. org.","00179540","60223000","CZ0631","Léčebna pro dlouhodobě nemocné (LDN)",0,0,44,0,0,0,0,0,0,0,14347
2023,"Nemocnice Havířov, příspěv. organizace","00844896","87004000","CZ0803","Nemocnice",357,31,0,0,0,0,0,0,89181,6895,0
2023,"Nemocnice Havířov, příspěv. organizace","00844896","87054000","CZ0803","Léčebna pro dlouhodobě nemocné (LDN)",0,0,30,0,0,0,0,0,0,0,10557
2023,"Nemocnice Hranice a.s.","47677406","92002000","CZ0714","Nemocnice",98,10,0,0,0,0,0,0,19777,1717,0
2023,"Nemocnice Hranice a.s.","47677406","92283000","CZ0714","Léčebna pro dlouhodobě nemocné (LDN)",0,0,80,0,0,0,0,0,0,0,30893
2023,"Nemocnice Hustopeče p.o.","04212029","74022000","CZ0644","Nemocnice",25,0,0,0,0,0,0,0,4528,0,0
2023,"Nemocnice Hustopeče, p.o.","04212029","74007000","CZ0644","Nemocnice následné (ošetřovatelské) péče",0,0,94,0,0,0,0,0,0,0,22903
2023,"Nemocnice Ivančice, příspěvková organiz.","00225827","73303000","CZ0643","Léčebna pro dlouhodobě nemocné (LDN)",0,0,60,0,0,0,0,0,0,0,16208
2023,"Nemocnice Ivančice,příspěvková organiz.","00225827","73003000","CZ0643","Nemocnice",144,10,0,0,0,0,0,0,21885,3230,0
2023,"Nemocnice Jablonec n. N., p.o.","00829838","53201000","CZ0512","Nemocnice",276,33,0,0,0,0,0,0,60759,7240,0
2023,"Nemocnice Jablonec n. N.. p. o.","00829838","53212000","CZ0512","Léčebna pro dlouhodobě nemocné (LDN)",0,0,67,0,0,0,0,0,0,0,20404
2023,"Nemocnice Jihlava, p. o.","00090638","76001000","CZ0632","Nemocnice",559,66,0,0,0,0,0,0,103762,12935,0
2023,"Nemocnice Jihlava,příspěvková organizace","00090638","76002000","CZ0632","Léčebna pro dlouhodobě nemocné (LDN)",0,0,70,0,0,15,0,0,0,0,19020
2023,"Nemocnice Jindřichův Hradec, a.s.","26095157","34001000","CZ0313","Nemocnice",242,30,0,0,0,0,8,0,49729,6012,2769
2023,"Nemocnice Jindřichův Hradec, a.s.","26095157","34011000","CZ0313","Léčebna pro dlouhodobě nemocné (LDN)",0,0,52,0,0,2,0,3,0,0,15751
2023,"Nemocnice Kadaň, s.r.o.","25479300","52120000","CZ0422","Nemocnice",157,15,0,0,0,0,0,0,29575,6074,0
2023,"Nemocnice Kadaň, s.r.o.","25479300","52121000","CZ0422","Léčebna pro dlouhodobě nemocné (LDN)",0,0,34,0,0,0,0,0,0,0,7971
2023,"Nemocnice Karviná - Ráj, příspěvková org","00844853","87001000","CZ0803","Nemocnice",215,26,108,0,0,0,15,5,46107,5698,17752
2023,"Nemocnice Kyjov, příspěvková organizace","00226912","75002000","CZ0645","Nemocnice",395,35,0,0,0,0,0,0,91762,8331,2056
2023,"Nemocnice Kyjov, příspěvková organizace","00226912","75007000","CZ0645","Nemocnice následné (ošetřovatelské) péče",0,0,0,48,0,0,0,0,0,0,13623
2023,"Nemocnice Letovice p.o.","00387134","71107000","CZ0641","Léčebna pro dlouhodobě nemocné (LDN)",0,0,120,0,0,0,0,0,0,0,39982
2023,"Nemocnice Mariánské Lázně s.r.o.","26376709","41191000","CZ0411","Nemocnice následné (ošetřovatelské) péče",0,0,57,37,0,0,0,0,0,0,32854
2023,"Nemocnice Milosrdných bratří, p.o.","48512478","72048000","CZ0642","Nemocnice",205,20,0,0,0,0,0,0,40789,4707,0
2023,"Nemocnice Milosrdných bratří, p.o.","48512478","72052000","CZ0642","Léčebna pro dlouhodobě nemocné (LDN)",0,0,243,0,0,0,0,0,0,0,62574
2023,"Nemocnice Měšice - CIOP, z.s.","65401921","28004000","CZ0209","Nemocnice následné (ošetřovatelské) péče",0,0,0,80,0,0,0,0,0,0,41555
2023,"Nemocnice Na Františku","00879444","01003000","CZ0100","Nemocnice",118,13,0,0,0,0,0,0,18149,3295,0
2023,"Nemocnice Na Františku","00879444","01311000","CZ0100","Léčebna pro dlouhodobě nemocné (LDN)",0,0,46,0,13,0,0,0,0,0,19255
2023,"Nemocnice Na Homolce","00023884","05004000","CZ0100","Fakultní nemocnice",248,129,0,0,0,0,0,0,57630,29947,0
2023,"Nemocnice Na Pleši s.r.o.","27207064","30006000","CZ020B","Nemocnice",60,0,0,0,0,0,0,0,14346,0,0
2023,"Nemocnice Na Pleši s.r.o.","27207064","30522000","CZ020B","Odborné léčebné ústavy",0,0,0,0,80,0,0,0,0,0,24663
2023,"Nemocnice Na Pleši s.r.o.","27207064","30605000","CZ020B","Nemocnice následné (ošetřovatelské) péče",0,0,0,30,0,0,0,0,0,0,5379
2023,"Nemocnice Nové Město na Moravě, p. o.","00842001","84231000","CZ0635","Nemocnice",355,31,0,0,0,0,10,0,71961,6569,1855
2023,"Nemocnice Nové Město na Moravě, p. o.","00842001","84425000","CZ0635","Léčebna pro dlouhodobě nemocné (LDN)",0,0,70,0,0,0,0,8,0,0,15677
2023,"Nemocnice Nymburk s.r.o.","28762886","27001000","CZ0208","Nemocnice",125,11,0,0,0,0,0,0,29611,2239,0
2023,"Nemocnice Nymburk s.r.o.","28762886","27017000","CZ0208","Nemocnice následné (ošetřovatelské) péče",0,0,40,0,0,0,0,0,0,0,13660
2023,"Nemocnice Nymburk s.r.o.","28762886","27204000","CZ0208","Odborné léčebné ústavy",0,0,0,0,20,0,0,0,,,
2023,"Nemocnice Ostrov s.r.o.","47714913","42010000","CZ0412","Nemocnice",97,7,0,0,0,0,35,20,29491,814,17874
2023,"Nemocnice Ostrov s.r.o.","47714913","42452000","CZ0412","Léčebna pro dlouhodobě nemocné (LDN)",0,0,57,0,25,0,0,0,0,0,17576
2023,"Nemocnice Pardubického kraje, a.s.","27520536","62001000","CZ0531","Nemocnice",198,23,0,0,0,0,10,0,30460,2470,1769
2023,"Nemocnice Pardubického kraje, a.s.","27520536","62002000","CZ0531","Léčebna pro dlouhodobě nemocné (LDN)",0,0,73,0,0,0,0,10,0,0,19388
2023,"Nemocnice Pardubického kraje, a.s.","27520536","65001000","CZ0532","Nemocnice",813,78,0,0,0,0,0,0,140677,16467,0
2023,"Nemocnice Pardubického kraje, a.s.","27520536","65361000","CZ0532","Léčebna pro dlouhodobě nemocné (LDN)",0,0,66,0,0,0,0,0,0,0,12254
2023,"Nemocnice Pardubického kraje, a.s.","27520536","68001000","CZ0533","Nemocnice",269,15,0,0,0,0,0,0,44105,3671,0
2023,"Nemocnice Pardubického kraje, a.s.","27520536","68002000","CZ0533","Nemocnice",187,20,0,0,0,0,0,0,34710,4014,0
2023,"Nemocnice Pardubického kraje, a.s.","27520536","68011000","CZ0533","Léčebna pro dlouhodobě nemocné (LDN)",0,0,23,0,0,0,0,0,0,0,7963
2023,"Nemocnice Pardubického kraje, a.s.","27520536","68012000","CZ0533","Léčebna pro dlouhodobě nemocné (LDN)",0,0,40,0,0,0,0,0,0,0,3478
2023,"Nemocnice Pardubického kraje, a.s.","27520536","70001000","CZ0534","Nemocnice",306,26,0,0,0,0,0,0,56010,6623,0
2023,"Nemocnice Pelhřimov, příspěvková org.","00511951","35001000","CZ0633","Nemocnice",267,27,0,0,0,0,0,0,53039,5859,0
2023,"Nemocnice Pelhřimov, příspěvková org.","00511951","35040000","CZ0633","Léčebna pro dlouhodobě nemocné (LDN)",0,0,46,0,0,0,0,0,0,0,12345
2023,"Nemocnice Počátky, s.r.o.","26216701","35043000","CZ0633","Léčebna pro dlouhodobě nemocné (LDN)",0,0,120,0,0,0,0,0,0,0,35186
2023,"Nemocnice Prachatice, a.s.","26095165","37101000","CZ0315","Nemocnice",137,12,0,0,0,0,0,0,23652,3136,0
2023,"Nemocnice Písek, a.s.","26095190","36101000","CZ0314","Nemocnice",314,48,0,0,0,0,0,5,54062,7707,638
2023,"Nemocnice Písek, a.s.","26095190","36102000","CZ0314","Léčebna pro dlouhodobě nemocné (LDN)",0,0,36,0,0,0,0,0,0,0,10876
2023,"Nemocnice Roudnice nad Labem s.r.o.","25443801","55039000","CZ0423","Nemocnice",135,8,0,0,0,0,15,15,21362,1713,2466
2023,"Nemocnice Roudnice nad Labem s.r.o.","25443801","55040000","CZ0423","Léčebna pro dlouhodobě nemocné (LDN)",0,0,43,0,0,0,0,0,0,0,7527
2023,"Nemocnice Roudnice nad Labem s.r.o.","25443801","55044000","CZ0423","Nemocnice následné (ošetřovatelské) péče",0,0,0,28,0,0,0,0,,,
2023,"Nemocnice Rudolfa a Stefanie Benešov,a.s","27253236","20003000","CZ0201","Odborné léčebné ústavy",0,0,0,0,20,0,0,0,0,0,1622
2023,"Nemocnice Rudolfa a Stefanie Benešov,a.s","27253236","20101000","CZ0201","Nemocnice",303,30,0,78,0,0,0,0,59568,6143,20108
2023,"Nemocnice Sokolov s.r.o.","24747246","48008000","CZ0413","Nemocnice",223,27,0,0,0,0,0,0,41199,6642,0
2023,"Nemocnice Sokolov s.r.o.","24747246","48009000","CZ0413","Léčebna pro dlouhodobě nemocné (LDN)",0,0,50,0,0,0,0,0,0,0,17423
2023,"Nemocnice Strakonice, a.s.","26095181","38001000","CZ0316","Nemocnice",245,23,0,0,0,0,0,0,51255,4694,0
2023,"Nemocnice Strakonice, a.s.","26095181","38005001","CZ0316","Léčebna pro dlouhodobě nemocné (LDN)",0,0,36,0,0,0,0,5,0,0,15540
2023,"Nemocnice Sv. Kříže Žižkov, s.r.o.","47124733","03324000","CZ0100","Nemocnice následné (ošetřovatelské) péče",0,0,70,0,0,0,0,0,0,0,18782
2023,"Nemocnice Sv. Kříže Žižkov, s.r.o.","47124733","03325000","CZ0100","Samostatné lůžkové zařízení s péčí DIP, NIOP, NIP",0,0,0,0,0,0,0,5,0,0,2174
2023,"Nemocnice TGM Hodonín, příspěvková org.","00226637","75001000","CZ0645","Nemocnice",133,24,0,0,0,0,5,0,27733,7842,663
2023,"Nemocnice TGM Hodonín, příspěvková org.","00226637","75008000","CZ0645","Nemocnice následné (ošetřovatelské) péče",0,0,0,43,0,0,0,0,0,0,11034
2023,"Nemocnice Tanvald, s. r. o.","63145766","53208000","CZ0512","Nemocnice následné (ošetřovatelské) péče",0,0,0,35,0,0,24,20,0,0,29213
2023,"Nemocnice Tanvald, s.r.o","63145766","53286000","CZ0512","Nemocnice",18,3,0,0,0,0,0,0,5290,736,0
2023,"Nemocnice Tišnov,příspěvková organizace","44947909","73007000","CZ0643","Léčebna pro dlouhodobě nemocné (LDN)",0,0,60,0,30,0,0,0,0,0,19744
2023,"Nemocnice Tábor, a.s.","26095203","39001000","CZ0317","Nemocnice",398,34,0,0,0,0,0,0,92925,7278,0
2023,"Nemocnice Tábor, a.s.","26095203","39007000","CZ0317","Léčebna pro dlouhodobě nemocné (LDN)",0,0,69,0,0,0,0,0,0,0,18835
2023,"Nemocnice Třebíč, příspěvková organizace","00839396","79001000","CZ0634","Nemocnice",386,36,0,0,0,0,0,0,72889,7088,0
2023,"Nemocnice Třebíč, příspěvková organizace","00839396","79003000","CZ0634","Nemocnice následné (ošetřovatelské) péče",0,0,104,0,0,0,0,10,0,0,33357
2023,"Nemocnice Třinec, příspěvková organizace","00534242","86102000","CZ0802","Nemocnice",284,31,30,20,0,0,0,0,61434,7884,4668
2023,"Nemocnice Valtice s.r.o.","63488329","74021000","CZ0644","Léčebna pro dlouhodobě nemocné (LDN)",0,0,190,0,0,0,0,0,0,0,64560
2023,"Nemocnice Varnsdorf- LDN","49888498","51303000","CZ0421","Léčebna pro dlouhodobě nemocné (LDN)",0,0,80,0,0,0,0,0,0,0,26692
2023,"Nemocnice Volyně s.r.o.","25155946","38033001","CZ0316","Léčebna pro dlouhodobě nemocné (LDN)",0,0,60,0,0,0,0,0,0,0,9841
2023,"Nemocnice Vrchlabí, s.r.o.","64827232","69003000","CZ0525","Nemocnice",74,5,0,0,0,0,12,0,10580,1452,4992
2023,"Nemocnice Vrchlabí, s.r.o.","64827232","69008000","CZ0525","Nemocnice následné (ošetřovatelské) péče",0,0,0,25,10,0,0,0,0,0,13890
2023,"Nemocnice Vršovice a.s.","28971906","10693000","CZ0100","Odborné léčebné ústavy",0,0,0,0,35,0,0,0,0,0,11030
2023,"Nemocnice Vršovice a.s.","28971906","10706000","CZ0100","Samostatné lůžkové zařízení s péčí DIP, NIOP, NIP",0,0,0,0,0,0,17,0,0,0,5892
2023,"Nemocnice Vršovice a.s.","28971906","10714000","CZ0100","Nemocnice",16,4,0,0,0,0,0,0,5283,1416,0
2023,"Nemocnice Vyškov, příspěvková organizace","00839205","81001000","CZ0646","Nemocnice",285,25,0,0,0,0,0,0,65654,7893,0
2023,"Nemocnice Vyškov, příspěvková organizace","00839205","81065000","CZ0646","Léčebna pro dlouhodobě nemocné (LDN)",0,0,90,0,0,0,0,0,0,0,24132
2023,"Nemocnice Znojmo,příspěvková organizace","00092584","83001000","CZ0647","Nemocnice",432,41,0,0,0,0,0,0,90273,9163,0
2023,"Nemocnice Znojmo,příspěvková organizace","00092584","83002000","CZ0647","Léčebna pro dlouhodobě nemocné (LDN)",0,0,115,0,0,0,0,0,0,0,30019
2023,"Nemocnice následné péče Moravská Třebová","00193895","68013000","CZ0533","Léčebna pro dlouhodobě nemocné (LDN)",0,0,80,0,0,0,0,0,0,0,27483
2023,"Nemocnice následné péče Praha s.r.o.","45789924","06408000","CZ0100","Léčebna pro dlouhodobě nemocné (LDN)",0,0,40,0,0,0,0,0,0,0,19148
2023,"Nemocnice následné péče Praha s.r.o.","45789924","06610000","CZ0100","Odborné léčebné ústavy",0,0,0,0,20,0,0,0,0,0,6226
2023,"Nemocnice následné péče Svatá Anna,s.r.o","26360896","49008000","CZ0327","Léčebna pro dlouhodobě nemocné (LDN)",0,0,90,0,0,0,0,0,0,0,24600
2023,"Nemocnice následné péče VIA, s.r.o.","02390221","51262000","CZ0421","Léčebna pro dlouhodobě nemocné (LDN)",0,0,120,0,0,0,0,0,0,0,46065
2023,"Nemocnice následné péče s pol. Lom. n/P","00854875","67130000","CZ0514","Léčebna pro dlouhodobě nemocné (LDN)",0,0,59,0,0,0,0,0,0,0,18320
2023,"Nemocnice s poliklinikou Česká Lípa a.s.","27283518","50292000","CZ0511","Léčebna pro dlouhodobě nemocné (LDN)",0,0,117,0,0,0,0,0,0,0,40470
2023,"Nemocnice s poliklinikou Česká Lípa,a.s.","27283518","50100000","CZ0511","Nemocnice",315,32,0,0,0,0,0,6,63710,6067,0
2023,"Nemocnice sv. Alžběty Na Slupi, s.r.o.","07579969","02259000","CZ0100","Léčebna pro dlouhodobě nemocné (LDN)",0,0,89,0,0,0,0,0,0,0,43310
2023,"Nemocnice sv.Zdislavy,a.s.","25542681","84427000","CZ0635","Nemocnice",38,6,0,0,0,0,15,0,9167,1456,5687
2023,"Nemocnice sv.Zdislavy,a.s.","25542681","84428000","CZ0635","Léčebna pro dlouhodobě nemocné (LDN)",0,0,80,0,0,0,0,0,0,0,23899
2023,"Nemocnice u Sv. Jiří s. r. o.","49786954","44613000","CZ0323","Nemocnice",15,5,0,0,0,0,0,0,1295,465,0
2023,"Nemocnice ve Frýdku-Místku, přís. organ.","00534188","86101000","CZ0802","Nemocnice",325,29,0,0,0,0,10,8,80198,8057,1809
2023,"Nemocnice ve Frýdku-Místku, přís. organ.","00534188","86101200","CZ0802","Léčebna pro dlouhodobě nemocné (LDN)",0,0,95,32,0,0,0,0,0,0,32518
2023,"Nemocnice České Budějovice, a.s.","26068877","32006000","CZ0311","Nemocnice",1020,175,0,0,0,0,0,0,221975,33323,0
2023,"Nemocnice České Budějovice, a.s.","26068877","32067000","CZ0311","Léčebna pro dlouhodobě nemocné (LDN)",0,0,229,0,0,0,0,0,0,0,54972
2023,"Nemocnice České Budějovice, a.s.","26068877","32070000","CZ0311","Odborné léčebné ústavy",0,0,0,0,50,0,0,0,0,0,6536
2023,"Nemocnice Český Brod s.r.o.","27161838","23333000","CZ0204","Léčebna pro dlouhodobě nemocné (LDN)",0,0,60,61,0,0,0,10,0,0,35802
2023,"Nemocnice Český Krumlov, a.s.","26095149","33100000","CZ0312","Nemocnice",144,14,0,0,0,0,0,0,24994,3102,0
2023,"Nemocnice Český Krumlov, a.s.","26095149","33103000","CZ0312","Léčebna pro dlouhodobě nemocné (LDN)",0,0,88,0,0,0,0,0,0,0,21163
2023,"Nemocnice Šumperk a.s.","47682795","93008000","CZ0715","Nemocnice následné (ošetřovatelské) péče",0,0,0,87,0,0,0,0,0,0,29514
2023,"Nemocnice Šumperk a.s.","47682795","93201000","CZ0715","Nemocnice",362,24,0,0,0,0,6,3,64642,4845,1410
2023,"Nemocnice Žatec, o.p.s.","25026259","56007000","CZ0424","Nemocnice",111,11,0,0,0,0,0,0,19054,1981,0
2023,"Nemocnice Žatec, o.p.s. - LDN","25026259","56010000","CZ0424","Léčebna pro dlouhodobě nemocné (LDN)",0,0,50,0,0,0,0,0,0,0,14780
2023,"Neurologie, s.r.o. - léč. dlouh. nem.","49900391","51276000","CZ0421","Odborné léčebné ústavy",0,0,20,0,0,0,0,0,0,0,6694
2023,"Neuron Medical s.r.o.","29288223","72949000","CZ0642","Nemocnice",8,0,0,0,0,0,0,0,925,0,0
2023,"Národní ústav duševního zdraví","00023752","08002000","CZ0209","Nemocnice",47,0,0,0,0,0,0,0,12166,0,0
2023,"Národní ústav duševního zdraví","00023752","28196000","CZ0209","Odborné léčebné ústavy",0,0,0,0,8,0,0,0,0,0,1739
2023,"OB klinika a.s.","28892950","03336000","CZ0100","Nemocnice",28,0,0,0,0,0,0,0,5600,0,0
2023,"OLÚ Metylovice-Moravskosl. sanator.,p.o.","00534200","86404000","CZ0802","Odborné léčebné ústavy",0,0,0,0,62,0,0,0,0,0,9071
2023,"ORTHES, spol. s r.o.","60718048","94125000","CZ0723","Nemocnice",10,3,0,0,0,0,0,0,2572,676,0
2023,"ORTO - REHA, s.r.o.","29032806","08439000","CZ0100","Nemocnice",20,0,0,0,0,0,0,0,5533,0,0
2023,"OSMED Group s.r.o.","27828930","91100870","CZ0806","Nemocnice následné (ošetřovatelské) péče",0,0,0,120,0,0,0,0,0,0,49855
2023,"Oblastní charita ČK - HOSPIC A. České","48623814","64306000","CZ0523","LZ hospicového typu poskytující paliativní péči",0,0,0,0,0,30,0,0,0,0,8261
2023,"Oblastní charita Červený Kostelec","48623814","69007000","CZ0525","Nemocnice následné (ošetřovatelské) péče",0,0,0,28,0,0,0,0,0,0,10036
2023,"Oblastní nemocnice Jičín a.s.","26001551","63101000","CZ0522","Nemocnice",328,19,0,0,0,0,0,0,62116,4956,0
2023,"Oblastní nemocnice Jičín a.s.","26001551","63112000","CZ0521","Léčebna pro dlouhodobě nemocné (LDN)",0,0,107,51,0,0,0,0,0,0,51274
2023,"Oblastní nemocnice Kladno, a.s.","27256537","22115000","CZ0203","Samostatné lůžkové zařízení s péčí DIP, NIOP, NIP",0,0,0,0,0,0,6,2,,,
2023,"Oblastní nemocnice Kladno, a.s.,","27256537","22101000","CZ0203","Nemocnice",465,57,0,0,0,0,0,0,88244,10510,0
2023,"Oblastní nemocnice Kolín, a.s.","27256391","23100000","CZ0204","Odborné léčebné ústavy",0,0,0,0,20,0,0,0,0,0,5111
2023,"Oblastní nemocnice Kolín, a.s.","27256391","23101000","CZ0204","Nemocnice",529,48,0,0,0,0,0,0,106509,12210,0
2023,"Oblastní nemocnice Kolín, a.s.","27256391","23200000","CZ0205","Léčebna pro dlouhodobě nemocné (LDN)",0,0,102,0,0,0,0,0,0,0,34639
2023,"Oblastní nemocnice Kolín,a.s.","27256391","23351000","CZ0205","Samostatné lůžkové zařízení s péčí DIP, NIOP, NIP",0,0,0,0,0,0,9,0,0,0,2408
2023,"Oblastní nemocnice Mladá Boleslav, a. s.","27256456","26001000","CZ0207","Nemocnice",394,56,0,0,0,0,0,0,83391,11779,0
2023,"Oblastní nemocnice Mladá Boleslav, a.s.","27256456","26012000","CZ0207","Léčebna pro dlouhodobě nemocné (LDN)",0,0,116,0,0,0,0,0,0,0,35766
2023,"Oblastní nemocnice Náchod a.s.","26000202","64001000","CZ0523","Nemocnice",559,54,0,0,0,0,7,0,109736,13533,1611
2023,"Oblastní nemocnice Náchod a.s.","26000202","64007000","CZ0523","Léčebna pro dlouhodobě nemocné (LDN)",0,0,83,84,40,0,0,5,0,0,47420
2023,"Oblastní nemocnice Příbram, a. s.","27085031","30601000","CZ020B","Nemocnice následné (ošetřovatelské) péče",0,0,0,25,0,0,0,0,0,0,7999
2023,"Oblastní nemocnice Příbram, a. s.","27085031","30602000","CZ020B","Léčebna pro dlouhodobě nemocné (LDN)",0,0,30,0,0,0,0,0,0,0,7967
2023,"Oblastní nemocnice Příbram, a.s.","27085031","30217000","CZ020B","Odborné léčebné ústavy",0,0,0,0,23,0,0,0,0,0,5591
2023,"Oblastní nemocnice Příbram, a.s.","27085031","30231000","CZ020B","LZ hospicového typu poskytující paliativní péči",0,0,0,0,0,16,0,0,0,0,4141
2023,"Oblastní nemocnice Příbram, a.s.","27085031","30531000","CZ020B","Nemocnice",304,34,0,0,0,0,0,0,68281,7080,0
2023,"Oblastní nemocnice Trutnov a.s.","26000237","69001000","CZ0525","Nemocnice",281,19,0,0,0,0,0,0,51165,3247,0
2023,"Oblastní spolek ČČK Mladá Boleslav","00425788","26014000","CZ0207","Nemocnice následné (ošetřovatelské) péče",0,0,0,20,0,0,0,0,0,0,2762
2023,"Odborný léčebný ústav Jevíčko","00193976","68005000","CZ0533","Odborné léčebné ústavy",0,0,0,0,176,0,0,0,0,0,56250
2023,"Odborný léčebný ústav Paseka, p.o.","00849081","89723000","CZ0712","Odborné léčebné ústavy",0,0,229,60,126,0,0,0,0,0,135711
2023,"Olivova dětská léčebna, o.p.s.","25689371","28005000","CZ0209","Odborné léčebné ústavy",0,0,0,0,80,0,0,0,0,0,30256
2023,"Ošetřovatelská lůžka","05212146","31110000","CZ020C","Nemocnice následné (ošetřovatelské) péče",0,0,0,10,0,0,0,0,0,0,7748
2023,"PATEB s.r.o.","26940281","79591000","CZ0634","Odborné léčebné ústavy",0,0,0,0,45,0,0,0,0,0,19448
2023,"PP Hospitals, s.r.o.","26085011","28002000","CZ0209","Nemocnice",40,6,0,0,0,0,0,0,8216,1498,0
2023,"PP Hospitals, s.r.o.","26085011","28660000","CZ0209","Léčebna pro dlouhodobě nemocné (LDN)",0,0,80,0,0,0,0,0,0,0,28987
2023,"PRIVAMED a.s.","46885251","44103000","CZ0323","Nemocnice",164,12,0,0,0,0,0,0,37309,2531,44
2023,"PRIVAMED a.s.","46885251","44106000","CZ0323","Léčebna pro dlouhodobě nemocné (LDN)",0,0,180,0,30,0,0,20,0,0,79255
2023,"PRVNÍ PRIVÁTNÍ CHIRURGICKÉ CENTRUM spol.","49813692","61303000","CZ0521","Nemocnice",47,8,0,0,0,0,0,0,7143,683,0
2023,"Paliativní medicína","61383082","06680000","CZ0100","Fakultní nemocnice",0,0,0,0,0,8,0,0,0,0,1423
2023,"Poliklinika Prosek a.s.","28495306","09362000","CZ0100","Nemocnice následné (ošetřovatelské) péče",0,0,0,25,0,0,0,0,0,0,9364
2023,"Poličská nemocnice, s.r.o.","25296094","68019000","CZ0533","Léčebna pro dlouhodobě nemocné (LDN)",0,0,120,0,0,0,0,0,0,0,38529
2023,"Psychiatric. nemocnice Marianny Oranžské","00851388","95020000","CZ0711","Odborné léčebné ústavy",0,0,0,0,150,0,0,0,0,0,47492
2023,"Psychiatrická léčebna Lnáře","00668168","38002000","CZ0316","Odborné léčebné ústavy",0,0,0,0,65,0,0,0,0,0,21996
2023,"Psychiatrická léčebna Petrohrad, p.o.","00829137","56005000","CZ0424","Odborné léčebné ústavy",0,0,0,0,120,0,0,0,0,0,41420
2023,"Psychiatrická léčebna Červený Dvůr","00583600","33200000","CZ0312","Odborné léčebné ústavy",0,0,0,0,109,0,0,0,0,0,37731
2023,"Psychiatrická léčebna Šternberk","00843954","89303000","CZ0712","Odborné léčebné ústavy",0,0,0,0,446,0,0,0,986,0,136909
2023,"Psychiatrická léčebna Šternberk","00843954","89303100","CZ0712","Nemocnice",28,0,0,0,0,0,0,0,5470,0,0
2023,"Psychiatrická nemocnice Bohnice","00064220","08005000","CZ0100","Odborné léčebné ústavy",0,0,0,0,805,0,0,0,0,0,275072
2023,"Psychiatrická nemocnice Bohnice","00064220","08279000","CZ0100","Léčebna pro dlouhodobě nemocné (LDN)",0,0,63,0,0,0,0,0,0,0,20749
2023,"Psychiatrická nemocnice Bohnice","00064220","08516000","CZ0100","Nemocnice",266,0,0,0,0,0,0,0,82810,0,0
2023,"Psychiatrická nemocnice Brno","00160105","72935000","CZ0642","Odborné léčebné ústavy",0,0,0,0,676,0,0,0,0,0,198059
2023,"Psychiatrická nemocnice Brno","00160105","72935800","CZ0642","Nemocnice",50,0,0,0,0,0,0,0,9506,0,0
2023,"Psychiatrická nemocnice Havlíčkův Brod","00179230","60006000","CZ0631","Odborné léčebné ústavy",0,0,0,0,603,0,0,0,0,0,215470
2023,"Psychiatrická nemocnice Havlíčkův Brod","00179230","60707000","CZ0631","Nemocnice",52,0,0,0,0,0,0,0,13087,0,0
2023,"Psychiatrická nemocnice Horní Beřkovice","00673552","55024000","CZ0423","Odborné léčebné ústavy",0,0,0,0,371,0,0,0,0,0,130569
2023,"Psychiatrická nemocnice Horní Beřkovice","00673552","55845000","CZ0423","Nemocnice",40,0,0,0,0,0,0,0,13427,0,0
2023,"Psychiatrická nemocnice Jihlava","00600601","76021000","CZ0632","Odborné léčebné ústavy",0,0,0,0,430,0,0,0,0,0,162613
2023,"Psychiatrická nemocnice Jihlava","00600601","76026000","CZ0632","Nemocnice",40,0,0,0,0,0,0,0,14346,0,0
2023,"Psychiatrická nemocnice Kosmonosy","00068691","26003000","CZ0207","Odborné léčebné ústavy",0,0,0,0,514,0,0,0,1341,0,161341
2023,"Psychiatrická nemocnice Kosmonosy","00068691","26026000","CZ0207","Nemocnice",40,0,0,0,0,0,0,0,10782,0,0
2023,"Psychiatrická nemocnice Písek a.s.","28092732","36896000","CZ0314","Odborné léčebné ústavy",0,0,0,0,96,0,0,0,0,0,28976
2023,"Psychiatrická nemocnice v Dobřanech","00669792","45901000","CZ0324","Odborné léčebné ústavy",0,0,0,0,1040,0,0,0,0,0,334566
2023,"Psychiatrická nemocnice v Dobřanech","00669792","45909000","CZ0324","Nemocnice",55,0,0,0,0,0,0,0,16743,0,0
2023,"Psychiatrická nemocnice v Kroměříži","00567914","77951000","CZ0721","Odborné léčebné ústavy",0,0,0,0,787,0,0,0,0,0,263467
2023,"Psychiatrická nemocnice v Kroměříži","00567914","77954000","CZ0721","Nemocnice",50,0,0,0,0,0,0,0,7159,0,0
2023,"Psychiatrická nemocnice v Opavě","00844004","90224000","CZ0805","Odborné léčebné ústavy",0,0,0,0,679,0,0,0,0,0,220491
2023,"Psychiatrická nemocnice v Opavě","00844004","90224400","CZ0805","Nemocnice",50,0,0,0,0,0,0,0,12498,0,0
2023,"REHAMEDICA Žacléř, a.s.","08208778","69009000","CZ0525","Nemocnice následné (ošetřovatelské) péče",0,0,0,65,0,0,0,0,0,0,19897
2023,"RHG spol. s r. o.","61852287","29004000","CZ020A","Léčebna pro dlouhodobě nemocné (LDN)",0,0,0,77,0,0,0,0,0,0,20605
2023,"RHG spol. s.r.o.","61852287","25211000","CZ0206","Nemocnice následné (ošetřovatelské) péče",0,0,0,132,0,0,0,0,0,0,37566
2023,"Rehabilit.ústav pro cévní choroby mozk.","49813447","60190000","CZ0631","Odborné léčebné ústavy",0,0,0,0,39,0,0,0,0,0,12892
2023,"Rehabilitační centrum Čeladná s.r.o.","25868951","86110000","CZ0802","Odborné léčebné ústavy",0,0,0,0,246,0,0,0,0,0,74077
2023,"Rehabilitační ústav Brandýs nad Orlicí","00853879","70012000","CZ0534","Odborné léčebné ústavy",0,0,0,0,170,0,0,0,0,0,52264
2023,"Rehabilitační ústav Hrabyně","00601233","90158000","CZ0805","Odborné léčebné ústavy",0,0,0,0,388,0,0,0,0,0,125417
2023,"Rehabilitační ústav Kladruby","00068705","20105000","CZ0201","Odborné léčebné ústavy",0,0,0,0,250,0,0,0,0,0,89860
2023,"Revmatologický ústav","00023728","02001000","CZ0100","Fakultní nemocnice",47,0,0,0,0,0,0,0,10400,0,0
2023,"Rokycanská nemocnice,  a.s.","26360900","47113000","CZ0326","Nemocnice následné (ošetřovatelské) péče",0,0,30,30,0,0,0,0,0,0,10284
2023,"Rokycanská nemocnice, a.s.","26360900","47101000","CZ0326","Nemocnice",84,9,0,0,0,0,0,0,20977,1625,0
2023,"SANATORIUM EDEL s.r.o.","49609599","95683000","CZ0711","Odborné léčebné ústavy",0,0,0,0,93,0,0,0,0,0,27243
2023,"SENIOR CZ, s.r.o.","25413244","59314000","CZ0427","Odborné léčebné ústavy",0,0,0,0,30,0,0,0,0,0,4716
2023,"SOaL okresu Trutnov","00195201","69034000","CZ0525","Odborné léčebné ústavy",0,0,0,0,159,0,0,0,0,0,53088
2023,"SOaL okresu Trutnov","00195201","69034002","CZ0525","Odborné léčebné ústavy",0,0,0,0,24,0,0,0,0,0,6195
2023,"Sanatorium Jablunkov, a.s.","27835545","86113000","CZ0802","Léčebna pro dlouhodobě nemocné (LDN)",0,0,28,30,97,0,0,0,0,0,39981
2023,"Sanatorium Kochova s.r.o.","02402106","87070000","CZ0803","Nemocnice následné (ošetřovatelské) péče",0,0,0,110,0,0,0,0,0,0,33651
2023,"Sdružené zdravotnické zařízení Krnov,p.o","00844641","85600000","CZ0801","Nemocnice",270,29,0,0,0,0,0,8,52576,5749,588
2023,"Sdružené zdravotnické zařízení Krnov,p.o","00844641","85780000","CZ0801","Léčebna pro dlouhodobě nemocné (LDN)",0,0,45,150,25,0,0,0,0,0,55969
2023,"Slezská nemocnice v Opavě, příspěv. org.","47813750","90001000","CZ0805","Nemocnice",443,44,0,0,0,0,0,0,94972,10034,0
2023,"Slezská nemocnice v Opavě, příspěv. org.","47813750","90604000","CZ0805","Léčebna pro dlouhodobě nemocné (LDN)",0,0,54,0,0,0,0,0,0,0,19216
2023,"Soc. a zdravotní centrum Letiny s.r.o.","63504502","44109000","CZ0324","Nemocnice následné (ošetřovatelské) péče",0,0,0,30,0,0,0,0,0,0,10778
2023,"Stodská nemocnice, a.s.","26361086","45001000","CZ0324","Nemocnice",105,8,0,0,0,0,0,0,19487,1699,0
2023,"Stodská nemocnice, a.s. - LDN","26361086","45002000","CZ0324","Léčebna pro dlouhodobě nemocné (LDN)",0,0,57,0,0,0,0,0,0,0,20295
2023,"Státní léčebné lázně Janské Lázně, s.p.","00024007","69022000","CZ0525","Odborné léčebné ústavy",0,0,0,0,140,0,0,0,0,0,56163
2023,"SurGal Clinic s.r.o.","46965033","72186000","CZ0642","Nemocnice",60,6,0,0,0,0,22,20,11158,1747,7082
2023,"SurGal Clinic s.r.o.","46965033","72186100","CZ0642","Nemocnice následné (ošetřovatelské) péče",0,0,70,80,40,0,0,0,0,0,62812
2023,"Sušická nemocnice s.r.o.","08176302","43011000","CZ0322","Léčebna pro dlouhodobě nemocné (LDN)",0,0,80,0,0,0,0,0,0,0,27414
2023,"THERÁPON 98, a. s.","25399195","88012000","CZ0804","Léčebna pro dlouhodobě nemocné (LDN)",0,0,56,0,0,0,0,0,0,0,20469
2023,"TRN - Léčebna v Mirošově - Janově","00669784","47102000","CZ0326","Odborné léčebné ústavy",0,0,0,0,130,0,0,0,0,0,36592
2023,"TŘI, z.ú.","18623433","20121000","CZ0201","LZ hospicového typu poskytující paliativní péči",0,0,0,0,0,25,0,0,0,0,6970
2023,"Uherskohradišťská nemocnice a.s.","27660915","80001000","CZ0722","Nemocnice",432,47,0,0,0,0,9,0,114813,10853,1973
2023,"Uherskohradišťská nemocnice a.s.","27660915","80003000","CZ0722","Léčebna pro dlouhodobě nemocné (LDN)",0,0,83,30,0,0,0,0,0,0,40597
2023,"VDH MED Project a.s.","03604977","09637000","CZ0100","Nemocnice následné (ošetřovatelské) péče",0,0,0,20,0,0,0,0,0,0,3423
2023,"VINETRON - B s.r.o.","14159813","73015000","CZ0643","Nemocnice následné (ošetřovatelské) péče",0,0,0,103,0,0,0,0,0,0,15583
2023,"Vazební věznice a ÚpVZD Brno","00212423","72046000","CZ0642","Nemocnice",87,0,0,0,0,0,0,0,10458,0,0
2023,"Vazební věznice a ÚpVZD Brno","00212423","72059000","CZ0642","Nemocnice následné (ošetřovatelské) péče",0,0,26,0,0,0,0,0,0,0,907
2023,"Vividus Medical, s.r.o.","05157005","72053200","CZ0642","Nemocnice následné (ošetřovatelské) péče",0,0,0,90,0,0,0,0,0,0,30366
2023,"Vojenská nemocnice Brno","60555530","72037000","CZ0642","Nemocnice",192,20,0,0,0,0,0,0,43839,4507,0
2023,"Vojenská nemocnice Olomouc","60800691","89382000","CZ0712","Léčebna pro dlouhodobě nemocné (LDN)",0,0,23,0,0,0,0,0,0,0,6398
2023,"Vojenská nemocnice Olomouc","60800691","89903000","CZ0712","Nemocnice",198,15,0,0,0,0,20,8,42047,3103,3314
2023,"Vojenský rehabilitační ústav","00000582","29005000","CZ020A","Odborné léčebné ústavy",0,0,0,0,150,0,0,0,0,0,53122
2023,"Vsetínská nemocnice a.s.","26871068","94101000","CZ0723","Nemocnice",231,17,0,0,0,0,0,0,43314,4261,0
2023,"Vsetínská nemocnice a.s.","26871068","94210000","CZ0723","Léčebna pro dlouhodobě nemocné (LDN)",0,0,61,0,0,0,0,0,0,0,19868
2023,"Vysokomýtská nemocnice","71207856","70052000","CZ0534","Léčebna pro dlouhodobě nemocné (LDN)",0,0,120,0,0,0,0,0,0,0,29870
2023,"Vysočinské nemocnice s.r.o.","25257005","60224000","CZ0633","Léčebna pro dlouhodobě nemocné (LDN)",0,0,149,65,40,0,0,0,0,0,68481
2023,"Všeobecná fakultní nemocnice v Praze","00064165","02004000","CZ0100","Fakultní nemocnice",1188,227,0,0,0,0,0,0,210602,49853,0
2023,"Všeobecná fakultní nemocnice v Praze","00064165","02276000","CZ0100","Odborné léčebné ústavy",0,0,0,0,66,0,0,0,0,0,15581
2023,"Všeobecná fakultní nemocnice v Praze","00064165","02405000","CZ0100","Odborné léčebné ústavy",0,0,0,0,20,0,0,0,0,0,714
2023,"Zařízení následné reh. a hosp. péče,p.o.","69979821","42441000","CZ0412","Léčebna pro dlouhodobě nemocné (LDN)",0,0,40,0,0,0,0,0,0,0,14379
2023,"Zařízení následné reh. a hosp. péče,p.o.","69979821","42442000","CZ0412","LZ hospicového typu poskytující paliativní péči",0,0,0,0,0,20,0,0,0,0,3183
2023,"ÚVN - Vojenská fakultní nemocnice Praha","61383082","06648000","CZ0100","Samostatné lůžkové zařízení s péčí DIP, NIOP, NIP",0,0,0,0,0,0,6,0,0,0,2151
2023,"ÚVN-Vojenská fakultní nemocnice Praha","61383082","06051000","CZ0100","Fakultní nemocnice",467,68,0,28,0,0,0,0,99846,16827,3502
2023,"ÚVN-Vojenská fakultní nemocnice Praha","61383082","06419000","CZ0100","Odborné léčebné ústavy",0,0,0,0,14,0,0,0,0,0,3485
2023,"ÚVN-Vojenská fakultní nemocnice Praha","61383082","06530000","CZ0100","Léčebna pro dlouhodobě nemocné (LDN)",0,0,26,0,0,0,0,0,0,0,6517
2023,"ÚVN-Vojenská fakultní nemocnice Praha","61383082","06566000","CZ0100","Samostatné lůžkové zařízení s péčí DIP, NIOP, NIP",0,0,0,0,0,0,0,14,0,0,16869
2023,"Úrazová nemocnice v Brně","00209813","72933000","CZ0642","Nemocnice",146,26,0,0,0,0,0,0,32260,6862,0
2023,"Úrazová nemocnice v Brně","00209813","72933950","CZ0642","Odborné léčebné ústavy",0,0,0,0,30,0,0,0,0,0,8735
2023,"Ústav chirurgie ruky a plast. chirurgie","00193011","67711000","CZ0514","Nemocnice",52,0,0,0,0,0,0,0,7367,0,0
2023,"Ústav hematologie a krevní transfuze","00023736","02002000","CZ0100","Fakultní nemocnice",16,21,0,0,0,0,0,0,5898,4369,0
2023,"Ústav pro péči o matku a dítě","00023698","04004000","CZ0100","Fakultní nemocnice",222,35,0,0,0,0,0,0,44874,12377,0
2023,"ČR, VS ČR, VV a ÚpVZD Praha Pankrác","00212423","04150000","CZ0100","Nemocnice",54,0,0,49,0,0,0,0,10444,0,215
2023,"Českomoravská provincie Hospitálského ř.","44995776","82051000","CZ0724","Léčebna pro dlouhodobě nemocné (LDN)",0,0,65,0,0,0,0,0,0,0,20370
2022,"Sdružené zdravotnické zařízení Krnov,p.o","00844641","85780000","CZ0801","Léčebna pro dlouhodobě nemocné (LDN)",0,0,45,150,25,0,0,0,0,0,59200
2022,"Slezská nemocnice v Opavě, příspěv. org.","47813750","90001000","CZ0805","Nemocnice",443,44,0,0,0,0,0,0,93247,9673,0
2022,"Slezská nemocnice v Opavě, příspěv. org.","47813750","90604000","CZ0805","Léčebna pro dlouhodobě nemocné (LDN)",0,0,54,0,0,0,0,0,0,0,18761
2022,"Soc. a zdravotní centrum Letiny s.r.o.","63504502","44109000","CZ0324","Nemocnice následné (ošetřovatelské) péče",0,0,0,30,0,0,0,0,0,0,11183
2022,"Stodská nemocnice, a.s.","26361086","45001000","CZ0324","Nemocnice",120,8,0,0,0,0,0,0,20695,1834,0
2022,"Stodská nemocnice, a.s. - LDN","26361086","45002000","CZ0324","Léčebna pro dlouhodobě nemocné (LDN)",0,0,57,0,0,0,0,0,0,0,14594
2022,"Státní léčebné lázně Janské Lázně, s.p.","00024007","69022000","CZ0525","Odborné léčebné ústavy",0,0,0,0,140,0,0,0,0,0,43377
2022,"SurGal Clinic s.r.o.","46965033","72186000","CZ0642","Nemocnice",60,6,0,0,0,0,22,20,9694,1406,8334
2022,"SurGal Clinic s.r.o.","46965033","72186100","CZ0642","Nemocnice následné (ošetřovatelské) péče",0,0,70,80,40,0,0,0,0,0,41823
2022,"Sušická nemocnice s.r.o.","08176302","43010000","CZ0322","Nemocnice",20,8,0,0,0,0,0,0,5896,1212,0
2022,"Sušická nemocnice s.r.o.","08176302","43011000","CZ0322","Léčebna pro dlouhodobě nemocné (LDN)",0,0,55,0,0,0,0,0,0,0,16339
2022,"THERÁPON 98, a. s.","25399195","88012000","CZ0804","Léčebna pro dlouhodobě nemocné (LDN)",0,0,56,0,0,0,0,0,0,0,20168
2022,"TRN - Léčebna v Mirošově - Janově","00669784","47102000","CZ0326","Odborné léčebné ústavy",0,0,0,0,130,0,0,0,0,0,31758
2022,"TŘI, z.ú.","18623433","20121000","CZ0201","LZ hospicového typu poskytující paliativní péči",0,0,0,0,0,25,0,0,0,0,6849
2022,"Uherskohradišťská nemocnice a.s.","27660915","80001000","CZ0722","Nemocnice",435,47,0,0,0,0,9,0,114172,10868,2125
2022,"Uherskohradišťská nemocnice a.s.","27660915","80003000","CZ0722","Léčebna pro dlouhodobě nemocné (LDN)",0,0,83,30,0,0,0,0,0,0,33696
2022,"VDH MED Project a.s.","03604977","09637000","CZ0100","Nemocnice následné (ošetřovatelské) péče",0,0,0,20,0,0,0,0,0,0,4417
2022,"Vazební věznice a ÚpVZD Brno","00212423","72046000","CZ0642","Nemocnice",87,0,0,0,0,0,0,0,9264,0,0
2022,"Vazební věznice a ÚpVZD Brno","00212423","72059000","CZ0642","Nemocnice následné (ošetřovatelské) péče",0,0,26,0,0,0,0,0,0,0,795
2022,"Vividus Medical, s.r.o.","05157005","72053200","CZ0642","Nemocnice následné (ošetřovatelské) péče",0,0,0,90,0,0,0,0,0,0,25193
2022,"Vojenská nemocnice Brno","60555530","72037000","CZ0642","Nemocnice",192,20,0,0,0,0,0,0,45850,4819,0
2022,"Vojenská nemocnice Olomouc","60800691","89382000","CZ0712","Léčebna pro dlouhodobě nemocné (LDN)",0,0,23,0,0,0,0,0,0,0,3575
2022,"Vojenská nemocnice Olomouc","60800691","89903000","CZ0712","Nemocnice",196,15,0,0,0,0,20,8,42208,3128,1559
2022,"Vojenský rehabilitační ústav","00000582","29005000","CZ020A","Odborné léčebné ústavy",0,0,0,0,150,0,0,0,0,0,52061
2022,"Vsetínská nemocnice a.s.","26871068","94101000","CZ0723","Nemocnice",231,17,0,0,0,0,0,0,42784,4269,0
2022,"Vsetínská nemocnice a.s.","26871068","94210000","CZ0723","Léčebna pro dlouhodobě nemocné (LDN)",0,0,61,0,0,0,0,0,0,0,17810
2022,"Vysokomýtská nemocnice","71207856","70052000","CZ0534","Léčebna pro dlouhodobě nemocné (LDN)",0,0,120,0,0,0,0,0,0,0,31459
2022,"Vysočinské nemocnice s.r.o.","25257005","60224000","CZ0633","Léčebna pro dlouhodobě nemocné (LDN)",0,0,149,65,40,0,0,0,0,0,68110
2022,"Všeobecná fakultní nemocnice v Praze","00064165","02004000","CZ0100","Fakultní nemocnice",1219,227,0,0,0,0,0,0,217212,50657,0
2022,"Všeobecná fakultní nemocnice v Praze","00064165","02276000","CZ0100","Odborné léčebné ústavy",0,0,0,0,66,0,0,0,0,0,14531
2022,"Všeobecná fakultní nemocnice v Praze","00064165","02405000","CZ0100","Odborné léčebné ústavy",0,0,0,0,20,0,0,0,0,0,503
2022,"Zařízení následné reh. a hosp. péče,p.o.","69979821","42441000","CZ0412","Léčebna pro dlouhodobě nemocné (LDN)",0,0,40,0,0,0,0,0,0,0,13914
2022,"Zařízení následné reh. a hosp. péče,p.o.","69979821","42442000","CZ0412","LZ hospicového typu poskytující paliativní péči",0,0,0,0,0,20,0,0,0,0,4215
2022,"ÚVN - Vojenská fakultní nemocnice Praha","61383082","06648000","CZ0100","Samostatné lůžkové zařízení s péčí DIP, NIOP, NIP",0,0,0,0,0,0,6,0,0,0,1988
2022,"ÚVN-Vojenská fakultní nemocnice Praha","61383082","06051000","CZ0100","Fakultní nemocnice",467,68,0,28,0,0,0,0,100916,16988,3323
2022,"ÚVN-Vojenská fakultní nemocnice Praha","61383082","06419000","CZ0100","Odborné léčebné ústavy",0,0,0,0,14,0,0,0,0,0,3488
2022,"ÚVN-Vojenská fakultní nemocnice Praha","61383082","06530000","CZ0100","Léčebna pro dlouhodobě nemocné (LDN)",0,0,26,0,0,0,0,0,0,0,5651
2022,"ÚVN-Vojenská fakultní nemocnice Praha","61383082","06566000","CZ0100","Samostatné lůžkové zařízení s péčí DIP, NIOP, NIP",0,0,0,0,0,0,0,14,0,0,3119
2022,"Úrazová nemocnice v Brně","00209813","72933000","CZ0642","Nemocnice",146,26,0,0,0,0,0,0,33304,6840,0
2022,"Úrazová nemocnice v Brně","00209813","72933950","CZ0642","Odborné léčebné ústavy",0,0,0,0,30,0,0,0,0,0,7896
2022,"Ústav chirurgie ruky a plast. chirurgie","00193011","67711000","CZ0514","Nemocnice",52,0,0,0,0,0,0,0,7884,0,0
2022,"Ústav hematologie a krevní transfuze","00023736","02002000","CZ0100","Fakultní nemocnice",16,21,0,0,0,0,0,0,6364,4519,0
2022,"Ústav pro péči o matku a dítě","00023698","04004000","CZ0100","Fakultní nemocnice",222,35,0,0,0,0,0,0,48954,14348,0
2022,"ČR, VS ČR, VV a ÚpVZD Praha Pankrác","00212423","04150000","CZ0100","Nemocnice",54,0,0,49,0,0,0,0,7731,0,378
2022,"Českomoravská provincie Hospitálského ř.","44995776","82051000","CZ0724","Léčebna pro dlouhodobě nemocné (LDN)",0,0,65,0,0,0,0,0,0,0,19795